name,qpu_width,mip_num_cuts,mip_subcircuits_num,mip_DataFlux,mip_Latency,mip_Fidelity,mip_min_latency,mip_QU,basic_num_cuts,basic_subcircuits_num,basic_DataFlux,basic_Latency,basic_Fidelity,basic_min_latency,basic_QU,error_num_cuts,error_subcircuits_num,error_DataFlux,error_Latency,error_Fidelity,error_min_latency,error_QU,latency_min_latency,latency_QU,width,depth,two_qubit_gate_num,one_qubit_gate_num,size,qubit_utilizztion,fidelity,latency_all
dj_indep_qiskit_103,27,3.0,4.0,40.0,1.3100000000000003e-05,0.8793987645559422,1.2600000000000005e-05,0.0857890882355541,3.0,4.0,40,1.3100000000000003e-05,0.8793987548339096,1.2100000000000004e-05,0.0858076931252865,3.0,4.0,40,1.3100000000000003e-05,0.8793987548339096,1.2100000000000004e-05,0.0858076931252865,1.2100000000000004e-05,0.0858076931252865,103,104,102,205,307,0.04176355687842995,0.9777480946812049,5.109999999999991e-05
dj_indep_qiskit_103,50,2.0,3.0,24.0,2.109999999999999e-05,0.8802745699051753,1.2600000000000005e-05,0.1510446355213317,2.0,3.0,24,2.459999999999998e-05,0.8802692190837432,2.1e-06,0.1932676460928084,2.0,3.0,24,2.459999999999998e-05,0.8802692190837432,2.1e-06,0.1932676460928084,2.1e-06,0.1932676460928084,103,104,102,205,307,0.04176355687842995,0.9777480946812049,5.109999999999991e-05
dj_indep_qiskit_103,65,1.0,2.0,8.0,3.209999999999996e-05,0.8811471741380719,1.91e-05,0.2729372465411177,1.0,2.0,8,3.209999999999996e-05,0.8811471509924933,1.91e-05,0.2729372465411177,1.0,2.0,8,3.209999999999996e-05,0.8811471509924933,1.91e-05,0.2729372465411177,1.91e-05,0.2729372465411177,103,104,102,205,307,0.04176355687842995,0.9777480946812049,5.109999999999991e-05
dj_indep_qiskit_109,27,4.0,5.0,40.0,1.2600000000000005e-05,0.8721102242272366,8.1e-06,0.0503079241637256,4.0,5.0,52,1.3100000000000003e-05,0.8721089109646706,2.1e-06,0.060523487324233,4.0,5.0,52,1.3100000000000003e-05,0.8721089109646706,2.1e-06,0.060523487324233,2.1e-06,0.060523487324233,109,110,108,217,325,0.039513273600744754,0.9764520535019188,5.40999999999999e-05
dj_indep_qiskit_109,50,2.0,3.0,24.0,2.109999999999999e-05,0.8738501655955874,1.4100000000000004e-05,0.1491867765971277,2.0,3.0,24,2.459999999999998e-05,0.8738461460961421,5.1e-06,0.1629002859882139,2.0,3.0,24,2.459999999999998e-05,0.8738461460961421,5.1e-06,0.1629002859882139,5.1e-06,0.1629002859882139,109,110,108,217,325,0.039513273600744754,0.9764520535019188,5.40999999999999e-05
dj_indep_qiskit_109,65,1.0,2.0,8.0,3.209999999999996e-05,0.8747158966478324,2.209999999999999e-05,0.2710126170814633,1.0,2.0,8,3.209999999999996e-05,0.874715878962839,2.209999999999999e-05,0.2710126170814633,1.0,2.0,8,3.209999999999996e-05,0.874715878962839,2.209999999999999e-05,0.2710126170814633,2.209999999999999e-05,0.2710126170814633,109,110,108,217,325,0.039513273600744754,0.9764520535019188,5.40999999999999e-05
dj_indep_qiskit_113,27,4.0,5.0,40.0,1.3100000000000003e-05,0.8678623234065019,8.6e-06,0.0491983098054245,4.0,5.0,52,1.3100000000000003e-05,0.8678614166871392,4.1e-06,0.0528222393054568,4.0,5.0,52,1.3100000000000003e-05,0.8678614166871392,4.1e-06,0.0528222393054568,4.1e-06,0.0528222393054568,113,114,112,225,337,0.03814313346228244,0.9755887812278107,5.609999999999989e-05
dj_indep_qiskit_113,50,2.0,3.0,24.0,2.209999999999999e-05,0.8695928423707749,1.3600000000000004e-05,0.1486730143025858,2.0,3.0,24,2.459999999999998e-05,0.8695899817605329,7.1000000000000015e-06,0.1558892923820715,2.0,3.0,24,2.459999999999998e-05,0.8695899817605329,7.1000000000000015e-06,0.1558892923820715,7.1000000000000015e-06,0.1558892923820715,113,114,112,225,337,0.03814313346228244,0.9755887812278107,5.609999999999989e-05
dj_indep_qiskit_113,65,1.0,2.0,8.0,3.209999999999996e-05,0.8704543018635196,2.4099999999999983e-05,0.2699902445175538,1.0,2.0,8,3.209999999999996e-05,0.8704542877787945,2.4099999999999983e-05,0.2699902445175538,1.0,2.0,8,3.209999999999996e-05,0.8704542877787945,2.4099999999999983e-05,0.2699902445175538,2.4099999999999983e-05,0.2699902445175538,113,114,112,225,337,0.03814313346228244,0.9755887812278107,5.609999999999989e-05
dj_indep_qiskit_117,27,4.0,5.0,52.0,1.3100000000000003e-05,0.8636349382244786,8.6e-06,0.0485100308555648,4.0,5.0,52,1.3100000000000003e-05,0.8636344708812671,6.100000000000001e-06,0.0497502789201327,4.0,5.0,52,1.3100000000000003e-05,0.8636344708812671,6.100000000000001e-06,0.0497502789201327,6.100000000000001e-06,0.0497502789201327,117,118,116,233,349,0.03686482896047828,0.974726112652348,5.809999999999989e-05
dj_indep_qiskit_117,50,2.0,3.0,24.0,2.109999999999999e-05,0.8653569158384162,1.6100000000000005e-05,0.1472006352795457,2.0,3.0,24,2.459999999999998e-05,0.8653544086989936,9.1e-06,0.1517920090838417,2.0,3.0,24,2.459999999999998e-05,0.8653544086989936,9.1e-06,0.1517920090838417,9.1e-06,0.1517920090838417,117,118,116,233,349,0.03686482896047828,0.974726112652348,5.809999999999989e-05
dj_indep_qiskit_117,65,1.0,2.0,8.0,3.209999999999996e-05,0.8662133295292588,2.6099999999999977e-05,0.2691215749804824,1.0,2.0,8,3.209999999999996e-05,0.8662133190129553,2.6099999999999977e-05,0.2691215749804824,1.0,2.0,8,3.209999999999996e-05,0.8662133190129553,2.6099999999999977e-05,0.2691215749804824,2.6099999999999977e-05,0.2691215749804824,117,118,116,233,349,0.03686482896047828,0.974726112652348,5.809999999999989e-05
dj_indep_qiskit_126,27,4.0,5.0,40.0,1.3100000000000003e-05,0.854198497156299,1.1100000000000002e-05,0.0468269113251363,4.0,5.0,52,1.3100000000000003e-05,0.8541984619686211,1.0600000000000002e-05,0.0468756210392351,4.0,5.0,52,1.3100000000000003e-05,0.8541984619686211,1.0600000000000002e-05,0.0468756210392351,1.0600000000000002e-05,0.0468756210392351,126,127,125,251,376,0.034279946667331286,0.9727873136596037,6.259999999999988e-05
dj_indep_qiskit_126,50,2.0,3.0,24.0,2.459999999999998e-05,0.8558998916192379,1.6100000000000005e-05,0.1458928736664323,2.0,3.0,24,2.459999999999998e-05,0.8558991438742536,1.3600000000000004e-05,0.1468176977418659,2.0,3.0,24,2.459999999999998e-05,0.8558991438742536,1.3600000000000004e-05,0.1468176977418659,1.3600000000000004e-05,0.1468176977418659,126,127,125,251,376,0.034279946667331286,0.9727873136596037,6.259999999999988e-05
dj_indep_qiskit_126,65,1.0,2.0,8.0,3.159999999999996e-05,0.8567460459315105,3.109999999999996e-05,0.2675668296985671,1.0,2.0,8,3.209999999999996e-05,0.8567460268450727,3.0599999999999965e-05,0.2675754908200513,1.0,2.0,8,3.209999999999996e-05,0.8567460268450727,3.0599999999999965e-05,0.2675754908200513,3.0599999999999965e-05,0.2675754908200513,126,127,125,251,376,0.034279946667331286,0.9727873136596037,6.259999999999988e-05
dj_indep_qiskit_28,5,6.0,7.0,40.0,2.1e-06,0.9608204395755016,1.6e-06,0.0966860029604063,6.0,7.0,52,2.1e-06,0.9608204395755016,1.6e-06,0.0966860029604062,6.0,7.0,52,2.1e-06,0.9608204395755016,1.6e-06,0.0966860029604062,1.6e-06,0.0966860029604062,28,29,27,55,82,0.1449451887941534,0.9940638160655005,1.3600000000000004e-05
dj_indep_qiskit_28,10,2.0,3.0,24.0,4.6e-06,0.9646726777626988,4.6e-06,0.2243220378380043,2.0,3.0,24,4.6e-06,0.9646726777626988,4.6e-06,0.2243220378380043,2.0,3.0,24,4.6e-06,0.9646726777626988,4.6e-06,0.2243220378380043,4.6e-06,0.2243220378380043,28,29,27,55,82,0.1449451887941534,0.9940638160655005,1.3600000000000004e-05
dj_indep_qiskit_28,16,1.0,2.0,8.0,7.600000000000002e-06,0.9656377038839458,6.100000000000001e-06,0.3311834742317646,1.0,2.0,8,7.600000000000002e-06,0.965637700979166,6.100000000000001e-06,0.3311834742317646,1.0,2.0,8,7.600000000000002e-06,0.965637700979166,6.100000000000001e-06,0.3311834742317646,6.100000000000001e-06,0.3311834742317646,28,29,27,55,82,0.1449451887941534,0.9940638160655005,1.3600000000000004e-05
dj_indep_qiskit_28,27,1.0,2.0,8.0,8.6e-06,0.9656376089944724,5.1e-06,0.3351414855347823,1.0,2.0,8,1.3100000000000003e-05,0.965636199208013,6e-07,0.5179118367731599,1.0,2.0,8,1.3100000000000003e-05,0.965636199208013,6e-07,0.5179118367731599,6e-07,0.5179118367731599,28,29,27,55,82,0.1449451887941534,0.9940638160655005,1.3600000000000004e-05
dj_indep_qiskit_30,5,7.0,8.0,52.0,2.1e-06,0.9575194351326732,1.6e-06,0.0782564535008115,7.0,8.0,52,2.1e-06,0.9575194063917636,6e-07,0.0867531813831614,7.0,8.0,52,2.1e-06,0.9575194063917636,6e-07,0.0867531813831614,6e-07,0.0867531813831614,30,31,29,59,88,0.13598638008086825,0.9936259498961456,1.4600000000000004e-05
dj_indep_qiskit_30,10,3.0,4.0,40.0,4.6e-06,0.961358576171588,3.0999999999999995e-06,0.1599842504135608,3.0,4.0,40,4.6e-06,0.961358428911946,1.1e-06,0.1869350315316702,3.0,4.0,40,4.6e-06,0.961358428911946,1.1e-06,0.1869350315316702,1.1e-06,0.1869350315316702,30,31,29,59,88,0.13598638008086825,0.9936259498961456,1.4600000000000004e-05
dj_indep_qiskit_30,16,1.0,2.0,8.0,7.600000000000002e-06,0.9632831885832576,7.1000000000000015e-06,0.3249781860019766,1.0,2.0,8,7.600000000000002e-06,0.9632831885832576,7.1000000000000015e-06,0.3249781860019766,1.0,2.0,8,7.600000000000002e-06,0.9632831885832576,7.1000000000000015e-06,0.3249781860019766,7.1000000000000015e-06,0.3249781860019766,30,31,29,59,88,0.13598638008086825,0.9936259498961456,1.4600000000000004e-05
dj_indep_qiskit_30,27,1.0,2.0,8.0,9.1e-06,0.9632830697538832,5.600000000000001e-06,0.328799118331543,1.0,2.0,8,1.3100000000000003e-05,0.9632819027141728,1.6e-06,0.4095444144048628,1.0,2.0,8,1.3100000000000003e-05,0.9632819027141728,1.6e-06,0.4095444144048628,1.6e-06,0.4095444144048628,30,31,29,59,88,0.13598638008086825,0.9936259498961456,1.4600000000000004e-05
dj_indep_qiskit_31,10,3.0,4.0,40.0,4.6e-06,0.9601858648482476,3.0999999999999995e-06,0.1569789331036799,3.0,4.0,40,4.6e-06,0.9601857754428144,1.6e-06,0.1699940442991126,3.0,4.0,40,4.6e-06,0.9601857754428144,1.6e-06,0.1699940442991126,1.6e-06,0.1699940442991126,31,32,30,61,91,0.13190979844342443,0.993407074156459,1.5100000000000005e-05
dj_indep_qiskit_31,16,1.0,2.0,8.0,7.600000000000002e-06,0.9621080716658504,7.600000000000002e-06,0.3224483923238399,1.0,2.0,8,7.600000000000002e-06,0.9621080716658504,7.600000000000002e-06,0.3224483923238399,1.0,2.0,8,7.600000000000002e-06,0.9621080716658504,7.600000000000002e-06,0.3224483923238399,7.600000000000002e-06,0.3224483923238399,31,32,30,61,91,0.13190979844342443,0.993407074156459,1.5100000000000005e-05
dj_indep_qiskit_31,27,1.0,2.0,8.0,9.6e-06,0.9621079134041172,5.600000000000001e-06,0.3271284799727181,1.0,2.0,8,1.3100000000000003e-05,0.9621068933879472,2.1e-06,0.3834477698345382,1.0,2.0,8,1.3100000000000003e-05,0.9621068933879472,2.1e-06,0.3834477698345382,2.1e-06,0.3834477698345382,31,32,30,61,91,0.13190979844342443,0.993407074156459,1.5100000000000005e-05
dj_indep_qiskit_34,10,3.0,4.0,40.0,4.6e-06,0.956676353068072,3.5999999999999994e-06,0.1448699066795473,3.0,4.0,40,4.6e-06,0.956676332947498,3.0999999999999995e-06,0.1462745085441364,3.0,4.0,40,4.6e-06,0.956676332947498,3.0999999999999995e-06,0.1462745085441364,3.0999999999999995e-06,0.1462745085441364,34,35,33,67,100,0.12102547028466785,0.9927506762450974,1.6600000000000004e-05
dj_indep_qiskit_34,16,2.0,3.0,24.0,6.100000000000001e-06,0.9576335325307692,4.6e-06,0.2066812502752611,2.0,3.0,24,7.600000000000002e-06,0.9576330978864032,1.6e-06,0.2443554223079099,2.0,3.0,24,7.600000000000002e-06,0.9576330978864032,1.6e-06,0.2443554223079099,1.6e-06,0.2443554223079099,34,35,33,67,100,0.12102547028466785,0.9927506762450974,1.6600000000000004e-05
dj_indep_qiskit_34,27,1.0,2.0,8.0,1.0600000000000002e-05,0.958591078542442,6.100000000000001e-06,0.3205004282757143,1.0,2.0,8,1.3100000000000003e-05,0.958590400493105,3.5999999999999994e-06,0.3424598196054409,1.0,2.0,8,1.3100000000000003e-05,0.958590400493105,3.5999999999999994e-06,0.3424598196054409,3.5999999999999994e-06,0.3424598196054409,34,35,33,67,100,0.12102547028466785,0.9927506762450974,1.6600000000000004e-05
dj_indep_qiskit_39,10,4.0,5.0,40.0,4.6e-06,0.949905040473842,3.5999999999999994e-06,0.095740339215398,4.0,5.0,52,4.6e-06,0.94990486833214,1.1e-06,0.1135833506806561,4.0,5.0,52,4.6e-06,0.94990486833214,1.1e-06,0.1135833506806561,1.1e-06,0.1135833506806561,39,40,38,77,115,0.10639379687301383,0.9916574437239751,1.9099999999999997e-05
dj_indep_qiskit_39,16,2.0,3.0,24.0,7.600000000000002e-06,0.9518067022689763,4.6e-06,0.1974595717120705,2.0,3.0,24,7.600000000000002e-06,0.951806639304366,4.1e-06,0.1996733269539225,2.0,3.0,24,7.600000000000002e-06,0.951806639304366,4.1e-06,0.1996733269539225,4.1e-06,0.1996733269539225,39,40,38,77,115,0.10639379687301383,0.9916574437239751,1.9099999999999997e-05
dj_indep_qiskit_39,27,1.0,2.0,8.0,1.1600000000000002e-05,0.9527582527574908,7.600000000000002e-06,0.3097245804266864,1.0,2.0,8,1.3100000000000003e-05,0.9527579266254964,6.100000000000001e-06,0.3151938915610545,1.0,2.0,8,1.3100000000000003e-05,0.9527579266254964,6.100000000000001e-06,0.3151938915610545,6.100000000000001e-06,0.3151938915610545,39,40,38,77,115,0.10639379687301383,0.9916574437239751,1.9099999999999997e-05
dj_indep_qiskit_58,10,6.0,7.0,40.0,4.6e-06,0.926274356250718,3.0999999999999995e-06,0.0348756931130498,6.0,7.0,52,4.6e-06,0.926274254232593,1.6e-06,0.0381334104375009,6.0,7.0,52,4.6e-06,0.926274254232593,1.6e-06,0.0381334104375009,1.6e-06,0.0381334104375009,58,59,57,115,172,0.07290153935521348,0.9875118573792584,2.859999999999997e-05
dj_indep_qiskit_58,16,3.0,4.0,40.0,7.600000000000002e-06,0.9290571495764256,6.600000000000001e-06,0.1065483603106074,3.0,4.0,40,7.600000000000002e-06,0.929057130945012,6.100000000000001e-06,0.1067895788302563,3.0,4.0,40,7.600000000000002e-06,0.929057130945012,6.100000000000001e-06,0.1067895788302563,6.100000000000001e-06,0.1067895788302563,58,59,57,115,172,0.07290153935521348,0.9875118573792584,2.859999999999997e-05
dj_indep_qiskit_58,27,2.0,3.0,24.0,1.1600000000000002e-05,0.929985687082532,7.1000000000000015e-06,0.172266336148824,2.0,3.0,24,1.3100000000000003e-05,0.9299845058520184,2.6e-06,0.1975178485199366,2.0,3.0,24,1.3100000000000003e-05,0.9299845058520184,2.6e-06,0.1975178485199366,2.6e-06,0.1975178485199366,58,59,57,115,172,0.07290153935521348,0.9875118573792584,2.859999999999997e-05
dj_indep_qiskit_58,50,1.0,2.0,8.0,1.81e-05,0.9309137438765178,1.0600000000000002e-05,0.291011217357251,1.0,2.0,8,2.459999999999998e-05,0.9309103097018538,4.1e-06,0.3231885231453943,1.0,2.0,8,2.459999999999998e-05,0.9309103097018538,4.1e-06,0.3231885231453943,4.1e-06,0.3231885231453943,58,59,57,115,172,0.07290153935521348,0.9875118573792584,2.859999999999997e-05
dj_indep_qiskit_7,5,1.0,2.0,8.0,1.6e-06,0.9907092889082628,1.6e-06,0.5742797851562498,1.0,2.0,8,2.1e-06,0.9907092780038096,1.1e-06,0.5912698412698412,1.0,2.0,8,2.1e-06,0.9907092780038096,1.1e-06,0.5912698412698412,1.1e-06,0.5912698412698412,7,8,6,13,19,0.4699646643109542,0.9986706550337041,3.0999999999999995e-06
dj_indep_qiskit_75,16,4.0,5.0,40.0,7.600000000000002e-06,0.9090678367611694,7.1000000000000015e-06,0.0595037770907075,4.0,5.0,52,7.600000000000002e-06,0.9090678367611694,7.1000000000000015e-06,0.0595037770907075,4.0,5.0,52,7.600000000000002e-06,0.9090678367611694,7.1000000000000015e-06,0.0595037770907075,7.1000000000000015e-06,0.0595037770907075,75,76,74,149,223,0.056880477670309765,0.9838142960430893,3.7099999999999946e-05
dj_indep_qiskit_75,27,2.0,3.0,24.0,1.3100000000000003e-05,0.910885344145582,1.1600000000000002e-05,0.1597576234674154,2.0,3.0,24,1.3100000000000003e-05,0.9108853139412572,1.1100000000000002e-05,0.1598746058659041,2.0,3.0,24,1.3100000000000003e-05,0.9108853139412572,1.1100000000000002e-05,0.1598746058659041,1.1100000000000002e-05,0.1598746058659041,75,76,74,149,223,0.056880477670309765,0.9838142960430893,3.7099999999999946e-05
dj_indep_qiskit_75,50,1.0,2.0,8.0,2.3599999999999984e-05,0.91179204406087,1.3600000000000004e-05,0.2817980964565383,1.0,2.0,8,2.459999999999998e-05,0.911791638045375,1.2600000000000005e-05,0.2828608716261157,1.0,2.0,8,2.459999999999998e-05,0.911791638045375,1.2600000000000005e-05,0.2828608716261157,1.2600000000000005e-05,0.2828608716261157,75,76,74,149,223,0.056880477670309765,0.9838142960430893,3.7099999999999946e-05
dj_indep_qiskit_75,65,1.0,2.0,8.0,2.3599999999999984e-05,0.91179204406087,1.3600000000000004e-05,0.2817980964565383,1.0,2.0,8,3.209999999999996e-05,0.911786250532076,5.1e-06,0.3091087429460163,1.0,2.0,8,3.209999999999996e-05,0.911786250532076,5.1e-06,0.3091087429460163,5.1e-06,0.3091087429460163,75,76,74,149,223,0.056880477670309765,0.9838142960430893,3.7099999999999946e-05
dj_indep_qiskit_90,16,6.0,7.0,40.0,7.600000000000002e-06,0.8907918094753603,4.6e-06,0.0224050011232196,5.0,6.0,52,7.600000000000002e-06,0.8916828141461302,7.1000000000000015e-06,0.0337889457904058,5.0,6.0,52,7.600000000000002e-06,0.8916828141461302,7.1000000000000015e-06,0.0337889457904058,7.1000000000000015e-06,0.0337889457904058,90,91,89,179,268,0.047642209197694525,0.9805608527721915,4.4599999999999925e-05
dj_indep_qiskit_90,27,3.0,4.0,40.0,1.3100000000000003e-05,0.8934657034352419,8.6e-06,0.0901254134882563,3.0,4.0,40,1.3100000000000003e-05,0.8934651392905314,5.600000000000001e-06,0.0931304381584292,3.0,4.0,40,1.3100000000000003e-05,0.8934651392905314,5.600000000000001e-06,0.0931304381584292,5.600000000000001e-06,0.0931304381584292,90,91,89,179,268,0.047642209197694525,0.9805608527721915,4.4599999999999925e-05
dj_indep_qiskit_90,50,1.0,2.0,8.0,2.4099999999999983e-05,0.895246484033619,2.0599999999999996e-05,0.2747922516881135,1.0,2.0,8,2.459999999999998e-05,0.8952464045452553,2.0099999999999997e-05,0.2748880991631179,1.0,2.0,8,2.459999999999998e-05,0.8952464045452553,2.0099999999999997e-05,0.2748880991631179,2.0099999999999997e-05,0.2748880991631179,90,91,89,179,268,0.047642209197694525,0.9805608527721915,4.4599999999999925e-05
dj_indep_qiskit_90,65,1.0,2.0,8.0,2.859999999999997e-05,0.8952451914444308,1.6100000000000005e-05,0.2766388097160213,1.0,2.0,8,3.209999999999996e-05,0.8952431391994026,1.2600000000000005e-05,0.2801292182402896,1.0,2.0,8,3.209999999999996e-05,0.8952431391994026,1.2600000000000005e-05,0.2801292182402896,1.2600000000000005e-05,0.2801292182402896,90,91,89,179,268,0.047642209197694525,0.9805608527721915,4.4599999999999925e-05
dj_nativegates_ibm_qiskit_opt3_100,27,3.0,4.0,40.0,1.2750000000000003e-05,0.8799897677525585,1.2250000000000005e-05,0.0899667483671418,3.0,4.0,40,1.3250000000000004e-05,0.87998968552016,1.0750000000000002e-05,0.0901843043650762,3.0,4.0,40,1.3250000000000004e-05,0.87998968552016,1.0750000000000002e-05,0.0901843043650762,1.0750000000000002e-05,0.0901843043650762,100,104,99,498,597,0.048599670510708425,0.9754750019379764,4.9749999999999915e-05
dj_nativegates_ibm_qiskit_opt3_100,50,2.0,3.0,24.0,1.775e-05,0.8808669445781477,1.5250000000000005e-05,0.1543382992827403,2.0,3.0,24,2.474999999999998e-05,0.8808601640294753,7.499999999999998e-07,0.2570223736081355,2.0,3.0,24,2.474999999999998e-05,0.8808601640294753,7.499999999999998e-07,0.2570223736081355,7.499999999999998e-07,0.2570223736081355,100,104,99,498,597,0.048599670510708425,0.9754750019379764,4.9749999999999915e-05
dj_nativegates_ibm_qiskit_opt3_100,65,1.0,2.0,8.0,3.124999999999997e-05,0.8817401144932479,1.875e-05,0.2767331555555558,1.0,2.0,8,3.2249999999999964e-05,0.8817395614537441,1.775e-05,0.2773373422806768,1.0,2.0,8,3.2249999999999964e-05,0.8817395614537441,1.775e-05,0.2773373422806768,1.775e-05,0.2773373422806768,100,104,99,498,597,0.048599670510708425,0.9754750019379764,4.9749999999999915e-05
dj_nativegates_ibm_qiskit_opt3_111,27,4.0,5.0,40.0,1.3250000000000004e-05,0.8670997963703109,9.25e-06,0.0522257737740938,4.0,5.0,52,1.3250000000000004e-05,0.8670986043212742,3.25e-06,0.0589639928132191,4.0,5.0,52,1.3250000000000004e-05,0.8670986043212742,3.25e-06,0.0589639928132191,3.25e-06,0.0589639928132191,111,115,110,553,663,0.04390539527614313,0.9727846772138161,5.52499999999999e-05
dj_nativegates_ibm_qiskit_opt3_111,50,2.0,3.0,24.0,2.174999999999999e-05,0.8688294377071742,1.6250000000000005e-05,0.1516132917940327,2.0,3.0,24,2.474999999999998e-05,0.8688257142601277,6.250000000000001e-06,0.1631950851327261,2.0,3.0,24,2.474999999999998e-05,0.8688257142601277,6.250000000000001e-06,0.1631950851327261,6.250000000000001e-06,0.1631950851327261,111,115,110,553,663,0.04390539527614313,0.9727846772138161,5.52499999999999e-05
dj_nativegates_ibm_qiskit_opt3_111,65,1.0,2.0,8.0,3.2249999999999964e-05,0.869689876706371,2.3249999999999982e-05,0.2732159188187665,1.0,2.0,8,3.2249999999999964e-05,0.8696898292207582,2.3249999999999982e-05,0.2732159188187665,1.0,2.0,8,3.2249999999999964e-05,0.8696898292207582,2.3249999999999982e-05,0.2732159188187665,2.3249999999999982e-05,0.2732159188187665,111,115,110,553,663,0.04390539527614313,0.9727846772138161,5.52499999999999e-05
dj_nativegates_ibm_qiskit_opt3_121,27,4.0,5.0,40.0,1.3250000000000004e-05,0.8563222089530178,9.750000000000002e-06,0.0501574052323404,4.0,5.0,52,1.3250000000000004e-05,0.8563220085748195,8.25e-06,0.0506006749124484,4.0,5.0,52,1.3250000000000004e-05,0.8563220085748195,8.25e-06,0.0506006749124484,8.25e-06,0.0506006749124484,121,125,120,603,723,0.04036127575500993,0.9703443250422976,6.0249999999999886e-05
dj_nativegates_ibm_qiskit_opt3_121,50,2.0,3.0,24.0,2.0749999999999996e-05,0.85802923250327,1.925e-05,0.1490257067771297,2.0,3.0,24,2.474999999999998e-05,0.8580271371440427,1.1250000000000002e-05,0.1523509431967064,2.0,3.0,24,2.474999999999998e-05,0.8580271371440427,1.1250000000000002e-05,0.1523509431967064,1.1250000000000002e-05,0.1523509431967064,121,125,120,603,723,0.04036127575500993,0.9703443250422976,6.0249999999999886e-05
dj_nativegates_ibm_qiskit_opt3_121,65,1.0,2.0,8.0,3.2249999999999964e-05,0.8588775927834426,2.824999999999997e-05,0.270837760889472,1.0,2.0,8,3.2249999999999964e-05,0.8588775719201466,2.824999999999997e-05,0.270837760889472,1.0,2.0,8,3.2249999999999964e-05,0.8588775719201466,2.824999999999997e-05,0.270837760889472,2.824999999999997e-05,0.270837760889472,121,125,120,603,723,0.04036127575500993,0.9703443250422976,6.0249999999999886e-05
dj_nativegates_ibm_qiskit_opt3_123,27,4.0,5.0,40.0,1.3250000000000004e-05,0.854182914943782,1.1750000000000004e-05,0.0495890876206486,4.0,5.0,52,1.3250000000000004e-05,0.8541827124393717,9.25e-06,0.0499520179669583,4.0,5.0,52,1.3250000000000004e-05,0.8541827124393717,9.25e-06,0.0499520179669583,9.25e-06,0.0499520179669583,123,127,122,613,735,0.03972002133666398,0.969856870561433,6.124999999999989e-05
dj_nativegates_ibm_qiskit_opt3_123,50,2.0,3.0,24.0,2.124999999999999e-05,0.8558852865675428,2.0249999999999998e-05,0.1486066478261526,2.0,3.0,24,2.474999999999998e-05,0.8558834780736073,1.2250000000000005e-05,0.1512010919727393,2.0,3.0,24,2.474999999999998e-05,0.8558834780736073,1.2250000000000005e-05,0.1512010919727393,1.2250000000000005e-05,0.1512010919727393,123,127,122,613,735,0.03972002133666398,0.969856870561433,6.124999999999989e-05
dj_nativegates_ibm_qiskit_opt3_123,65,1.0,2.0,8.0,3.1749999999999965e-05,0.8567312572661023,2.9749999999999968e-05,0.2704318467544502,1.0,2.0,8,3.2249999999999964e-05,0.8567312008912117,2.924999999999997e-05,0.2704580779523325,1.0,2.0,8,3.2249999999999964e-05,0.8567312008912117,2.924999999999997e-05,0.2704580779523325,2.924999999999997e-05,0.2704580779523325,123,127,122,613,735,0.03972002133666398,0.969856870561433,6.124999999999989e-05
dj_nativegates_ibm_qiskit_opt3_126,27,4.0,5.0,40.0,1.3250000000000004e-05,0.8509837576527387,1.1250000000000002e-05,0.0491395848905693,4.0,5.0,52,1.3250000000000004e-05,0.8509837208867388,1.0750000000000002e-05,0.0491948763014524,4.0,5.0,52,1.3250000000000004e-05,0.8509837208867388,1.0750000000000002e-05,0.0491948763014524,1.0750000000000002e-05,0.0491948763014524,126,130,125,628,753,0.03879545567296726,0.9691260734395012,6.274999999999989e-05
dj_nativegates_ibm_qiskit_opt3_126,50,2.0,3.0,24.0,2.474999999999998e-05,0.8526787369840767,1.6250000000000005e-05,0.1487418402910751,2.0,3.0,24,2.474999999999998e-05,0.8526779628247009,1.3750000000000004e-05,0.1497787153067075,2.0,3.0,24,2.474999999999998e-05,0.8526779628247009,1.3750000000000004e-05,0.1497787153067075,1.3750000000000004e-05,0.1497787153067075,126,130,125,628,753,0.03879545567296726,0.9691260734395012,6.274999999999989e-05
dj_nativegates_ibm_qiskit_opt3_126,65,1.0,2.0,8.0,3.1749999999999965e-05,0.8535216551206244,3.124999999999997e-05,0.2699243869516314,1.0,2.0,8,3.2249999999999964e-05,0.8535216326483658,3.074999999999997e-05,0.2699341276845167,1.0,2.0,8,3.2249999999999964e-05,0.8535216326483658,3.074999999999997e-05,0.2699341276845167,3.074999999999997e-05,0.2699341276845167,126,130,125,628,753,0.03879545567296726,0.9691260734395012,6.274999999999989e-05
dj_nativegates_ibm_qiskit_opt3_21,5,4.0,5.0,40.0,2.25e-06,0.9704036636825732,2.25e-06,0.199537915717509,4.0,5.0,52,2.25e-06,0.9704036636825732,2.25e-06,0.199537915717509,4.0,5.0,52,2.25e-06,0.9704036636825732,2.25e-06,0.199537915717509,2.25e-06,0.199537915717509,21,25,20,103,123,0.20932168123179354,0.9949803524845071,1.0250000000000002e-05
dj_nativegates_ibm_qiskit_opt3_21,10,2.0,3.0,24.0,4.75e-06,0.9723470815167408,2.7499999999999995e-06,0.2847776223776222,2.0,3.0,24,4.75e-06,0.9723469530217678,1.25e-06,0.3218005096952906,2.0,3.0,24,4.75e-06,0.9723469530217678,1.25e-06,0.3218005096952906,1.25e-06,0.3218005096952906,21,25,20,103,123,0.20932168123179354,0.9949803524845071,1.0250000000000002e-05
dj_nativegates_ibm_qiskit_opt3_21,16,1.0,2.0,8.0,6.250000000000001e-06,0.973320059867856,4.25e-06,0.3741610859728506,1.0,2.0,8,7.75e-06,0.9733198462773844,2.7499999999999995e-06,0.3978299120234603,1.0,2.0,8,7.75e-06,0.9733198462773844,2.7499999999999995e-06,0.3978299120234603,2.7499999999999995e-06,0.3978299120234603,21,25,20,103,123,0.20932168123179354,0.9949803524845071,1.0250000000000002e-05
dj_nativegates_ibm_qiskit_opt3_33,10,3.0,4.0,40.0,4.75e-06,0.9569063882356168,3.25e-06,0.1610736013837879,3.0,4.0,40,4.75e-06,0.9569063594881928,2.7499999999999995e-06,0.1638257140266933,3.0,4.0,40,4.75e-06,0.9569063594881928,2.7499999999999995e-06,0.1638257140266933,2.7499999999999995e-06,0.1638257140266933,33,37,32,163,195,0.1393371507895194,0.9919966112854013,1.6250000000000005e-05
dj_nativegates_ibm_qiskit_opt3_33,16,2.0,3.0,24.0,7.75e-06,0.9578637373432222,4.25e-06,0.2250173174872664,2.0,3.0,24,7.75e-06,0.9578633141935812,1.25e-06,0.2785045785639958,2.0,3.0,24,7.75e-06,0.9578633141935812,1.25e-06,0.2785045785639958,1.25e-06,0.2785045785639958,33,37,32,163,195,0.1393371507895194,0.9919966112854013,1.6250000000000005e-05
dj_nativegates_ibm_qiskit_opt3_33,27,1.0,2.0,8.0,1.0250000000000002e-05,0.958821689475674,6.250000000000001e-06,0.3307908871616188,1.0,2.0,8,1.3250000000000004e-05,0.9588208641428498,3.25e-06,0.3632621466583729,1.0,2.0,8,1.3250000000000004e-05,0.9588208641428498,3.25e-06,0.3632621466583729,3.25e-06,0.3632621466583729,33,37,32,163,195,0.1393371507895194,0.9919966112854013,1.6250000000000005e-05
dj_nativegates_ibm_qiskit_opt3_46,10,4.0,5.0,40.0,4.75e-06,0.940533908994116,4.75e-06,0.0908382175790779,4.0,5.0,52,4.75e-06,0.940533908994116,4.75e-06,0.0908382175790779,4.0,5.0,52,4.75e-06,0.940533908994116,4.75e-06,0.0908382175790779,4.75e-06,0.0908382175790779,46,50,45,228,273,0.10228509249183892,0.9887727039949428,2.2749999999999987e-05
dj_nativegates_ibm_qiskit_opt3_46,16,2.0,3.0,24.0,7.75e-06,0.9424165108742768,7.75e-06,0.1909103965962874,2.0,3.0,24,7.75e-06,0.9424165108742768,7.75e-06,0.1909103965962874,2.0,3.0,24,7.75e-06,0.9424165108742768,7.75e-06,0.1909103965962874,7.75e-06,0.1909103965962874,46,50,45,228,273,0.10228509249183892,0.9887727039949428,2.2749999999999987e-05
dj_nativegates_ibm_qiskit_opt3_46,27,1.0,2.0,8.0,1.3250000000000004e-05,0.9433581274952928,9.750000000000002e-06,0.3060353706391441,1.0,2.0,8,1.3250000000000004e-05,0.9433581274952928,9.750000000000002e-06,0.3060353706391441,1.0,2.0,8,1.3250000000000004e-05,0.9433581274952928,9.750000000000002e-06,0.3060353706391441,9.750000000000002e-06,0.3060353706391441,46,50,45,228,273,0.10228509249183892,0.9887727039949428,2.2749999999999987e-05
dj_nativegates_ibm_qiskit_opt3_52,10,5.0,6.0,52.0,4.75e-06,0.9325697787129278,3.7499999999999992e-06,0.0599212761431611,5.0,6.0,52,4.75e-06,0.9325697544289732,3.25e-06,0.0604922635746387,5.0,6.0,52,4.75e-06,0.9325697544289732,3.25e-06,0.0604922635746387,3.25e-06,0.0604922635746387,52,56,51,258,309,0.0911035072711719,0.9872877150349952,2.574999999999998e-05
dj_nativegates_ibm_qiskit_opt3_52,16,3.0,4.0,40.0,7.75e-06,0.934436651004311,5.750000000000001e-06,0.1203713459399332,3.0,4.0,40,7.75e-06,0.9344364150100328,3.25e-06,0.1271337366344507,3.0,4.0,40,7.75e-06,0.9344364150100328,3.25e-06,0.1271337366344507,3.25e-06,0.1271337366344507,52,56,51,258,309,0.0911035072711719,0.9872877150349952,2.574999999999998e-05
dj_nativegates_ibm_qiskit_opt3_52,27,1.0,2.0,8.0,1.3250000000000004e-05,0.9363052946098877,1.2750000000000003e-05,0.2984988505965197,1.0,2.0,8,1.3250000000000004e-05,0.9363052946098877,1.2750000000000003e-05,0.2984988505965197,1.0,2.0,8,1.3250000000000004e-05,0.9363052946098877,1.2750000000000003e-05,0.2984988505965197,1.2750000000000003e-05,0.2984988505965197,52,56,51,258,309,0.0911035072711719,0.9872877150349952,2.574999999999998e-05
dj_nativegates_ibm_qiskit_opt3_52,50,1.0,2.0,8.0,1.6250000000000005e-05,0.9363048823962228,9.750000000000002e-06,0.3014630087860857,1.0,2.0,8,2.474999999999998e-05,0.936300034650589,1.25e-06,0.4408048484848487,1.0,2.0,8,2.474999999999998e-05,0.936300034650589,1.25e-06,0.4408048484848487,1.25e-06,0.4408048484848487,52,56,51,258,309,0.0911035072711719,0.9872877150349952,2.574999999999998e-05
dj_nativegates_ibm_qiskit_opt3_53,10,5.0,6.0,40.0,4.75e-06,0.931404242758496,4.25e-06,0.0585040961737352,5.0,6.0,52,4.75e-06,0.9314042334295332,3.7499999999999992e-06,0.0587420473678037,5.0,6.0,52,4.75e-06,0.9314042334295332,3.7499999999999992e-06,0.0587420473678037,3.7499999999999992e-06,0.0587420473678037,53,57,52,263,315,0.0894733228043672,0.987040398901685,2.6249999999999977e-05
dj_nativegates_ibm_qiskit_opt3_53,16,3.0,4.0,40.0,7.75e-06,0.93326872194835,5.750000000000001e-06,0.1193591050988553,3.0,4.0,40,7.75e-06,0.9332685610675652,3.7499999999999992e-06,0.1234553897989325,3.0,4.0,40,7.75e-06,0.9332685610675652,3.7499999999999992e-06,0.1234553897989325,3.7499999999999992e-06,0.1234553897989325,53,57,52,263,315,0.0894733228043672,0.987040398901685,2.6249999999999977e-05
dj_nativegates_ibm_qiskit_opt3_53,27,1.0,2.0,8.0,1.3250000000000004e-05,0.9351349267053298,1.3250000000000004e-05,0.297562244812749,1.0,2.0,8,1.3250000000000004e-05,0.9351349267053298,1.3250000000000004e-05,0.297562244812749,1.0,2.0,8,1.3250000000000004e-05,0.9351349267053298,1.3250000000000004e-05,0.297562244812749,1.3250000000000004e-05,0.297562244812749,53,57,52,263,315,0.0894733228043672,0.987040398901685,2.6249999999999977e-05
dj_nativegates_ibm_qiskit_opt3_53,50,1.0,2.0,8.0,1.6250000000000005e-05,0.9351346052099624,1.0250000000000002e-05,0.2999383055968421,1.0,2.0,8,2.474999999999998e-05,0.9351298890045302,1.7499999999999998e-06,0.4048207792207794,1.0,2.0,8,2.474999999999998e-05,0.9351298890045302,1.7499999999999998e-06,0.4048207792207794,1.7499999999999998e-06,0.4048207792207794,53,57,52,263,315,0.0894733228043672,0.987040398901685,2.6249999999999977e-05
dj_nativegates_ibm_qiskit_opt3_64,16,4.0,5.0,40.0,7.75e-06,0.91959787168495,5.2500000000000006e-06,0.0713803546921531,4.0,5.0,52,7.75e-06,0.9195973879309588,1.7499999999999998e-06,0.0848011664880928,4.0,5.0,52,7.75e-06,0.9195973879309588,1.7499999999999998e-06,0.0848011664880928,1.7499999999999998e-06,0.0848011664880928,64,68,63,318,381,0.07475838544627626,0.9843233499668435,3.1749999999999965e-05
dj_nativegates_ibm_qiskit_opt3_64,27,2.0,3.0,24.0,1.2750000000000003e-05,0.9214371743720402,7.75e-06,0.1736329655245234,2.0,3.0,24,1.3250000000000004e-05,0.9214367091256972,5.750000000000001e-06,0.1785373468876494,2.0,3.0,24,1.3250000000000004e-05,0.9214367091256972,5.750000000000001e-06,0.1785373468876494,5.750000000000001e-06,0.1785373468876494,64,68,63,318,381,0.07475838544627626,0.9843233499668435,3.1749999999999965e-05
dj_nativegates_ibm_qiskit_opt3_64,50,1.0,2.0,8.0,2.0249999999999998e-05,0.9223559916188612,1.1750000000000004e-05,0.2921418183448975,1.0,2.0,8,2.474999999999998e-05,0.922353794514926,7.250000000000002e-06,0.304727161267851,1.0,2.0,8,2.474999999999998e-05,0.922353794514926,7.250000000000002e-06,0.304727161267851,7.250000000000002e-06,0.304727161267851,64,68,63,318,381,0.07475838544627626,0.9843233499668435,3.1749999999999965e-05
dj_nativegates_ibm_qiskit_opt3_71,16,4.0,5.0,40.0,7.75e-06,0.9115823686921632,5.750000000000001e-06,0.0665158154209961,4.0,5.0,52,7.75e-06,0.9115823321375384,5.2500000000000006e-06,0.0669082155343762,4.0,5.0,52,7.75e-06,0.9115823321375384,5.2500000000000006e-06,0.0669082155343762,5.2500000000000006e-06,0.0669082155343762,71,75,70,353,423,0.06767555881558118,0.9825975875186546,3.5249999999999956e-05
dj_nativegates_ibm_qiskit_opt3_71,27,2.0,3.0,24.0,1.3250000000000004e-05,0.9134051315549984,9.25e-06,0.1678708197620714,2.0,3.0,24,1.3250000000000004e-05,0.9134051095358352,9.25e-06,0.1678708197620715,2.0,3.0,24,1.3250000000000004e-05,0.9134051095358352,9.25e-06,0.1678708197620715,9.25e-06,0.1678708197620715,71,75,70,353,423,0.06767555881558118,0.9825975875186546,3.5249999999999956e-05
dj_nativegates_ibm_qiskit_opt3_71,50,1.0,2.0,8.0,2.2749999999999987e-05,0.9143149588738017,1.2750000000000003e-05,0.2883243217533992,1.0,2.0,8,2.474999999999998e-05,0.9143140086313783,1.0750000000000002e-05,0.2915622525466079,1.0,2.0,8,2.474999999999998e-05,0.9143140086313783,1.0750000000000002e-05,0.2915622525466079,1.0750000000000002e-05,0.2915622525466079,71,75,70,353,423,0.06767555881558118,0.9825975875186546,3.5249999999999956e-05
dj_nativegates_ibm_qiskit_opt3_71,65,1.0,2.0,8.0,2.2749999999999987e-05,0.9143149588738017,1.2750000000000003e-05,0.2883243217533992,1.0,2.0,8,3.2249999999999964e-05,0.9143080281812436,3.25e-06,0.3456821246731801,1.0,2.0,8,3.2249999999999964e-05,0.9143080281812436,3.25e-06,0.3456821246731801,3.25e-06,0.3456821246731801,71,75,70,353,423,0.06767555881558118,0.9825975875186546,3.5249999999999956e-05
dj_nativegates_ibm_qiskit_opt3_8,5,1.0,2.0,8.0,2.25e-06,0.9892732303093188,1.7499999999999998e-06,0.5588571428571427,1.0,2.0,8,2.25e-06,0.9892732273393317,1.7499999999999998e-06,0.5588571428571427,1.0,2.0,8,2.25e-06,0.9892732273393317,1.7499999999999998e-06,0.5588571428571427,1.7499999999999998e-06,0.5588571428571427,8,12,7,38,45,0.4587628865979381,0.9982212385370539,3.7499999999999992e-06
dj_nativegates_ibm_qiskit_opt3_89,16,5.0,6.0,40.0,7.75e-06,0.8903999427308897,6.7500000000000014e-06,0.0371074054287402,5.0,6.0,52,7.75e-06,0.8903999427308898,6.7500000000000014e-06,0.0371074054287402,5.0,6.0,52,7.75e-06,0.8903999427308898,6.7500000000000014e-06,0.0371074054287402,6.7500000000000014e-06,0.0371074054287402,89,93,88,443,531,0.05441790381147642,0.978171559550524,4.424999999999993e-05
dj_nativegates_ibm_qiskit_opt3_89,27,3.0,4.0,40.0,1.3250000000000004e-05,0.8921802991587254,8.750000000000001e-06,0.0945758468753118,3.0,4.0,40,1.3250000000000004e-05,0.892179657090198,5.2500000000000006e-06,0.0987961635374316,3.0,4.0,40,1.3250000000000004e-05,0.892179657090198,5.2500000000000006e-06,0.0987961635374316,5.2500000000000006e-06,0.0987961635374316,89,93,88,443,531,0.05441790381147642,0.978171559550524,4.424999999999993e-05
dj_nativegates_ibm_qiskit_opt3_89,50,1.0,2.0,8.0,2.4249999999999983e-05,0.8939586841696814,2.0249999999999998e-05,0.2784665112378036,1.0,2.0,8,2.474999999999998e-05,0.8939585786467894,1.975e-05,0.278591852704258,1.0,2.0,8,2.474999999999998e-05,0.8939585786467894,1.975e-05,0.278591852704258,1.975e-05,0.278591852704258,89,93,88,443,531,0.05441790381147642,0.978171559550524,4.424999999999993e-05
dj_nativegates_ibm_qiskit_opt3_89,65,1.0,2.0,8.0,2.824999999999997e-05,0.8939575513769268,1.6250000000000005e-05,0.2803592197276409,1.0,2.0,8,3.2249999999999964e-05,0.8939551559170891,1.2250000000000005e-05,0.2850141783797598,1.0,2.0,8,3.2249999999999964e-05,0.8939551559170891,1.2250000000000005e-05,0.2850141783797598,1.2250000000000005e-05,0.2850141783797598,89,93,88,443,531,0.05441790381147642,0.978171559550524,4.424999999999993e-05
dj_nativegates_ibm_qiskit_opt3_97,27,3.0,4.0,40.0,1.3250000000000004e-05,0.8832977366868312,9.25e-06,0.0915723004236708,3.0,4.0,40,1.3250000000000004e-05,0.8832977153934573,9.25e-06,0.0915723004236708,3.0,4.0,40,1.3250000000000004e-05,0.8832977153934573,9.25e-06,0.0915723004236708,9.25e-06,0.0915723004236708,97,101,96,483,579,0.050059371289294434,0.9762098080467405,4.824999999999992e-05
dj_nativegates_ibm_qiskit_opt3_97,50,1.0,2.0,8.0,2.474999999999998e-05,0.8850568621080734,2.3749999999999984e-05,0.275917320574163,1.0,2.0,8,2.474999999999998e-05,0.8850568621080734,2.3749999999999984e-05,0.275917320574163,1.0,2.0,8,2.474999999999998e-05,0.8850568621080734,2.3749999999999984e-05,0.275917320574163,2.3749999999999984e-05,0.275917320574163,97,101,96,483,579,0.050059371289294434,0.9762098080467405,4.824999999999992e-05
dj_nativegates_ibm_qiskit_opt3_97,65,1.0,2.0,8.0,3.074999999999997e-05,0.8850553983225966,1.775e-05,0.2778272009889569,1.0,2.0,8,3.2249999999999964e-05,0.885054543107272,1.6250000000000005e-05,0.2789311449433095,1.0,2.0,8,3.2249999999999964e-05,0.885054543107272,1.6250000000000005e-05,0.2789311449433095,1.6250000000000005e-05,0.2789311449433095,97,101,96,483,579,0.050059371289294434,0.9762098080467405,4.824999999999992e-05
e_indep_qiskit_13,5,0.0,0.0,0.0,0.0,0.0,0.0,0.0,49.0,13.0,1024,7.000000000000002e-06,0.9226321336515534,5.5e-07,0.0481388846909952,49.0,13.0,1024,7.000000000000002e-06,0.9226321336515534,5.5e-07,0.0481388846909952,5.5e-07,0.0481388846909952,13,71,90,49,139,0.34139586410635164,0.9816661664978173,2.3799999999999982e-05
e_indep_qiskit_13,10,15.0,3.0,1048576.0,1.3250000000000009e-05,0.9545541069465144,5.550000000000001e-06,0.4850877832009906,22.0,4.0,1048576,1.0900000000000002e-05,0.9478918794935608,3.05e-06,0.2764965298241344,22.0,4.0,1048576,1.0900000000000002e-05,0.9478918794935608,3.05e-06,0.2764965298241344,3.05e-06,0.2764965298241344,13,71,90,49,139,0.34139586410635164,0.9816661664978173,2.3799999999999982e-05
e_indep_qiskit_16,5,0.0,0.0,0.0,0.0,0.0,0.0,0.0,79.0,19.0,1024,5.900000000000001e-06,0.8845620950050573,2e-06,0.0091670221884301,79.0,19.0,1024,5.900000000000001e-06,0.8845620950050573,2e-06,0.0091670221884301,2e-06,0.0091670221884301,16,89,135,61,196,0.3272490221642768,0.9727431641845339,3.0099999999999966e-05
e_indep_qiskit_16,10,0.0,0.0,0.0,0.0,0.0,0.0,0.0,30.0,5.0,1048576,1.4200000000000006e-05,0.9290016323800172,2.5e-06,0.1933741806681549,39.0,6.0,1048576,1.4200000000000006e-05,0.9206745449741393,2.55e-06,0.1138908007553551,2.55e-06,0.1138908007553551,16,89,135,61,196,0.3272490221642768,0.9727431641845339,3.0099999999999966e-05
e_indep_qiskit_17,5,0.0,0.0,0.0,0.0,0.0,0.0,0.0,93.0,22.0,1024,7.000000000000002e-06,0.8683932037665133,5.5e-07,0.004788591511553,91.0,22.0,1024,7.000000000000002e-06,0.8701326702259973,2e-06,0.0056196999111226,2e-06,0.0056196999111226,17,95,152,65,217,0.323707256046706,0.9693980767570557,3.219999999999996e-05
e_indep_qiskit_17,10,0.0,0.0,0.0,0.0,0.0,0.0,0.0,42.0,6.0,1048576,1.530000000000001e-05,0.9138466906659308,5.5e-07,0.1242286563192527,40.0,6.0,1048576,1.530000000000001e-05,0.9156775426475288,4.05e-06,0.1319848640574653,4.05e-06,0.1319848640574653,17,95,152,65,217,0.323707256046706,0.9693980767570557,3.219999999999996e-05
e_indep_qiskit_17,16,23.0,3.0,4294967296.0,1.9049999999999995e-05,0.9313822765992552,7.550000000000002e-06,0.4480693579247575,31.0,3.0,1048576,1.6550000000000002e-05,0.9239509244679772,7.550000000000002e-06,0.2340071620026248,31.0,3.0,1048576,1.6550000000000002e-05,0.9239509244679772,7.550000000000002e-06,0.2340071620026248,7.550000000000002e-06,0.2340071620026248,17,95,152,65,217,0.323707256046706,0.9693980767570557,3.219999999999996e-05
e_indep_qiskit_23,5,0.0,0.0,0.0,0.0,0.0,0.0,0.0,184.0,42.0,1024,4.8e-06,0.7687398365508576,1e-06,4.38580947528839e-05,184.0,42.0,1024,4.8e-06,0.76873993192293,2e-06,4.681803843165366e-05,2e-06,4.681803843165366e-05,23,131,275,89,364,0.30919451206019083,0.9455759203956984,4.4799999999999944e-05
e_indep_qiskit_23,10,0.0,0.0,0.0,0.0,0.0,0.0,0.0,84.0,11.0,1048576,1.2000000000000004e-05,0.8496219102138935,3.4999999999999995e-06,0.0245594602628092,84.0,11.0,1048576,1.2000000000000004e-05,0.8496219102138935,3.4999999999999995e-06,0.0245594602628092,3.4999999999999995e-06,0.0245594602628092,23,131,275,89,364,0.30919451206019083,0.9455759203956984,4.4799999999999944e-05
e_indep_qiskit_23,16,0.0,0.0,0.0,0.0,0.0,0.0,0.0,38.0,4.0,1048576,2.1299999999999996e-05,0.8896240462422013,7.500000000000002e-06,0.2520137943510352,38.0,4.0,1048576,2.1299999999999996e-05,0.8896240462422013,7.500000000000002e-06,0.2520137943510352,7.500000000000002e-06,0.2520137943510352,23,131,275,89,364,0.30919451206019083,0.9455759203956984,4.4799999999999944e-05
e_indep_qiskit_29,10,0.0,0.0,0.0,0.0,0.0,0.0,0.0,139.0,17.0,1048576,9.950000000000005e-06,0.774107839046781,4e-06,0.0038432792264797,139.0,17.0,1048576,9.950000000000005e-06,0.774107839046781,4e-06,0.0038432792264797,4e-06,0.0038432792264797,29,167,434,113,547,0.3008828360251854,0.9156979518344853,5.7399999999999925e-05
e_indep_qiskit_29,16,0.0,0.0,0.0,0.0,0.0,0.0,0.0,72.0,7.0,1048576,2.7899999999999967e-05,0.8277571025639859,5.050000000000001e-06,0.1027012051494065,72.0,7.0,1048576,2.7899999999999967e-05,0.827758011488346,4.5500000000000005e-06,0.1132720572236475,4.5500000000000005e-06,0.1132720572236475,29,167,434,113,547,0.3008828360251854,0.9156979518344853,5.7399999999999925e-05
e_indep_qiskit_29,27,0.0,0.0,0.0,0.0,0.0,0.0,0.0,55.0,4.0,1048576,2.865e-05,0.8419125398383193,1.55e-06,0.2019439304811269,55.0,4.0,1048576,2.865e-05,0.8419125398383193,1.55e-06,0.2019439304811269,1.55e-06,0.2019439304811269,29,167,434,113,547,0.3008828360251854,0.9156979518344853,5.7399999999999925e-05
e_indep_qiskit_31,10,0.0,0.0,0.0,0.0,0.0,0.0,0.0,155.0,19.0,1048576,1.0900000000000002e-05,0.7510092839942729,2.5e-06,0.0025175566916403,155.0,19.0,1048576,1.0900000000000002e-05,0.7510092839942729,2.5e-06,0.0025175566916403,2.5e-06,0.0025175566916403,31,179,495,121,616,0.2988488607896938,0.904495216042497,6.159999999999993e-05
e_indep_qiskit_31,16,0.0,0.0,0.0,0.0,0.0,0.0,0.0,76.0,7.0,1048576,3.009999999999997e-05,0.8127542160058436,7.000000000000002e-06,0.1094258414288235,76.0,7.0,1048576,3.009999999999997e-05,0.8127550808882233,7.500000000000002e-06,0.1126888526462106,7.500000000000002e-06,0.1126888526462106,31,179,495,121,616,0.2988488607896938,0.904495216042497,6.159999999999993e-05
e_indep_qiskit_31,27,0.0,0.0,0.0,0.0,0.0,0.0,0.0,57.0,4.0,1048576,2.899999999999997e-05,0.8283088955806867,4.5500000000000005e-06,0.1981254487337429,57.0,4.0,1048576,2.899999999999997e-05,0.8283088955806867,4.5500000000000005e-06,0.1981254487337429,4.5500000000000005e-06,0.1981254487337429,31,179,495,121,616,0.2988488607896938,0.904495216042497,6.159999999999993e-05
e_indep_qiskit_32,10,0.0,0.0,0.0,0.0,0.0,0.0,0.0,183.0,22.0,1048576,1.2000000000000004e-05,0.7248478382957281,3e-06,0.0006344074545225,183.0,22.0,1048576,1.2000000000000004e-05,0.7248478382957281,3e-06,0.0006344074545225,3e-06,0.0006344074545225,32,185,527,125,652,0.2979299941335872,0.8986744027735595,6.369999999999992e-05
e_indep_qiskit_32,16,0.0,0.0,0.0,0.0,0.0,0.0,0.0,94.0,8.0,1048576,1.6550000000000002e-05,0.7923310029104177,7.500000000000002e-06,0.0526859353555705,94.0,8.0,1048576,1.6550000000000002e-05,0.7923310029104177,7.500000000000002e-06,0.0526859353555705,7.500000000000002e-06,0.0526859353555705,32,185,527,125,652,0.2979299941335872,0.8986744027735595,6.369999999999992e-05
e_indep_qiskit_32,27,0.0,0.0,0.0,0.0,0.0,0.0,0.0,58.0,4.0,1048576,3.009999999999997e-05,0.8213429866545068,6.050000000000001e-06,0.2029585927453856,58.0,4.0,1048576,3.009999999999997e-05,0.8213429866545068,6.050000000000001e-06,0.2029585927453856,6.050000000000001e-06,0.2029585927453856,32,185,527,125,652,0.2979299941335872,0.8986744027735595,6.369999999999992e-05
e_indep_qiskit_42,16,0.0,0.0,0.0,0.0,0.0,0.0,0.0,195.0,15.0,1048576,2.5699999999999978e-05,0.6575253168264744,1.05e-06,0.0032963335418146,195.0,15.0,1048576,2.5699999999999978e-05,0.6575253168264744,1.05e-06,0.0032963335418146,1.05e-06,0.0032963335418146,42,245,902,165,1067,0.29120079338419985,0.8332203715736065,8.469999999999989e-05
e_indep_qiskit_42,27,0.0,0.0,0.0,0.0,0.0,0.0,0.0,108.0,6.0,1048576,4.1099999999999935e-05,0.7172523482985118,7.050000000000002e-06,0.0714560537121514,108.0,6.0,1048576,4.1099999999999935e-05,0.7172523482985118,7.050000000000002e-06,0.0714560537121514,7.050000000000002e-06,0.0714560537121514,42,245,902,165,1067,0.29120079338419985,0.8332203715736065,8.469999999999989e-05
e_indep_qiskit_48,16,0.0,0.0,0.0,0.0,0.0,0.0,0.0,236.0,18.0,1048576,1.6550000000000002e-05,0.5938323918531,7.500000000000002e-06,0.0023503499278507,236.0,18.0,1048576,1.6550000000000002e-05,0.5938323918531,7.500000000000002e-06,0.0023503499278507,7.500000000000002e-06,0.0023503499278507,48,281,1175,189,1364,0.28853485341226065,0.7886034711888115,9.729999999999987e-05
e_indep_qiskit_48,27,0.0,0.0,0.0,0.0,0.0,0.0,0.0,114.0,6.0,1048576,4.769999999999993e-05,0.6708395897025166,1.3000000000000004e-05,0.1054739531061707,114.0,6.0,1048576,4.769999999999993e-05,0.6708395897025166,1.3000000000000004e-05,0.1054739531061707,1.3000000000000004e-05,0.1054739531061707,48,281,1175,189,1364,0.28853485341226065,0.7886034711888115,9.729999999999987e-05
e_indep_qiskit_56,27,0.0,0.0,0.0,0.0,0.0,0.0,0.0,217.0,11.0,1048576,2.865e-05,0.5517577948100953,6.500000000000001e-06,0.0119552744267536,232.0,11.0,1048576,2.865e-05,0.5435394905724483,1.05e-06,0.009112476387007,1.05e-06,0.009112476387007,56,329,1595,221,1816,0.28588338955294257,0.7245853183264145,0.00011409999999999985
e_indep_qiskit_56,50,0.0,0.0,0.0,0.0,0.0,0.0,0.0,105.0,4.0,1048576,5.41999999999999e-05,0.6169321927086612,7.550000000000002e-06,0.1765836503241941,105.0,4.0,1048576,5.41999999999999e-05,0.6169321927086612,7.550000000000002e-06,0.1765836503241941,7.550000000000002e-06,0.1765836503241941,56,329,1595,221,1816,0.28588338955294257,0.7245853183264145,0.00011409999999999985
e_indep_qiskit_58,27,0.0,0.0,0.0,0.0,0.0,0.0,0.0,221.0,11.0,1048576,3.009999999999997e-05,0.5359319719565677,8.500000000000002e-06,0.0154794208048237,221.0,11.0,1048576,3.009999999999997e-05,0.5359319719565677,8.500000000000002e-06,0.0154794208048237,8.500000000000002e-06,0.0154794208048237,58,341,1710,229,1939,0.2853366042051701,0.7079806318290808,0.00011829999999999984
e_indep_qiskit_58,50,0.0,0.0,0.0,0.0,0.0,0.0,0.0,107.0,4.0,1048576,5.639999999999989e-05,0.6004324198562891,1.0550000000000002e-05,0.1833527206630419,107.0,4.0,1048576,5.639999999999989e-05,0.6004324198562891,1.0550000000000002e-05,0.1833527206630419,1.0550000000000002e-05,0.1833527206630419,58,341,1710,229,1939,0.2853366042051701,0.7079806318290808,0.00011829999999999984
e_indep_qiskit_67,50,0.0,0.0,0.0,0.0,0.0,0.0,0.0,116.0,4.0,1048576,6.629999999999988e-05,0.5262146833382942,2.404999999999998e-05,0.2115389818175131,116.0,4.0,1048576,6.629999999999988e-05,0.5262146833382942,2.404999999999998e-05,0.2115389818175131,2.404999999999998e-05,0.2115389818175131,67,395,2277,265,2542,0.28328550577641415,0.6315024032982284,0.00013720000000000022
e_indep_qiskit_67,65,0.0,0.0,0.0,0.0,0.0,0.0,0.0,131.0,4.0,1048576,7.044999999999999e-05,0.5181066475321436,1.55e-06,0.1790152650024522,131.0,4.0,1048576,7.044999999999999e-05,0.5181066475321436,1.55e-06,0.1790152650024522,1.55e-06,0.1790152650024522,67,395,2277,265,2542,0.28328550577641415,0.6315024032982284,0.00013720000000000022
e_indep_qiskit_72,50,0.0,0.0,0.0,0.0,0.0,0.0,0.0,121.0,4.0,1048576,7.179999999999987e-05,0.4855805091836082,2.449999999999998e-05,0.2204333423478429,121.0,4.0,1048576,7.179999999999987e-05,0.4855805091836082,2.449999999999998e-05,0.2204333423478429,2.449999999999998e-05,0.2204333423478429,72,425,2627,285,2912,0.2823703608674492,0.5884678698768104,0.0001477000000000005
e_indep_qiskit_72,65,0.0,0.0,0.0,0.0,0.0,0.0,0.0,136.0,4.0,1048576,7.044999999999999e-05,0.4781241373161504,9.05e-06,0.1697303927011869,136.0,4.0,1048576,7.044999999999999e-05,0.4781241373161504,9.05e-06,0.1697303927011869,9.05e-06,0.1697303927011869,72,425,2627,285,2912,0.2823703608674492,0.5884678698768104,0.0001477000000000005
e_indep_qiskit_76,50,0.0,0.0,0.0,0.0,0.0,0.0,0.0,150.0,5.0,1048576,7.619999999999987e-05,0.4424842974335235,1.2500000000000004e-05,0.1207211656080345,199.0,6.0,1048576,7.619999999999987e-05,0.4213225050196088,1.2550000000000004e-05,0.0623672744331192,1.2550000000000004e-05,0.0623672744331192,76,449,2925,301,3226,0.28172597344729866,0.5541408687452155,0.0001561000000000007
e_indep_qiskit_76,65,0.0,0.0,0.0,0.0,0.0,0.0,0.0,140.0,4.0,1048576,7.469999999999985e-05,0.4467576523619355,1.5050000000000003e-05,0.1810226777775027,140.0,4.0,1048576,7.469999999999985e-05,0.4467576523619355,1.5050000000000003e-05,0.1810226777775027,1.5050000000000003e-05,0.1810226777775027,76,449,2925,301,3226,0.28172597344729866,0.5541408687452155,0.0001561000000000007
e_indep_qiskit_80,50,0.0,0.0,0.0,0.0,0.0,0.0,0.0,208.0,6.0,1048576,8.059999999999987e-05,0.3904661851391325,5.050000000000001e-06,0.0613407552589368,203.0,6.0,1048576,8.059999999999987e-05,0.3924279948874359,1.855e-05,0.0773874262303701,1.855e-05,0.0773874262303701,80,473,3239,317,3556,0.2811467515472409,0.5201295809615175,0.0001645000000000009
e_indep_qiskit_80,65,0.0,0.0,0.0,0.0,0.0,0.0,0.0,144.0,4.0,1048576,7.909999999999984e-05,0.4161087980570242,2.104999999999999e-05,0.1922189398612906,144.0,4.0,1048576,7.909999999999984e-05,0.4161087980570242,2.104999999999999e-05,0.1922189398612906,2.104999999999999e-05,0.1922189398612906,80,473,3239,317,3556,0.2811467515472409,0.5201295809615175,0.0001645000000000009
e_nativegates_ibm_qiskit_opt3_101,27,0.0,0.0,0.0,0.0,0.0,0.0,0.0,217.0,12.0,1048576,8.360000000000003e-05,0.3597947404666234,2.44e-05,0.002336659700838,217.0,12.0,1048576,8.360000000000003e-05,0.3597947404666234,2.44e-05,0.002336659700838,2.44e-05,0.002336659700838,101,1687,3294,4393,7687,0.13277544958829335,0.4938742603716398,0.0003516500000000022
e_nativegates_ibm_qiskit_opt3_101,50,0.0,0.0,0.0,0.0,0.0,0.0,0.0,134.0,5.0,1048576,0.0001050499999999,0.3906581764068257,5.449999999999997e-05,0.0609072711018678,134.0,5.0,1048576,0.0001050499999999,0.3906581764068257,5.449999999999997e-05,0.0609072711018678,5.449999999999997e-05,0.0609072711018678,101,1687,3294,4393,7687,0.13277544958829335,0.4938742603716398,0.0003516500000000022
e_nativegates_ibm_qiskit_opt3_101,65,0.0,0.0,0.0,0.0,0.0,0.0,0.0,82.0,3.0,1048576,0.0001849,0.4114259415010035,8.950000000000036e-05,0.2128017207286272,82.0,3.0,1048576,0.0001849,0.4114259415010035,8.950000000000036e-05,0.2128017207286272,8.950000000000036e-05,0.2128017207286272,101,1687,3294,4393,7687,0.13277544958829335,0.4938742603716398,0.0003516500000000022
e_nativegates_ibm_qiskit_opt3_11,5,0.0,0.0,0.0,0.0,0.0,0.0,0.0,33.0,9.0,1024,8.300000000000002e-06,0.9340550995106122,4.35e-06,0.0970028380598036,33.0,9.0,1024,8.300000000000002e-06,0.9340550995106122,4.35e-06,0.0970028380598036,4.35e-06,0.0970028380598036,11,157,110,219,329,0.4070334847720009,0.9760740426011935,3.214999999999998e-05
e_nativegates_ibm_qiskit_opt3_11,10,13.0,3.0,262144.0,1.815e-05,0.952928320257894,9.750000000000002e-06,0.4236472660928487,19.0,3.0,1048576,1.7650000000000002e-05,0.947220150021459,9.550000000000002e-06,0.2588724714118328,19.0,3.0,1048576,1.7650000000000002e-05,0.947220150021459,9.550000000000002e-06,0.2588724714118328,9.550000000000002e-06,0.2588724714118328,11,157,110,219,329,0.4070334847720009,0.9760740426011935,3.214999999999998e-05
e_nativegates_ibm_qiskit_opt3_113,50,0.0,0.0,0.0,0.0,0.0,0.0,0.0,134.0,5.0,1048576,0.0001218499999999,0.3519381365475574,6.850000000000026e-05,0.0635222814825736,134.0,5.0,1048576,0.0001218499999999,0.3519381365475574,6.850000000000026e-05,0.0635222814825736,6.850000000000026e-05,0.0635222814825736,113,1891,3726,4957,8683,0.12047299714419014,0.45025270131378414,0.0003942500000000016
e_nativegates_ibm_qiskit_opt3_113,65,0.0,0.0,0.0,0.0,0.0,0.0,0.0,82.0,3.0,1048576,0.0002017,0.3706335342681062,8.950000000000036e-05,0.2152354097395284,82.0,3.0,1048576,0.0002017,0.3706335342681062,8.950000000000036e-05,0.2152354097395284,8.950000000000036e-05,0.2152354097395284,113,1891,3726,4957,8683,0.12047299714419014,0.45025270131378414,0.0003942500000000016
e_nativegates_ibm_qiskit_opt3_116,50,0.0,0.0,0.0,0.0,0.0,0.0,0.0,134.0,5.0,1048576,0.00012605,0.3428723447360661,6.850000000000026e-05,0.0640150612281272,134.0,5.0,1048576,0.00012605,0.3428723447360661,6.850000000000026e-05,0.0640150612281272,6.850000000000026e-05,0.0640150612281272,116,1942,3834,5098,8932,0.11774293172384215,0.4399623323918475,0.00040490000000000144
e_nativegates_ibm_qiskit_opt3_116,65,0.0,0.0,0.0,0.0,0.0,0.0,0.0,99.0,4.0,1048576,0.0002059,0.3550128647921987,2.225e-05,0.1272301108169001,99.0,4.0,1048576,0.0002059,0.3550128647921987,2.225e-05,0.1272301108169001,2.225e-05,0.1272301108169001,116,1942,3834,5098,8932,0.11774293172384215,0.4399623323918475,0.00040490000000000144
e_nativegates_ibm_qiskit_opt3_117,50,0.0,0.0,0.0,0.0,0.0,0.0,0.0,151.0,6.0,1048576,0.00012745,0.3341766889079542,1.7950000000000003e-05,0.0357143711173068,151.0,6.0,1048576,0.00012745,0.3341766889079542,1.7950000000000003e-05,0.0357143711173068,1.7950000000000003e-05,0.0357143711173068,117,1959,3870,5145,9015,0.11686000583273552,0.43658466720029,0.0004084500000000014
e_nativegates_ibm_qiskit_opt3_117,65,0.0,0.0,0.0,0.0,0.0,0.0,0.0,99.0,4.0,1048576,0.0002073,0.3519423142639554,2.44e-05,0.1294443894750865,99.0,4.0,1048576,0.0002073,0.3519423142639554,2.44e-05,0.1294443894750865,2.44e-05,0.1294443894750865,117,1959,3870,5145,9015,0.11686000583273552,0.43658466720029,0.0004084500000000014
e_nativegates_ibm_qiskit_opt3_126,50,0.0,0.0,0.0,0.0,0.0,0.0,0.0,151.0,6.0,1048576,0.00014005,0.3090443054653678,3.729999999999999e-05,0.0406994995874718,151.0,6.0,1048576,0.00014005,0.3090443054653678,3.729999999999999e-05,0.0406994995874718,3.729999999999999e-05,0.0406994995874718,126,2112,4194,5568,9762,0.10946846943870538,0.4073274627349214,0.000440400000000001
e_nativegates_ibm_qiskit_opt3_126,65,0.0,0.0,0.0,0.0,0.0,0.0,0.0,99.0,4.0,1048576,0.0002199,0.3254564318385148,4.374999999999998e-05,0.1347814964669154,99.0,4.0,1048576,0.0002199,0.3254564318385148,4.374999999999998e-05,0.1347814964669154,4.374999999999998e-05,0.1347814964669154,126,2112,4194,5568,9762,0.10946846943870538,0.4073274627349214,0.000440400000000001
e_nativegates_ibm_qiskit_opt3_26,5,0.0,0.0,0.0,0.0,0.0,0.0,0.0,228.0,51.0,1024,7.6000000000000035e-06,0.6827167476292518,3.25e-06,1.124220702252399e-06,229.0,52.0,1024,7.6000000000000035e-06,0.6820348583621639,3.25e-06,1.536696338764005e-06,3.25e-06,1.536696338764005e-06,26,413,594,871,1465,0.3447334270574239,0.8800033613613759,8.545000000000004e-05
e_nativegates_ibm_qiskit_opt3_26,10,0.0,0.0,0.0,0.0,0.0,0.0,0.0,94.0,13.0,1048576,2.6049999999999996e-05,0.7806273799173598,4.25e-06,0.0150319361204563,104.0,13.0,1048576,2.6049999999999996e-05,0.7728576733692549,1.15e-06,0.0108931885433242,1.15e-06,0.0108931885433242,26,413,594,871,1465,0.3447334270574239,0.8800033613613759,8.545000000000004e-05
e_nativegates_ibm_qiskit_opt3_26,16,0.0,0.0,0.0,0.0,0.0,0.0,0.0,47.0,5.0,1048576,4.314999999999997e-05,0.8181514987987414,9.650000000000002e-06,0.1695072434748004,58.0,6.0,1048576,4.314999999999997e-05,0.809213200493477,1.1800000000000002e-05,0.1165318641412283,1.1800000000000002e-05,0.1165318641412283,26,413,594,871,1465,0.3447334270574239,0.8800033613613759,8.545000000000004e-05
e_nativegates_ibm_qiskit_opt3_30,10,0.0,0.0,0.0,0.0,0.0,0.0,0.0,129.0,17.0,1048576,1.905e-05,0.7280593626474058,5.400000000000001e-06,0.0034304705175183,139.0,17.0,1048576,1.905e-05,0.7208131982692396,1.15e-06,0.002280768091951,1.15e-06,0.002280768091951,30,481,738,1059,1797,0.32158975401504347,0.853318813596826,9.965000000000006e-05
e_nativegates_ibm_qiskit_opt3_30,16,0.0,0.0,0.0,0.0,0.0,0.0,0.0,68.0,7.0,1048576,4.874999999999999e-05,0.7738045005960271,7.550000000000003e-06,0.0823028773218159,79.0,7.0,1048576,4.874999999999999e-05,0.7653526526276689,5.400000000000001e-06,0.0554126916878889,5.400000000000001e-06,0.0554126916878889,30,481,738,1059,1797,0.32158975401504347,0.853318813596826,9.965000000000006e-05
e_nativegates_ibm_qiskit_opt3_30,27,22.0,2.0,17592186044416.0,6.170000000000006e-05,0.8101652145100815,3.684999999999999e-05,0.5616268671420541,44.0,3.0,1048576,5.699999999999997e-05,0.7924924652962586,2.225e-05,0.2290593141136792,44.0,3.0,1048576,5.699999999999997e-05,0.7924924652962586,2.225e-05,0.2290593141136792,2.225e-05,0.2290593141136792,30,481,738,1059,1797,0.32158975401504347,0.853318813596826,9.965000000000006e-05
e_nativegates_ibm_qiskit_opt3_31,10,0.0,0.0,0.0,0.0,0.0,0.0,0.0,131.0,17.0,1048576,2.045e-05,0.7203268368859701,5.400000000000001e-06,0.0034913867100281,141.0,18.0,1048576,2.045e-05,0.7131607754139017,7.550000000000003e-06,0.0023033867208598,7.550000000000003e-06,0.0023033867208598,31,498,774,1106,1880,0.3159960371894525,0.8467742512054329,0.00010320000000000007
e_nativegates_ibm_qiskit_opt3_31,16,0.0,0.0,0.0,0.0,0.0,0.0,0.0,69.0,7.0,1048576,5.014999999999999e-05,0.766351499136968,1.0750000000000002e-05,0.0837167174184329,80.0,8.0,1048576,5.014999999999999e-05,0.7579815736007651,8.600000000000002e-06,0.0570852685893653,8.600000000000002e-06,0.0570852685893653,31,498,774,1106,1880,0.3159960371894525,0.8467742512054329,0.00010320000000000007
e_nativegates_ibm_qiskit_opt3_31,27,18.0,2.0,68719476736.0,5.820000000000004e-05,0.8063643526673422,4.749999999999996e-05,0.6239141642505726,44.0,3.0,1048576,5.839999999999997e-05,0.7856414123634363,2.44e-05,0.2345299419836269,44.0,3.0,1048576,5.839999999999997e-05,0.7856414123634363,2.44e-05,0.2345299419836269,2.44e-05,0.2345299419836269,31,498,774,1106,1880,0.3159960371894525,0.8467742512054329,0.00010320000000000007
e_nativegates_ibm_qiskit_opt3_47,16,0.0,0.0,0.0,0.0,0.0,0.0,0.0,144.0,13.0,1048576,3.054999999999999e-05,0.6187707278370363,8.600000000000002e-06,0.0054949909508946,179.0,15.0,1048576,3.054999999999999e-05,0.5975150217249182,2.2e-06,0.0017177056257348,2.2e-06,0.0017177056257348,47,770,1350,1858,3208,0.24307614555255963,0.7486172369489748,0.00016000000000000112
e_nativegates_ibm_qiskit_opt3_47,27,0.0,0.0,0.0,0.0,0.0,0.0,0.0,61.0,4.0,1048576,8.080000000000001e-05,0.6721704216083901,3.63500000000001e-05,0.1610410546574891,61.0,4.0,1048576,8.080000000000001e-05,0.6721704216083901,3.63500000000001e-05,0.1610410546574891,3.63500000000001e-05,0.1610410546574891,47,770,1350,1858,3208,0.24307614555255963,0.7486172369489748,0.00016000000000000112
e_nativegates_ibm_qiskit_opt3_52,16,0.0,0.0,0.0,0.0,0.0,0.0,0.0,166.0,15.0,1048576,3.7549999999999984e-05,0.5796179335678847,9.700000000000002e-06,0.0028606548450442,184.0,16.0,1048576,3.7549999999999984e-05,0.5693055378479105,1.6050000000000004e-05,0.001895421720051,1.6050000000000004e-05,0.001895421720051,52,854,1530,2090,3620,0.2261297842463135,0.7203604276905605,0.00017770000000000158
e_nativegates_ibm_qiskit_opt3_52,27,0.0,0.0,0.0,0.0,0.0,0.0,0.0,78.0,5.0,1048576,8.780000000000005e-05,0.6327789470904254,2.6549999999999995e-05,0.0985855171574518,78.0,5.0,1048576,8.780000000000005e-05,0.6327789470904254,2.6549999999999995e-05,0.0985855171574518,2.6549999999999995e-05,0.0985855171574518,52,854,1530,2090,3620,0.2261297842463135,0.7203604276905605,0.00017770000000000158
e_nativegates_ibm_qiskit_opt3_52,50,0.0,0.0,0.0,0.0,0.0,0.0,0.0,67.0,3.0,1048576,0.0001050499999999,0.6395758942844337,2.01e-05,0.1929527278467187,67.0,3.0,1048576,0.0001050499999999,0.6395758942844337,2.01e-05,0.1929527278467187,2.01e-05,0.1929527278467187,52,854,1530,2090,3620,0.2261297842463135,0.7203604276905605,0.00017770000000000158
e_nativegates_ibm_qiskit_opt3_64,16,0.0,0.0,0.0,0.0,0.0,0.0,0.0,221.0,19.0,1048576,3.334999999999999e-05,0.4943241831964266,5.300000000000001e-06,0.0003517938923495,246.0,21.0,1048576,3.334999999999999e-05,0.4821521593777346,1.6050000000000004e-05,0.0002385705356663,1.6050000000000004e-05,0.0002385705356663,64,1058,1962,2654,4616,0.1932406813747406,0.6567661310943341,0.00022030000000000273
e_nativegates_ibm_qiskit_opt3_64,27,0.0,0.0,0.0,0.0,0.0,0.0,0.0,122.0,7.0,1048576,6.819999999999995e-05,0.5456116548517573,3.084999999999999e-05,0.0305390318056675,122.0,7.0,1048576,6.819999999999995e-05,0.5456116548517573,3.084999999999999e-05,0.0305390318056675,3.084999999999999e-05,0.0305390318056675,64,1058,1962,2654,4616,0.1932406813747406,0.6567661310943341,0.00022030000000000273
e_nativegates_ibm_qiskit_opt3_64,50,0.0,0.0,0.0,0.0,0.0,0.0,0.0,67.0,3.0,1048576,0.0001218499999999,0.5762498236220387,4.589999999999998e-05,0.219321312789247,67.0,3.0,1048576,0.0001218499999999,0.5762498236220387,4.589999999999998e-05,0.219321312789247,4.589999999999998e-05,0.219321312789247,64,1058,1962,2654,4616,0.1932406813747406,0.6567661310943341,0.00022030000000000273
e_nativegates_ibm_qiskit_opt3_71,27,0.0,0.0,0.0,0.0,0.0,0.0,0.0,139.0,8.0,1048576,7.8e-05,0.5047701878522546,2.44e-05,0.0189176010027317,139.0,8.0,1048576,7.8e-05,0.5047701878522546,2.44e-05,0.0189176010027317,2.44e-05,0.0189176010027317,71,1177,2214,2983,5197,0.1780036683150213,0.6222915878976144,0.0002451500000000033
e_nativegates_ibm_qiskit_opt3_71,50,0.0,0.0,0.0,0.0,0.0,0.0,0.0,67.0,3.0,1048576,0.00013165,0.5422087534212197,6.094999999999997e-05,0.2226065391293728,67.0,3.0,1048576,0.00013165,0.5422087534212197,6.094999999999997e-05,0.2226065391293728,6.094999999999997e-05,0.2226065391293728,71,1177,2214,2983,5197,0.1780036683150213,0.6222915878976144,0.0002451500000000033
e_nativegates_ibm_qiskit_opt3_71,65,0.0,0.0,0.0,0.0,0.0,0.0,0.0,82.0,3.0,1048576,0.0001429,0.5340839940521498,2.8699999999999996e-05,0.1976817101814102,82.0,3.0,1048576,0.0001429,0.5340839940521498,2.8699999999999996e-05,0.1976817101814102,2.8699999999999996e-05,0.1976817101814102,71,1177,2214,2983,5197,0.1780036683150213,0.6222915878976144,0.0002451500000000033
e_nativegates_ibm_qiskit_opt3_79,27,0.0,0.0,0.0,0.0,0.0,0.0,0.0,156.0,9.0,1048576,8.920000000000005e-05,0.4629426003966391,2.01e-05,0.0114684412580632,156.0,9.0,1048576,8.920000000000005e-05,0.4629426003966391,2.01e-05,0.0114684412580632,2.01e-05,0.0114684412580632,79,1313,2502,3359,5861,0.1632313067613856,0.5850994994821953,0.00027355000000000315
e_nativegates_ibm_qiskit_opt3_79,50,0.0,0.0,0.0,0.0,0.0,0.0,0.0,67.0,3.0,1048576,0.00014285,0.505754693569353,6.850000000000026e-05,0.2249161312403418,67.0,3.0,1048576,0.00014285,0.505754693569353,6.850000000000026e-05,0.2249161312403418,6.850000000000026e-05,0.2249161312403418,79,1313,2502,3359,5861,0.1632313067613856,0.5850994994821953,0.00027355000000000315
e_nativegates_ibm_qiskit_opt3_81,27,0.0,0.0,0.0,0.0,0.0,0.0,0.0,183.0,10.0,1048576,5.559999999999997e-05,0.4428604655482976,2.44e-05,0.0055678278956487,183.0,10.0,1048576,5.559999999999997e-05,0.4428604655482976,2.44e-05,0.0055678278956487,2.44e-05,0.0055678278956487,81,1347,2574,3453,6027,0.15990650070444495,0.5761536536021735,0.0002806500000000031
e_nativegates_ibm_qiskit_opt3_81,50,0.0,0.0,0.0,0.0,0.0,0.0,0.0,67.0,3.0,1048576,0.00014565,0.4970303691863503,6.850000000000026e-05,0.2253965129773459,67.0,3.0,1048576,0.00014565,0.4970303691863503,6.850000000000026e-05,0.2253965129773459,6.850000000000026e-05,0.2253965129773459,81,1347,2574,3453,6027,0.15990650070444495,0.5761536536021735,0.0002806500000000031
e_nativegates_ibm_qiskit_opt3_81,65,0.0,0.0,0.0,0.0,0.0,0.0,0.0,82.0,3.0,1048576,0.0001569,0.4896192948584552,5.019999999999997e-05,0.2074441478405195,82.0,3.0,1048576,0.0001569,0.4896192948584552,5.019999999999997e-05,0.2074441478405195,5.019999999999997e-05,0.2074441478405195,81,1347,2574,3453,6027,0.15990650070444495,0.5761536536021735,0.0002806500000000031
e_nativegates_ibm_qiskit_opt3_85,27,0.0,0.0,0.0,0.0,0.0,0.0,0.0,183.0,10.0,1048576,6.119999999999997e-05,0.4277380586768506,3.299999999999999e-05,0.0058947134376336,183.0,10.0,1048576,6.119999999999997e-05,0.4277380586768506,3.299999999999999e-05,0.0058947134376336,3.299999999999999e-05,0.0058947134376336,85,1415,2718,3641,6359,0.15364096315329226,0.5586696514842583,0.0002948500000000029
e_nativegates_ibm_qiskit_opt3_85,50,0.0,0.0,0.0,0.0,0.0,0.0,0.0,84.0,4.0,1048576,0.00015125,0.4719524103962307,2.01e-05,0.1304514176979427,84.0,4.0,1048576,0.00015125,0.4719524103962307,2.01e-05,0.1304514176979427,2.01e-05,0.1304514176979427,85,1415,2718,3641,6359,0.15364096315329226,0.5586696514842583,0.0002948500000000029
e_nativegates_ibm_qiskit_opt3_85,65,0.0,0.0,0.0,0.0,0.0,0.0,0.0,82.0,3.0,1048576,0.0001625,0.4728752004578774,5.8799999999999966e-05,0.2089186862214147,82.0,3.0,1048576,0.0001625,0.4728752004578774,5.8799999999999966e-05,0.2089186862214147,5.8799999999999966e-05,0.2089186862214147,85,1415,2718,3641,6359,0.15364096315329226,0.5586696514842583,0.0002948500000000029
gan_indep_qiskit_12,5,0.0,0.0,0.0,0.0,0.0,0.0,0.0,45.0,12.0,1024,3.5499999999999995e-06,0.931955272212988,1.5e-06,0.0446918500130657,39.0,11.0,1024,3.5499999999999995e-06,0.9375665334299093,5.5e-07,0.0938983611462321,5.5e-07,0.0938983611462321,12,23,66,24,90,0.6740220661985958,0.9866424820933379,1.0600000000000002e-05
gan_indep_qiskit_12,10,14.0,3.0,1048576.0,6.0500000000000005e-06,0.9613113745753328,3.5999999999999994e-06,0.3772073230050276,12.0,3.0,1048576,8.550000000000001e-06,0.9632357164097504,2.05e-06,0.4403220405201761,12.0,3.0,1048576,8.550000000000001e-06,0.9632357164097504,2.05e-06,0.4403220405201761,2.05e-06,0.4403220405201761,12,23,66,24,90,0.6740220661985958,0.9866424820933379,1.0600000000000002e-05
gan_indep_qiskit_6,5,8.0,3.0,1024.0,2.1e-06,0.9830184584561192,1.55e-06,0.4428009441384737,6.0,3.0,1024,3.5499999999999995e-06,0.9849872867525458,5.5e-07,0.5896042924211938,6.0,3.0,1024,3.5499999999999995e-06,0.9849872867525458,5.5e-07,0.5896042924211938,5.5e-07,0.5896042924211938,6,11,15,12,27,0.6902654867256637,0.9968840531889367,4.6e-06
ghz_indep_qiskit_100,27,3.0,4.0,40.0,1.2550000000000004e-05,0.8843843943103192,1.2000000000000004e-05,0.084593768757469,3.0,4.0,40,1.3050000000000004e-05,0.8843843943103195,1.0500000000000005e-05,0.0847624238113492,3.0,4.0,40,1.3050000000000004e-05,0.8843843943103195,1.0500000000000005e-05,0.0847624238113492,1.0500000000000005e-05,0.0847624238113492,100,100,99,1,100,0.0391579363510575,0.980382996105576,4.954999999999991e-05
ghz_indep_qiskit_100,50,2.0,3.0,24.0,1.75e-05,0.8852696551198257,1.5000000000000004e-05,0.1488714632575194,2.0,3.0,24,2.454999999999998e-05,0.8852696551198258,5e-07,0.2709083503054992,2.0,3.0,24,2.454999999999998e-05,0.8852696551198258,5e-07,0.2709083503054992,5e-07,0.2709083503054992,100,100,99,1,100,0.0391579363510575,0.980382996105576,4.954999999999991e-05
ghz_indep_qiskit_100,65,1.0,2.0,8.0,3.099999999999996e-05,0.886155802067426,1.855e-05,0.2721707683404381,1.0,2.0,8,3.204999999999996e-05,0.8861558020674261,1.75e-05,0.2724075629691856,1.0,2.0,8,3.204999999999996e-05,0.8861558020674261,1.75e-05,0.2724075629691856,1.75e-05,0.2724075629691856,100,100,99,1,100,0.0391579363510575,0.980382996105576,4.954999999999991e-05
ghz_indep_qiskit_110,27,4.0,5.0,52.0,1.3000000000000004e-05,0.8729568345199232,8.500000000000002e-06,0.0482541622550301,4.0,5.0,52,1.3050000000000004e-05,0.8729568345199235,2.5e-06,0.0556362411436634,4.0,5.0,52,1.3050000000000004e-05,0.8729568345199235,2.5e-06,0.0556362411436634,2.5e-06,0.0556362411436634,110,110,109,1,110,0.035666394112837264,0.9784239938619198,5.4549999999999896e-05
ghz_indep_qiskit_110,50,2.0,3.0,24.0,2.2499999999999984e-05,0.8747053530580577,1.3000000000000004e-05,0.1476299111812065,2.0,3.0,24,2.454999999999998e-05,0.8747053530580576,5.500000000000001e-06,0.1580298710115412,2.0,3.0,24,2.454999999999998e-05,0.8747053530580576,5.500000000000001e-06,0.1580298710115412,5.500000000000001e-06,0.1580298710115412,110,110,109,1,110,0.035666394112837264,0.9784239938619198,5.4549999999999896e-05
ghz_indep_qiskit_110,65,1.0,2.0,8.0,3.199999999999996e-05,0.875580925234489,2.2549999999999986e-05,0.2694428583081821,1.0,2.0,8,3.204999999999996e-05,0.8755809252344893,2.2499999999999984e-05,0.2692907716308655,1.0,2.0,8,3.204999999999996e-05,0.8755809252344893,2.2499999999999984e-05,0.2692907716308655,2.2499999999999984e-05,0.2692907716308655,110,110,109,1,110,0.035666394112837264,0.9784239938619198,5.4549999999999896e-05
ghz_indep_qiskit_124,27,4.0,5.0,40.0,1.3000000000000004e-05,0.8584074111132033,1.0500000000000005e-05,0.0457674765401124,4.0,5.0,52,1.3050000000000004e-05,0.8584074111132034,9.500000000000002e-06,0.0458998989435222,4.0,5.0,52,1.3050000000000004e-05,0.8584074111132034,9.500000000000002e-06,0.0458998989435222,9.500000000000002e-06,0.0458998989435222,124,124,123,1,124,0.031708196974772576,0.97568796529484,6.154999999999988e-05
ghz_indep_qiskit_124,50,2.0,3.0,24.0,2.449999999999998e-05,0.8601267873896131,1.5500000000000004e-05,0.1447093176545034,2.0,3.0,24,2.454999999999998e-05,0.860126787389613,1.2500000000000004e-05,0.1458737270875765,2.0,3.0,24,2.454999999999998e-05,0.860126787389613,1.2500000000000004e-05,0.1458737270875765,1.2500000000000004e-05,0.1458737270875765,124,124,123,1,124,0.031708196974772576,0.97568796529484,6.154999999999988e-05
ghz_indep_qiskit_124,65,1.0,2.0,8.0,3.149999999999996e-05,0.8609877665531777,3.0049999999999965e-05,0.2666802767245851,1.0,2.0,8,3.204999999999996e-05,0.8609877665531778,2.9499999999999965e-05,0.2666726669066767,1.0,2.0,8,3.204999999999996e-05,0.8609877665531778,2.9499999999999965e-05,0.2666726669066767,2.9499999999999965e-05,0.2666726669066767,124,124,123,1,124,0.031708196974772576,0.97568796529484,6.154999999999988e-05
ghz_indep_qiskit_125,27,4.0,5.0,40.0,1.3050000000000004e-05,0.8573774939013501,1.1000000000000005e-05,0.0456058693332803,4.0,5.0,52,1.3050000000000004e-05,0.85737749390135,1.0000000000000004e-05,0.0457011980822949,4.0,5.0,52,1.3050000000000004e-05,0.85737749390135,1.0000000000000004e-05,0.0457011980822949,1.0000000000000004e-05,0.0457011980822949,125,125,124,1,125,0.031458822037659276,0.9754928277017811,6.204999999999988e-05
ghz_indep_qiskit_125,50,2.0,3.0,24.0,2.2549999999999986e-05,0.859094807270103,1.7999999999999997e-05,0.1440267873194704,2.0,3.0,24,2.454999999999998e-05,0.8590948072701029,1.3000000000000004e-05,0.145487817756657,2.0,3.0,24,2.454999999999998e-05,0.8590948072701029,1.3000000000000004e-05,0.145487817756657,1.3000000000000004e-05,0.145487817756657,125,125,124,1,125,0.031458822037659276,0.9754928277017811,6.204999999999988e-05
ghz_indep_qiskit_125,65,1.0,2.0,8.0,3.199999999999996e-05,0.8599547534308671,3.0049999999999965e-05,0.2665559502552497,1.0,2.0,8,3.204999999999996e-05,0.8599547534308672,2.9999999999999963e-05,0.2665316448723526,1.0,2.0,8,3.204999999999996e-05,0.8599547534308672,2.9999999999999963e-05,0.2665316448723526,2.9999999999999963e-05,0.2665316448723526,125,125,124,1,125,0.031458822037659276,0.9754928277017811,6.204999999999988e-05
ghz_indep_qiskit_18,5,4.0,5.0,40.0,2e-06,0.9748991020420807,1.5e-06,0.2089415322580645,4.0,5.0,52,2.05e-06,0.9748991020420806,5e-07,0.242609756097561,4.0,5.0,52,2.05e-06,0.9748991020420806,5e-07,0.242609756097561,5e-07,0.242609756097561,18,18,17,1,18,0.1984866123399302,0.9965954774807039,8.550000000000001e-06
ghz_indep_qiskit_18,10,1.0,2.0,8.0,4.55e-06,0.9778296291656968,4e-06,0.3693528693528694,1.0,2.0,8,4.55e-06,0.9778296291656968,4e-06,0.3693528693528694,1.0,2.0,8,4.55e-06,0.9778296291656968,4e-06,0.3693528693528694,4e-06,0.3693528693528694,18,18,17,1,18,0.1984866123399302,0.9965954774807039,8.550000000000001e-06
ghz_indep_qiskit_18,16,1.0,2.0,8.0,5e-06,0.9778296291656968,3.5499999999999995e-06,0.3724391805377721,1.0,2.0,8,7.550000000000001e-06,0.977829629165697,1e-06,0.4711644591611477,1.0,2.0,8,7.550000000000001e-06,0.977829629165697,1e-06,0.4711644591611477,1e-06,0.4711644591611477,18,18,17,1,18,0.1984866123399302,0.9965954774807039,8.550000000000001e-06
ghz_indep_qiskit_25,5,5.0,6.0,52.0,2.05e-06,0.9657739956375538,2e-06,0.1188787804878049,5.0,6.0,52,2.05e-06,0.9657739956375538,2e-06,0.1188787804878049,5.0,6.0,52,2.05e-06,0.9657739956375538,2e-06,0.1188787804878049,2e-06,0.1188787804878049,25,25,24,1,25,0.1473200612557427,0.9952010806734412,1.2050000000000003e-05
ghz_indep_qiskit_25,10,2.0,3.0,24.0,4.5e-06,0.9686770928745608,3.4999999999999995e-06,0.2309670781893004,2.0,3.0,24,4.55e-06,0.9686770928745608,3e-06,0.2331240188383046,2.0,3.0,24,4.55e-06,0.9686770928745608,3e-06,0.2331240188383046,3e-06,0.2331240188383046,25,25,24,1,25,0.1473200612557427,0.9952010806734412,1.2050000000000003e-05
ghz_indep_qiskit_25,16,1.0,2.0,8.0,7.550000000000001e-06,0.9696467299157682,4.5e-06,0.3392384105960264,1.0,2.0,8,7.550000000000001e-06,0.9696467299157682,4.5e-06,0.3392384105960264,1.0,2.0,8,7.550000000000001e-06,0.9696467299157682,4.5e-06,0.3392384105960264,4.5e-06,0.3392384105960264,25,25,24,1,25,0.1473200612557427,0.9952010806734412,1.2050000000000003e-05
ghz_indep_qiskit_29,5,6.0,7.0,40.0,2.05e-06,0.9601862501295932,2e-06,0.0832151463414634,6.0,7.0,52,2.05e-06,0.9601862501295932,2e-06,0.0832151463414634,6.0,7.0,52,2.05e-06,0.9601862501295932,2e-06,0.0832151463414634,2e-06,0.0832151463414634,29,29,28,1,29,0.1284046692607004,0.994405158625317,1.4050000000000004e-05
ghz_indep_qiskit_29,10,3.0,4.0,40.0,4.5e-06,0.9630725507158118,2.55e-06,0.1586834733893557,3.0,4.0,40,4.55e-06,0.9630725507158118,5e-07,0.2175824175824176,3.0,4.0,40,4.55e-06,0.9630725507158118,5e-07,0.2175824175824176,5e-07,0.2175824175824176,29,29,28,1,29,0.1284046692607004,0.994405158625317,1.4050000000000004e-05
ghz_indep_qiskit_29,16,1.0,2.0,8.0,7.550000000000001e-06,0.9650015695881148,6.500000000000001e-06,0.3230842005676441,1.0,2.0,8,7.550000000000001e-06,0.9650015695881148,6.500000000000001e-06,0.3230842005676441,1.0,2.0,8,7.550000000000001e-06,0.9650015695881148,6.500000000000001e-06,0.3230842005676441,6.500000000000001e-06,0.3230842005676441,29,29,28,1,29,0.1284046692607004,0.994405158625317,1.4050000000000004e-05
ghz_indep_qiskit_29,27,1.0,2.0,8.0,9.05e-06,0.9650015695881148,5e-06,0.3280155436305479,1.0,2.0,8,1.3050000000000004e-05,0.9650015695881148,1e-06,0.4490090345773614,1.0,2.0,8,1.3050000000000004e-05,0.9650015695881148,1e-06,0.4490090345773614,1e-06,0.4490090345773614,29,29,28,1,29,0.1284046692607004,0.994405158625317,1.4050000000000004e-05
ghz_indep_qiskit_35,10,3.0,4.0,40.0,4.5e-06,0.9561603462340428,4e-06,0.1355006858710562,3.0,4.0,40,4.55e-06,0.9561603462340428,3.4999999999999995e-06,0.135989010989011,3.0,4.0,40,4.55e-06,0.9561603462340428,3.4999999999999995e-06,0.135989010989011,3.4999999999999995e-06,0.135989010989011,35,35,34,1,35,0.10766798418972331,0.993212468918981,1.705e-05
ghz_indep_qiskit_35,16,2.0,3.0,24.0,7.000000000000002e-06,0.9571174541246512,5e-06,0.19922128576494,2.0,3.0,24,7.550000000000001e-06,0.9571174541246514,2e-06,0.2226252069536422,2.0,3.0,24,7.550000000000001e-06,0.9571174541246514,2e-06,0.2226252069536422,2e-06,0.2226252069536422,35,35,34,1,35,0.10766798418972331,0.993212468918981,1.705e-05
ghz_indep_qiskit_35,27,1.0,2.0,8.0,1.0500000000000005e-05,0.9580755200716344,6.550000000000001e-06,0.3134727867552295,1.0,2.0,8,1.3050000000000004e-05,0.9580755200716342,4e-06,0.3292732920233984,1.0,2.0,8,1.3050000000000004e-05,0.9580755200716342,4e-06,0.3292732920233984,4e-06,0.3292732920233984,35,35,34,1,35,0.10766798418972331,0.993212468918981,1.705e-05
ghz_indep_qiskit_40,10,4.0,5.0,40.0,4.5e-06,0.9494876593413404,3e-06,0.0890873015873015,4.0,5.0,52,4.55e-06,0.9494876593413404,1.5e-06,0.0979120879120879,4.0,5.0,52,4.55e-06,0.9494876593413404,1.5e-06,0.0979120879120879,1.5e-06,0.0979120879120879,40,40,39,1,40,0.09489671931956253,0.9922196536556006,1.9549999999999994e-05
ghz_indep_qiskit_40,16,2.0,3.0,24.0,7.500000000000002e-06,0.951389467894109,6.000000000000001e-06,0.1883573157611618,2.0,3.0,24,7.550000000000001e-06,0.9513894678941092,4.5e-06,0.1908216059602647,2.0,3.0,24,7.550000000000001e-06,0.9513894678941092,4.5e-06,0.1908216059602647,4.5e-06,0.1908216059602647,40,40,39,1,40,0.09489671931956253,0.9922196536556006,1.9549999999999994e-05
ghz_indep_qiskit_40,27,1.0,2.0,8.0,1.2000000000000004e-05,0.95234180017849,7.550000000000001e-06,0.3053145695364238,1.0,2.0,8,1.3050000000000004e-05,0.95234180017849,6.500000000000001e-06,0.3078919094244764,1.0,2.0,8,1.3050000000000004e-05,0.95234180017849,6.500000000000001e-06,0.3078919094244764,6.500000000000001e-06,0.3078919094244764,40,40,39,1,40,0.09489671931956253,0.9922196536556006,1.9549999999999994e-05
ghz_indep_qiskit_43,10,4.0,5.0,40.0,4.55e-06,0.9460741722399528,3.4999999999999995e-06,0.0831043956043956,4.0,5.0,52,4.55e-06,0.9460741722399528,3e-06,0.0839246467817896,4.0,5.0,52,4.55e-06,0.9460741722399528,3e-06,0.0839246467817896,3e-06,0.0839246467817896,43,43,42,1,43,0.08859159380596224,0.991624440921828,2.104999999999999e-05
ghz_indep_qiskit_43,16,2.0,3.0,24.0,7.500000000000002e-06,0.9479691436328066,6.500000000000001e-06,0.1831306990881458,2.0,3.0,24,7.550000000000001e-06,0.9479691436328066,6.000000000000001e-06,0.1834823134233314,2.0,3.0,24,7.550000000000001e-06,0.9479691436328066,6.000000000000001e-06,0.1834823134233314,6.000000000000001e-06,0.1834823134233314,43,43,42,1,43,0.08859159380596224,0.991624440921828,2.104999999999999e-05
ghz_indep_qiskit_43,27,1.0,2.0,8.0,1.3000000000000004e-05,0.9489180522034224,8.050000000000001e-06,0.3015805355958807,1.0,2.0,8,1.3050000000000004e-05,0.9489180522034226,8.000000000000001e-06,0.3011001761283482,1.0,2.0,8,1.3050000000000004e-05,0.9489180522034226,8.000000000000001e-06,0.3011001761283482,8.000000000000001e-06,0.3011001761283482,43,43,42,1,43,0.08859159380596224,0.991624440921828,2.104999999999999e-05
ghz_indep_qiskit_47,10,5.0,6.0,40.0,4.5e-06,0.940600405364876,3e-06,0.0557123993963782,5.0,6.0,52,4.55e-06,0.940600405364876,5e-07,0.0783296703296703,5.0,6.0,52,4.55e-06,0.940600405364876,5e-07,0.0783296703296703,5e-07,0.0783296703296703,47,47,46,1,47,0.08138199169391175,0.9908313793272262,2.3049999999999984e-05
ghz_indep_qiskit_47,16,3.0,4.0,40.0,7.000000000000002e-06,0.9424844128904732,4.5e-06,0.1155921306416355,3.0,4.0,40,7.550000000000001e-06,0.9424844128904732,5e-07,0.1788952555877481,3.0,4.0,40,7.550000000000001e-06,0.9424844128904732,5e-07,0.1788952555877481,5e-07,0.1788952555877481,47,47,46,1,47,0.08138199169391175,0.9908313793272262,2.3049999999999984e-05
ghz_indep_qiskit_47,27,1.0,2.0,8.0,1.3050000000000004e-05,0.9443721940529264,1.0000000000000004e-05,0.2950630798651231,1.0,2.0,8,1.3050000000000004e-05,0.9443721940529264,1.0000000000000004e-05,0.2950630798651231,1.0,2.0,8,1.3050000000000004e-05,0.9443721940529264,1.0000000000000004e-05,0.2950630798651231,1.0000000000000004e-05,0.2950630798651231,47,47,46,1,47,0.08138199169391175,0.9908313793272262,2.3049999999999984e-05
ghz_indep_qiskit_59,10,6.0,7.0,40.0,4.55e-06,0.926219887637115,3e-06,0.031342229199372,6.0,7.0,52,4.55e-06,0.9262198876371152,2e-06,0.0328984615384615,6.0,7.0,52,4.55e-06,0.9262198876371152,2e-06,0.0328984615384615,2e-06,0.0328984615384615,59,59,58,1,59,0.06541213589497995,0.9884559980686038,2.9049999999999968e-05
ghz_indep_qiskit_59,16,3.0,4.0,40.0,7.550000000000001e-06,0.929004086019766,6.500000000000001e-06,0.102225860335856,3.0,4.0,40,7.550000000000001e-06,0.929004086019766,6.500000000000001e-06,0.102225860335856,3.0,4.0,40,7.550000000000001e-06,0.929004086019766,6.500000000000001e-06,0.102225860335856,6.500000000000001e-06,0.102225860335856,59,59,58,1,59,0.06541213589497995,0.9884559980686038,2.9049999999999968e-05
ghz_indep_qiskit_59,27,2.0,3.0,24.0,1.1000000000000005e-05,0.9299340107386056,7.550000000000001e-06,0.1676079103735308,2.0,3.0,24,1.3050000000000004e-05,0.9299340107386058,3e-06,0.1860180286106212,2.0,3.0,24,1.3050000000000004e-05,0.9299340107386058,3e-06,0.1860180286106212,3e-06,0.1860180286106212,59,59,58,1,59,0.06541213589497995,0.9884559980686038,2.9049999999999968e-05
ghz_indep_qiskit_59,50,1.0,2.0,8.0,1.85e-05,0.9308648663037088,1.0550000000000002e-05,0.2882151522710267,1.0,2.0,8,2.454999999999998e-05,0.9308648663037092,4.5e-06,0.3125865580448067,1.0,2.0,8,2.454999999999998e-05,0.9308648663037092,4.5e-06,0.3125865580448067,4.5e-06,0.3125865580448067,59,59,58,1,59,0.06541213589497995,0.9884559980686038,2.9049999999999968e-05
ghz_indep_qiskit_62,16,4.0,5.0,52.0,7.000000000000002e-06,0.9247385840781946,5.05e-06,0.064295035272758,4.0,5.0,52,7.550000000000001e-06,0.9247385840781944,5e-07,0.1006285812681083,4.0,5.0,52,7.550000000000001e-06,0.9247385840781944,5e-07,0.1006285812681083,5e-07,0.1006285812681083,62,62,61,1,62,0.06235318149320801,0.9878630430765749,3.054999999999996e-05
ghz_indep_qiskit_62,27,2.0,3.0,24.0,1.2000000000000004e-05,0.9265908206301636,7.550000000000001e-06,0.1659318312697955,2.0,3.0,24,1.3050000000000004e-05,0.9265908206301638,4.5e-06,0.1736168267032464,2.0,3.0,24,1.3050000000000004e-05,0.9265908206301638,4.5e-06,0.1736168267032464,4.5e-06,0.1736168267032464,62,62,61,1,62,0.06235318149320801,0.9878630430765749,3.054999999999996e-05
ghz_indep_qiskit_62,50,1.0,2.0,8.0,1.9549999999999997e-05,0.927518329692094,1.1000000000000005e-05,0.2859863226954299,1.0,2.0,8,2.454999999999998e-05,0.927518329692094,6.000000000000001e-06,0.3005639981200063,1.0,2.0,8,2.454999999999998e-05,0.927518329692094,6.000000000000001e-06,0.3005639981200063,6.000000000000001e-06,0.3005639981200063,62,62,61,1,62,0.06235318149320801,0.9878630430765749,3.054999999999996e-05
ghz_indep_qiskit_64,16,4.0,5.0,40.0,7.500000000000002e-06,0.9225209125515644,5.05e-06,0.0630451585189915,4.0,5.0,52,7.550000000000001e-06,0.9225209125515642,1.5e-06,0.0754714359510812,4.0,5.0,52,7.550000000000001e-06,0.9225209125515642,1.5e-06,0.0754714359510812,1.5e-06,0.0754714359510812,64,64,63,1,64,0.0604680157283974,0.9874679373738661,3.154999999999996e-05
ghz_indep_qiskit_64,27,2.0,3.0,24.0,1.2500000000000004e-05,0.9243687071430348,7.550000000000001e-06,0.1649075607064017,2.0,3.0,24,1.3050000000000004e-05,0.9243687071430348,5.500000000000001e-06,0.1687941370726007,2.0,3.0,24,1.3050000000000004e-05,0.9243687071430348,5.500000000000001e-06,0.1687941370726007,5.500000000000001e-06,0.1687941370726007,64,64,63,1,64,0.0604680157283974,0.9874679373738661,3.154999999999996e-05
ghz_indep_qiskit_64,50,1.0,2.0,8.0,2.0049999999999996e-05,0.925293991889388,1.1500000000000003e-05,0.2846871642033129,1.0,2.0,8,2.454999999999998e-05,0.925293991889388,7.000000000000002e-06,0.2952206381534285,1.0,2.0,8,2.454999999999998e-05,0.925293991889388,7.000000000000002e-06,0.2952206381534285,7.000000000000002e-06,0.2952206381534285,64,64,63,1,64,0.0604680157283974,0.9874679373738661,3.154999999999996e-05
ghz_indep_qiskit_70,16,4.0,5.0,40.0,7.500000000000002e-06,0.9158997569786792,6.500000000000001e-06,0.0592994644666376,4.0,5.0,52,7.550000000000001e-06,0.9158997569786794,4.5e-06,0.0603771487608649,4.0,5.0,52,7.550000000000001e-06,0.9158997569786794,4.5e-06,0.0603771487608649,4.5e-06,0.0603771487608649,70,70,69,1,70,0.05543958249698912,0.9862835681718086,3.454999999999995e-05
ghz_indep_qiskit_70,27,2.0,3.0,24.0,1.2500000000000004e-05,0.9177342895017342,9.550000000000002e-06,0.1601505622850769,2.0,3.0,24,1.3050000000000004e-05,0.9177342895017344,8.500000000000002e-06,0.1607563210215244,2.0,3.0,24,1.3050000000000004e-05,0.9177342895017344,8.500000000000002e-06,0.1607563210215244,8.500000000000002e-06,0.1607563210215244,70,70,69,1,70,0.05543958249698912,0.9862835681718086,3.454999999999995e-05
ghz_indep_qiskit_70,50,1.0,2.0,8.0,2.1999999999999982e-05,0.9186529332558114,1.2550000000000004e-05,0.2821568427146118,1.0,2.0,8,2.454999999999998e-05,0.9186529332558117,1.0000000000000004e-05,0.2852972553583552,1.0,2.0,8,2.454999999999998e-05,0.9186529332558117,1.0000000000000004e-05,0.2852972553583552,1.0000000000000004e-05,0.2852972553583552,70,70,69,1,70,0.05543958249698912,0.9862835681718086,3.454999999999995e-05
ghz_indep_qiskit_70,65,1.0,2.0,8.0,2.1999999999999982e-05,0.9186529332558114,1.2550000000000004e-05,0.2821568427146118,1.0,2.0,8,3.204999999999996e-05,0.9186529332558118,2.5e-06,0.3440937637505503,1.0,2.0,8,3.204999999999996e-05,0.9186529332558118,2.5e-06,0.3440937637505503,2.5e-06,0.3440937637505503,70,70,69,1,70,0.05543958249698912,0.9862835681718086,3.454999999999995e-05
ghz_indep_qiskit_73,16,4.0,5.0,40.0,7.500000000000002e-06,0.9126070211796912,6.0500000000000005e-06,0.0581074961415536,4.0,5.0,52,7.550000000000001e-06,0.912607021179691,6.000000000000001e-06,0.0580549507316009,4.0,5.0,52,7.550000000000001e-06,0.912607021179691,6.000000000000001e-06,0.0580549507316009,6.000000000000001e-06,0.0580549507316009,73,73,72,1,73,0.05322646178849772,0.9856919163770436,3.604999999999995e-05
ghz_indep_qiskit_73,27,2.0,3.0,24.0,1.3050000000000004e-05,0.914434958405753,1.0000000000000004e-05,0.1584598021497883,2.0,3.0,24,1.3050000000000004e-05,0.9144349584057532,1.0000000000000004e-05,0.1584598021497883,2.0,3.0,24,1.3050000000000004e-05,0.9144349584057532,1.0000000000000004e-05,0.1584598021497883,1.0000000000000004e-05,0.1584598021497883,73,73,72,1,73,0.05322646178849772,0.9856919163770436,3.604999999999995e-05
ghz_indep_qiskit_73,50,1.0,2.0,8.0,2.2999999999999983e-05,0.9153502995591336,1.3050000000000004e-05,0.2808694812037113,1.0,2.0,8,2.454999999999998e-05,0.9153502995591336,1.1500000000000003e-05,0.2821961982348949,1.0,2.0,8,2.454999999999998e-05,0.9153502995591336,1.1500000000000003e-05,0.2821961982348949,1.1500000000000003e-05,0.2821961982348949,73,73,72,1,73,0.05322646178849772,0.9856919163770436,3.604999999999995e-05
ghz_indep_qiskit_73,65,1.0,2.0,8.0,2.2999999999999983e-05,0.9153502995591336,1.3050000000000004e-05,0.2808694812037113,1.0,2.0,8,3.204999999999996e-05,0.9153502995591336,4e-06,0.3154192834380044,1.0,2.0,8,3.204999999999996e-05,0.9153502995591336,4e-06,0.3154192834380044,4e-06,0.3154192834380044,73,73,72,1,73,0.05322646178849772,0.9856919163770436,3.604999999999995e-05
ghz_indep_qiskit_75,16,4.0,5.0,40.0,7.550000000000001e-06,0.910418443087764,7.000000000000002e-06,0.0570228627185947,4.0,5.0,52,7.550000000000001e-06,0.910418443087764,7.000000000000002e-06,0.0570228627185947,4.0,5.0,52,7.550000000000001e-06,0.910418443087764,7.000000000000002e-06,0.0570228627185947,7.000000000000002e-06,0.0570228627185947,75,75,74,1,75,0.0518466654997374,0.9852976790381694,3.7049999999999945e-05
ghz_indep_qiskit_75,27,2.0,3.0,24.0,1.3000000000000004e-05,0.9122419966270104,1.1550000000000005e-05,0.1572095599873377,2.0,3.0,24,1.3050000000000004e-05,0.9122419966270108,1.1000000000000005e-05,0.1572616183906217,2.0,3.0,24,1.3050000000000004e-05,0.9122419966270108,1.1000000000000005e-05,0.1572616183906217,1.1000000000000005e-05,0.1572616183906217,75,75,74,1,75,0.0518466654997374,0.9852976790381694,3.7049999999999945e-05
ghz_indep_qiskit_75,50,1.0,2.0,8.0,2.3549999999999983e-05,0.9131551426454116,1.3500000000000005e-05,0.2795628601759176,1.0,2.0,8,2.454999999999998e-05,0.9131551426454114,1.2500000000000004e-05,0.2805263982453393,1.0,2.0,8,2.454999999999998e-05,0.9131551426454114,1.2500000000000004e-05,0.2805263982453393,1.2500000000000004e-05,0.2805263982453393,75,75,74,1,75,0.0518466654997374,0.9852976790381694,3.7049999999999945e-05
ghz_indep_qiskit_75,65,1.0,2.0,8.0,2.3549999999999983e-05,0.9131551426454116,1.3500000000000005e-05,0.2795628601759176,1.0,2.0,8,3.204999999999996e-05,0.9131551426454116,5e-06,0.3049921996879877,1.0,2.0,8,3.204999999999996e-05,0.9131551426454116,5e-06,0.3049921996879877,5e-06,0.3049921996879877,75,75,74,1,75,0.0518466654997374,0.9852976790381694,3.7049999999999945e-05
ghz_indep_qiskit_92,16,6.0,7.0,40.0,7.550000000000001e-06,0.8902430319107704,5e-06,0.0203835934633809,6.0,7.0,52,7.550000000000001e-06,0.8902430319107704,5e-07,0.0318395120418623,6.0,7.0,52,7.550000000000001e-06,0.8902430319107704,5e-07,0.0318395120418623,5e-07,0.0318395120418623,92,92,91,1,92,0.04248518501236523,0.9819530215925447,4.554999999999992e-05
ghz_indep_qiskit_92,27,3.0,4.0,40.0,1.3000000000000004e-05,0.8929190845875662,8.550000000000001e-06,0.0874873369527917,3.0,4.0,40,1.3050000000000004e-05,0.8929190845875662,6.500000000000001e-06,0.0887987297071278,3.0,4.0,40,1.3050000000000004e-05,0.8929190845875662,6.500000000000001e-06,0.0887987297071278,6.500000000000001e-06,0.0887987297071278,92,92,91,1,92,0.04248518501236523,0.9819530215925447,4.554999999999992e-05
ghz_indep_qiskit_92,50,1.0,2.0,8.0,2.449999999999998e-05,0.8947075871924097,2.104999999999999e-05,0.2726818759321662,1.0,2.0,8,2.454999999999998e-05,0.8947075871924098,2.099999999999999e-05,0.2726045564344246,1.0,2.0,8,2.454999999999998e-05,0.8947075871924098,2.099999999999999e-05,0.2726045564344246,2.099999999999999e-05,0.2726045564344246,92,92,91,1,92,0.04248518501236523,0.9819530215925447,4.554999999999992e-05
ghz_indep_qiskit_92,65,1.0,2.0,8.0,2.8499999999999968e-05,0.8947075871924097,1.705e-05,0.2741140950262197,1.0,2.0,8,3.204999999999996e-05,0.89470758719241,1.3500000000000005e-05,0.2765039172995492,1.0,2.0,8,3.204999999999996e-05,0.89470758719241,1.3500000000000005e-05,0.2765039172995492,1.3500000000000005e-05,0.2765039172995492,92,92,91,1,92,0.04248518501236523,0.9819530215925447,4.554999999999992e-05
ghz_indep_qiskit_94,16,6.0,7.0,40.0,7.500000000000002e-06,0.8881080862540822,5e-06,0.0200638034713903,6.0,7.0,52,7.550000000000001e-06,0.8881080862540823,1.5e-06,0.0238796340313967,6.0,7.0,52,7.550000000000001e-06,0.8881080862540823,1.5e-06,0.0238796340313967,1.5e-06,0.0238796340313967,94,94,93,1,94,0.0416014664461036,0.9815602796620286,4.654999999999992e-05
ghz_indep_qiskit_94,27,3.0,4.0,40.0,1.3050000000000004e-05,0.8907777213271063,9.000000000000002e-06,0.0866180440240977,3.0,4.0,40,1.3050000000000004e-05,0.8907777213271063,7.500000000000002e-06,0.0874112495554538,3.0,4.0,40,1.3050000000000004e-05,0.8907777213271063,7.500000000000002e-06,0.0874112495554538,7.500000000000002e-06,0.0874112495554538,94,94,93,1,94,0.0416014664461036,0.9815602796620286,4.654999999999992e-05
ghz_indep_qiskit_94,50,1.0,2.0,8.0,2.449999999999998e-05,0.8925619348156846,2.2049999999999987e-05,0.2721189216427315,1.0,2.0,8,2.454999999999998e-05,0.8925619348156847,2.1999999999999982e-05,0.2720660782982578,1.0,2.0,8,2.454999999999998e-05,0.8925619348156847,2.1999999999999982e-05,0.2720660782982578,2.1999999999999982e-05,0.2720660782982578,94,94,93,1,94,0.0416014664461036,0.9815602796620286,4.654999999999992e-05
ghz_indep_qiskit_94,65,1.0,2.0,8.0,2.9499999999999965e-05,0.8925619348156846,1.705e-05,0.273809523809524,1.0,2.0,8,3.204999999999996e-05,0.8925619348156847,1.4500000000000003e-05,0.2752750110004402,1.0,2.0,8,3.204999999999996e-05,0.8925619348156847,1.4500000000000003e-05,0.2752750110004402,1.4500000000000003e-05,0.2752750110004402,94,94,93,1,94,0.0416014664461036,0.9815602796620286,4.654999999999992e-05
ghz_nativegates_ibm_qiskit_opt3_100,27,3.0,4.0,40.0,1.2650000000000004e-05,0.8843667046765733,1.2000000000000004e-05,0.0851627353865583,3.0,4.0,40,1.3150000000000005e-05,0.8843667046765735,1.0500000000000005e-05,0.0853141459081154,3.0,4.0,40,1.3150000000000005e-05,0.8843667046765735,1.0500000000000005e-05,0.0853141459081154,1.0500000000000005e-05,0.0853141459081154,100,102,99,3,102,0.03904311872415827,0.9803633862885741,4.964999999999991e-05
ghz_nativegates_ibm_qiskit_opt3_100,50,2.0,3.0,24.0,1.75e-05,0.8852519477789159,1.5000000000000004e-05,0.1496413904600682,2.0,3.0,24,2.464999999999998e-05,0.885251947778916,5e-07,0.2719188640973634,2.0,3.0,24,2.464999999999998e-05,0.885251947778916,5e-07,0.2719188640973634,5e-07,0.2719188640973634,100,102,99,3,102,0.03904311872415827,0.9803633862885741,4.964999999999991e-05
ghz_nativegates_ibm_qiskit_opt3_100,65,1.0,2.0,8.0,3.099999999999996e-05,0.8861380770016275,1.865e-05,0.2734774828044197,1.0,2.0,8,3.214999999999996e-05,0.8861380770016276,1.75e-05,0.2732018715689014,1.0,2.0,8,3.214999999999996e-05,0.8861380770016276,1.75e-05,0.2732018715689014,1.75e-05,0.2732018715689014,100,102,99,3,102,0.03904311872415827,0.9803633862885741,4.964999999999991e-05
ghz_nativegates_ibm_qiskit_opt3_101,27,3.0,4.0,40.0,1.3000000000000004e-05,0.8833056415043024,1.2000000000000004e-05,0.084937437144795,3.0,4.0,40,1.3150000000000005e-05,0.8833056415043026,1.1000000000000005e-05,0.0850050366838106,3.0,4.0,40,1.3150000000000005e-05,0.8833056415043026,1.1000000000000005e-05,0.0850050366838106,1.1000000000000005e-05,0.0850050366838106,101,103,100,3,103,0.03866571434086826,0.9801673136113165,5.014999999999991e-05
ghz_nativegates_ibm_qiskit_opt3_101,50,2.0,3.0,24.0,1.9499999999999996e-05,0.884189822491971,1.2650000000000004e-05,0.1505007477833566,2.0,3.0,24,2.464999999999998e-05,0.8841898224919709,1e-06,0.2265990534144694,2.0,3.0,24,2.464999999999998e-05,0.8841898224919709,1e-06,0.2265990534144694,1e-06,0.2265990534144694,101,103,100,3,103,0.03866571434086826,0.9801673136113165,5.014999999999991e-05
ghz_nativegates_ibm_qiskit_opt3_101,65,1.0,2.0,8.0,3.199999999999996e-05,0.8850748885368408,1.815e-05,0.2736361918180103,1.0,2.0,8,3.214999999999996e-05,0.885074888536841,1.7999999999999997e-05,0.2728132487074947,1.0,2.0,8,3.214999999999996e-05,0.885074888536841,1.7999999999999997e-05,0.2728132487074947,1.7999999999999997e-05,0.2728132487074947,101,103,100,3,103,0.03866571434086826,0.9801673136113165,5.014999999999991e-05
ghz_nativegates_ibm_qiskit_opt3_106,27,4.0,5.0,40.0,1.3000000000000004e-05,0.8771413804579931,8.650000000000002e-06,0.04939029189232,4.0,5.0,52,1.3150000000000005e-05,0.8771413804579926,5e-07,0.0839975695823729,4.0,5.0,52,1.3150000000000005e-05,0.8771413804579926,5e-07,0.0839975695823729,5e-07,0.0839975695823729,106,108,105,3,108,0.036883089550668186,0.9791875382862253,5.2649999999999904e-05
ghz_nativegates_ibm_qiskit_opt3_106,50,2.0,3.0,24.0,1.999999999999999e-05,0.8788982805745249,1.6000000000000003e-05,0.1484008137523203,2.0,3.0,24,2.464999999999998e-05,0.878898280574525,3.4999999999999995e-06,0.1699492900608521,2.0,3.0,24,2.464999999999998e-05,0.878898280574525,3.4999999999999995e-06,0.1699492900608521,3.4999999999999995e-06,0.1699492900608521,106,108,105,3,108,0.036883089550668186,0.9791875382862253,5.2649999999999904e-05
ghz_nativegates_ibm_qiskit_opt3_106,65,1.0,2.0,8.0,3.149999999999996e-05,0.8797780498336177,2.114999999999999e-05,0.2715471919841666,1.0,2.0,8,3.214999999999996e-05,0.879778049833618,2.049999999999999e-05,0.2711477221586089,1.0,2.0,8,3.214999999999996e-05,0.879778049833618,2.049999999999999e-05,0.2711477221586089,2.049999999999999e-05,0.2711477221586089,106,108,105,3,108,0.036883089550668186,0.9791875382862253,5.2649999999999904e-05
ghz_nativegates_ibm_qiskit_opt3_114,27,4.0,5.0,40.0,1.3150000000000005e-05,0.8687574964747948,8.000000000000001e-06,0.0479123216399875,4.0,5.0,52,1.3150000000000005e-05,0.868757496474795,4.5e-06,0.0503985417494237,4.0,5.0,52,1.3150000000000005e-05,0.868757496474795,4.5e-06,0.0503985417494237,4.5e-06,0.0503985417494237,114,116,113,3,116,0.034349291156916886,0.9776219344764439,5.664999999999989e-05
ghz_nativegates_ibm_qiskit_opt3_114,50,2.0,3.0,24.0,2.2649999999999985e-05,0.8704976038061781,1.3500000000000005e-05,0.1472951691474172,2.0,3.0,24,2.464999999999998e-05,0.8704976038061781,7.500000000000002e-06,0.1529543610547668,2.0,3.0,24,2.464999999999998e-05,0.8704976038061781,7.500000000000002e-06,0.1529543610547668,7.500000000000002e-06,0.1529543610547668,114,116,113,3,116,0.034349291156916886,0.9776219344764439,5.664999999999989e-05
ghz_nativegates_ibm_qiskit_opt3_114,65,1.0,2.0,8.0,3.199999999999996e-05,0.8713689640635244,2.464999999999998e-05,0.2695053830550791,1.0,2.0,8,3.214999999999996e-05,0.8713689640635245,2.449999999999998e-05,0.2691757387247281,1.0,2.0,8,3.214999999999996e-05,0.8713689640635245,2.449999999999998e-05,0.2691757387247281,2.449999999999998e-05,0.2691757387247281,114,116,113,3,116,0.034349291156916886,0.9776219344764439,5.664999999999989e-05
ghz_nativegates_ibm_qiskit_opt3_123,27,4.0,5.0,40.0,1.3000000000000004e-05,0.8594213748418125,1.1500000000000003e-05,0.0461553497942386,4.0,5.0,52,1.3150000000000005e-05,0.8594213748418124,9.000000000000002e-06,0.0464197095060481,4.0,5.0,52,1.3150000000000005e-05,0.8594213748418124,9.000000000000002e-06,0.0464197095060481,9.000000000000002e-06,0.0464197095060481,123,125,122,3,125,0.031885041569323515,0.9758636221132071,6.114999999999989e-05
ghz_nativegates_ibm_qiskit_opt3_123,50,2.0,3.0,24.0,2.099999999999999e-05,0.8611427820713077,1.999999999999999e-05,0.1448590508721769,2.0,3.0,24,2.464999999999998e-05,0.8611427820713075,1.2000000000000004e-05,0.1468361866125762,2.0,3.0,24,2.464999999999998e-05,0.8611427820713075,1.2000000000000004e-05,0.1468361866125762,1.2000000000000004e-05,0.1468361866125762,123,125,122,3,125,0.031885041569323515,0.9758636221132071,6.114999999999989e-05
ghz_nativegates_ibm_qiskit_opt3_123,65,1.0,2.0,8.0,3.149999999999996e-05,0.8620047782363932,2.9649999999999965e-05,0.2676670531197306,1.0,2.0,8,3.214999999999996e-05,0.8620047782363933,2.899999999999997e-05,0.267596480805222,1.0,2.0,8,3.214999999999996e-05,0.8620047782363933,2.899999999999997e-05,0.267596480805222,2.899999999999997e-05,0.267596480805222,123,125,122,3,125,0.031885041569323515,0.9758636221132071,6.114999999999989e-05
ghz_nativegates_ibm_qiskit_opt3_126,27,6.0,5.0,272.0,1.3000000000000004e-05,0.8546198935841974,9.650000000000002e-06,0.036081394319557,4.0,5.0,52,1.3150000000000005e-05,0.856331683523745,1.0500000000000005e-05,0.0458168561358397,4.0,5.0,52,1.3150000000000005e-05,0.856331683523745,1.0500000000000005e-05,0.0458168561358397,1.0500000000000005e-05,0.0458168561358397,126,128,125,3,128,0.031140361790539684,0.9752782210357671,6.264999999999988e-05
ghz_nativegates_ibm_qiskit_opt3_126,50,2.0,3.0,24.0,2.449999999999998e-05,0.8580469021510855,1.6150000000000003e-05,0.1451913979839678,2.0,3.0,24,2.464999999999998e-05,0.8580469021510856,1.3500000000000005e-05,0.1456708200521589,2.0,3.0,24,2.464999999999998e-05,0.8580469021510856,1.3500000000000005e-05,0.1456708200521589,1.3500000000000005e-05,0.1456708200521589,126,128,125,3,128,0.031140361790539684,0.9752782210357671,6.264999999999988e-05
ghz_nativegates_ibm_qiskit_opt3_126,65,1.0,2.0,8.0,3.149999999999996e-05,0.8589057993682682,3.1149999999999964e-05,0.2671990846900561,1.0,2.0,8,3.214999999999996e-05,0.8589057993682682,3.049999999999996e-05,0.26717194910643,1.0,2.0,8,3.214999999999996e-05,0.8589057993682682,3.049999999999996e-05,0.26717194910643,3.049999999999996e-05,0.26717194910643,126,128,125,3,128,0.031140361790539684,0.9752782210357671,6.264999999999988e-05
ghz_nativegates_ibm_qiskit_opt3_129,27,4.0,5.0,40.0,1.3000000000000004e-05,0.853253099902926,1.2500000000000004e-05,0.0453642639833692,4.0,5.0,52,1.3150000000000005e-05,0.8532530999029261,1.2000000000000004e-05,0.0453586875744813,4.0,5.0,52,1.3150000000000005e-05,0.8532530999029261,1.2000000000000004e-05,0.0453586875744813,1.2000000000000004e-05,0.0453586875744813,129,131,128,3,131,0.030429672195376758,0.97469317112873,6.414999999999988e-05
ghz_nativegates_ibm_qiskit_opt3_129,50,2.0,3.0,24.0,2.449999999999998e-05,0.8549621521766517,1.6150000000000003e-05,0.144805250648904,2.0,3.0,24,2.464999999999998e-05,0.8549621521766518,1.5000000000000004e-05,0.1447310083098869,2.0,3.0,24,2.464999999999998e-05,0.8549621521766518,1.5000000000000004e-05,0.1447310083098869,1.5000000000000004e-05,0.1447310083098869,129,131,128,3,131,0.030429672195376758,0.97469317112873,6.414999999999988e-05
ghz_nativegates_ibm_qiskit_opt3_129,65,1.0,2.0,8.0,3.214999999999996e-05,0.8558179615869068,3.199999999999996e-05,0.266786604949065,1.0,2.0,8,3.214999999999996e-05,0.8558179615869068,3.199999999999996e-05,0.266786604949065,1.0,2.0,8,3.214999999999996e-05,0.8558179615869068,3.199999999999996e-05,0.266786604949065,3.199999999999996e-05,0.266786604949065,129,131,128,3,131,0.030429672195376758,0.97469317112873,6.414999999999988e-05
ghz_nativegates_ibm_qiskit_opt3_13,5,2.0,3.0,24.0,2.15e-06,0.9827134386456764,2e-06,0.3532558139534884,2.0,3.0,24,2.15e-06,0.9827134386456764,2e-06,0.3532558139534884,2.0,3.0,24,2.15e-06,0.9827134386456764,2e-06,0.3532558139534884,2e-06,0.3532558139534884,13,15,12,3,15,0.25878594249201275,0.9975727171462602,6.15e-06
ghz_nativegates_ibm_qiskit_opt3_13,10,1.0,2.0,8.0,3.65e-06,0.9836971259425192,2.5e-06,0.4269406392694064,1.0,2.0,8,4.65e-06,0.983697125942519,1.5e-06,0.4596774193548388,1.0,2.0,8,4.65e-06,0.983697125942519,1.5e-06,0.4596774193548388,1.5e-06,0.4596774193548388,13,15,12,3,15,0.25878594249201275,0.9975727171462602,6.15e-06
ghz_nativegates_ibm_qiskit_opt3_17,5,3.0,4.0,40.0,2.15e-06,0.9770276854288692,2e-06,0.2472790697674418,3.0,4.0,40,2.15e-06,0.9770276854288692,2e-06,0.2472790697674418,3.0,4.0,40,2.15e-06,0.9770276854288692,2e-06,0.2472790697674418,2e-06,0.2472790697674418,17,19,16,3,19,0.20560152768936982,0.9967748983580746,8.150000000000002e-06
ghz_nativegates_ibm_qiskit_opt3_17,10,1.0,2.0,8.0,4.65e-06,0.9789846562121752,3.4999999999999995e-06,0.3830645161290323,1.0,2.0,8,4.65e-06,0.9789846562121752,3.4999999999999995e-06,0.3830645161290323,1.0,2.0,8,4.65e-06,0.9789846562121752,3.4999999999999995e-06,0.3830645161290323,3.4999999999999995e-06,0.3830645161290323,17,19,16,3,19,0.20560152768936982,0.9967748983580746,8.150000000000002e-06
ghz_nativegates_ibm_qiskit_opt3_17,16,1.0,2.0,8.0,5.15e-06,0.9789846562121752,3e-06,0.387529945782373,1.0,2.0,8,7.650000000000001e-06,0.9789846562121752,5e-07,0.571078431372549,1.0,2.0,8,7.650000000000001e-06,0.9789846562121752,5e-07,0.571078431372549,5e-07,0.571078431372549,17,19,16,3,19,0.20560152768936982,0.9967748983580746,8.150000000000002e-06
ghz_nativegates_ibm_qiskit_opt3_22,5,5.0,6.0,52.0,2.15e-06,0.9692391734700592,1.5e-06,0.1490297965116279,5.0,6.0,52,2.15e-06,0.9692391734700592,5e-07,0.1730953488372093,5.0,6.0,52,2.15e-06,0.9692391734700592,5e-07,0.1730953488372093,5e-07,0.1730953488372093,22,24,21,3,24,0.16357308584686778,0.995778522089942,1.0650000000000003e-05
ghz_nativegates_ibm_qiskit_opt3_22,10,2.0,3.0,24.0,4e-06,0.972152686962046,2.65e-06,0.2560175479462691,2.0,3.0,24,4.65e-06,0.9721526869620464,1.5e-06,0.2758064516129033,2.0,3.0,24,4.65e-06,0.9721526869620464,1.5e-06,0.2758064516129033,1.5e-06,0.2758064516129033,22,24,21,3,24,0.16357308584686778,0.995778522089942,1.0650000000000003e-05
ghz_nativegates_ibm_qiskit_opt3_22,16,1.0,2.0,8.0,6.650000000000001e-06,0.9731258030416164,4e-06,0.3551139754147272,1.0,2.0,8,7.650000000000001e-06,0.9731258030416164,3e-06,0.3671218487394958,1.0,2.0,8,7.650000000000001e-06,0.9731258030416164,3e-06,0.3671218487394958,3e-06,0.3671218487394958,22,24,21,3,24,0.16357308584686778,0.995778522089942,1.0650000000000003e-05
ghz_nativegates_ibm_qiskit_opt3_24,5,5.0,6.0,52.0,2.15e-06,0.9669147823886144,1.5e-06,0.129821511627907,5.0,6.0,52,2.15e-06,0.9669147823886144,1.5e-06,0.129821511627907,5.0,6.0,52,2.15e-06,0.9669147823886144,1.5e-06,0.129821511627907,1.5e-06,0.129821511627907,24,26,23,3,26,0.151208360548661,0.995380250512247,1.1650000000000004e-05
ghz_nativegates_ibm_qiskit_opt3_24,10,2.0,3.0,24.0,4.5e-06,0.9698213088076868,3.1499999999999995e-06,0.2419501133786848,2.0,3.0,24,4.65e-06,0.969821308807687,2.5e-06,0.2451612903225807,2.0,3.0,24,4.65e-06,0.969821308807687,2.5e-06,0.2451612903225807,2.5e-06,0.2451612903225807,24,26,23,3,26,0.151208360548661,0.995380250512247,1.1650000000000004e-05
ghz_nativegates_ibm_qiskit_opt3_24,16,1.0,2.0,8.0,7.000000000000002e-06,0.9707920911987326,4.65e-06,0.3473118279569893,1.0,2.0,8,7.650000000000001e-06,0.9707920911987326,4e-06,0.3489923747276688,1.0,2.0,8,7.650000000000001e-06,0.9707920911987326,4e-06,0.3489923747276688,4e-06,0.3489923747276688,24,26,23,3,26,0.151208360548661,0.995380250512247,1.1650000000000004e-05
ghz_nativegates_ibm_qiskit_opt3_25,5,6.0,7.0,52.0,2.15e-06,0.964788933004491,1.5e-06,0.1117723473837209,5.0,6.0,52,2.15e-06,0.9657546780327046,2e-06,0.1211667441860465,5.0,6.0,52,2.15e-06,0.9657546780327046,2e-06,0.1211667441860465,2e-06,0.1211667441860465,25,27,24,3,27,0.14570135746606333,0.9951811744621445,1.2150000000000004e-05
ghz_nativegates_ibm_qiskit_opt3_25,10,2.0,3.0,24.0,4.5e-06,0.9686577172013792,3.4999999999999995e-06,0.234437751004016,2.0,3.0,24,4.65e-06,0.9686577172013794,3e-06,0.2364055299539171,2.0,3.0,24,4.65e-06,0.9686577172013794,3e-06,0.2364055299539171,3e-06,0.2364055299539171,25,27,24,3,27,0.14570135746606333,0.9951811744621445,1.2150000000000004e-05
ghz_nativegates_ibm_qiskit_opt3_25,16,1.0,2.0,8.0,7.650000000000001e-06,0.9696273348477124,4.5e-06,0.3426470588235293,1.0,2.0,8,7.650000000000001e-06,0.9696273348477124,4.5e-06,0.3426470588235293,1.0,2.0,8,7.650000000000001e-06,0.9696273348477124,4.5e-06,0.3426470588235293,4.5e-06,0.3426470588235293,25,27,24,3,27,0.14570135746606333,0.9951811744621445,1.2150000000000004e-05
ghz_nativegates_ibm_qiskit_opt3_32,10,3.0,4.0,40.0,4.5e-06,0.9595910304842477,3e-06,0.1473608720596672,3.0,4.0,40,4.65e-06,0.9595910304842477,2e-06,0.1544516129032258,3.0,4.0,40,4.65e-06,0.9595910304842477,2e-06,0.1544516129032258,2e-06,0.1544516129032258,32,34,31,3,34,0.11610137905329856,0.9937887564914892,1.5650000000000004e-05
ghz_nativegates_ibm_qiskit_opt3_32,16,2.0,3.0,24.0,7.000000000000002e-06,0.9605515724588766,4e-06,0.2122461170848267,2.0,3.0,24,7.650000000000001e-06,0.9605515724588763,5e-07,0.3212316176470586,2.0,3.0,24,7.650000000000001e-06,0.9605515724588763,5e-07,0.3212316176470586,5e-07,0.3212316176470586,32,34,31,3,34,0.11610137905329856,0.9937887564914892,1.5650000000000004e-05
ghz_nativegates_ibm_qiskit_opt3_32,27,1.0,2.0,8.0,1.0150000000000004e-05,0.961513075927367,5.500000000000001e-06,0.3233442802408318,1.0,2.0,8,1.3150000000000005e-05,0.9615130759273672,2.5e-06,0.3615453222550814,1.0,2.0,8,1.3150000000000005e-05,0.9615130759273672,2.5e-06,0.3615453222550814,2.5e-06,0.3615453222550814,32,34,31,3,34,0.11610137905329856,0.9937887564914892,1.5650000000000004e-05
ghz_nativegates_ibm_qiskit_opt3_40,10,4.0,5.0,40.0,4.5e-06,0.9494686674990508,3e-06,0.0904259896729776,4.0,5.0,52,4.65e-06,0.9494686674990512,1.5e-06,0.0992903225806451,4.0,5.0,52,4.65e-06,0.9494686674990512,1.5e-06,0.0992903225806451,1.5e-06,0.0992903225806451,40,42,39,3,42,0.09422382671480141,0.9921998070794043,1.9649999999999993e-05
ghz_nativegates_ibm_qiskit_opt3_40,16,2.0,3.0,24.0,7.500000000000002e-06,0.951370438011464,6.000000000000001e-06,0.1905713306393417,2.0,3.0,24,7.650000000000001e-06,0.9513704380114644,4.5e-06,0.1927389705882352,2.0,3.0,24,7.650000000000001e-06,0.9513704380114644,4.5e-06,0.1927389705882352,4.5e-06,0.1927389705882352,40,42,39,3,42,0.09422382671480141,0.9921998070794043,1.9649999999999993e-05
ghz_nativegates_ibm_qiskit_opt3_40,27,1.0,2.0,8.0,1.2000000000000004e-05,0.952322751247104,7.650000000000001e-06,0.3083823529411765,1.0,2.0,8,1.3150000000000005e-05,0.952322751247104,6.500000000000001e-06,0.3098959905043554,1.0,2.0,8,1.3150000000000005e-05,0.952322751247104,6.500000000000001e-06,0.3098959905043554,6.500000000000001e-06,0.3098959905043554,40,42,39,3,42,0.09422382671480141,0.9921998070794043,1.9649999999999993e-05
ghz_nativegates_ibm_qiskit_opt3_44,10,4.0,5.0,40.0,4.65e-06,0.944920171587556,3.4999999999999995e-06,0.0827419354838709,4.0,5.0,52,4.65e-06,0.9449201715875556,3.4999999999999995e-06,0.0827419354838709,4.0,5.0,52,4.65e-06,0.9449201715875556,3.4999999999999995e-06,0.0827419354838709,3.4999999999999995e-06,0.0827419354838709,44,46,43,3,46,0.08611055677509473,0.9914062853299457,2.1649999999999988e-05
ghz_nativegates_ibm_qiskit_opt3_44,16,2.0,3.0,24.0,7.500000000000002e-06,0.946812831535612,6.650000000000001e-06,0.183862278464017,2.0,3.0,24,7.650000000000001e-06,0.946812831535612,6.500000000000001e-06,0.1835609243697478,2.0,3.0,24,7.650000000000001e-06,0.946812831535612,6.500000000000001e-06,0.1835609243697478,6.500000000000001e-06,0.1835609243697478,44,46,43,3,46,0.08611055677509473,0.9914062853299457,2.1649999999999988e-05
ghz_nativegates_ibm_qiskit_opt3_44,27,1.0,2.0,8.0,1.3000000000000004e-05,0.947760582648238,8.650000000000002e-06,0.3024929232379456,1.0,2.0,8,1.3150000000000005e-05,0.947760582648238,8.500000000000002e-06,0.3012877685459011,1.0,2.0,8,1.3150000000000005e-05,0.947760582648238,8.500000000000002e-06,0.3012877685459011,8.500000000000002e-06,0.3012877685459011,44,46,43,3,46,0.08611055677509473,0.9914062853299457,2.1649999999999988e-05
ghz_nativegates_ibm_qiskit_opt3_45,10,4.0,5.0,40.0,4.65e-06,0.9437864563656851,4e-06,0.0809032258064516,4.0,5.0,52,4.65e-06,0.9437864563656848,4e-06,0.0809032258064516,4.0,5.0,52,4.65e-06,0.9437864563656848,4e-06,0.0809032258064516,4e-06,0.0809032258064516,45,47,44,3,47,0.08429594272076367,0.9912080040728798,2.2149999999999986e-05
ghz_nativegates_ibm_qiskit_opt3_45,16,2.0,3.0,24.0,7.500000000000002e-06,0.9456768455003356,7.150000000000001e-06,0.1821732954545452,2.0,3.0,24,7.650000000000001e-06,0.9456768455003356,7.000000000000002e-06,0.1820312499999999,2.0,3.0,24,7.650000000000001e-06,0.9456768455003356,7.000000000000002e-06,0.1820312499999999,7.000000000000002e-06,0.1820312499999999,45,47,44,3,47,0.08429594272076367,0.9912080040728798,2.2149999999999986e-05
ghz_nativegates_ibm_qiskit_opt3_45,27,1.0,2.0,8.0,1.3150000000000005e-05,0.9466234595011768,9.000000000000002e-06,0.2997020434482911,1.0,2.0,8,1.3150000000000005e-05,0.9466234595011768,9.000000000000002e-06,0.2997020434482911,1.0,2.0,8,1.3150000000000005e-05,0.9466234595011768,9.000000000000002e-06,0.2997020434482911,9.000000000000002e-06,0.2997020434482911,45,47,44,3,47,0.08429594272076367,0.9912080040728798,2.2149999999999986e-05
ghz_nativegates_ibm_qiskit_opt3_52,10,5.0,6.0,52.0,4.5e-06,0.9349525659462056,3.65e-06,0.0507205479452054,5.0,6.0,52,4.65e-06,0.934952565946206,3e-06,0.051063594470046,5.0,6.0,52,4.65e-06,0.934952565946206,3e-06,0.051063594470046,3e-06,0.051063594470046,52,54,51,3,54,0.07345971563981037,0.9898211452044187,2.5649999999999976e-05
ghz_nativegates_ibm_qiskit_opt3_52,16,3.0,4.0,40.0,7.500000000000002e-06,0.9368252609400336,5.500000000000001e-06,0.1105203724188789,3.0,4.0,40,7.650000000000001e-06,0.9368252609400336,3e-06,0.116159647452731,3.0,4.0,40,7.650000000000001e-06,0.9368252609400336,3e-06,0.116159647452731,3e-06,0.116159647452731,52,54,51,3,54,0.07345971563981037,0.9898211452044187,2.5649999999999976e-05
ghz_nativegates_ibm_qiskit_opt3_52,27,1.0,2.0,8.0,1.3150000000000005e-05,0.9387017069118976,1.2500000000000004e-05,0.2920173756675657,1.0,2.0,8,1.3150000000000005e-05,0.9387017069118976,1.2500000000000004e-05,0.2920173756675657,1.0,2.0,8,1.3150000000000005e-05,0.9387017069118976,1.2500000000000004e-05,0.2920173756675657,1.2500000000000004e-05,0.2920173756675657,52,54,51,3,54,0.07345971563981037,0.9898211452044187,2.5649999999999976e-05
ghz_nativegates_ibm_qiskit_opt3_52,50,1.0,2.0,8.0,1.6150000000000003e-05,0.9387017069118976,9.500000000000002e-06,0.2940660474716202,1.0,2.0,8,2.464999999999998e-05,0.9387017069118976,1e-06,0.4357674104124411,1.0,2.0,8,2.464999999999998e-05,0.9387017069118976,1e-06,0.4357674104124411,1e-06,0.4357674104124411,52,54,51,3,54,0.07345971563981037,0.9898211452044187,2.5649999999999976e-05
ghz_nativegates_ibm_qiskit_opt3_70,16,4.0,5.0,40.0,7.500000000000002e-06,0.9158814369683388,6.500000000000001e-06,0.059925788497217,4.0,5.0,52,7.650000000000001e-06,0.9158814369683388,4.5e-06,0.0609838149126837,4.0,5.0,52,7.650000000000001e-06,0.9158814369683388,4.5e-06,0.0609838149126837,4.5e-06,0.0609838149126837,70,72,69,3,72,0.05520958083832331,0.9862638403303827,3.4649999999999955e-05
ghz_nativegates_ibm_qiskit_opt3_70,27,2.0,3.0,24.0,1.2500000000000004e-05,0.9177159327967066,9.650000000000002e-06,0.1614955391360333,2.0,3.0,24,1.3150000000000005e-05,0.9177159327967068,8.500000000000002e-06,0.1618026905153913,2.0,3.0,24,1.3150000000000005e-05,0.9177159327967068,8.500000000000002e-06,0.1618026905153913,8.500000000000002e-06,0.1618026905153913,70,72,69,3,72,0.05520958083832331,0.9862638403303827,3.4649999999999955e-05
ghz_nativegates_ibm_qiskit_opt3_70,50,1.0,2.0,8.0,2.1999999999999982e-05,0.9186345581758876,1.2650000000000004e-05,0.2840545927502451,1.0,2.0,8,2.464999999999998e-05,0.9186345581758876,1.0000000000000004e-05,0.2863614411281755,1.0,2.0,8,2.464999999999998e-05,0.9186345581758876,1.0000000000000004e-05,0.2863614411281755,1.0000000000000004e-05,0.2863614411281755,70,72,69,3,72,0.05520958083832331,0.9862638403303827,3.4649999999999955e-05
ghz_nativegates_ibm_qiskit_opt3_70,65,1.0,2.0,8.0,2.1999999999999982e-05,0.9186345581758876,1.2650000000000004e-05,0.2840545927502451,1.0,2.0,8,3.214999999999996e-05,0.918634558175888,2.5e-06,0.3450971009291385,1.0,2.0,8,3.214999999999996e-05,0.918634558175888,2.5e-06,0.3450971009291385,2.5e-06,0.3450971009291385,70,72,69,3,72,0.05520958083832331,0.9862638403303827,3.4649999999999955e-05
ghz_nativegates_ibm_qiskit_opt3_74,16,4.0,5.0,40.0,7.650000000000001e-06,0.9114938430286272,6.500000000000001e-06,0.0580798237263654,4.0,5.0,52,7.650000000000001e-06,0.9114938430286272,6.500000000000001e-06,0.0580798237263654,4.0,5.0,52,7.650000000000001e-06,0.9114938430286272,6.500000000000001e-06,0.0580798237263654,6.500000000000001e-06,0.0580798237263654,74,76,73,3,76,0.05232100708103852,0.9854750659298813,3.664999999999995e-05
ghz_nativegates_ibm_qiskit_opt3_74,27,2.0,3.0,24.0,1.3000000000000004e-05,0.913319550576707,1.1000000000000005e-05,0.1587569994942395,2.0,3.0,24,1.3150000000000005e-05,0.913319550576707,1.0500000000000005e-05,0.1588608234151115,2.0,3.0,24,1.3150000000000005e-05,0.913319550576707,1.0500000000000005e-05,0.1588608234151115,1.0500000000000005e-05,0.1588608234151115,74,76,73,3,76,0.05232100708103852,0.9854750659298813,3.664999999999995e-05
ghz_nativegates_ibm_qiskit_opt3_74,50,1.0,2.0,8.0,2.2999999999999983e-05,0.9142337752169014,1.3650000000000005e-05,0.2819148936170214,1.0,2.0,8,2.464999999999998e-05,0.9142337752169016,1.2000000000000004e-05,0.2823772819472618,1.0,2.0,8,2.464999999999998e-05,0.9142337752169016,1.2000000000000004e-05,0.2823772819472618,1.2000000000000004e-05,0.2823772819472618,74,76,73,3,76,0.05232100708103852,0.9854750659298813,3.664999999999995e-05
ghz_nativegates_ibm_qiskit_opt3_74,65,1.0,2.0,8.0,2.2999999999999983e-05,0.9142337752169014,1.3650000000000005e-05,0.2819148936170214,1.0,2.0,8,3.214999999999996e-05,0.9142337752169016,4.5e-06,0.3105873908362246,1.0,2.0,8,3.214999999999996e-05,0.9142337752169016,4.5e-06,0.3105873908362246,4.5e-06,0.3105873908362246,74,76,73,3,76,0.05232100708103852,0.9854750659298813,3.664999999999995e-05
ghz_nativegates_ibm_qiskit_opt3_77,16,5.0,6.0,40.0,7.500000000000002e-06,0.9073087389847616,5e-06,0.0368469967980221,5.0,6.0,52,7.650000000000001e-06,0.9073087389847616,5e-07,0.0571723264806409,5.0,6.0,52,7.650000000000001e-06,0.9073087389847616,5e-07,0.0571723264806409,5e-07,0.0571723264806409,77,79,76,3,79,0.050345443125847045,0.9848838991394475,3.8149999999999945e-05
ghz_nativegates_ibm_qiskit_opt3_77,27,2.0,3.0,24.0,1.3150000000000005e-05,0.9100360908343218,1.2000000000000004e-05,0.1572722151809604,2.0,3.0,24,1.3150000000000005e-05,0.9100360908343218,1.2000000000000004e-05,0.1572722151809604,2.0,3.0,24,1.3150000000000005e-05,0.9100360908343218,1.2000000000000004e-05,0.1572722151809604,1.2000000000000004e-05,0.1572722151809604,77,79,76,3,79,0.050345443125847045,0.9848838991394475,3.8149999999999945e-05
ghz_nativegates_ibm_qiskit_opt3_77,50,1.0,2.0,8.0,2.449999999999998e-05,0.9109470287609016,1.3650000000000005e-05,0.2812244897959184,1.0,2.0,8,2.464999999999998e-05,0.9109470287609018,1.3500000000000005e-05,0.2801361924079978,1.0,2.0,8,2.464999999999998e-05,0.9109470287609018,1.3500000000000005e-05,0.2801361924079978,1.3500000000000005e-05,0.2801361924079978,77,79,76,3,79,0.050345443125847045,0.9848838991394475,3.8149999999999945e-05
ghz_nativegates_ibm_qiskit_opt3_77,65,1.0,2.0,8.0,2.464999999999998e-05,0.9109470287609018,1.3500000000000005e-05,0.2801361924079978,1.0,2.0,8,3.214999999999996e-05,0.9109470287609018,6.000000000000001e-06,0.2986417219579082,1.0,2.0,8,3.214999999999996e-05,0.9109470287609018,6.000000000000001e-06,0.2986417219579082,6.000000000000001e-06,0.2986417219579082,77,79,76,3,79,0.050345443125847045,0.9848838991394475,3.8149999999999945e-05
ghz_nativegates_ibm_qiskit_opt3_81,16,5.0,6.0,52.0,7.650000000000001e-06,0.902962213152997,5.500000000000001e-06,0.0350060096153845,5.0,6.0,52,7.650000000000001e-06,0.902962213152997,2.5e-06,0.0381148843204273,5.0,6.0,52,7.650000000000001e-06,0.902962213152997,2.5e-06,0.0381148843204273,2.5e-06,0.0381148843204273,81,83,80,3,83,0.047932302724037874,0.9840962283607573,4.014999999999994e-05
ghz_nativegates_ibm_qiskit_opt3_81,27,3.0,4.0,40.0,1.2000000000000004e-05,0.904770831983275,8.150000000000002e-06,0.0919499069720965,3.0,4.0,40,1.3150000000000005e-05,0.9047708319832748,1e-06,0.1303410562485096,3.0,4.0,40,1.3150000000000005e-05,0.9047708319832748,1e-06,0.1303410562485096,1e-06,0.1303410562485096,81,83,80,3,83,0.047932302724037874,0.9840962283607573,4.014999999999994e-05
ghz_nativegates_ibm_qiskit_opt3_81,50,1.0,2.0,8.0,2.399999999999998e-05,0.9065830734480618,1.6150000000000003e-05,0.2782443120788987,1.0,2.0,8,2.464999999999998e-05,0.9065830734480618,1.5500000000000004e-05,0.2778017241379312,1.0,2.0,8,2.464999999999998e-05,0.9065830734480618,1.5500000000000004e-05,0.2778017241379312,1.5500000000000004e-05,0.2778017241379312,81,83,80,3,83,0.047932302724037874,0.9840962283607573,4.014999999999994e-05
ghz_nativegates_ibm_qiskit_opt3_81,65,1.0,2.0,8.0,2.2499999999999984e-05,0.9065830734480618,1.765e-05,0.2774561727634769,1.0,2.0,8,3.214999999999996e-05,0.906583073448062,8.000000000000001e-06,0.2892725698964837,1.0,2.0,8,3.214999999999996e-05,0.906583073448062,8.000000000000001e-06,0.2892725698964837,8.000000000000001e-06,0.2892725698964837,81,83,80,3,83,0.047932302724037874,0.9840962283607573,4.014999999999994e-05
ghz_nativegates_ibm_qiskit_opt3_86,16,5.0,6.0,40.0,7.650000000000001e-06,0.8975583255722709,6.500000000000001e-06,0.0334343112244897,5.0,6.0,52,7.650000000000001e-06,0.8975583255722709,5e-06,0.0337836474658333,5.0,6.0,52,7.650000000000001e-06,0.8975583255722709,5e-06,0.0337836474658333,5e-06,0.0337836474658333,86,88,85,3,88,0.045222794625311986,0.9831125256921681,4.264999999999993e-05
ghz_nativegates_ibm_qiskit_opt3_86,27,3.0,4.0,40.0,1.2500000000000004e-05,0.8993561205023981,9.000000000000002e-06,0.089979879345939,3.0,4.0,40,1.3150000000000005e-05,0.8993561205023983,3.4999999999999995e-06,0.0977557921863822,3.0,4.0,40,1.3150000000000005e-05,0.8993561205023983,3.4999999999999995e-06,0.0977557921863822,3.4999999999999995e-06,0.0977557921863822,86,88,85,3,88,0.045222794625311986,0.9831125256921681,4.264999999999993e-05
ghz_nativegates_ibm_qiskit_opt3_86,50,1.0,2.0,8.0,2.399999999999998e-05,0.9011575163869356,1.865e-05,0.2758816804554475,1.0,2.0,8,2.464999999999998e-05,0.9011575163869356,1.7999999999999997e-05,0.2755934433419223,1.0,2.0,8,2.464999999999998e-05,0.9011575163869356,1.7999999999999997e-05,0.2755934433419223,1.7999999999999997e-05,0.2755934433419223,86,88,85,3,88,0.045222794625311986,0.9831125256921681,4.264999999999993e-05
ghz_nativegates_ibm_qiskit_opt3_86,65,1.0,2.0,8.0,2.699999999999997e-05,0.9011575163869354,1.5650000000000004e-05,0.277612184141737,1.0,2.0,8,3.214999999999996e-05,0.9011575163869358,1.0500000000000005e-05,0.282352173487477,1.0,2.0,8,3.214999999999996e-05,0.9011575163869358,1.0500000000000005e-05,0.282352173487477,1.0500000000000005e-05,0.282352173487477,86,88,85,3,88,0.045222794625311986,0.9831125256921681,4.264999999999993e-05
ghz_nativegates_ibm_qiskit_opt3_91,16,0.0,0.0,0.0,0.0,0.0,0.0,0.0,5.0,6.0,52,7.650000000000001e-06,0.8921867782163734,7.500000000000002e-06,0.0321594336453605,5.0,6.0,52,7.650000000000001e-06,0.8921867782163734,7.500000000000002e-06,0.0321594336453605,7.500000000000002e-06,0.0321594336453605,91,93,90,3,93,0.042803219143935575,0.9821298063328452,4.5149999999999925e-05
ghz_nativegates_ibm_qiskit_opt3_91,27,3.0,4.0,40.0,1.2650000000000004e-05,0.8939738140233014,1.0000000000000004e-05,0.0876878254595645,3.0,4.0,40,1.3150000000000005e-05,0.8939738140233016,6.000000000000001e-06,0.0902361158643528,3.0,4.0,40,1.3150000000000005e-05,0.8939738140233016,6.000000000000001e-06,0.0902361158643528,6.000000000000001e-06,0.0902361158643528,91,93,90,3,93,0.042803219143935575,0.9821298063328452,4.5149999999999925e-05
ghz_nativegates_ibm_qiskit_opt3_91,50,1.0,2.0,8.0,2.449999999999998e-05,0.895764429234288,2.064999999999999e-05,0.2741796379568779,1.0,2.0,8,2.464999999999998e-05,0.8957644292342881,2.049999999999999e-05,0.2739109436878202,1.0,2.0,8,2.464999999999998e-05,0.8957644292342881,2.049999999999999e-05,0.2739109436878202,2.049999999999999e-05,0.2739109436878202,91,93,90,3,93,0.042803219143935575,0.9821298063328452,4.5149999999999925e-05
ghz_nativegates_ibm_qiskit_opt3_91,65,1.0,2.0,8.0,2.8499999999999968e-05,0.895764429234288,1.665e-05,0.2760265336330247,1.0,2.0,8,3.214999999999996e-05,0.8957644292342881,1.3000000000000004e-05,0.2779948868595838,1.0,2.0,8,3.214999999999996e-05,0.8957644292342881,1.3000000000000004e-05,0.2779948868595838,1.3000000000000004e-05,0.2779948868595838,91,93,90,3,93,0.042803219143935575,0.9821298063328452,4.5149999999999925e-05
ghz_nativegates_ibm_qiskit_opt3_98,27,3.0,4.0,40.0,1.2500000000000004e-05,0.8864926563307607,1.2000000000000004e-05,0.0856799999999999,3.0,4.0,40,1.3150000000000005e-05,0.8864926563307606,9.500000000000002e-06,0.0860250971240163,3.0,4.0,40,1.3150000000000005e-05,0.8864926563307606,9.500000000000002e-06,0.0860250971240163,9.500000000000002e-06,0.0860250971240163,98,100,97,3,100,0.039820469729884796,0.9807556493180754,4.8649999999999915e-05
ghz_nativegates_ibm_qiskit_opt3_98,50,1.0,2.0,8.0,2.464999999999998e-05,0.8882682869028798,2.399999999999998e-05,0.2721323011963409,1.0,2.0,8,2.464999999999998e-05,0.8882682869028798,2.399999999999998e-05,0.2721323011963409,1.0,2.0,8,2.464999999999998e-05,0.8882682869028798,2.399999999999998e-05,0.2721323011963409,2.399999999999998e-05,0.2721323011963409,98,100,97,3,100,0.039820469729884796,0.9807556493180754,4.8649999999999915e-05
ghz_nativegates_ibm_qiskit_opt3_98,65,1.0,2.0,8.0,3.049999999999996e-05,0.8882682869028796,1.815e-05,0.2740314294566496,1.0,2.0,8,3.214999999999996e-05,0.8882682869028798,1.65e-05,0.2740476977966688,1.0,2.0,8,3.214999999999996e-05,0.8882682869028798,1.65e-05,0.2740476977966688,1.65e-05,0.2740476977966688,98,100,97,3,100,0.039820469729884796,0.9807556493180754,4.8649999999999915e-05
graphstate_indep_qiskit_108,27,5.0,5.0,48.0,3.05e-06,0.8730705925214981,2.55e-06,0.0502426189392369,3.0,5.0,51,3.5499999999999995e-06,0.874819337164904,1.55e-06,0.049158285107715,3.0,5.0,51,3.5499999999999995e-06,0.874819337164904,1.55e-06,0.0561532822832238,1.55e-06,0.0649015977458523,108,8,108,108,216,0.6149674620390451,0.9775729294883391,3.5499999999999995e-06
graphstate_indep_qiskit_108,50,3.0,3.0,48.0,3.5499999999999995e-06,0.874819337164904,3.05e-06,0.1378448442277719,2.0,3.0,35,3.5499999999999995e-06,0.8756950225624323,1.55e-06,0.0756612495663089,2.0,3.0,35,3.5499999999999995e-06,0.8756950225624325,1.55e-06,0.0883386041200184,1.55e-06,0.0883386041200184,108,8,108,108,216,0.6149674620390451,0.9775729294883391,3.5499999999999995e-06
graphstate_indep_qiskit_108,65,2.0,2.0,32.0,3.5499999999999995e-06,0.8756950225624321,3.05e-06,0.2522703487496609,2.0,2.0,35,3.5499999999999995e-06,0.8756950225624323,1.55e-06,0.0756612495663089,2.0,2.0,35,3.5499999999999995e-06,0.8756950225624325,1.55e-06,0.0883386041200184,1.55e-06,0.0883386041200184,108,8,108,108,216,0.6149674620390451,0.9775729294883391,3.5499999999999995e-06
graphstate_indep_qiskit_129,27,6.0,5.0,288.0,3.05e-06,0.8503048694458102,2.05e-06,0.0727270782411537,6.0,6.0,48,3.05e-06,0.8503048694458105,2.05e-06,0.0691602061928996,6.0,6.0,48,3.05e-06,0.8503048694458103,2.05e-06,0.0706823145327899,2.05e-06,0.0812201127582363,129,7,129,129,258,0.6497961141760603,0.9732708741426722,3.0499999999999996e-06
graphstate_indep_qiskit_129,50,4.0,3.0,256.0,3.05e-06,0.8520080147566732,2.55e-06,0.1872518666909486,4.0,3.0,48,3.05e-06,0.8520080147566726,2.55e-06,0.1306911641350984,4.0,3.0,48,3.05e-06,0.8520080147566729,2.05e-06,0.131336524344301,2.05e-06,0.131336524344301,129,7,129,129,258,0.6497961141760603,0.9732708741426722,3.0499999999999996e-06
graphstate_indep_qiskit_129,65,3.0,3.0,48.0,3.05e-06,0.8528608662488651,2.55e-06,0.1693144599820092,2.0,3.0,33,3.05e-06,0.8537145714368621,2.55e-06,0.2120001022013346,2.0,3.0,33,3.05e-06,0.8537145714368624,2.55e-06,0.1865038919286294,2.55e-06,0.1865038919286294,129,7,129,129,258,0.6497961141760603,0.9732708741426722,3.0499999999999996e-06
graphstate_indep_qiskit_13,5,4.0,4.0,48.0,1.55e-06,0.9804547852790844,1.05e-06,0.296599644187842,3.0,4.0,49,2.05e-06,0.9814362107025192,1.05e-06,0.4282751935095785,3.0,4.0,49,1.55e-06,0.9814362107025192,1.55e-06,0.4136050145764599,1.55e-06,0.4136050145764599,13,7,13,13,26,0.5537525354969575,0.9972734371527435,3.0499999999999996e-06
graphstate_indep_qiskit_13,10,0.0,0.0,0.0,0.0,0.0,0.0,0.0,0.0,2.0,2,3.05e-06,0.9843863852894206,1.55e-06,0.5998589811387274,0.0,2.0,2,3.05e-06,0.9843863852894206,1.55e-06,0.5998589811387274,1.55e-06,0.5998589811387274,13,7,13,13,26,0.5537525354969575,0.9972734371527435,3.0499999999999996e-06
graphstate_indep_qiskit_14,5,4.0,4.0,48.0,1.55e-06,0.9792686408844014,1.05e-06,0.2650464905508375,4.0,4.0,48,2.05e-06,0.9792686408844016,1.05e-06,0.3869956567857637,4.0,4.0,48,1.55e-06,0.9792686408844016,1.05e-06,0.4930180255781948,1.05e-06,0.4930180255781948,14,7,14,14,28,0.620253164556962,0.9970640097309414,3.0499999999999996e-06
graphstate_indep_qiskit_14,10,2.0,2.0,32.0,2.55e-06,0.9812300983024732,1.55e-06,0.5211891208096142,2.0,2.0,32,2.55e-06,0.9812300983024732,1.55e-06,0.5599831330381617,3.0,2.0,48,2.05e-06,0.980248878989173,1.05e-06,0.6155632984901278,1.05e-06,0.6155632984901278,14,7,14,14,28,0.620253164556962,0.9970640097309414,3.0499999999999996e-06
graphstate_indep_qiskit_17,5,5.0,5.0,48.0,2.05e-06,0.9747431025858452,1.05e-06,0.2119209078858398,5.0,5.0,48,1.55e-06,0.9747431025858456,5e-07,0.3701632180437751,4.0,5.0,49,1.55e-06,0.9757188106720914,1.05e-06,0.4400053346558084,1.05e-06,0.4400053346558084,17,7,17,17,34,0.6409335727109514,0.9964359913071454,3.0499999999999996e-06
graphstate_indep_qiskit_17,10,0.0,0.0,0.0,0.0,0.0,0.0,0.0,0.0,2.0,3,3.05e-06,0.9796314195386306,1.55e-06,0.516929168078074,0.0,2.0,3,3.05e-06,0.9796314195386306,1.55e-06,0.516929168078074,1.55e-06,0.516929168078074,17,7,17,17,34,0.6409335727109514,0.9964359913071454,3.0499999999999996e-06
graphstate_indep_qiskit_17,16,0.0,0.0,0.0,0.0,0.0,0.0,0.0,0.0,2.0,3,3.05e-06,0.9796314195386306,1.55e-06,0.516929168078074,0.0,2.0,3,3.05e-06,0.9796314195386306,1.55e-06,0.516929168078074,1.55e-06,0.516929168078074,17,7,17,17,34,0.6409335727109514,0.9964359913071454,3.0499999999999996e-06
graphstate_indep_qiskit_20,5,7.0,6.0,48.0,1.55e-06,0.9692682505471902,1.05e-06,0.1427925901470149,5.0,6.0,49,1.55e-06,0.9712096773638604,5e-07,0.439892541696399,5.0,6.0,49,1.55e-06,0.9712096773638604,5e-07,0.439892541696399,5e-07,0.439892541696399,20,5,20,20,40,0.7241379310344827,0.9958083684518755,2.05e-06
graphstate_indep_qiskit_20,10,3.0,3.0,48.0,1.55e-06,0.973154992823414,1.55e-06,0.3404719546171664,3.0,3.0,49,2.05e-06,0.9731549928234138,1.55e-06,0.417139521476975,2.0,3.0,33,2.05e-06,0.9741291112276884,1.55e-06,0.3812910285759908,1.55e-06,0.5062869893231089,20,5,20,20,40,0.7241379310344827,0.9958083684518755,2.05e-06
graphstate_indep_qiskit_20,16,0.0,0.0,0.0,0.0,0.0,0.0,0.0,0.0,2.0,2,2.05e-06,0.9760802742605936,1.55e-06,0.6085759244689222,0.0,2.0,2,2.05e-06,0.9760802742605936,1.55e-06,0.6085759244689222,1.55e-06,0.6085759244689222,20,5,20,20,40,0.7241379310344827,0.9958083684518755,2.05e-06
graphstate_indep_qiskit_24,5,6.0,6.0,48.0,2.05e-06,0.9655518524554674,1.05e-06,0.164325147526379,6.0,7.0,48,2.05e-06,0.9655518524554676,1.55e-06,0.1788481367439008,6.0,7.0,48,1.55e-06,0.9655518524554672,1.05e-06,0.2689938960564905,1.05e-06,0.2689938960564905,24,8,24,24,48,0.5971563981042654,0.9949721528763833,3.5499999999999995e-06
graphstate_indep_qiskit_24,10,3.0,3.0,48.0,3.05e-06,0.968454279028266,1.55e-06,0.3373096428144962,3.0,3.0,49,2.55e-06,0.968454279028266,1.05e-06,0.3024299150554531,3.0,3.0,48,2.55e-06,0.968454279028266,1.55e-06,0.2899047219033127,1.55e-06,0.2899047219033127,24,8,24,24,48,0.5971563981042654,0.9949721528763833,3.5499999999999995e-06
graphstate_indep_qiskit_24,16,2.0,2.0,32.0,2.55e-06,0.9694236920650968,2.55e-06,0.3431372549019609,2.0,2.0,33,2.05e-06,0.9694236920650966,1.55e-06,0.4838283654874606,2.0,2.0,33,2.05e-06,0.9694236920650966,1.55e-06,0.4838283654874606,1.55e-06,0.4838283654874606,24,8,24,24,48,0.5971563981042654,0.9949721528763833,3.5499999999999995e-06
graphstate_indep_qiskit_26,5,7.0,7.0,48.0,2.05e-06,0.9622538292294563,1.05e-06,0.0937917159943178,7.0,7.0,49,2.05e-06,0.9622538292294563,5e-07,0.1886849019775509,7.0,7.0,49,2.05e-06,0.9622538292294563,5e-07,0.1886849019775509,5e-07,0.1886849019775509,26,9,26,26,52,0.5270270270270269,0.9945543084504471,4.049999999999999e-06
graphstate_indep_qiskit_26,10,3.0,3.0,48.0,2.55e-06,0.9661124438455988,2.05e-06,0.2477637848273908,2.0,3.0,34,3.05e-06,0.9670795127288588,1.55e-06,0.312345649975304,3.0,3.0,50,2.55e-06,0.9661124438455988,1.55e-06,0.3259291557403933,1.55e-06,0.312345649975304,26,9,26,26,52,0.5270270270270269,0.9945543084504471,4.049999999999999e-06
graphstate_indep_qiskit_26,16,2.0,2.0,32.0,3.5499999999999995e-06,0.9670795127288588,2.55e-06,0.3367323093917957,2.0,2.0,34,3.05e-06,0.9670795127288588,1.05e-06,0.3236377928573157,2.0,2.0,34,3.05e-06,0.9670795127288588,1.05e-06,0.3236377928573157,1.05e-06,0.3236377928573157,26,9,26,26,52,0.5270270270270269,0.9945543084504471,4.049999999999999e-06
graphstate_indep_qiskit_31,10,4.0,4.0,48.0,2.05e-06,0.9593223287792516,1.55e-06,0.3232765372149424,5.0,4.0,48,2.05e-06,0.95836301699468,5e-07,0.4144998176968397,4.0,4.0,48,2.55e-06,0.9593223287792516,1.55e-06,0.3042971549056048,1.55e-06,0.3042971549056048,31,6,31,31,62,0.7145993413830953,0.9935104649329279,2.5499999999999997e-06
graphstate_indep_qiskit_31,16,3.0,3.0,48.0,2.05e-06,0.960282600825315,1.55e-06,0.4539986294764094,3.0,3.0,48,2.55e-06,0.960282600825315,1.55e-06,0.4447417859138051,3.0,3.0,48,2.05e-06,0.9602826008253148,1.55e-06,0.3926067684966959,1.55e-06,0.5156496310020335,31,6,31,31,62,0.7145993413830953,0.9935104649329279,2.5499999999999997e-06
graphstate_indep_qiskit_31,27,2.0,2.0,32.0,2.55e-06,0.9612438340940817,1.55e-06,0.5066656935727147,2.0,2.0,32,2.05e-06,0.9612438340940818,1.55e-06,0.575699674047432,2.0,2.0,32,2.55e-06,0.9612438340940818,1.55e-06,0.4639881197920965,1.55e-06,0.575699674047432,31,6,31,31,62,0.7145993413830953,0.9935104649329279,2.5499999999999997e-06
graphstate_indep_qiskit_39,10,5.0,5.0,48.0,3.05e-06,0.9491268524206496,1.55e-06,0.1079294642118194,6.0,5.0,48,2.55e-06,0.9481777360003744,1.05e-06,0.2252682903926742,6.0,5.0,48,2.55e-06,0.9481777360003744,1.05e-06,0.2252682903926742,1.05e-06,0.2252682903926742,39,8,39,39,78,0.5771670190274838,0.991842593623447,3.5499999999999995e-06
graphstate_indep_qiskit_39,16,3.0,3.0,48.0,3.5499999999999995e-06,0.9510279363802976,2.55e-06,0.1995142713257632,2.0,3.0,34,3.5499999999999995e-06,0.9519799058226156,1.55e-06,0.1999740350023618,2.0,3.0,34,3.05e-06,0.9519799058226156,1.55e-06,0.2135844569883792,1.55e-06,0.2135844569883792,39,8,39,39,78,0.5771670190274838,0.991842593623447,3.5499999999999995e-06
graphstate_indep_qiskit_39,27,0.0,0.0,0.0,0.0,0.0,0.0,0.0,0.0,2.0,3,3.5499999999999995e-06,0.9538867043967482,1.55e-06,0.2991018187888711,0.0,2.0,3,3.5499999999999995e-06,0.9538867043967482,1.55e-06,0.2991018187888711,1.55e-06,0.2991018187888711,39,8,39,39,78,0.5771670190274838,0.991842593623447,3.5499999999999995e-06
graphstate_indep_qiskit_45,10,5.0,5.0,48.0,2.55e-06,0.9422581908059784,1.55e-06,0.11601532767524,7.0,6.0,48,2.55e-06,0.9403746373751444,5e-07,0.1619696658834277,6.0,6.0,48,3.05e-06,0.9413159429718224,1.55e-06,0.1548211316810742,1.55e-06,0.147875264219419,45,7,45,45,90,0.6279069767441858,0.9905935278756766,3.0499999999999996e-06
graphstate_indep_qiskit_45,16,3.0,3.0,48.0,3.05e-06,0.944145516960348,2.55e-06,0.1926650019538514,4.0,4.0,48,2.55e-06,0.9432013818207822,1.05e-06,0.2907933255528652,4.0,4.0,48,3.05e-06,0.943201381820782,5.5e-07,0.3128603239286198,1.05e-06,0.2907933255528652,45,7,45,45,90,0.6279069767441858,0.9905935278756766,3.0499999999999996e-06
graphstate_indep_qiskit_45,27,2.0,2.0,32.0,3.05e-06,0.945090597169736,2.55e-06,0.3056775837232283,3.0,3.0,48,3.05e-06,0.9441455169603482,2.55e-06,0.2217518383285915,3.0,3.0,48,2.55e-06,0.9441455169603482,2.55e-06,0.258941495331461,2.05e-06,0.3113610213588867,45,7,45,45,90,0.6279069767441858,0.9905935278756766,3.0499999999999996e-06
graphstate_indep_qiskit_50,10,6.0,6.0,48.0,2.55e-06,0.9356357302647256,1.55e-06,0.0677324028440111,6.0,7.0,48,2.55e-06,0.9356357302647256,1.55e-06,0.1378542709068753,6.0,6.0,48,3.05e-06,0.9356357302647256,1.55e-06,0.1430056357860076,1.55e-06,0.1366109923725084,50,7,50,50,100,0.6287425149700595,0.9895538414314236,3.0499999999999996e-06
graphstate_indep_qiskit_50,16,4.0,4.0,48.0,2.55e-06,0.9375097917501248,2.05e-06,0.1727348058727464,4.0,4.0,49,2.55e-06,0.937509791750125,1.55e-06,0.2358559804480927,4.0,4.0,49,2.55e-06,0.9375097917501248,1.55e-06,0.2248047707932725,1.55e-06,0.2778165554340936,50,7,50,50,100,0.6287425149700595,0.9895538414314236,3.0499999999999996e-06
graphstate_indep_qiskit_50,27,2.0,2.0,32.0,2.55e-06,0.9393876069468644,2.55e-06,0.3821350762527236,2.0,2.0,33,3.05e-06,0.9393876069468646,1.55e-06,0.3041522570907287,2.0,2.0,33,2.55e-06,0.9393876069468644,1.55e-06,0.3615636018728369,1.55e-06,0.3041522570907287,50,7,50,50,100,0.6287425149700595,0.9895538414314236,3.0499999999999996e-06
graphstate_indep_qiskit_54,10,6.0,6.0,48.0,3.5499999999999995e-06,0.931116248972513,1.55e-06,0.0537448649372065,7.0,7.0,48,3.5499999999999995e-06,0.9301851429577264,1.05e-06,0.0624749112465462,7.0,7.0,49,4.049999999999999e-06,0.9301851429577264,5e-07,0.0761146747021041,1.05e-06,0.0798206665297784,54,10,54,54,108,0.5216191352345901,0.9887228780039123,4.55e-06
graphstate_indep_qiskit_54,16,4.0,4.0,48.0,4.049999999999999e-06,0.932981258018432,2.05e-06,0.1073747542365698,4.0,4.0,49,3.5499999999999995e-06,0.9329812580184323,2.05e-06,0.0970376583069924,4.0,4.0,49,3.05e-06,0.9329812580184328,2.05e-06,0.1131272660444636,2.05e-06,0.1131272660444636,54,10,54,54,108,0.5216191352345901,0.9887228780039123,4.55e-06
graphstate_indep_qiskit_54,27,3.0,3.0,48.0,4.55e-06,0.9339151629163996,2.05e-06,0.1811689997562707,2.0,3.0,33,3.5499999999999995e-06,0.934850002643819,2.55e-06,0.1945409353651802,2.0,3.0,33,3.5499999999999995e-06,0.934850002643819,2.55e-06,0.1945409353651802,2.55e-06,0.1945409353651802,54,10,54,54,108,0.5216191352345901,0.9887228780039123,4.55e-06
graphstate_indep_qiskit_54,50,0.0,0.0,0.0,0.0,0.0,0.0,0.0,0.0,2.0,2,4.55e-06,0.9367224903309708,2.55e-06,0.3117246898759504,0.0,2.0,2,4.55e-06,0.9367224903309708,2.55e-06,0.3117246898759504,2.55e-06,0.3117246898759504,54,10,54,54,108,0.5216191352345901,0.9887228780039123,4.55e-06
graphstate_indep_qiskit_55,10,7.0,7.0,48.0,3.05e-06,0.9290598142736274,1.55e-06,0.0705923989650347,7.0,7.0,49,3.05e-06,0.9290598142736276,1.55e-06,0.1244298931235517,6.0,7.0,49,2.55e-06,0.929989793845669,1.55e-06,0.1465595920406016,1.55e-06,0.1465595920406016,55,8,55,55,110,0.6031331592689293,0.9885152461995315,3.5499999999999995e-06
graphstate_indep_qiskit_55,16,4.0,4.0,48.0,3.5499999999999995e-06,0.9318525466222936,2.05e-06,0.1398627971770857,4.0,4.0,49,3.05e-06,0.931852546622294,2.05e-06,0.1363128054965743,4.0,5.0,49,3.5499999999999995e-06,0.9318525466222942,1.55e-06,0.1625719089919689,1.55e-06,0.1625719089919689,55,8,55,55,110,0.6031331592689293,0.9885152461995315,3.5499999999999995e-06
graphstate_indep_qiskit_55,27,0.0,0.0,0.0,0.0,0.0,0.0,0.0,0.0,3.0,3,3.5499999999999995e-06,0.9355892528293932,2.05e-06,0.292452685768102,0.0,3.0,3,3.5499999999999995e-06,0.9355892528293932,2.05e-06,0.292452685768102,2.05e-06,0.292452685768102,55,8,55,55,110,0.6031331592689293,0.9885152461995315,3.5499999999999995e-06
graphstate_indep_qiskit_55,50,0.0,0.0,0.0,0.0,0.0,0.0,0.0,0.0,2.0,3,3.5499999999999995e-06,0.9355892528293932,2.05e-06,0.292452685768102,0.0,2.0,3,3.5499999999999995e-06,0.9355892528293932,2.05e-06,0.292452685768102,2.05e-06,0.292452685768102,55,8,55,55,110,0.6031331592689293,0.9885152461995315,3.5499999999999995e-06
graphstate_indep_qiskit_63,16,5.0,5.0,48.0,3.05e-06,0.9219490133428376,2.05e-06,0.0800734850819265,5.0,5.0,50,2.55e-06,0.921949013342838,5e-07,0.1224379022614709,4.0,5.0,50,3.05e-06,0.922871875074343,1.55e-06,0.1129718757389231,1.55e-06,0.1254582606238034,63,7,63,63,126,0.620253164556962,0.9868557606920166,3.0499999999999996e-06
graphstate_indep_qiskit_63,27,4.0,4.0,48.0,2.55e-06,0.922871875074343,1.55e-06,0.178523131517601,3.0,3.0,50,3.05e-06,0.9237956605812014,1.55e-06,0.1789783266309912,3.0,3.0,50,3.05e-06,0.9237956605812015,1.55e-06,0.1771613414987804,1.55e-06,0.1771613414987804,63,7,63,63,126,0.620253164556962,0.9868557606920166,3.0499999999999996e-06
graphstate_indep_qiskit_63,50,2.0,2.0,32.0,3.05e-06,0.924720370788103,2.55e-06,0.3242506918801108,2.0,2.0,34,3.05e-06,0.9247203707881032,1.55e-06,0.2744022987753766,2.0,2.0,34,3.05e-06,0.9247203707881032,1.55e-06,0.2798358646295746,1.55e-06,0.2744022987753766,63,7,63,63,126,0.620253164556962,0.9868557606920166,3.0499999999999996e-06
graphstate_indep_qiskit_65,16,5.0,5.0,48.0,4.049999999999999e-06,0.91971963330619,1.55e-06,0.1321309693931448,3.0,5.0,51,4.55e-06,0.9215618151365668,1.55e-06,0.0941805463220769,3.0,5.0,51,4.55e-06,0.9215618151365668,1.55e-06,0.0775680245505309,1.55e-06,0.1162678617701763,65,10,65,65,130,0.6134831460674156,0.986441324792865,4.55e-06
graphstate_indep_qiskit_65,27,3.0,3.0,48.0,4.55e-06,0.9215618151365668,2.05e-06,0.1508567141705191,2.0,3.0,37,4.55e-06,0.9224842892865444,1.55e-06,0.1184685931471168,2.0,3.0,37,4.55e-06,0.9224842892865444,1.55e-06,0.1072504068808072,1.55e-06,0.1184685931471168,65,10,65,65,130,0.6134831460674156,0.986441324792865,4.55e-06
graphstate_indep_qiskit_65,50,0.0,0.0,0.0,0.0,0.0,0.0,0.0,0.0,2.0,6,4.55e-06,0.9243320086729646,1.55e-06,0.1572787439224729,0.0,2.0,6,4.55e-06,0.9243320086729646,1.55e-06,0.1572787439224729,1.55e-06,0.1572787439224729,65,10,65,65,130,0.6134831460674156,0.986441324792865,4.55e-06
graphstate_indep_qiskit_69,16,6.0,5.0,256.0,3.5499999999999995e-06,0.9143617659256034,2.05e-06,0.0557125528897876,5.0,6.0,48,3.05e-06,0.9152770328984102,2.05e-06,0.0822225045228193,6.0,6.0,48,3.5499999999999995e-06,0.9143617659256038,2.05e-06,0.0597440160797287,1.55e-06,0.1057635046887746,69,8,69,69,138,0.6116504854368932,0.9856129750558734,3.5499999999999995e-06
graphstate_indep_qiskit_69,27,3.0,3.0,48.0,3.5499999999999995e-06,0.9171103162803308,2.55e-06,0.153805726329393,2.0,3.0,34,3.05e-06,0.9180283345245228,2.05e-06,0.1588001117018934,2.0,3.0,34,3.05e-06,0.9180283345245228,2.05e-06,0.1588001117018934,2.05e-06,0.1588001117018934,69,8,69,69,138,0.6116504854368932,0.9856129750558734,3.5499999999999995e-06
graphstate_indep_qiskit_69,50,0.0,0.0,0.0,0.0,0.0,0.0,0.0,0.0,2.0,3,3.5499999999999995e-06,0.9198671287139568,2.55e-06,0.1861232560025122,0.0,2.0,3,3.5499999999999995e-06,0.9198671287139568,2.55e-06,0.1861232560025122,2.55e-06,0.1861232560025122,69,8,69,69,138,0.6116504854368932,0.9856129750558734,3.5499999999999995e-06
graphstate_indep_qiskit_69,65,0.0,0.0,0.0,0.0,0.0,0.0,0.0,0.0,2.0,3,3.5499999999999995e-06,0.9198671287139568,2.55e-06,0.1861232560025122,0.0,2.0,3,3.5499999999999995e-06,0.9198671287139568,2.55e-06,0.1861232560025122,2.55e-06,0.1861232560025122,69,8,69,69,138,0.6116504854368932,0.9856129750558734,3.5499999999999995e-06
graphstate_indep_qiskit_70,16,6.0,5.0,256.0,3.05e-06,0.9132555802048044,1.55e-06,0.1502113875509917,7.0,5.0,48,3.05e-06,0.9123423346624732,1.05e-06,0.1879130790371462,7.0,5.0,48,3.05e-06,0.9123423346624732,1.05e-06,0.1566152390438701,1.05e-06,0.1561743177627782,70,7,70,70,140,0.6712328767123289,0.9854059963311116,3.0499999999999996e-06
graphstate_indep_qiskit_70,27,3.0,3.0,48.0,3.05e-06,0.9160008053907976,2.05e-06,0.205545142696426,3.0,4.0,49,3.05e-06,0.916000805390798,1.55e-06,0.185384954142027,3.0,4.0,49,3.05e-06,0.9160008053907978,2.05e-06,0.1516021701387002,1.55e-06,0.185384954142027,70,7,70,70,140,0.6712328767123289,0.9854059963311116,3.0499999999999996e-06
graphstate_indep_qiskit_70,50,2.0,2.0,32.0,3.05e-06,0.9169177130256982,2.55e-06,0.2987806150776256,2.0,2.0,33,3.05e-06,0.9169177130256986,2.55e-06,0.1985620323557463,2.0,2.0,33,3.05e-06,0.9169177130256984,2.55e-06,0.2157346980469634,2.55e-06,0.1985620323557463,70,7,70,70,140,0.6712328767123289,0.9854059963311116,3.0499999999999996e-06
graphstate_indep_qiskit_70,65,0.0,0.0,0.0,0.0,0.0,0.0,0.0,0.0,2.0,2,3.05e-06,0.91875428266031,2.55e-06,0.3044158585178579,0.0,2.0,2,3.05e-06,0.91875428266031,2.55e-06,0.3044158585178579,2.55e-06,0.3044158585178579,70,7,70,70,140,0.6712328767123289,0.9854059963311116,3.0499999999999996e-06
graphstate_indep_qiskit_72,16,5.0,5.0,48.0,4.55e-06,0.9119591710488958,2.05e-06,0.1027106417331277,5.0,5.0,48,3.05e-06,0.9119591710488952,2.05e-06,0.1178129118502642,6.0,6.0,48,2.55e-06,0.9110472219014708,1.55e-06,0.176729599382297,1.55e-06,0.1358944547945966,72,10,72,72,144,0.6166394779771613,0.9849921692690569,4.55e-06
graphstate_indep_qiskit_72,27,3.0,3.0,48.0,2.55e-06,0.9137858088133984,2.05e-06,0.2688510559216949,5.0,4.0,48,4.55e-06,0.9119591710488958,2.05e-06,0.1265282662304146,5.0,4.0,48,4.049999999999999e-06,0.911959171048896,2.05e-06,0.1741434536391801,2.05e-06,0.1752778595616965,72,10,72,72,144,0.6166394779771613,0.9849921692690569,4.55e-06
graphstate_indep_qiskit_72,50,2.0,2.0,32.0,4.55e-06,0.9147004992589024,2.55e-06,0.2370248347477948,2.0,2.0,32,4.55e-06,0.914700499258902,2.05e-06,0.2851649184023065,2.0,2.0,32,4.049999999999999e-06,0.914700499258902,2.05e-06,0.3149379978648272,2.05e-06,0.3149379978648272,72,10,72,72,144,0.6166394779771613,0.9849921692690569,4.55e-06
graphstate_indep_qiskit_72,65,2.0,2.0,32.0,4.55e-06,0.9147004992589022,2.55e-06,0.2305182942742314,2.0,2.0,32,4.55e-06,0.914700499258902,2.05e-06,0.2851649184023065,2.0,2.0,32,4.049999999999999e-06,0.914700499258902,2.05e-06,0.3149379978648272,2.05e-06,0.3149379978648272,72,10,72,72,144,0.6166394779771613,0.9849921692690569,4.55e-06
graphstate_indep_qiskit_80,16,6.0,6.0,48.0,3.5499999999999995e-06,0.902267060389623,2.05e-06,0.0326857567086607,6.0,6.0,48,3.5499999999999995e-06,0.9022670603896236,1.55e-06,0.0584366832712706,6.0,6.0,48,3.5499999999999995e-06,0.9022670603896238,1.55e-06,0.0393709128876598,1.55e-06,0.0516134104775881,80,8,80,80,160,0.5915492957746473,0.9833385981823165,3.5499999999999995e-06
graphstate_indep_qiskit_80,27,4.0,4.0,48.0,3.5499999999999995e-06,0.9040742850313568,2.55e-06,0.0874477790091556,3.0,4.0,49,3.05e-06,0.9049792543387898,1.55e-06,0.1268749131233013,3.0,4.0,49,3.05e-06,0.9049792543387896,1.55e-06,0.1392531315756026,1.55e-06,0.1268749131233013,80,8,80,80,160,0.5915492957746473,0.9833385981823165,3.5499999999999995e-06
graphstate_indep_qiskit_80,50,2.0,2.0,32.0,3.5499999999999995e-06,0.9058851295114382,3.5499999999999995e-06,0.2447125063838227,2.0,2.0,34,3.05e-06,0.905885129511438,1.55e-06,0.2327253482037976,2.0,2.0,34,3.5499999999999995e-06,0.9058851295114384,1.55e-06,0.239769979352699,1.55e-06,0.2327253482037976,80,8,80,80,160,0.5915492957746473,0.9833385981823165,3.5499999999999995e-06
graphstate_indep_qiskit_80,65,2.0,2.0,32.0,3.5499999999999995e-06,0.9058851295114384,2.55e-06,0.3164446710428482,2.0,2.0,34,3.05e-06,0.905885129511438,1.55e-06,0.2327253482037976,2.0,2.0,34,3.5499999999999995e-06,0.9058851295114384,1.55e-06,0.239769979352699,1.55e-06,0.2327253482037976,80,8,80,80,160,0.5915492957746473,0.9833385981823165,3.5499999999999995e-06
graphstate_indep_qiskit_83,16,6.0,6.0,48.0,2.55e-06,0.8989963594431999,2.05e-06,0.0440564539014083,7.0,8.0,48,3.05e-06,0.8980973729649031,1.55e-06,0.0541771425506378,7.0,8.0,49,3.05e-06,0.8980973729649029,2.05e-06,0.0418457651232716,1.55e-06,0.0776287221794887,83,7,83,83,166,0.6520763187429853,0.9827192249520512,3.0499999999999996e-06
graphstate_indep_qiskit_83,27,4.0,4.0,48.0,3.05e-06,0.9007970329299536,2.05e-06,0.1044799104992,3.0,4.0,49,3.05e-06,0.9016987217408452,2.05e-06,0.1425507590282098,4.0,4.0,49,3.05e-06,0.9007970329299532,2.05e-06,0.1103840748528785,2.05e-06,0.1425507590282098,83,7,83,83,166,0.6520763187429853,0.9827192249520512,3.0499999999999996e-06
graphstate_indep_qiskit_83,50,2.0,2.0,32.0,3.05e-06,0.9026013131332092,2.55e-06,0.2958093984406148,2.0,2.0,33,3.05e-06,0.9026013131332098,2.05e-06,0.2413222365374836,2.0,2.0,33,3.05e-06,0.9026013131332098,2.05e-06,0.2413222365374836,2.05e-06,0.2413222365374836,83,7,83,83,166,0.6520763187429853,0.9827192249520512,3.0499999999999996e-06
graphstate_indep_qiskit_83,65,2.0,2.0,32.0,3.05e-06,0.9026013131332096,2.55e-06,0.2964480874316938,2.0,2.0,33,3.05e-06,0.9026013131332098,2.05e-06,0.2521199405542441,2.0,2.0,33,3.05e-06,0.9026013131332096,2.05e-06,0.2354412401705983,2.05e-06,0.2521199405542441,83,7,83,83,166,0.6520763187429853,0.9827192249520512,3.0499999999999996e-06
graphstate_indep_qiskit_84,16,6.0,6.0,48.0,3.5499999999999995e-06,0.8979087626375086,1.55e-06,0.0420668596956274,7.0,7.0,48,3.5499999999999995e-06,0.8970108637440638,1.55e-06,0.0610088359886258,7.0,7.0,48,4.049999999999999e-06,0.8970108637440634,1.55e-06,0.0596101362310569,1.55e-06,0.0645818430724424,84,9,84,84,168,0.5872170439414112,0.9825128539148112,4.049999999999999e-06
graphstate_indep_qiskit_84,27,0.0,0.0,0.0,0.0,0.0,0.0,0.0,2.0,4.0,35,3.5499999999999995e-06,0.9015093550905942,1.55e-06,0.1069210305731333,2.0,4.0,35,4.049999999999999e-06,0.9015093550905942,1.55e-06,0.1010971940423224,1.55e-06,0.1069210305731333,84,9,84,84,168,0.5872170439414112,0.9825128539148112,4.049999999999999e-06
graphstate_indep_qiskit_84,50,0.0,0.0,0.0,0.0,0.0,0.0,0.0,0.0,2.0,4,4.049999999999999e-06,0.9033150620622852,1.55e-06,0.1574782535733252,0.0,2.0,4,4.049999999999999e-06,0.9033150620622852,1.55e-06,0.1574782535733252,1.55e-06,0.1574782535733252,84,9,84,84,168,0.5872170439414112,0.9825128539148112,4.049999999999999e-06
graphstate_indep_qiskit_84,65,0.0,0.0,0.0,0.0,0.0,0.0,0.0,0.0,2.0,4,4.049999999999999e-06,0.9033150620622852,1.55e-06,0.1574782535733252,0.0,2.0,4,4.049999999999999e-06,0.9033150620622852,1.55e-06,0.1574782535733252,1.55e-06,0.1574782535733252,84,9,84,84,168,0.5872170439414112,0.9825128539148112,4.049999999999999e-06
graphstate_indep_qiskit_91,16,7.0,7.0,48.0,4.049999999999999e-06,0.8894420148249151,2.05e-06,0.0267825302599653,7.0,7.0,48,3.5499999999999995e-06,0.8894420148249154,2.05e-06,0.0468942018797001,7.0,7.0,48,3.5499999999999995e-06,0.8894420148249151,1.55e-06,0.0427905004037106,2.05e-06,0.0469808860947905,91,9,91,91,182,0.5951417004048578,0.9810694696063103,4.049999999999999e-06
graphstate_indep_qiskit_91,27,4.0,4.0,48.0,4.049999999999999e-06,0.8921156569832587,2.05e-06,0.1191775770931037,4.0,4.0,48,4.049999999999999e-06,0.8921156569832585,2.05e-06,0.0792963447884628,4.0,4.0,48,4.049999999999999e-06,0.8921156569832586,2.05e-06,0.0813668114014908,2.05e-06,0.0863919939240255,91,9,91,91,182,0.5951417004048578,0.9810694696063103,4.049999999999999e-06
graphstate_indep_qiskit_91,50,2.0,2.0,32.0,4.049999999999999e-06,0.8939025485471382,3.05e-06,0.2317335253667695,2.0,2.0,33,4.049999999999999e-06,0.8939025485471377,2.05e-06,0.1904455988663575,3.0,2.0,49,3.5499999999999995e-06,0.8930086558237492,5e-07,0.2116291815972506,2.05e-06,0.1904455988663575,91,9,91,91,182,0.5951417004048578,0.9810694696063103,4.049999999999999e-06
graphstate_indep_qiskit_91,65,2.0,2.0,32.0,3.5499999999999995e-06,0.8939025485471379,2.55e-06,0.3120647573837299,2.0,2.0,33,4.049999999999999e-06,0.8939025485471377,2.05e-06,0.1904455988663575,2.0,2.0,33,3.5499999999999995e-06,0.8939025485471379,2.05e-06,0.2125131183111966,2.05e-06,0.1904455988663575,91,9,91,91,182,0.5951417004048578,0.9810694696063103,4.049999999999999e-06
graphstate_indep_qiskit_93,16,7.0,7.0,48.0,3.5499999999999995e-06,0.8872912404947632,2.05e-06,0.0381807424732737,9.0,7.0,48,2.55e-06,0.8855175647904927,1.05e-06,0.0532509738418064,9.0,7.0,48,3.05e-06,0.8855175647904927,5e-07,0.0427543851530528,1.05e-06,0.0792952298822945,93,8,93,93,186,0.6481911715897775,0.9806574636942391,3.5499999999999995e-06
graphstate_indep_qiskit_93,27,4.0,4.0,48.0,3.5499999999999995e-06,0.8899584174751344,2.05e-06,0.1420657709848558,4.0,4.0,49,3.5499999999999995e-06,0.8899584174751345,2.05e-06,0.1106280235793138,5.0,4.0,49,3.05e-06,0.8890684688394667,2.05e-06,0.0938810159630675,2.05e-06,0.0957388083868877,93,8,93,93,186,0.6481911715897775,0.9806574636942391,3.5499999999999995e-06
graphstate_indep_qiskit_93,50,2.0,2.0,32.0,3.5499999999999995e-06,0.8917409881272038,2.55e-06,0.2695449384761728,2.0,2.0,33,3.5499999999999995e-06,0.8917409881272035,2.05e-06,0.2427737154635127,2.0,2.0,33,3.5499999999999995e-06,0.8917409881272036,2.05e-06,0.2499503366074383,2.05e-06,0.1747795697250398,93,8,93,93,186,0.6481911715897775,0.9806574636942391,3.5499999999999995e-06
graphstate_indep_qiskit_93,65,2.0,2.0,32.0,3.5499999999999995e-06,0.891740988127203,2.55e-06,0.2778317949750423,2.0,2.0,33,3.5499999999999995e-06,0.8917409881272033,2.55e-06,0.2013978593608173,2.0,2.0,33,3.05e-06,0.8917409881272036,2.55e-06,0.2325009144415254,2.55e-06,0.2325009144415254,93,8,93,93,186,0.6481911715897775,0.9806574636942391,3.5499999999999995e-06
graphstate_nativegates_ibm_qiskit_opt3_107,27,5.0,5.0,48.0,4.05e-06,0.8722590684683776,2.4499999999999994e-06,0.0589930009752036,5.0,5.0,48,4.750000000000002e-06,0.8722590679449025,2.1e-06,0.0337977865687944,5.0,5.0,48,4.1000000000000006e-06,0.8722590679449023,2.1e-06,0.0311012093042981,2.1e-06,0.0348754855424486,107,27,107,321,428,0.5813843609733056,0.9756875953063555,4.750000000000002e-06
graphstate_nativegates_ibm_qiskit_opt3_107,50,3.0,3.0,48.0,4.05e-06,0.8740061839716926,3.599999999999999e-06,0.1117972081042211,2.0,3.0,35,4.750000000000002e-06,0.8748810533106268,2.1e-06,0.0773753127475509,2.0,3.0,35,4.1000000000000006e-06,0.8748810533106268,2.1e-06,0.0714826179995504,2.1e-06,0.0773753127475509,107,27,107,321,428,0.5813843609733056,0.9756875953063555,4.750000000000002e-06
graphstate_nativegates_ibm_qiskit_opt3_107,65,0.0,0.0,0.0,0.0,0.0,0.0,0.0,0.0,2.0,4,4.750000000000002e-06,0.8766334207665996,2.1e-06,0.1194276336229874,0.0,2.0,4,4.750000000000002e-06,0.8766334207665996,2.1e-06,0.1194276336229874,2.1e-06,0.1194276336229874,107,27,107,321,428,0.5813843609733056,0.9756875953063555,4.750000000000002e-06
graphstate_nativegates_ibm_qiskit_opt3_108,27,5.0,5.0,48.0,4.4e-06,0.8711863902594699,3.2999999999999997e-06,0.0363439279656572,6.0,5.0,49,4.25e-06,0.8703152148377057,1.7999999999999995e-06,0.0431382698507696,6.0,5.0,49,4.4e-06,0.8703152148377055,1.7999999999999995e-06,0.0479536763639229,1.7999999999999995e-06,0.0554646680896702,108,25,108,324,432,0.506835339726587,0.9754631871594351,4.4e-06
graphstate_nativegates_ibm_qiskit_opt3_108,50,3.0,3.0,48.0,4.4e-06,0.8729313572122038,4.25e-06,0.1252619336684629,3.0,3.0,49,4.25e-06,0.8729313570375777,1.7999999999999995e-06,0.1585225135708948,3.0,3.0,49,4.4e-06,0.8729313570375775,1.7999999999999995e-06,0.1412264936696003,1.7999999999999995e-06,0.1541614716883796,108,25,108,324,432,0.506835339726587,0.9754631871594351,4.4e-06
graphstate_nativegates_ibm_qiskit_opt3_108,65,2.0,2.0,32.0,4.25e-06,0.873805151187299,3.649999999999999e-06,0.294851546519556,2.0,2.0,33,4.4e-06,0.8738051508376973,1.7999999999999995e-06,0.2405834914611003,2.0,2.0,33,4.25e-06,0.8738051508376972,1.7999999999999995e-06,0.2403247707351674,1.7999999999999995e-06,0.2403247707351674,108,25,108,324,432,0.506835339726587,0.9754631871594351,4.4e-06
graphstate_nativegates_ibm_qiskit_opt3_125,27,5.0,5.0,48.0,3.899999999999999e-06,0.8531513755357193,2.9499999999999997e-06,0.048779886136535,7.0,6.0,49,3.899999999999999e-06,0.8514459477380537,1.9499999999999995e-06,0.022847296254106,7.0,7.0,49,4.25e-06,0.851445947738054,1.9499999999999995e-06,0.0217339264687132,1.9499999999999995e-06,0.0297102938065963,125,24,125,375,500,0.571116408422726,0.9716561359059359,4.25e-06
graphstate_nativegates_ibm_qiskit_opt3_125,50,3.0,3.0,48.0,3.899999999999999e-06,0.8548602187553032,3.3999999999999988e-06,0.1375930846592284,3.0,3.0,49,4.25e-06,0.8548602185842921,1.9499999999999995e-06,0.1452499702870694,3.0,3.0,49,4.25e-06,0.8548602185842921,1.9499999999999995e-06,0.1381017751479289,1.9499999999999995e-06,0.1381017751479289,125,24,125,375,500,0.571116408422726,0.9716561359059359,4.25e-06
graphstate_nativegates_ibm_qiskit_opt3_125,65,2.0,2.0,32.0,4.25e-06,0.8557159235631271,3.3999999999999988e-06,0.2662443868220181,2.0,2.0,33,4.25e-06,0.855715923391945,1.9499999999999995e-06,0.1943367561064895,2.0,2.0,33,3.899999999999999e-06,0.8557159233919449,1.9499999999999995e-06,0.2190010643795585,1.9499999999999995e-06,0.1943367561064895,125,24,125,375,500,0.571116408422726,0.9716561359059359,4.25e-06
graphstate_nativegates_ibm_qiskit_opt3_126,27,5.0,5.0,48.0,3.3999999999999988e-06,0.8521021957390857,2.749999999999999e-06,0.0648018512104765,6.0,7.0,49,3.3999999999999988e-06,0.8512501041012771,2.4499999999999994e-06,0.0410056550473167,5.0,6.0,49,3.3999999999999988e-06,0.8521021952277077,2.5999999999999992e-06,0.0535736779014332,2.15e-06,0.0494346239426212,126,23,126,378,504,0.6309601567602882,0.9714326549946776,3.3999999999999988e-06
graphstate_nativegates_ibm_qiskit_opt3_126,50,3.0,3.0,48.0,3.3999999999999988e-06,0.8538089373040847,2.7999999999999994e-06,0.1905431197146791,3.0,3.0,49,3.3999999999999988e-06,0.853808937133284,2.5999999999999992e-06,0.1315472282048146,3.0,3.0,49,3.3999999999999988e-06,0.8538089371332839,2.5999999999999992e-06,0.1286087796028688,2.5999999999999992e-06,0.1285520866325353,126,23,126,378,504,0.6309601567602882,0.9714326549946776,3.3999999999999988e-06
graphstate_nativegates_ibm_qiskit_opt3_126,65,2.0,2.0,32.0,3.3999999999999988e-06,0.8546635897918072,3.099999999999999e-06,0.303753941609729,2.0,3.0,33,3.3999999999999988e-06,0.8546635896208354,2.7999999999999994e-06,0.2079082724482222,2.0,2.0,33,3.3999999999999988e-06,0.8546635896208352,2.7999999999999994e-06,0.2017515086438677,2.7999999999999994e-06,0.2017515086438677,126,23,126,378,504,0.6309601567602882,0.9714326549946776,3.3999999999999988e-06
graphstate_nativegates_ibm_qiskit_opt3_13,5,0.0,0.0,0.0,0.0,0.0,0.0,0.0,2.0,4.0,34,1.9499999999999995e-06,0.9821631706229174,1.65e-06,0.414078102966992,2.0,4.0,34,1.9499999999999995e-06,0.9821631706229174,1.65e-06,0.414078102966992,1.65e-06,0.414078102966992,13,16,13,39,52,0.6334745762711864,0.9970141227222389,2.9499999999999993e-06
graphstate_nativegates_ibm_qiskit_opt3_13,10,0.0,0.0,0.0,0.0,0.0,0.0,0.0,0.0,2.0,3,2.9499999999999997e-06,0.9841304217939671,1.7999999999999995e-06,0.5060233760798734,0.0,2.0,3,2.9499999999999997e-06,0.9841304217939671,1.7999999999999995e-06,0.5060233760798734,1.7999999999999995e-06,0.5060233760798734,13,16,13,39,52,0.6334745762711864,0.9970141227222389,2.9499999999999993e-06
graphstate_nativegates_ibm_qiskit_opt3_25,5,7.0,7.0,48.0,2.4499999999999994e-06,0.9629376833771944,1.6e-06,0.0983944975444911,7.0,7.0,48,2.15e-06,0.9629376826066672,1.65e-06,0.1221364671901345,7.0,7.0,48,2.3e-06,0.9629376826066672,1.15e-06,0.1271642577109604,1.65e-06,0.1221364671901345,25,20,25,75,100,0.46596434359805544,0.994265842051267,4.1000000000000006e-06
graphstate_nativegates_ibm_qiskit_opt3_25,10,4.0,4.0,48.0,4.1000000000000006e-06,0.9658322460211438,2.4999999999999998e-06,0.1567468362002685,3.0,3.0,49,4.1000000000000006e-06,0.9667990317213148,1.1499999999999998e-06,0.2811233492853323,2.0,3.0,33,4.1000000000000006e-06,0.9677667859359722,2.3e-06,0.3371561785763685,2.3e-06,0.3371561785763685,25,20,25,75,100,0.46596434359805544,0.994265842051267,4.1000000000000006e-06
graphstate_nativegates_ibm_qiskit_opt3_25,16,0.0,0.0,0.0,0.0,0.0,0.0,0.0,0.0,2.0,2,4.1000000000000006e-06,0.9697052014659784,4.1000000000000006e-06,0.3650059488399761,0.0,2.0,2,4.1000000000000006e-06,0.9697052014659784,4.1000000000000006e-06,0.3650059488399761,4.1000000000000006e-06,0.3650059488399761,25,20,25,75,100,0.46596434359805544,0.994265842051267,4.1000000000000006e-06
graphstate_nativegates_ibm_qiskit_opt3_39,10,5.0,5.0,48.0,3.3999999999999988e-06,0.948386669212636,1.9499999999999995e-06,0.0986581387362637,5.0,5.0,49,3.249999999999999e-06,0.9483866688331944,1.2999999999999998e-06,0.1611900760270412,5.0,5.0,49,3.3999999999999988e-06,0.9483866688331944,1.7999999999999995e-06,0.1370267341947714,1.7999999999999995e-06,0.1391828136399416,39,32,39,117,156,0.4928571428571432,0.991069087935591,5.200000000000002e-06
graphstate_nativegates_ibm_qiskit_opt3_39,16,3.0,3.0,48.0,5.200000000000002e-06,0.9502862667962364,2.749999999999999e-06,0.1438082529843893,3.0,3.0,49,5.200000000000002e-06,0.9502862664160346,1.7999999999999995e-06,0.1613437286744881,4.0,3.0,49,5.200000000000002e-06,0.9493359924938256,1.7999999999999995e-06,0.1445975455444736,1.7999999999999995e-06,0.1613437286744881,39,32,39,117,156,0.4928571428571432,0.991069087935591,5.200000000000002e-06
graphstate_nativegates_ibm_qiskit_opt3_39,27,2.0,2.0,32.0,5.200000000000002e-06,0.9512374919316045,3.899999999999999e-06,0.2314541879375023,2.0,2.0,33,3.3999999999999988e-06,0.9512374915510222,1.7999999999999995e-06,0.419092889681125,2.0,2.0,33,3.3999999999999988e-06,0.9512374915510222,1.7999999999999995e-06,0.419092889681125,1.7999999999999995e-06,0.419092889681125,39,32,39,117,156,0.4928571428571432,0.991069087935591,5.200000000000002e-06
graphstate_nativegates_ibm_qiskit_opt3_55,10,7.0,7.0,48.0,3.749999999999999e-06,0.9280381990866156,1.9499999999999995e-06,0.0473843146496587,8.0,7.0,48,2.749999999999999e-06,0.9271101725718044,1.1499999999999998e-06,0.0554171139853518,8.0,7.0,48,2.749999999999999e-06,0.9271101725718044,1.1499999999999998e-06,0.0554171139853518,1.1499999999999998e-06,0.0554171139853518,55,25,55,165,220,0.5731762573629365,0.9874282382509348,4.4e-06
graphstate_nativegates_ibm_qiskit_opt3_55,16,4.0,4.0,48.0,3.749999999999999e-06,0.930827855082962,2.4499999999999994e-06,0.1365401553118793,2.0,4.0,34,3.749999999999999e-06,0.9326922821893427,2.5999999999999992e-06,0.1380094241414245,2.0,4.0,34,4.4e-06,0.9326922821893427,2.4499999999999994e-06,0.1285391597649661,2.4499999999999994e-06,0.1285391597649661,55,25,55,165,220,0.5731762573629365,0.9874282382509348,4.4e-06
graphstate_nativegates_ibm_qiskit_opt3_55,27,0.0,0.0,0.0,0.0,0.0,0.0,0.0,0.0,3.0,3,4.4e-06,0.9345604442618448,3.099999999999999e-06,0.1703426322781161,0.0,3.0,3,4.4e-06,0.9345604442618448,3.099999999999999e-06,0.1703426322781161,3.099999999999999e-06,0.1703426322781161,55,25,55,165,220,0.5731762573629365,0.9874282382509348,4.4e-06
graphstate_nativegates_ibm_qiskit_opt3_55,50,0.0,0.0,0.0,0.0,0.0,0.0,0.0,0.0,2.0,3,4.4e-06,0.9345604442618448,3.099999999999999e-06,0.1703426322781161,0.0,2.0,3,4.4e-06,0.9345604442618448,3.099999999999999e-06,0.1703426322781161,3.099999999999999e-06,0.1703426322781161,55,25,55,165,220,0.5731762573629365,0.9874282382509348,4.4e-06
graphstate_nativegates_ibm_qiskit_opt3_59,10,7.0,7.0,48.0,4.4e-06,0.9234815192489048,1.7999999999999995e-06,0.042141335945161,8.0,7.0,49,4.399999999999999e-06,0.9225580491720076,6.499999999999999e-07,0.0604058506897348,8.0,7.0,49,4.399999999999999e-06,0.9225580491720076,6.499999999999999e-07,0.0582404670409272,6.499999999999999e-07,0.0582404670409272,59,29,59,177,236,0.5042735042735046,0.9865201176334135,5.050000000000001e-06
graphstate_nativegates_ibm_qiskit_opt3_59,16,5.0,4.0,272.0,5.050000000000001e-06,0.9253312319961452,2.749999999999999e-06,0.0811437693007945,5.0,5.0,49,4.25e-06,0.9253312318110366,1.7999999999999995e-06,0.0794850776880432,5.0,5.0,48,3.899999999999999e-06,0.9253312318110368,1.7999999999999995e-06,0.0859535453794737,1.7999999999999995e-06,0.0859535453794737,59,29,59,177,236,0.5042735042735046,0.9865201176334135,5.050000000000001e-06
graphstate_nativegates_ibm_qiskit_opt3_59,27,3.0,3.0,48.0,5.050000000000001e-06,0.9271846498619642,2.749999999999999e-06,0.1582840684068406,3.0,3.0,50,5.050000000000001e-06,0.9271846498619644,6.499999999999999e-07,0.1464437074623861,2.0,3.0,34,5.050000000000001e-06,0.9281127505563478,1.7999999999999995e-06,0.1759473365682927,1.7999999999999995e-06,0.1759473365682927,59,29,59,177,236,0.5042735042735046,0.9865201176334135,5.050000000000001e-06
graphstate_nativegates_ibm_qiskit_opt3_59,50,0.0,0.0,0.0,0.0,0.0,0.0,0.0,0.0,2.0,3,5.050000000000001e-06,0.9299717399279812,1.7999999999999995e-06,0.2223940387118296,0.0,2.0,3,5.050000000000001e-06,0.9299717399279812,1.7999999999999995e-06,0.2223940387118296,1.7999999999999995e-06,0.2223940387118296,59,29,59,177,236,0.5042735042735046,0.9865201176334135,5.050000000000001e-06
graphstate_nativegates_ibm_qiskit_opt3_68,16,5.0,5.0,48.0,4.1000000000000006e-06,0.9151399655302852,2.1e-06,0.1020851947375255,5.0,5.0,50,4.1000000000000006e-06,0.9151399649810752,1.7999999999999995e-06,0.0711854129065326,5.0,5.0,50,3.449999999999999e-06,0.915139964981075,1.7999999999999995e-06,0.0775563003268464,1.7999999999999995e-06,0.0892218996082512,68,20,68,204,272,0.5788304959289422,0.9844798987109213,4.1000000000000006e-06
graphstate_nativegates_ibm_qiskit_opt3_68,27,3.0,3.0,48.0,3.249999999999999e-06,0.916972970699601,2.4499999999999994e-06,0.2277256850212317,3.0,3.0,50,4.1000000000000006e-06,0.9169729701492916,1.7999999999999995e-06,0.1266677330914818,3.0,3.0,50,3.449999999999999e-06,0.9169729701492912,1.7999999999999995e-06,0.1306405522017092,1.7999999999999995e-06,0.1353090302203214,68,20,68,204,272,0.5788304959289422,0.9844798987109213,4.1000000000000006e-06
graphstate_nativegates_ibm_qiskit_opt3_68,50,2.0,2.0,32.0,4.1000000000000006e-06,0.9178908490749752,3.249999999999999e-06,0.2839333958724202,2.0,2.0,35,4.1000000000000006e-06,0.9178908490749756,1.7999999999999995e-06,0.1840881004755985,2.0,2.0,35,3.449999999999999e-06,0.9178908490749752,1.7999999999999995e-06,0.1948094617566526,1.7999999999999995e-06,0.1948094617566526,68,20,68,204,272,0.5788304959289422,0.9844798987109213,4.1000000000000006e-06
graphstate_nativegates_ibm_qiskit_opt3_68,65,0.0,0.0,0.0,0.0,0.0,0.0,0.0,0.0,2.0,4,4.1000000000000006e-06,0.9197293642033664,1.7999999999999995e-06,0.2522068310335001,0.0,2.0,4,4.1000000000000006e-06,0.9197293642033664,1.7999999999999995e-06,0.2522068310335001,1.7999999999999995e-06,0.2522068310335001,68,20,68,204,272,0.5788304959289422,0.9844798987109213,4.1000000000000006e-06
graphstate_nativegates_ibm_qiskit_opt3_75,16,5.0,5.0,48.0,3.899999999999999e-06,0.9072910882535032,2.749999999999999e-06,0.0624094469958002,4.0,6.0,49,3.249999999999999e-06,0.9081992751866927,2.749999999999999e-06,0.0735716651030409,4.0,6.0,50,3.249999999999999e-06,0.9081992751866927,2.749999999999999e-06,0.0715320027553651,2.749999999999999e-06,0.0715320027553651,75,24,75,225,300,0.5808080808080812,0.982895979313577,3.899999999999999e-06
graphstate_nativegates_ibm_qiskit_opt3_75,27,3.0,3.0,48.0,3.899999999999999e-06,0.909108372112862,3.099999999999999e-06,0.1631770723827214,2.0,3.0,34,3.249999999999999e-06,0.9100183783063148,2.749999999999999e-06,0.1610075418942056,2.0,3.0,34,3.249999999999999e-06,0.9100183783063148,2.749999999999999e-06,0.1610075418942056,2.749999999999999e-06,0.1610075418942056,75,24,75,225,300,0.5808080808080812,0.982895979313577,3.899999999999999e-06
graphstate_nativegates_ibm_qiskit_opt3_75,50,2.0,2.0,32.0,3.899999999999999e-06,0.91001837848836,3.099999999999999e-06,0.2976116625310174,2.0,2.0,34,3.899999999999999e-06,0.9100183783063148,2.749999999999999e-06,0.1368719562289341,2.0,2.0,34,3.249999999999999e-06,0.9100183783063148,2.749999999999999e-06,0.1610075418942056,2.749999999999999e-06,0.1368719562289341,75,24,75,225,300,0.5808080808080812,0.982895979313577,3.899999999999999e-06
graphstate_nativegates_ibm_qiskit_opt3_75,65,0.0,0.0,0.0,0.0,0.0,0.0,0.0,0.0,2.0,3,3.899999999999999e-06,0.911841125049368,2.749999999999999e-06,0.2222684725385061,0.0,2.0,3,3.899999999999999e-06,0.911841125049368,2.749999999999999e-06,0.2222684725385061,2.749999999999999e-06,0.2222684725385061,75,24,75,225,300,0.5808080808080812,0.982895979313577,3.899999999999999e-06
graphstate_nativegates_ibm_qiskit_opt3_76,16,6.0,6.0,48.0,3.599999999999999e-06,0.9052691653342164,1.7999999999999995e-06,0.0725608462771203,6.0,6.0,49,3.599999999999999e-06,0.90526916479093,1.7999999999999995e-06,0.074269351959867,7.0,6.0,49,2.9499999999999997e-06,0.9043639073855748,1.7999999999999995e-06,0.0900323215794324,1.7999999999999995e-06,0.0860535336567726,76,20,76,228,304,0.6187610619469032,0.9826699132383349,3.599999999999999e-06
graphstate_nativegates_ibm_qiskit_opt3_76,27,3.0,3.0,48.0,3.599999999999999e-06,0.9079903777284496,2.7999999999999994e-06,0.1811165085994558,4.0,4.0,49,3.599999999999999e-06,0.9070823989640469,1.7999999999999995e-06,0.13909778807738,4.0,4.0,49,2.9499999999999997e-06,0.9070823989640469,1.7999999999999995e-06,0.2073617916547705,1.7999999999999995e-06,0.2047285516517276,76,20,76,228,304,0.6187610619469032,0.9826699132383349,3.599999999999999e-06
graphstate_nativegates_ibm_qiskit_opt3_76,50,2.0,2.0,32.0,3.599999999999999e-06,0.9088992651870464,2.7999999999999994e-06,0.3154583306375087,2.0,2.0,33,3.599999999999999e-06,0.9088992650052248,1.7999999999999995e-06,0.2478050298466965,2.0,2.0,33,3.249999999999999e-06,0.9088992650052248,1.7999999999999995e-06,0.2959955357814413,1.7999999999999995e-06,0.2959955357814413,76,20,76,228,304,0.6187610619469032,0.9826699132383349,3.599999999999999e-06
graphstate_nativegates_ibm_qiskit_opt3_76,65,2.0,2.0,32.0,3.599999999999999e-06,0.9088992650052248,2.7999999999999994e-06,0.3162525272834914,2.0,2.0,33,3.599999999999999e-06,0.9088992650052248,1.7999999999999995e-06,0.2478050298466965,2.0,2.0,33,3.249999999999999e-06,0.9088992650052248,1.7999999999999995e-06,0.2959955357814413,1.7999999999999995e-06,0.2959955357814413,76,20,76,228,304,0.6187610619469032,0.9826699132383349,3.599999999999999e-06
graphstate_nativegates_ibm_qiskit_opt3_84,16,6.0,6.0,48.0,3.3999999999999988e-06,0.8964012224306988,2.4499999999999994e-06,0.045310740604111,8.0,7.0,48,3.249999999999999e-06,0.8946093389364016,1.9499999999999995e-06,0.0702662372024613,8.0,7.0,48,3.3999999999999988e-06,0.8946093389364015,2.1e-06,0.036715964763973,1.9499999999999995e-06,0.0663474889701179,84,23,84,252,336,0.6186359269932763,0.9808632554593005,3.3999999999999988e-06
graphstate_nativegates_ibm_qiskit_opt3_84,27,4.0,4.0,48.0,3.249999999999999e-06,0.898196693951472,2.4499999999999994e-06,0.1324133190953828,4.0,4.0,48,3.3999999999999988e-06,0.8981966935921109,2.5999999999999992e-06,0.1602326123538707,4.0,4.0,48,3.3999999999999988e-06,0.8981966935921111,2.5999999999999992e-06,0.1470445694165974,2.5999999999999992e-06,0.1602326123538707,84,23,84,252,336,0.6186359269932763,0.9808632554593005,3.3999999999999988e-06
graphstate_nativegates_ibm_qiskit_opt3_84,50,2.0,2.0,32.0,3.3999999999999988e-06,0.8999957619414266,3.249999999999999e-06,0.287489944695827,3.0,2.0,48,2.9499999999999997e-06,0.8990957776905586,2.749999999999999e-06,0.2847421624170412,3.0,2.0,48,3.3999999999999988e-06,0.8990957776905587,2.3e-06,0.2519068617739943,3.249999999999999e-06,0.3260246164092319,84,23,84,252,336,0.6186359269932763,0.9808632554593005,3.3999999999999988e-06
graphstate_nativegates_ibm_qiskit_opt3_84,65,2.0,2.0,32.0,3.3999999999999988e-06,0.899995761761386,3.249999999999999e-06,0.2944436251872434,2.0,2.0,32,3.249999999999999e-06,0.8999957617613862,2.9499999999999997e-06,0.3565792484884266,2.0,2.0,32,3.3999999999999988e-06,0.8999957617613863,3.249999999999999e-06,0.3187974194202569,2.9499999999999997e-06,0.3565792484884266,84,23,84,252,336,0.6186359269932763,0.9808632554593005,3.3999999999999988e-06
graphstate_nativegates_ibm_qiskit_opt3_90,16,6.0,6.0,48.0,4.900000000000001e-06,0.8898073196487191,2.1e-06,0.040132866696663,5.0,7.0,51,4.3e-06,0.8906980057282866,1.7999999999999995e-06,0.0399820043411371,5.0,6.0,51,4.3e-06,0.8906980057282867,1.7999999999999995e-06,0.0395650945413121,1.7999999999999995e-06,0.0403660962493628,90,30,90,270,360,0.5298182748912216,0.979510442243118,5.550000000000002e-06
graphstate_nativegates_ibm_qiskit_opt3_90,27,4.0,4.0,48.0,5.550000000000002e-06,0.8915895840869965,3.249999999999999e-06,0.0674899164770645,4.0,4.0,51,4.9000000000000005e-06,0.8915895837302789,1.7999999999999995e-06,0.0758358161849168,4.0,4.0,51,5.550000000000002e-06,0.8915895837302794,1.7999999999999995e-06,0.0462463450532973,1.7999999999999995e-06,0.0766818036348569,90,30,90,270,360,0.5298182748912216,0.979510442243118,5.550000000000002e-06
graphstate_nativegates_ibm_qiskit_opt3_90,50,2.0,2.0,32.0,4.900000000000001e-06,0.8933754180042079,4.3e-06,0.201366533324293,2.0,2.0,35,4.9000000000000005e-06,0.8933754180042085,1.7999999999999995e-06,0.1010773538852262,2.0,2.0,35,5.550000000000002e-06,0.8933754180042083,1.7999999999999995e-06,0.0916322644867804,1.7999999999999995e-06,0.1010773538852262,90,30,90,270,360,0.5298182748912216,0.979510442243118,5.550000000000002e-06
graphstate_nativegates_ibm_qiskit_opt3_90,65,2.0,2.0,32.0,5.550000000000002e-06,0.8933754181829241,4.3e-06,0.1857472551205305,2.0,2.0,35,4.9000000000000005e-06,0.8933754180042085,1.7999999999999995e-06,0.1010773538852262,2.0,2.0,35,5.550000000000002e-06,0.8933754180042083,1.7999999999999995e-06,0.0916322644867804,1.7999999999999995e-06,0.1010773538852262,90,30,90,270,360,0.5298182748912216,0.979510442243118,5.550000000000002e-06
graphstate_nativegates_ibm_qiskit_opt3_94,16,0.0,0.0,0.0,0.0,0.0,0.0,0.0,6.0,7.0,49,3.249999999999999e-06,0.8854383534035505,2.1e-06,0.0706671570621192,6.0,7.0,49,3.249999999999999e-06,0.8854383534035507,1.9499999999999995e-06,0.0659772439804146,1.9499999999999995e-06,0.081217956332332,94,20,94,282,376,0.6362566215420842,0.9786096034852008,3.249999999999999e-06
graphstate_nativegates_ibm_qiskit_opt3_94,27,4.0,4.0,48.0,3.249999999999999e-06,0.8872118670762712,2.5999999999999992e-06,0.1117074566510329,4.0,5.0,49,2.5999999999999992e-06,0.8872118668987887,2.4499999999999994e-06,0.1276268367577462,5.0,6.0,49,3.249999999999999e-06,0.8863246665567611,2.4499999999999994e-06,0.0724778755037548,2.4499999999999994e-06,0.1223714977005918,94,20,94,282,376,0.6362566215420842,0.9786096034852008,3.249999999999999e-06
graphstate_nativegates_ibm_qiskit_opt3_94,50,2.0,2.0,32.0,3.249999999999999e-06,0.8889889327024459,2.749999999999999e-06,0.3446413768602218,2.0,3.0,33,3.249999999999999e-06,0.8889889327024462,2.5999999999999992e-06,0.2035246424761957,2.0,3.0,33,3.249999999999999e-06,0.8889889327024463,2.5999999999999992e-06,0.232575207771311,2.5999999999999992e-06,0.232575207771311,94,20,94,282,376,0.6362566215420842,0.9786096034852008,3.249999999999999e-06
graphstate_nativegates_ibm_qiskit_opt3_94,65,2.0,2.0,32.0,3.249999999999999e-06,0.888988932702446,2.749999999999999e-06,0.3570211257274193,3.0,2.0,49,2.749999999999999e-06,0.8880999553176993,6.499999999999999e-07,0.2492987301870864,2.0,2.0,33,3.249999999999999e-06,0.8889889327024463,2.5999999999999992e-06,0.2439665877992199,6.499999999999999e-07,0.2492987301870864,94,20,94,282,376,0.6362566215420842,0.9786096034852008,3.249999999999999e-06
graphstate_nativegates_ibm_qiskit_opt3_96,16,0.0,0.0,0.0,0.0,0.0,0.0,0.0,9.0,8.0,48,3.749999999999999e-06,0.8806148189246477,1.9499999999999995e-06,0.0285870150331136,10.0,7.0,48,4.05e-06,0.8797342155448983,6.499999999999999e-07,0.0144417233110972,1.9499999999999995e-06,0.0260817275450598,96,27,96,288,384,0.5478908188585613,0.9781594948360457,4.05e-06
graphstate_nativegates_ibm_qiskit_opt3_96,27,0.0,0.0,0.0,0.0,0.0,0.0,0.0,5.0,5.0,48,3.899999999999999e-06,0.8841460560055308,2.749999999999999e-06,0.0513210357983171,5.0,5.0,48,4.05e-06,0.8841460560055305,2.749999999999999e-06,0.039022101068562,2.749999999999999e-06,0.0552350363576756,96,27,96,288,384,0.5478908188585613,0.9781594948360457,4.05e-06
graphstate_nativegates_ibm_qiskit_opt3_96,50,0.0,0.0,0.0,0.0,0.0,0.0,0.0,0.0,2.0,3,4.05e-06,0.8885800217125222,3.249999999999999e-06,0.2043776230259334,0.0,2.0,3,4.05e-06,0.8885800217125222,3.249999999999999e-06,0.2043776230259334,3.249999999999999e-06,0.2043776230259334,96,27,96,288,384,0.5478908188585613,0.9781594948360457,4.05e-06
graphstate_nativegates_ibm_qiskit_opt3_96,65,0.0,0.0,0.0,0.0,0.0,0.0,0.0,0.0,2.0,3,4.05e-06,0.8885800217125222,3.249999999999999e-06,0.2043776230259334,0.0,2.0,3,4.05e-06,0.8885800217125222,3.249999999999999e-06,0.2043776230259334,3.249999999999999e-06,0.2043776230259334,96,27,96,288,384,0.5478908188585613,0.9781594948360457,4.05e-06
graphstate_nativegates_ibm_qiskit_opt3_98,27,4.0,4.0,48.0,3.3999999999999988e-06,0.8828556448923512,2.749999999999999e-06,0.1223905615863965,5.0,4.0,51,3.899999999999999e-06,0.8819728005393082,1.7999999999999995e-06,0.0441300102639814,5.0,4.0,51,3.599999999999999e-06,0.8819728005393084,1.7999999999999995e-06,0.0462630745359639,1.7999999999999995e-06,0.0512272052398669,98,24,98,294,392,0.5693356908310188,0.9777095932130585,3.899999999999999e-06
graphstate_nativegates_ibm_qiskit_opt3_98,50,2.0,2.0,32.0,3.899999999999999e-06,0.8846239854563628,3.3999999999999988e-06,0.2942808446455505,3.0,3.0,51,3.3999999999999988e-06,0.8837393726085853,1.7999999999999995e-06,0.1105929193986078,3.0,3.0,51,3.899999999999999e-06,0.883739372608585,1.7999999999999995e-06,0.0928106570231924,1.7999999999999995e-06,0.1455949516402069,98,24,98,294,392,0.5693356908310188,0.9777095932130585,3.899999999999999e-06
graphstate_nativegates_ibm_qiskit_opt3_98,65,2.0,2.0,32.0,3.899999999999999e-06,0.8846239851024325,3.3999999999999988e-06,0.2697694919681337,2.0,2.0,35,3.899999999999999e-06,0.884623985102433,1.7999999999999995e-06,0.1493663009212684,2.0,2.0,35,3.899999999999999e-06,0.8846239851024328,1.7999999999999995e-06,0.1404536848665434,1.7999999999999995e-06,0.1148785089086858,98,24,98,294,392,0.5693356908310188,0.9777095932130585,3.899999999999999e-06
graphstate_nativegates_ibm_qiskit_opt3_99,27,0.0,0.0,0.0,0.0,0.0,0.0,0.0,3.0,4.0,48,4.4e-06,0.8826525764403321,2.5999999999999992e-06,0.1026291037361246,3.0,4.0,48,4.4e-06,0.8826525764403322,2.5999999999999992e-06,0.1125090225320193,2.5999999999999992e-06,0.1125090225320193,99,27,99,297,396,0.546829971181557,0.9774847200066196,4.4e-06
graphstate_nativegates_ibm_qiskit_opt3_99,50,3.0,3.0,48.0,4.4e-06,0.8826525769700451,3.3999999999999988e-06,0.1193149557316241,2.0,3.0,33,4.4e-06,0.8835361010642734,3.3999999999999988e-06,0.1510184120516061,2.0,3.0,33,4.4e-06,0.8835361010642734,3.3999999999999988e-06,0.1510184120516061,3.3999999999999988e-06,0.1510184120516061,99,27,99,297,396,0.546829971181557,0.9774847200066196,4.4e-06
graphstate_nativegates_ibm_qiskit_opt3_99,65,2.0,2.0,32.0,4.4e-06,0.883536101241021,4.25e-06,0.2210921127511199,2.0,2.0,33,4.4e-06,0.8835361010642735,3.3999999999999988e-06,0.1450025246872703,2.0,2.0,33,4.4e-06,0.8835361010642734,3.599999999999999e-06,0.1503308538480698,3.599999999999999e-06,0.1503308538480698,99,27,99,297,396,0.546829971181557,0.9774847200066196,4.4e-06
hhl_indep_qiskit_11,10,0.0,0.0,0.0,0.0,0.0,0.0,0.0,19.0,3.0,1048576,0.0004855,0.5219442244550341,6.459999999999994e-05,0.8425646321317267,19.0,3.0,1048576,0.0004855,0.5219442244550341,6.459999999999994e-05,0.8425646321317267,6.459999999999994e-05,0.8425646321317267,11,2417,1518,738,3236,0.29706704116356486,0.5289406921622806,0.0010293999999999776
hhl_indep_qiskit_8,5,0.0,0.0,0.0,0.0,0.0,0.0,0.0,17.0,5.0,65536,0.0001171999999999,0.8133691020744581,3.354999999999998e-05,0.7087890972124827,17.0,5.0,65536,0.0001171999999999,0.8133691020744581,3.354999999999998e-05,0.7087890972124827,3.354999999999998e-05,0.7087890972124827,8,820,522,64,838,0.33123074666275215,0.8320556716965157,0.00038750000000000606
hor_15_4_indep_qiskit_18,16,0.0,0.0,0.0,0.0,0.0,0.0,0.0,22.0,3.0,1048576,0.0021833000000001,0.1694711695325398,5.050000000000001e-06,0.6033811728118128,22.0,3.0,1048576,0.0021833000000001,0.1694711695325398,5.050000000000001e-06,0.6033811728118128,5.050000000000001e-06,0.6033811728118128,18,6213,8160,1683,9875,0.15934246480576908,0.16874203836653842,0.0029107500000002313
oa_nativegates_ibm_qiskit_opt3_12,5,8.0,4.0,16384.0,4.850000000000002e-06,0.9642967109569542,4.850000000000002e-06,0.2133492229184408,12.0,6.0,64,4.850000000000002e-06,0.965262207249346,2.3499999999999995e-06,0.2719267741692038,12.0,6.0,256,4.850000000000002e-06,0.9652622210622964,2.3499999999999995e-06,0.2691416789634994,4.850000000000002e-06,0.3975442493427677,12,34,48,174,222,0.7269230769230767,0.9887187515611107,8.000000000000001e-06
oa_nativegates_ibm_qiskit_opt3_12,10,4.0,2.0,256.0,6.9500000000000055e-06,0.973017995704512,5.900000000000003e-06,0.5494604316546761,7.0,2.0,4096,6.9500000000000055e-06,0.9701023445093786,2.3499999999999995e-06,0.49746546461685,4.0,2.0,256,6.900000000000003e-06,0.973018028055379,4.850000000000002e-06,0.6914176502813882,4.850000000000002e-06,0.6914176502813882,12,34,48,174,222,0.7269230769230767,0.9887187515611107,8.000000000000001e-06
oa_nativegates_ibm_qiskit_opt3_13,5,16.0,6.0,4096.0,4.850000000000002e-06,0.9566771605957152,3.549999999999999e-06,0.1228155528341968,16.0,6.0,4112,4.8000000000000015e-06,0.9595529852047512,1.2e-06,0.279621765916202,12.0,6.0,64,4.850000000000002e-06,0.9634001927860182,2.3499999999999995e-06,0.2771925935017502,2.3499999999999995e-06,0.2771925935017502,13,31,52,187,239,0.8364008179959098,0.9877992423304318,6.9500000000000055e-06
oa_nativegates_ibm_qiskit_opt3_13,10,4.0,2.0,4096.0,5.900000000000003e-06,0.969199766698398,5.900000000000003e-06,0.5630230776596761,6.0,2.0,1024,5.900000000000003e-06,0.9691999524966126,1.2999999999999998e-06,0.7016924190609317,6.0,2.0,64,5.9000000000000045e-06,0.9691999710278558,2.3499999999999995e-06,0.5593331871024345,2.3499999999999995e-06,0.5593331871024345,13,31,52,187,239,0.8364008179959098,0.9877992423304318,6.9500000000000055e-06
peexact_indep_qiskit_15,5,0.0,0.0,0.0,0.0,0.0,0.0,0.0,78.0,19.0,1024,3.5499999999999995e-06,0.8907071189122061,1.55e-06,0.0108034475001286,78.0,19.0,1024,3.5499999999999995e-06,0.8907071189122061,1.55e-06,0.0108034475001286,1.55e-06,0.0108034475001286,15,43,112,29,141,0.4547094188376752,0.9775486835764331,2.0149999999999995e-05
peexact_indep_qiskit_15,10,0.0,0.0,0.0,0.0,0.0,0.0,0.0,34.0,5.0,1048576,8.1e-06,0.930789875089217,2.55e-06,0.1987653905022112,34.0,5.0,1048576,8.1e-06,0.930789875089217,2.55e-06,0.1987653905022112,2.55e-06,0.1987653905022112,15,43,112,29,141,0.4547094188376752,0.9775486835764331,2.0149999999999995e-05
peexact_indep_qiskit_34,10,0.0,0.0,0.0,0.0,0.0,0.0,0.0,214.0,25.0,1048576,7.550000000000002e-06,0.694733353413295,2.55e-06,0.0004938428142419,214.0,25.0,1048576,7.550000000000002e-06,0.694733353413295,2.55e-06,0.0004938428142419,2.55e-06,0.0004938428142419,34,100,577,67,644,0.4228723404255326,0.8902360882122186,4.8649999999999915e-05
peexact_indep_qiskit_34,16,0.0,0.0,0.0,0.0,0.0,0.0,0.0,145.0,12.0,1048576,1.2650000000000004e-05,0.7443722322531269,4.049999999999999e-06,0.0135543430560768,148.0,12.0,1048576,1.2650000000000004e-05,0.7421384554788085,4.049999999999999e-06,0.0098703092618862,4.049999999999999e-06,0.0098703092618862,34,100,577,67,644,0.4228723404255326,0.8902360882122186,4.8649999999999915e-05
peexact_indep_qiskit_34,27,0.0,0.0,0.0,0.0,0.0,0.0,0.0,67.0,4.0,1048576,2.164999999999999e-05,0.8047582940956931,1.3000000000000004e-05,0.2247888974905644,67.0,4.0,1048576,2.164999999999999e-05,0.8047582940956931,1.3000000000000004e-05,0.2247888974905644,1.3000000000000004e-05,0.2247888974905644,34,100,577,67,644,0.4228723404255326,0.8902360882122186,4.8649999999999915e-05
peexact_indep_qiskit_38,16,0.0,0.0,0.0,0.0,0.0,0.0,0.0,169.0,13.0,1048576,1.3550000000000004e-05,0.7031926482765184,4.049999999999999e-06,0.0086318635136934,169.0,13.0,1048576,1.3550000000000004e-05,0.7031926482765184,4.049999999999999e-06,0.0086318635136934,4.049999999999999e-06,0.0086318635136934,38,112,721,75,796,0.42043740573152383,0.8648258086914637,5.46499999999999e-05
peexact_indep_qiskit_38,27,0.0,0.0,0.0,0.0,0.0,0.0,0.0,104.0,6.0,1048576,1.965e-05,0.7504215184967699,1.2050000000000003e-05,0.0962315890403242,104.0,6.0,1048576,1.965e-05,0.7504215184967699,1.2050000000000003e-05,0.0962315890403242,1.2050000000000003e-05,0.0962315890403242,38,112,721,75,796,0.42043740573152383,0.8648258086914637,5.46499999999999e-05
peexact_indep_qiskit_6,5,9.0,3.0,1024.0,3.5499999999999995e-06,0.9818488316521302,1.55e-06,0.3774534302589731,9.0,3.0,1024,3.5999999999999994e-06,0.9818487382291856,1.55e-06,0.4131266719118804,9.0,3.0,1024,3.5999999999999994e-06,0.9818487382291856,1.55e-06,0.4131266719118804,1.55e-06,0.4131266719118804,6,14,16,11,27,0.5638841567291311,0.9966945436839753,6.100000000000001e-06
peexact_indep_qiskit_72,50,0.0,0.0,0.0,0.0,0.0,0.0,0.0,195.0,6.0,1048576,3.714999999999995e-05,0.4550006433199932,2.449999999999998e-05,0.0902275401088388,168.0,5.0,1048576,4.4049999999999926e-05,0.4673890882754103,2.1499999999999987e-05,0.13524565618256,2.1499999999999987e-05,0.13524565618256,72,214,2591,143,2734,0.4107292473560235,0.5936210130633772,0.00010564999999999976
peexact_indep_qiskit_72,65,0.0,0.0,0.0,0.0,0.0,0.0,0.0,143.0,4.0,1048576,5.964999999999989e-05,0.4790605080647138,1.6050000000000004e-05,0.2391448757785399,143.0,4.0,1048576,5.964999999999989e-05,0.4790605080647138,1.6050000000000004e-05,0.2391448757785399,1.6050000000000004e-05,0.2391448757785399,72,214,2591,143,2734,0.4107292473560235,0.5936210130633772,0.00010564999999999976
peexact_indep_qiskit_75,50,0.0,0.0,0.0,0.0,0.0,0.0,0.0,174.0,5.0,1048576,4.809999999999992e-05,0.4430281074516094,1.2550000000000004e-05,0.123610835387299,174.0,5.0,1048576,4.809999999999992e-05,0.4430281074516094,1.2550000000000004e-05,0.123610835387299,1.2550000000000004e-05,0.123610835387299,75,223,2812,149,2961,0.41037042427771003,0.5677804285379768,0.00011014999999999975
peexact_indep_qiskit_75,65,0.0,0.0,0.0,0.0,0.0,0.0,0.0,149.0,4.0,1048576,5.814999999999989e-05,0.4542150877447735,2.3549999999999983e-05,0.2356142117857231,149.0,4.0,1048576,5.814999999999989e-05,0.4542150877447735,2.3549999999999983e-05,0.2356142117857231,2.3549999999999983e-05,0.2356142117857231,75,223,2812,149,2961,0.41037042427771003,0.5677804285379768,0.00011014999999999975
peexact_indep_qiskit_86,65,0.0,0.0,0.0,0.0,0.0,0.0,0.0,247.0,6.0,1048576,5.2649999999999904e-05,0.3410891128490226,1.805e-05,0.0780047437215281,247.0,6.0,1048576,5.2649999999999904e-05,0.3410891128490226,1.805e-05,0.0780047437215281,1.805e-05,0.0780047437215281,86,256,3697,171,3868,0.4089740193806151,0.4750563952540683,0.00012664999999999983
peexact_indep_qiskit_87,65,0.0,0.0,0.0,0.0,0.0,0.0,0.0,248.0,6.0,1048576,5.214999999999991e-05,0.3345267029189726,2.054999999999999e-05,0.0804742016001087,248.0,6.0,1048576,5.214999999999991e-05,0.3345267029189726,2.054999999999999e-05,0.0804742016001087,2.054999999999999e-05,0.0804742016001087,87,259,3784,173,3957,0.40892427787421753,0.466799213172771,0.00012814999999999986
peexact_indep_qiskit_89,65,0.0,0.0,0.0,0.0,0.0,0.0,0.0,250.0,6.0,1048576,5.114999999999991e-05,0.3216445433483859,2.5549999999999977e-05,0.0840375664178951,250.0,6.0,1048576,5.114999999999991e-05,0.3216445433483859,2.5549999999999977e-05,0.0840375664178951,2.5549999999999977e-05,0.0840375664178951,89,265,3960,177,4137,0.4087215768660414,0.45052986181516247,0.00013114999999999994
peexact_nativegates_ibm_qiskit_opt3_19,5,0.0,0.0,0.0,0.0,0.0,0.0,0.0,134.0,31.0,1024,7.6000000000000035e-06,0.793526190519119,3.85e-06,0.0006114797909616,133.0,31.0,1024,7.6000000000000035e-06,0.7943203513758957,3.1999999999999994e-06,0.0006391903908647,3.1999999999999994e-06,0.0006391903908647,19,182,368,457,825,0.4434925677975719,0.9246578299286639,5.5899999999999976e-05
peexact_nativegates_ibm_qiskit_opt3_19,10,0.0,0.0,0.0,0.0,0.0,0.0,0.0,65.0,9.0,1048576,1.4450000000000004e-05,0.8502233391949784,5.9500000000000015e-06,0.0552019517930627,65.0,9.0,1048576,1.4450000000000004e-05,0.8502233391949784,5.9500000000000015e-06,0.0552019517930627,5.9500000000000015e-06,0.0552019517930627,19,182,368,457,825,0.4434925677975719,0.9246578299286639,5.5899999999999976e-05
peexact_nativegates_ibm_qiskit_opt3_19,16,0.0,0.0,0.0,0.0,0.0,0.0,0.0,37.0,4.0,1048576,2.7249999999999995e-05,0.874354690771856,1.2950000000000005e-05,0.2743791324037524,37.0,4.0,1048576,2.7249999999999995e-05,0.874354690771856,1.2950000000000005e-05,0.2743791324037524,1.2950000000000005e-05,0.2743791324037524,19,182,368,457,825,0.4434925677975719,0.9246578299286639,5.5899999999999976e-05
peexact_nativegates_ibm_qiskit_opt3_31,10,0.0,0.0,0.0,0.0,0.0,0.0,0.0,171.0,22.0,1048576,1.2100000000000004e-05,0.6876759774574978,5.9500000000000015e-06,0.0008994948096185,173.0,22.0,1048576,1.3950000000000004e-05,0.6862984436575877,5.9500000000000015e-06,0.0006330244591549,5.9500000000000015e-06,0.0006330244591549,31,290,814,945,1759,0.3835107093556575,0.8413544176221546,9.099999999999994e-05
peexact_nativegates_ibm_qiskit_opt3_31,16,0.0,0.0,0.0,0.0,0.0,0.0,0.0,119.0,10.0,1048576,2.17e-05,0.7243648039987058,5.400000000000001e-06,0.0159403673462092,108.0,10.0,1048576,2.17e-05,0.7323760102894719,7.450000000000003e-06,0.0241937504781869,7.450000000000003e-06,0.0241937504781869,31,290,814,945,1759,0.3835107093556575,0.8413544176221546,9.099999999999994e-05
peexact_nativegates_ibm_qiskit_opt3_31,27,0.0,0.0,0.0,0.0,0.0,0.0,0.0,48.0,3.0,1048576,4.8599999999999975e-05,0.7775562705597157,2.6949999999999988e-05,0.2578928002365858,48.0,3.0,1048576,4.8599999999999975e-05,0.7775562705597157,2.6949999999999988e-05,0.2578928002365858,2.6949999999999988e-05,0.2578928002365858,31,290,814,945,1759,0.3835107093556575,0.8413544176221546,9.099999999999994e-05
peexact_nativegates_ibm_qiskit_opt3_35,10,0.0,0.0,0.0,0.0,0.0,0.0,0.0,202.0,25.0,1048576,1.7250000000000003e-05,0.6427753044047648,5.9500000000000015e-06,0.0002746288211808,198.0,24.0,1048576,1.7250000000000003e-05,0.6453504220292494,3.2999999999999997e-06,0.0003262115310627,3.2999999999999997e-06,0.0003262115310627,35,342,968,1113,2081,0.34451250294483904,0.8143620986286484,0.00010709999999999992
peexact_nativegates_ibm_qiskit_opt3_35,16,0.0,0.0,0.0,0.0,0.0,0.0,0.0,136.0,12.0,1048576,2.505e-05,0.6866146016716366,9.100000000000004e-06,0.0121885126663834,125.0,11.0,1048576,2.575e-05,0.6941957241991443,9.100000000000004e-06,0.0175909186838169,9.100000000000004e-06,0.0175909186838169,35,342,968,1113,2081,0.34451250294483904,0.8143620986286484,0.00010709999999999992
peexact_nativegates_ibm_qiskit_opt3_35,27,0.0,0.0,0.0,0.0,0.0,0.0,0.0,69.0,4.0,1048576,4.539999999999998e-05,0.734098176053082,2.8699999999999996e-05,0.1448910544012265,69.0,4.0,1048576,4.539999999999998e-05,0.734098176053082,2.8699999999999996e-05,0.1448910544012265,2.8699999999999996e-05,0.1448910544012265,35,342,968,1113,2081,0.34451250294483904,0.8143620986286484,0.00010709999999999992
peexact_nativegates_ibm_qiskit_opt3_39,10,0.0,0.0,0.0,0.0,0.0,0.0,0.0,239.0,29.0,1048576,1.4450000000000004e-05,0.5977177146021061,1.15e-06,6.214646421391904e-05,226.0,28.0,1048576,1.4450000000000004e-05,0.6055420181033514,5.9500000000000015e-06,0.0001218560946955,5.9500000000000015e-06,0.0001218560946955,39,382,1118,1277,2395,0.32257492221191125,0.7889001996373279,0.0001198999999999999
peexact_nativegates_ibm_qiskit_opt3_39,16,0.0,0.0,0.0,0.0,0.0,0.0,0.0,159.0,14.0,1048576,2.51e-05,0.6474839601573973,8.600000000000002e-06,0.0057749644330766,148.0,13.0,1048576,2.575e-05,0.6546352609199646,9.100000000000004e-06,0.0085751988879671,9.100000000000004e-06,0.0085751988879671,39,382,1118,1277,2395,0.32257492221191125,0.7889001996373279,0.0001198999999999999
peexact_nativegates_ibm_qiskit_opt3_39,27,0.0,0.0,0.0,0.0,0.0,0.0,0.0,87.0,5.0,1048576,4.099999999999998e-05,0.6957047856304246,1.7950000000000003e-05,0.0720483421827109,87.0,5.0,1048576,4.099999999999998e-05,0.6957047856304246,1.7950000000000003e-05,0.0720483421827109,1.7950000000000003e-05,0.0720483421827109,39,382,1118,1277,2395,0.32257492221191125,0.7889001996373279,0.0001198999999999999
peexact_nativegates_ibm_qiskit_opt3_40,10,0.0,0.0,0.0,0.0,0.0,0.0,0.0,242.0,30.0,1048576,1.5700000000000006e-05,0.5908161734880005,5.9500000000000015e-06,6.974387591551942e-05,229.0,28.0,1048576,1.5700000000000006e-05,0.5985473476697244,5.9500000000000015e-06,0.0001357725444853,5.9500000000000015e-06,0.0001357725444853,40,392,1154,1318,2472,0.3170589076165354,0.7828966436807202,0.00012309999999999993
peexact_nativegates_ibm_qiskit_opt3_40,16,0.0,0.0,0.0,0.0,0.0,0.0,0.0,160.0,14.0,1048576,2.4e-05,0.6412876097951119,9.100000000000004e-06,0.0057356803865689,149.0,13.0,1048576,2.575e-05,0.6483697679355411,9.100000000000004e-06,0.0084022138962788,9.100000000000004e-06,0.0084022138962788,40,392,1154,1318,2472,0.3170589076165354,0.7828966436807202,0.00012309999999999993
peexact_nativegates_ibm_qiskit_opt3_40,27,0.0,0.0,0.0,0.0,0.0,0.0,0.0,87.0,5.0,1048576,4.1699999999999984e-05,0.6897301730171813,2.01e-05,0.0726567863413639,87.0,5.0,1048576,4.1699999999999984e-05,0.6897301730171813,2.01e-05,0.0726567863413639,2.01e-05,0.0726567863413639,40,392,1154,1318,2472,0.3170589076165354,0.7828966436807202,0.00012309999999999993
peexact_nativegates_ibm_qiskit_opt3_52,16,0.0,0.0,0.0,0.0,0.0,0.0,0.0,224.0,19.0,1048576,2.29e-05,0.5404717585858704,9.100000000000004e-06,0.0007077843583834,213.0,18.0,1048576,2.575e-05,0.5464397251548082,9.100000000000004e-06,0.0010235146670656,9.100000000000004e-06,0.0010235146670656,52,512,1604,1810,3414,0.2654271191485025,0.711731301257705,0.00016150000000000086
peexact_nativegates_ibm_qiskit_opt3_52,27,0.0,0.0,0.0,0.0,0.0,0.0,0.0,131.0,7.0,1048576,4.099999999999998e-05,0.5930086638033666,1.5400000000000005e-05,0.0253178487749398,131.0,7.0,1048576,4.099999999999998e-05,0.5930086638033666,1.5400000000000005e-05,0.0253178487749398,1.5400000000000005e-05,0.0253178487749398,52,512,1604,1810,3414,0.2654271191485025,0.711731301257705,0.00016150000000000086
peexact_nativegates_ibm_qiskit_opt3_52,50,0.0,0.0,0.0,0.0,0.0,0.0,0.0,69.0,3.0,1048576,0.0001014499999999,0.6307282939880666,2.44e-05,0.2829645587085697,69.0,3.0,1048576,0.0001014499999999,0.6307282939880666,2.44e-05,0.2829645587085697,2.44e-05,0.2829645587085697,52,512,1604,1810,3414,0.2654271191485025,0.711731301257705,0.00016150000000000086
peexact_nativegates_ibm_qiskit_opt3_53,16,0.0,0.0,0.0,0.0,0.0,0.0,0.0,242.0,20.0,1048576,2.18e-05,0.5259560463437977,2.2e-06,0.0003320472148463,231.0,19.0,1048576,2.575e-05,0.5317664611382197,5.400000000000001e-06,0.000485979709396,5.400000000000001e-06,0.000485979709396,53,522,1643,1851,3494,0.26204694211881185,0.7058877411683554,0.00016470000000000094
peexact_nativegates_ibm_qiskit_opt3_53,27,0.0,0.0,0.0,0.0,0.0,0.0,0.0,131.0,7.0,1048576,4.1699999999999984e-05,0.5875606761620934,1.5400000000000005e-05,0.0255050766729763,131.0,7.0,1048576,4.1699999999999984e-05,0.5875606761620934,1.5400000000000005e-05,0.0255050766729763,1.5400000000000005e-05,0.0255050766729763,53,522,1643,1851,3494,0.26204694211881185,0.7058877411683554,0.00016470000000000094
peexact_nativegates_ibm_qiskit_opt3_53,50,0.0,0.0,0.0,0.0,0.0,0.0,0.0,70.0,3.0,1048576,0.0001003499999999,0.6243198390545648,2.8699999999999996e-05,0.2813796211105075,70.0,3.0,1048576,0.0001003499999999,0.6243198390545648,2.8699999999999996e-05,0.2813796211105075,2.8699999999999996e-05,0.2813796211105075,53,522,1643,1851,3494,0.26204694211881185,0.7058877411683554,0.00016470000000000094
peexact_nativegates_ibm_qiskit_opt3_9,5,0.0,0.0,0.0,0.0,0.0,0.0,0.0,25.0,7.0,1024,5.6000000000000014e-06,0.9498303178192756,3.3499999999999997e-06,0.2036606333718121,25.0,7.0,1024,5.6000000000000014e-06,0.9498303178192756,3.3499999999999997e-06,0.2036606333718121,3.3499999999999997e-06,0.2036606333718121,9,77,81,125,206,0.5230815347721823,0.9826844935240576,2.2749999999999997e-05
pricingcall_indep_qiskit_15,10,0.0,0.0,0.0,0.0,0.0,0.0,0.0,40.0,6.0,1048576,7.259999999999998e-05,0.9038308951199552,1.5e-06,0.1633888057146316,40.0,6.0,1048576,7.259999999999998e-05,0.9038308951199552,1.5e-06,0.1633888057146316,1.5e-06,0.1633888057146316,15,342,167,180,383,0.15396974159860752,0.9549308421544014,0.00010124999999999994
pricingcall_nativegates_ibm_qiskit_opt3_13,5,0.0,0.0,0.0,0.0,0.0,0.0,0.0,68.0,17.0,1024,2.730000000000001e-05,0.8682748654289598,5e-07,0.017436771431647,71.0,17.0,1024,2.730000000000001e-05,0.8656740948704221,5e-07,0.0158492784624075,5e-07,0.017436771431647,13,682,270,616,886,0.17452351251776804,0.941457511802789,0.00013985000000000058
pricingcall_nativegates_ibm_qiskit_opt3_13,10,0.0,0.0,0.0,0.0,0.0,0.0,0.0,31.0,5.0,1048576,5.090000000000012e-05,0.9009907234323672,3.6999999999999993e-06,0.3320898656303142,31.0,5.0,1048576,5.090000000000012e-05,0.9009907234323672,3.6999999999999993e-06,0.3320898656303142,3.6999999999999993e-06,0.3320898656303142,13,682,270,616,886,0.17452351251776804,0.941457511802789,0.00013985000000000058
pricingcall_nativegates_ibm_qiskit_opt3_9,5,0.0,0.0,0.0,0.0,0.0,0.0,0.0,34.0,9.0,65536,1.87e-05,0.9284101275949932,3.6999999999999993e-06,0.1623980676296433,34.0,9.0,65536,1.87e-05,0.9284101275949932,3.6999999999999993e-06,0.1623980676296433,3.6999999999999993e-06,0.1623980676296433,9,302,142,284,426,0.2616853744345787,0.969182407088329,7.045e-05
pricingput_nativegates_ibm_qiskit_opt3_21,10,0.0,0.0,0.0,0.0,0.0,0.0,0.0,78.0,10.0,1048576,0.0007277999999999,0.6448905909491693,3.1999999999999994e-06,0.0384066437136864,78.0,10.0,1048576,0.0007277999999999,0.6448905909491693,3.1999999999999994e-06,0.0384066437136864,3.1999999999999994e-06,0.0648080810959965,21,6053,1410,5106,6516,0.08959752938296468,0.711445236283898,0.0008988999999999952
pricingput_nativegates_ibm_qiskit_opt3_21,16,0.0,0.0,0.0,0.0,0.0,0.0,0.0,49.0,5.0,1048576,0.0007415499999999,0.663759528182467,7.100000000000003e-06,0.281597953239745,49.0,5.0,1048576,0.0007415499999999,0.663759528182467,7.100000000000003e-06,0.281597953239745,7.100000000000003e-06,0.281597953239745,21,6053,1410,5106,6516,0.08959752938296468,0.711445236283898,0.0008988999999999952
realamprandom_indep_qiskit_15,5,0.0,0.0,0.0,0.0,0.0,0.0,0.0,224.0,49.0,1024,3.5999999999999994e-06,0.7387992943870461,5.5e-07,1.461264625708828e-05,220.0,48.0,1024,3.5499999999999995e-06,0.7417618980832626,1.05e-06,1.776562753107986e-05,1.05e-06,1.776562753107986e-05,15,61,315,60,375,0.8259740259740261,0.9382534026878111,2.8699999999999973e-05
realamprandom_indep_qiskit_15,10,0.0,0.0,0.0,0.0,0.0,0.0,0.0,75.0,9.0,1048576,8.550000000000001e-06,0.8575555367146107,4.5500000000000005e-06,0.0636504190883659,75.0,9.0,1048576,8.550000000000001e-06,0.8575555367146107,4.5500000000000005e-06,0.0636504190883659,4.5500000000000005e-06,0.0636504190883659,15,61,315,60,375,0.8259740259740261,0.9382534026878111,2.8699999999999973e-05
realamprandom_indep_qiskit_21,10,0.0,0.0,0.0,0.0,0.0,0.0,0.0,186.0,21.0,1048576,8.600000000000002e-06,0.7160632960178825,4.05e-06,0.0031269427362632,186.0,21.0,1048576,8.600000000000002e-06,0.7160632960178825,4.05e-06,0.0031269427362632,4.05e-06,0.0031269427362632,21,85,630,84,714,0.8348032117941296,0.8805358765119924,4.069999999999994e-05
realamprandom_indep_qiskit_21,16,0.0,0.0,0.0,0.0,0.0,0.0,0.0,83.0,7.0,1048576,1.4550000000000005e-05,0.79375704613393,5.050000000000001e-06,0.1185636725062091,83.0,7.0,1048576,1.4550000000000005e-05,0.79375704613393,5.050000000000001e-06,0.1185636725062091,5.050000000000001e-06,0.1185636725062091,21,85,630,84,714,0.8348032117941296,0.8805358765119924,4.069999999999994e-05
realamprandom_indep_qiskit_23,10,0.0,0.0,0.0,0.0,0.0,0.0,0.0,225.0,25.0,1048576,8.550000000000001e-06,0.6697202158313456,4.5e-06,0.0009809077627641,225.0,25.0,1048576,8.550000000000001e-06,0.6697202158313456,4.5e-06,0.0009809077627641,4.5e-06,0.0009809077627641,23,93,759,92,851,0.8367302213456059,0.8579329871564655,4.469999999999993e-05
realamprandom_indep_qiskit_23,16,0.0,0.0,0.0,0.0,0.0,0.0,0.0,111.0,9.0,1048576,1.4550000000000005e-05,0.7505973446209595,3.5499999999999995e-06,0.0566428204188128,111.0,9.0,1048576,1.4550000000000005e-05,0.7505973446209595,3.5499999999999995e-06,0.0566428204188128,3.5499999999999995e-06,0.0566428204188128,23,93,759,92,851,0.8367302213456059,0.8579329871564655,4.469999999999993e-05
realamprandom_indep_qiskit_29,16,0.0,0.0,0.0,0.0,0.0,0.0,0.0,202.0,15.0,1048576,1.4550000000000005e-05,0.6212526540422886,7.500000000000002e-06,0.0120010732850584,202.0,15.0,1048576,1.4550000000000005e-05,0.621250371083308,5.050000000000001e-06,0.0108535396394615,5.050000000000001e-06,0.0108535396394615,29,117,1218,116,1334,0.840926269497698,0.7820796135968501,5.6699999999999894e-05
realamprandom_indep_qiskit_29,27,0.0,0.0,0.0,0.0,0.0,0.0,0.0,87.0,5.0,1048576,2.5549999999999977e-05,0.69689596838124,6.050000000000001e-06,0.2500898112536177,87.0,5.0,1048576,2.5549999999999977e-05,0.69689596838124,6.050000000000001e-06,0.2500898112536177,6.050000000000001e-06,0.2500898112536177,29,117,1218,116,1334,0.840926269497698,0.7820796135968501,5.6699999999999894e-05
realamprandom_indep_qiskit_32,27,0.0,0.0,0.0,0.0,0.0,0.0,0.0,96.0,5.0,1048576,2.5549999999999977e-05,0.6522653022226734,1.6550000000000002e-05,0.2587246710564458,96.0,5.0,1048576,2.5549999999999977e-05,0.6522653022226734,1.6550000000000002e-05,0.2587246710564458,1.6550000000000002e-05,0.2587246710564458,32,129,1488,128,1616,0.8424375669428946,0.7406074716339012,6.269999999999988e-05
realamprandom_indep_qiskit_62,50,0.0,0.0,0.0,0.0,0.0,0.0,0.0,186.0,5.0,1048576,4.854999999999991e-05,0.2496112717489345,3.659999999999995e-05,0.2329283979145415,186.0,5.0,1048576,4.854999999999991e-05,0.2496112717489345,3.659999999999995e-05,0.2329283979145415,3.659999999999995e-05,0.2329283979145415,62,249,5673,248,5921,0.8495308110692734,0.31738609178145066,0.00012269999999999973
realamprandom_indep_qiskit_67,65,0.0,0.0,0.0,0.0,0.0,0.0,0.0,201.0,5.0,1048576,6.354999999999988e-05,0.2015797486237885,6.050000000000001e-06,0.2055744316759062,201.0,5.0,1048576,6.354999999999988e-05,0.2015797486237885,6.050000000000001e-06,0.2055744316759062,6.050000000000001e-06,0.2055744316759062,67,269,6633,268,6901,0.8500972065895833,0.26115439165862736,0.00013269999999999997
realamprandom_indep_qiskit_8,5,0.0,0.0,0.0,0.0,0.0,0.0,0.0,48.0,12.0,1024,3.5999999999999994e-06,0.9294606243188664,2e-06,0.0910814294948506,49.0,12.0,1024,3.5499999999999995e-06,0.9285312268659548,2.05e-06,0.0751425920853182,2.05e-06,0.0751425920853182,8,33,84,32,116,0.7992530345471521,0.9830076814463166,1.4700000000000005e-05
realamprandom_indep_qiskit_80,65,0.0,0.0,0.0,0.0,0.0,0.0,0.0,240.0,5.0,1048576,6.354999999999988e-05,0.1080570379345547,4.709999999999992e-05,0.2322974815460617,240.0,5.0,1048576,6.354999999999988e-05,0.1080570379345547,4.709999999999992e-05,0.2322974815460617,4.709999999999992e-05,0.2322974815460617,80,321,9480,320,9800,0.8512392990004888,0.14629842036759244,0.0001587000000000006
realamprandom_nativegates_ibm_qiskit_opt3_15,5,0.0,0.0,0.0,0.0,0.0,0.0,0.0,214.0,46.0,16384,3.9e-06,0.7448854873449776,2e-06,3.4993688218378494e-05,213.0,46.0,16384,3.9e-06,0.7456310856370527,1.6999999999999998e-06,3.676888158860087e-05,1.6999999999999998e-06,3.676888158860087e-05,15,73,315,240,555,0.8299492385786805,0.9365587853214073,2.9299999999999974e-05
realamprandom_nativegates_ibm_qiskit_opt3_15,10,0.0,0.0,0.0,0.0,0.0,0.0,0.0,75.0,9.0,1048576,8.700000000000001e-06,0.85601215575101,4.700000000000002e-06,0.0644992498696698,75.0,9.0,1048576,8.700000000000001e-06,0.85601215575101,4.700000000000002e-06,0.0644992498696698,4.700000000000002e-06,0.0644992498696698,15,73,315,240,555,0.8299492385786805,0.9365587853214073,2.9299999999999974e-05
realamprandom_nativegates_ibm_qiskit_opt3_26,16,0.0,0.0,0.0,0.0,0.0,0.0,0.0,150.0,11.0,1048576,1.4700000000000003e-05,0.687032727627615,7.7e-06,0.0394421540893857,150.0,11.0,1048576,1.4700000000000003e-05,0.687032727627615,7.7e-06,0.0394421540893857,7.7e-06,0.0394421540893857,26,117,975,416,1391,0.8411893900996784,0.8187907677554447,5.1299999999999926e-05
realamprandom_nativegates_ibm_qiskit_opt3_29,16,0.0,0.0,0.0,0.0,0.0,0.0,0.0,202.0,15.0,1048576,1.4700000000000003e-05,0.6190918728708807,7.500000000000002e-06,0.0120161392613922,202.0,15.0,1048576,1.4700000000000003e-05,0.6190897131485109,5.200000000000002e-06,0.0109681073482312,5.200000000000002e-06,0.0109681073482312,29,129,1218,464,1682,0.8428057309703267,0.7793394558609955,5.729999999999991e-05
realamprandom_nativegates_ibm_qiskit_opt3_29,27,0.0,0.0,0.0,0.0,0.0,0.0,0.0,87.0,5.0,1048576,2.5699999999999978e-05,0.6944698370302584,6.2000000000000025e-06,0.2547979671904974,87.0,5.0,1048576,2.5699999999999978e-05,0.6944698370302584,6.2000000000000025e-06,0.2547979671904974,6.2000000000000025e-06,0.2547979671904974,29,129,1218,464,1682,0.8428057309703267,0.7793394558609955,5.729999999999991e-05
realamprandom_nativegates_ibm_qiskit_opt3_30,16,0.0,0.0,0.0,0.0,0.0,0.0,0.0,210.0,15.0,1048576,1.4700000000000003e-05,0.6028538633490552,7.500000000000002e-06,0.0108390450254364,210.0,15.0,1048576,1.4700000000000003e-05,0.6028538633490552,7.500000000000002e-06,0.0108390450254364,7.500000000000002e-06,0.0108390450254364,30,133,1305,480,1785,0.8432741116751267,0.7656849428505632,5.92999999999999e-05
realamprandom_nativegates_ibm_qiskit_opt3_30,27,0.0,0.0,0.0,0.0,0.0,0.0,0.0,90.0,5.0,1048576,2.5699999999999978e-05,0.6796449308256944,9.7e-06,0.2622452304672784,90.0,5.0,1048576,2.5699999999999978e-05,0.6796449308256944,9.7e-06,0.2622452304672784,9.7e-06,0.2622452304672784,30,133,1305,480,1785,0.8432741116751267,0.7656849428505632,5.92999999999999e-05
realamprandom_nativegates_ibm_qiskit_opt3_32,27,0.0,0.0,0.0,0.0,0.0,0.0,0.0,96.0,5.0,1048576,2.5699999999999978e-05,0.6497595286608373,1.6700000000000006e-05,0.2605015465913593,96.0,5.0,1048576,2.5699999999999978e-05,0.6497595286608373,1.6700000000000006e-05,0.2605015465913593,1.6700000000000006e-05,0.2605015465913593,32,141,1488,512,2000,0.844124700239808,0.7377421095856014,6.32999999999999e-05
realamprandom_nativegates_ibm_qiskit_opt3_44,27,0.0,0.0,0.0,0.0,0.0,0.0,0.0,252.0,11.0,1048576,2.5699999999999978e-05,0.4183643694087924,1.3000000000000004e-05,0.0417922781508239,252.0,11.0,1048576,2.5699999999999978e-05,0.4183643694087924,1.3000000000000004e-05,0.0417922781508239,1.3000000000000004e-05,0.0417922781508239,44,189,2838,704,3542,0.8476266336253948,0.5607806806500132,8.729999999999983e-05
realamprandom_nativegates_ibm_qiskit_opt3_56,50,0.0,0.0,0.0,0.0,0.0,0.0,0.0,168.0,5.0,1048576,4.869999999999992e-05,0.313737036603805,2.02e-05,0.2455812059024299,168.0,5.0,1048576,4.869999999999992e-05,0.313737036603805,2.02e-05,0.2455812059024299,2.02e-05,0.2455812059024299,56,237,4620,896,5516,0.8496439174544189,0.3903080554099645,0.00011129999999999976
routing_nativegates_ibm_qiskit_opt3_6,5,3.0,2.0,4096.0,4.3e-06,0.9841597955994116,4.3e-06,0.5050177273000418,3.0,2.0,64,3.799999999999999e-06,0.9871181384720096,3.299999999999999e-06,0.7370813397129188,3.0,2.0,64,3.799999999999999e-06,0.9871181384720096,3.299999999999999e-06,0.7370813397129188,3.299999999999999e-06,0.7370813397129188,6,25,15,96,111,0.7388059701492534,0.9960464684151616,5.300000000000003e-06
tsp_nativegates_ibm_qiskit_opt3_16,5,0.0,0.0,0.0,0.0,0.0,0.0,0.0,44.0,12.0,1024,4.900000000000001e-06,0.9229367126642084,6.499999999999999e-07,0.0725105647657978,42.0,12.0,1024,4.850000000000002e-06,0.9247854665764234,2.5999999999999992e-06,0.0828284694132974,2.5999999999999992e-06,0.0828284694132974,16,98,75,516,591,0.5745226560273585,0.9800290922700736,1.5249999999999993e-05
tsp_nativegates_ibm_qiskit_opt3_16,10,10.0,3.0,1024.0,8.000000000000005e-06,0.9548672623869436,6.000000000000004e-06,0.4856462673611108,10.0,3.0,1024,8.700000000000005e-06,0.9548672582736544,6.000000000000004e-06,0.5509338301716347,10.0,3.0,1024,8.700000000000005e-06,0.9548672582736544,6.000000000000004e-06,0.5509338301716347,6.000000000000004e-06,0.5509338301716347,16,98,75,516,591,0.5745226560273585,0.9800290922700736,1.5249999999999993e-05
vqe_indep_qiskit_14,5,6.0,4.0,288.0,2.65e-06,0.9746947265284882,2.15e-06,0.4147582769668921,6.0,4.0,256,2.65e-06,0.9746947265284882,2.15e-06,0.4147582769668921,6.0,4.0,256,2.65e-06,0.9746947265284882,2.15e-06,0.4147582769668921,2.15e-06,0.4147582769668921,14,18,26,42,68,0.41262848751835524,0.994394606547526,7.650000000000001e-06
vqe_indep_qiskit_14,10,2.0,2.0,32.0,4.15e-06,0.9786031340633288,4.15e-06,0.5158903687037304,2.0,2.0,32,5.150000000000001e-06,0.9786031340633288,3.1499999999999995e-06,0.5262392767247135,2.0,2.0,32,5.150000000000001e-06,0.9786031340633288,3.1499999999999995e-06,0.5262392767247135,3.1499999999999995e-06,0.5262392767247135,14,18,26,42,68,0.41262848751835524,0.994394606547526,7.650000000000001e-06
vqe_indep_qiskit_8,5,2.0,2.0,32.0,2.65e-06,0.9870391835683056,2.65e-06,0.6480598077607689,2.0,2.0,32,2.65e-06,0.9870391835683056,2.65e-06,0.6480598077607689,2.0,2.0,32,2.65e-06,0.9870391835683056,2.65e-06,0.6480598077607689,2.65e-06,0.6480598077607689,8,12,14,24,38,0.5692883895131087,0.9969640101989584,4.65e-06
vqe_nativegates_ibm_qiskit_opt3_16,5,8.0,5.0,288.0,2.9999999999999992e-06,0.968725959681537,2.5999999999999992e-06,0.3465846153846155,8.0,5.0,256,3.099999999999999e-06,0.9687259600694154,2.3999999999999995e-06,0.3523807277419354,8.0,5.0,256,3.099999999999999e-06,0.9687259600694154,2.3999999999999995e-06,0.3523807277419354,2.3999999999999995e-06,0.3523807277419354,16,29,30,176,206,0.41675617615467236,0.9922681268646619,9.100000000000001e-06
vqe_nativegates_ibm_qiskit_opt3_16,10,2.0,2.0,32.0,5.100000000000003e-06,0.9745584072771418,5.100000000000001e-06,0.5193491582060078,2.0,2.0,32,5.600000000000003e-06,0.974558411957362,4.600000000000001e-06,0.5219671972049685,2.0,2.0,32,5.600000000000003e-06,0.974558411957362,4.600000000000001e-06,0.5219671972049685,4.600000000000001e-06,0.5219671972049685,16,29,30,176,206,0.41675617615467236,0.9922681268646619,9.100000000000001e-06
wstate_indep_qiskit_106,27,8.0,5.0,288.0,1.3700000000000004e-05,0.8536995233994115,1.0950000000000004e-05,0.0673793392985579,8.0,5.0,256,1.4800000000000002e-05,0.8536995282675434,3.1999999999999994e-06,0.0785529073741426,8.0,5.0,256,1.4800000000000002e-05,0.8536995282675434,3.1999999999999994e-06,0.0785529073741426,3.1999999999999994e-06,0.0785529073741426,106,212,210,211,421,0.06828807629191558,0.9568398746670976,5.8749999999999985e-05
wstate_indep_qiskit_106,50,4.0,3.0,272.0,2.3e-05,0.8571227638621324,1.4800000000000002e-05,0.1714291543721984,4.0,3.0,256,2.745e-05,0.8571227638621327,5.400000000000001e-06,0.1889260733758724,4.0,3.0,256,2.745e-05,0.8571227638621327,5.400000000000001e-06,0.1889260733758724,5.400000000000001e-06,0.1889260733758724,106,212,210,211,421,0.06828807629191558,0.9568398746670976,5.8749999999999985e-05
wstate_indep_qiskit_106,65,2.0,2.0,32.0,3.454999999999999e-05,0.8588395257653028,2.47e-05,0.2894173973159427,2.0,2.0,32,3.5699999999999994e-05,0.8588395257653029,2.355e-05,0.2869193965885525,2.0,2.0,32,3.5699999999999994e-05,0.8588395257653029,2.355e-05,0.2869193965885525,2.355e-05,0.2869193965885525,106,212,210,211,421,0.06828807629191558,0.9568398746670976,5.8749999999999985e-05
wstate_indep_qiskit_108,27,8.0,5.0,288.0,1.4250000000000002e-05,0.851277457478347,1.0950000000000004e-05,0.0662881440408916,8.0,5.0,256,1.4800000000000002e-05,0.8512774590964537,4.3e-06,0.0730199018522228,8.0,5.0,256,1.4800000000000002e-05,0.8512774590964537,4.3e-06,0.0730199018522228,4.3e-06,0.0730199018522228,108,216,214,215,429,0.06708855091715042,0.9560362979589312,5.9849999999999984e-05
wstate_indep_qiskit_108,50,4.0,3.0,288.0,2.41e-05,0.8546909808514068,1.7e-05,0.1687406589426653,4.0,3.0,256,2.745e-05,0.8546909824760022,6.500000000000002e-06,0.1823947251299969,4.0,3.0,256,2.745e-05,0.8546909824760022,6.500000000000002e-06,0.1823947251299969,6.500000000000002e-06,0.1823947251299969,108,216,214,215,429,0.06708855091715042,0.9560362979589312,5.9849999999999984e-05
wstate_indep_qiskit_108,65,2.0,2.0,32.0,3.3499999999999994e-05,0.8564028736770786,2.6849999999999995e-05,0.2859387763563913,2.0,2.0,32,3.5699999999999994e-05,0.8564028736770787,2.465e-05,0.2861100643513244,2.0,2.0,32,3.5699999999999994e-05,0.8564028736770787,2.465e-05,0.2861100643513244,2.465e-05,0.2861100643513244,108,216,214,215,429,0.06708855091715042,0.9560362979589312,5.9849999999999984e-05
wstate_indep_qiskit_114,27,10.0,5.0,4096.0,1.4250000000000002e-05,0.8423651959647576,8.200000000000004e-06,0.056101921764505,8.0,5.0,256,1.4800000000000002e-05,0.844052404219393,7.6000000000000035e-06,0.065367984369763,8.0,5.0,256,1.4800000000000002e-05,0.844052404219393,7.6000000000000035e-06,0.065367984369763,7.6000000000000035e-06,0.065367984369763,114,228,226,227,453,0.06373009693096682,0.953629614743949,6.314999999999999e-05
wstate_indep_qiskit_114,50,4.0,3.0,288.0,2.63e-05,0.8474369543602851,1.645e-05,0.1680046919467836,4.0,3.0,256,2.745e-05,0.8474369559710918,9.800000000000004e-06,0.1711634120003185,4.0,3.0,256,2.745e-05,0.8474369559710918,9.800000000000004e-06,0.1711634120003185,9.800000000000004e-06,0.1711634120003185,114,228,226,227,453,0.06373009693096682,0.953629614743949,6.314999999999999e-05
wstate_indep_qiskit_114,65,2.0,2.0,32.0,3.1849999999999995e-05,0.8491343178224959,3.1799999999999994e-05,0.2844757968110992,2.0,2.0,32,3.5699999999999994e-05,0.8491343178224959,2.7949999999999995e-05,0.2840582192452501,2.0,2.0,32,3.5699999999999994e-05,0.8491343178224959,2.7949999999999995e-05,0.2840582192452501,2.7949999999999995e-05,0.2840582192452501,114,228,226,227,453,0.06373009693096682,0.953629614743949,6.314999999999999e-05
wstate_indep_qiskit_115,27,10.0,5.0,1040.0,1.4200000000000005e-05,0.8411693641631165,1.0950000000000004e-05,0.0599573071367049,8.0,5.0,256,1.4800000000000002e-05,0.8428542043074111,8.150000000000003e-06,0.0646590590706982,8.0,5.0,256,1.4800000000000002e-05,0.8428542043074111,8.150000000000003e-06,0.0646590590706982,8.150000000000003e-06,0.0646590590706982,115,230,228,229,457,0.06320276619331672,0.9532290903057565,6.369999999999999e-05
wstate_indep_qiskit_115,50,4.0,3.0,272.0,2.69e-05,0.8462339514171343,1.645e-05,0.1656006842666104,4.0,3.0,256,2.745e-05,0.8462339514171344,1.0350000000000004e-05,0.1699562472757382,4.0,3.0,256,2.745e-05,0.8462339514171344,1.0350000000000004e-05,0.1699562472757382,1.0350000000000004e-05,0.1699562472757382,115,230,228,229,457,0.06320276619331672,0.9532290903057565,6.369999999999999e-05
wstate_indep_qiskit_115,65,2.0,2.0,32.0,3.5149999999999994e-05,0.8479289037276013,2.9049999999999995e-05,0.2837736295990864,2.0,2.0,32,3.5699999999999994e-05,0.8479289037276013,2.8499999999999995e-05,0.2837617233128069,2.0,2.0,32,3.5699999999999994e-05,0.8479289037276013,2.8499999999999995e-05,0.2837617233128069,2.8499999999999995e-05,0.2837617233128069,115,230,228,229,457,0.06320276619331672,0.9532290903057565,6.369999999999999e-05
wstate_indep_qiskit_12,5,6.0,4.0,288.0,2.65e-06,0.977614621428052,1.6e-06,0.4504892496709083,6.0,4.0,256,2.7e-06,0.9776146251445484,1.55e-06,0.4879569556471808,6.0,4.0,256,2.7e-06,0.9776146251445484,1.55e-06,0.4879569556471808,1.55e-06,0.4879569556471808,12,24,22,23,45,0.42206016408386504,0.9953797777127779,7.050000000000003e-06
wstate_indep_qiskit_12,10,2.0,2.0,32.0,3.799999999999999e-06,0.9815347458331208,3.7499999999999992e-06,0.5397243107769423,2.0,2.0,32,5.450000000000001e-06,0.9815347458331208,2.1e-06,0.5783147662734817,2.0,2.0,32,5.450000000000001e-06,0.9815347458331208,2.1e-06,0.5783147662734817,2.1e-06,0.5783147662734817,12,24,22,23,45,0.42206016408386504,0.9953797777127779,7.050000000000003e-06
wstate_indep_qiskit_69,16,8.0,5.0,272.0,8.750000000000004e-06,0.8997717015467861,7.650000000000003e-06,0.0906571764002086,8.0,5.0,256,8.750000000000004e-06,0.8997717032570707,7.050000000000003e-06,0.090738884775132,8.0,5.0,256,8.750000000000004e-06,0.8997717032570707,7.050000000000003e-06,0.090738884775132,7.050000000000003e-06,0.090738884775132,69,138,136,137,273,0.10203207028320406,0.9718284738641816,3.839999999999999e-05
wstate_indep_qiskit_69,27,4.0,3.0,288.0,1.4200000000000005e-05,0.9033796811856998,1.1500000000000003e-05,0.1938484162794801,4.0,3.0,256,1.4800000000000002e-05,0.9033796829028428,1.0350000000000004e-05,0.1925113144988306,4.0,3.0,256,1.4800000000000002e-05,0.9033796829028428,1.0350000000000004e-05,0.1925113144988306,1.0350000000000004e-05,0.1925113144988306,69,138,136,137,273,0.10203207028320406,0.9718284738641816,3.839999999999999e-05
wstate_indep_qiskit_69,50,2.0,2.0,32.0,2.305e-05,0.9051890944470152,1.585e-05,0.3063735894494847,2.0,2.0,32,2.745e-05,0.9051890944470152,1.1450000000000004e-05,0.3118042104569416,2.0,2.0,32,2.745e-05,0.9051890944470152,1.1450000000000004e-05,0.3118042104569416,1.1450000000000004e-05,0.3118042104569416,69,138,136,137,273,0.10203207028320406,0.9718284738641816,3.839999999999999e-05
wstate_indep_qiskit_69,65,2.0,2.0,32.0,2.47e-05,0.9051890944470152,1.4200000000000005e-05,0.3075250422915361,2.0,2.0,32,3.5699999999999994e-05,0.9051890944470152,3.1999999999999994e-06,0.3887005763843999,2.0,2.0,32,3.5699999999999994e-05,0.9051890944470152,3.1999999999999994e-06,0.3887005763843999,3.1999999999999994e-06,0.3887005763843999,69,138,136,137,273,0.10203207028320406,0.9718284738641816,3.839999999999999e-05
wstate_indep_qiskit_70,16,8.0,5.0,288.0,8.750000000000004e-06,0.8984944036347043,7.100000000000003e-06,0.0899100541929639,8.0,5.0,256,8.750000000000004e-06,0.8984944053425611,7.6000000000000035e-06,0.0896252747952134,8.0,5.0,256,8.750000000000004e-06,0.8984944053425611,7.6000000000000035e-06,0.0896252747952134,7.6000000000000035e-06,0.0896252747952134,70,140,138,139,277,0.10068769102528469,0.9714203059051586,3.894999999999999e-05
wstate_indep_qiskit_70,27,4.0,3.0,288.0,1.4250000000000002e-05,0.9020972614578822,1.2000000000000004e-05,0.1911699869599944,4.0,3.0,256,1.4800000000000002e-05,0.9020972631725874,1.0900000000000004e-05,0.1912761134840512,4.0,3.0,256,1.4800000000000002e-05,0.9020972631725874,1.0900000000000004e-05,0.1912761134840512,1.0900000000000004e-05,0.1912761134840512,70,140,138,139,277,0.10068769102528469,0.9714203059051586,3.894999999999999e-05
wstate_indep_qiskit_70,50,2.0,2.0,32.0,2.52e-05,0.90390410611232,1.4250000000000002e-05,0.3134890948106053,2.0,2.0,32,2.745e-05,0.9039041061123202,1.2000000000000004e-05,0.3101277115416461,2.0,2.0,32,2.745e-05,0.9039041061123202,1.2000000000000004e-05,0.3101277115416461,1.2000000000000004e-05,0.3101277115416461,70,140,138,139,277,0.10068769102528469,0.9714203059051586,3.894999999999999e-05
wstate_indep_qiskit_70,65,2.0,2.0,32.0,2.415e-05,0.90390410611232,1.5300000000000003e-05,0.3059901826343187,2.0,2.0,32,3.5699999999999994e-05,0.9039041061123202,3.7499999999999992e-06,0.3732803890787083,2.0,2.0,32,3.5699999999999994e-05,0.9039041061123202,3.7499999999999992e-06,0.3732803890787083,3.7499999999999992e-06,0.3732803890787083,70,140,138,139,277,0.10068769102528469,0.9714203059051586,3.894999999999999e-05
wstate_indep_qiskit_71,16,0.0,0.0,0.0,0.0,0.0,0.0,0.0,8.0,5.0,256,8.750000000000004e-06,0.8972189206546247,8.150000000000003e-06,0.0886532756529642,8.0,5.0,256,8.750000000000004e-06,0.8972189206546247,8.150000000000003e-06,0.0886532756529642,8.150000000000003e-06,0.0886532756529642,71,142,140,141,281,0.09937825234844891,0.9710123093766785,3.949999999999999e-05
wstate_indep_qiskit_71,27,4.0,3.0,272.0,1.4250000000000002e-05,0.9008166639397328,1.2050000000000003e-05,0.1915649123966951,4.0,3.0,256,1.4800000000000002e-05,0.9008166639397328,1.1450000000000004e-05,0.1901548262086922,4.0,3.0,256,1.4800000000000002e-05,0.9008166639397328,1.1450000000000004e-05,0.1901548262086922,1.1450000000000004e-05,0.1901548262086922,71,142,140,141,281,0.09937825234844891,0.9710123093766785,3.949999999999999e-05
wstate_indep_qiskit_71,50,2.0,2.0,32.0,2.415e-05,0.9026209419213652,1.585e-05,0.3050108769205059,2.0,2.0,32,2.745e-05,0.9026209419213654,1.2550000000000004e-05,0.3085928180838065,2.0,2.0,32,2.745e-05,0.9026209419213654,1.2550000000000004e-05,0.3085928180838065,1.2550000000000004e-05,0.3085928180838065,71,142,140,141,281,0.09937825234844891,0.9710123093766785,3.949999999999999e-05
wstate_indep_qiskit_71,65,2.0,2.0,32.0,2.25e-05,0.9026209419213652,1.75e-05,0.3045071138211382,2.0,2.0,32,3.5699999999999994e-05,0.9026209419213652,4.3e-06,0.361321800634386,2.0,2.0,32,3.5699999999999994e-05,0.9026209419213652,4.3e-06,0.361321800634386,4.3e-06,0.361321800634386,71,142,140,141,281,0.09937825234844891,0.9710123093766785,3.949999999999999e-05
wstate_indep_qiskit_73,16,0.0,0.0,0.0,0.0,0.0,0.0,0.0,10.0,6.0,256,8.750000000000004e-06,0.8928849893197826,1.55e-06,0.0816674400115234,10.0,6.0,256,8.750000000000004e-06,0.8928849893197826,1.55e-06,0.0816674400115234,1.55e-06,0.0816674400115234,73,146,144,145,289,0.0968588902052447,0.9701968303233736,4.059999999999999e-05
wstate_indep_qiskit_73,27,6.0,4.0,272.0,1.2600000000000005e-05,0.8964653523414341,7.650000000000003e-06,0.1280989268518485,4.0,3.0,256,1.4800000000000002e-05,0.8982609166325277,1.2550000000000004e-05,0.188196347977412,4.0,3.0,256,1.4800000000000002e-05,0.8982609166325277,1.2550000000000004e-05,0.188196347977412,1.2550000000000004e-05,0.188196347977412,73,146,144,145,289,0.0968588902052447,0.9701968303233736,4.059999999999999e-05
wstate_indep_qiskit_73,50,0.0,0.0,0.0,0.0,0.0,0.0,0.0,2.0,2.0,32,2.745e-05,0.9000600756162801,1.3650000000000005e-05,0.3058817350227187,2.0,2.0,32,2.745e-05,0.9000600756162801,1.3650000000000005e-05,0.3058817350227187,1.3650000000000005e-05,0.3058817350227187,73,146,144,145,289,0.0968588902052447,0.9701968303233736,4.059999999999999e-05
wstate_indep_qiskit_73,65,2.0,2.0,32.0,2.19e-05,0.90006007561628,1.92e-05,0.304539544092466,2.0,2.0,32,3.5699999999999994e-05,0.9000600756162801,5.400000000000001e-06,0.3440202063731474,2.0,2.0,32,3.5699999999999994e-05,0.9000600756162801,5.400000000000001e-06,0.3440202063731474,5.400000000000001e-06,0.3440202063731474,73,146,144,145,289,0.0968588902052447,0.9701968303233736,4.059999999999999e-05
wstate_indep_qiskit_87,16,0.0,0.0,0.0,0.0,0.0,0.0,0.0,12.0,7.0,256,8.750000000000004e-06,0.8735528301771958,1.55e-06,0.0502329451900147,12.0,7.0,256,8.750000000000004e-06,0.8735528301771958,1.55e-06,0.0502329451900147,1.55e-06,0.0502329451900147,87,174,172,173,345,0.0822594599517325,0.964507620814567,4.829999999999999e-05
wstate_indep_qiskit_87,27,6.0,4.0,272.0,1.4250000000000002e-05,0.8788123597734292,1.0950000000000004e-05,0.113853334961799,6.0,4.0,256,1.4800000000000002e-05,0.8788123614438744,6.500000000000002e-06,0.1177582665104087,6.0,4.0,256,1.4800000000000002e-05,0.8788123614438744,6.500000000000002e-06,0.1177582665104087,6.500000000000002e-06,0.1177582665104087,87,174,172,173,345,0.0822594599517325,0.964507620814567,4.829999999999999e-05
wstate_indep_qiskit_87,50,2.0,2.0,32.0,2.47e-05,0.8823362965721565,2.41e-05,0.2949669388629863,2.0,2.0,32,2.745e-05,0.8823362965721567,2.135e-05,0.2945597488301064,2.0,2.0,32,2.745e-05,0.8823362965721567,2.135e-05,0.2945597488301064,2.135e-05,0.2945597488301064,87,174,172,173,345,0.0822594599517325,0.964507620814567,4.829999999999999e-05
wstate_indep_qiskit_87,65,2.0,2.0,32.0,3.1299999999999995e-05,0.8823362965721567,1.75e-05,0.2958971660380985,2.0,2.0,32,3.5699999999999994e-05,0.8823362965721567,1.3100000000000003e-05,0.3011580938893468,2.0,2.0,32,3.5699999999999994e-05,0.8823362965721567,1.3100000000000003e-05,0.3011580938893468,1.3100000000000003e-05,0.3011580938893468,87,174,172,173,345,0.0822594599517325,0.964507620814567,4.829999999999999e-05
wstate_indep_qiskit_89,16,0.0,0.0,0.0,0.0,0.0,0.0,0.0,12.0,7.0,256,8.750000000000004e-06,0.8710744343139771,2.65e-06,0.042904119497141,12.0,7.0,256,8.750000000000004e-06,0.8710744343139771,2.65e-06,0.042904119497141,2.65e-06,0.042904119497141,89,178,176,177,353,0.08052536429178185,0.9636976045522271,4.939999999999999e-05
wstate_indep_qiskit_89,27,6.0,4.0,288.0,1.3700000000000004e-05,0.8763190401974992,1.0400000000000004e-05,0.1130059125773912,6.0,4.0,256,1.4800000000000002e-05,0.8763190435289109,7.6000000000000035e-06,0.1146845963806033,6.0,4.0,256,1.4800000000000002e-05,0.8763190435289109,7.6000000000000035e-06,0.1146845963806033,7.6000000000000035e-06,0.1146845963806033,89,178,176,177,353,0.08052536429178185,0.9636976045522271,4.939999999999999e-05
wstate_indep_qiskit_89,50,2.0,2.0,32.0,2.7399999999999995e-05,0.8798329807429941,2.25e-05,0.2953899471841435,2.0,2.0,32,2.745e-05,0.8798329807429942,2.245e-05,0.2935636317113839,2.0,2.0,32,2.745e-05,0.8798329807429942,2.245e-05,0.2935636317113839,2.245e-05,0.2935636317113839,89,178,176,177,353,0.08052536429178185,0.9636976045522271,4.939999999999999e-05
wstate_indep_qiskit_89,65,2.0,2.0,32.0,2.855e-05,0.8798329807429943,2.135e-05,0.2936027156979758,2.0,2.0,32,3.5699999999999994e-05,0.8798329807429943,1.4200000000000005e-05,0.2987035334177008,2.0,2.0,32,3.5699999999999994e-05,0.8798329807429943,1.4200000000000005e-05,0.2987035334177008,1.4200000000000005e-05,0.2987035334177008,89,178,176,177,353,0.08052536429178185,0.9636976045522271,4.939999999999999e-05
wstate_indep_qiskit_95,16,0.0,0.0,0.0,0.0,0.0,0.0,0.0,12.0,7.0,256,8.750000000000004e-06,0.8636813563901199,5.9500000000000015e-06,0.0353878099892177,12.0,7.0,256,8.750000000000004e-06,0.8636813563901199,5.9500000000000015e-06,0.0353878099892177,5.9500000000000015e-06,0.0353878099892177,95,190,188,189,377,0.07573549154232663,0.9612716351050985,5.269999999999999e-05
wstate_indep_qiskit_95,27,6.0,4.0,288.0,1.4250000000000002e-05,0.868881451334266,1.2050000000000003e-05,0.1091063452546154,6.0,4.0,256,1.4800000000000002e-05,0.8688814529858343,1.0900000000000004e-05,0.109023656106699,6.0,4.0,256,1.4800000000000002e-05,0.8688814529858343,1.0900000000000004e-05,0.109023656106699,1.0900000000000004e-05,0.109023656106699,95,190,188,189,377,0.07573549154232663,0.9612716351050985,5.269999999999999e-05
wstate_indep_qiskit_95,50,2.0,2.0,32.0,2.7399999999999995e-05,0.8723655663288223,2.58e-05,0.2916137490654696,2.0,2.0,32,2.745e-05,0.8723655663288223,2.575e-05,0.2910770818024096,2.0,2.0,32,2.745e-05,0.8723655663288223,2.575e-05,0.2910770818024096,2.575e-05,0.2910770818024096,95,190,188,189,377,0.07573549154232663,0.9612716351050985,5.269999999999999e-05
wstate_indep_qiskit_95,65,2.0,2.0,32.0,2.745e-05,0.8723655663288223,2.575e-05,0.2910770818024096,2.0,2.0,32,3.5699999999999994e-05,0.8723655663288226,1.75e-05,0.2931433534952443,2.0,2.0,32,3.5699999999999994e-05,0.8723655663288226,1.75e-05,0.2931433534952443,1.75e-05,0.2931433534952443,95,190,188,189,377,0.07573549154232663,0.9612716351050985,5.269999999999999e-05
wstate_nativegates_ibm_qiskit_opt3_100,27,6.0,4.0,288.0,1.6749999999999994e-05,0.8593205871639816,1.659999999999999e-05,0.1053783936675731,6.0,4.0,256,1.7399999999999996e-05,0.8593205924942212,1.594999999999999e-05,0.1053260435150382,6.0,4.0,256,1.7399999999999996e-05,0.8593205924942212,1.594999999999999e-05,0.1053260435150382,1.594999999999999e-05,0.1053260435150382,100,400,198,595,793,0.06705333352961083,0.955461864713291,6.535000000000017e-05
wstate_nativegates_ibm_qiskit_opt3_100,50,4.0,3.0,272.0,2.7800000000000032e-05,0.8610417401374635,1.7399999999999996e-05,0.1706183252155331,4.0,3.0,256,3.235000000000005e-05,0.8610417427217776,2.3e-06,0.2409197580563952,4.0,3.0,256,3.235000000000005e-05,0.8610417427217776,2.3e-06,0.2409197580563952,2.3e-06,0.2409197580563952,100,400,198,595,793,0.06705333352961083,0.955461864713291,6.535000000000017e-05
wstate_nativegates_ibm_qiskit_opt3_100,65,2.0,2.0,32.0,3.755000000000007e-05,0.8627663389804547,2.830000000000003e-05,0.2882986089698447,2.0,2.0,32,4.210000000000008e-05,0.8627663402751993,2.375000000000001e-05,0.2894121224612533,2.0,2.0,32,4.210000000000008e-05,0.8627663402751993,2.375000000000001e-05,0.2894121224612533,2.375000000000001e-05,0.2894121224612533,100,400,198,595,793,0.06705333352961083,0.955461864713291,6.535000000000017e-05
wstate_nativegates_ibm_qiskit_opt3_110,27,10.0,5.0,4112.0,1.6749999999999994e-05,0.8434782890028133,1.27e-05,0.0569159412743309,8.0,5.0,256,1.7399999999999996e-05,0.8451677175836279,6.2000000000000025e-06,0.068738205709944,8.0,5.0,256,1.7399999999999996e-05,0.8451677175836279,6.2000000000000025e-06,0.068738205709944,6.2000000000000025e-06,0.068738205709944,110,440,218,655,873,0.06125116029117194,0.951075826892364,7.185000000000019e-05
wstate_nativegates_ibm_qiskit_opt3_110,50,4.0,3.0,272.0,3.2200000000000044e-05,0.8485567118941358,2.0000000000000005e-05,0.1689232645293186,4.0,3.0,256,3.235000000000005e-05,0.8485567144409775,8.800000000000007e-06,0.1770481528092258,4.0,3.0,256,3.235000000000005e-05,0.8485567144409775,8.800000000000007e-06,0.1770481528092258,8.800000000000007e-06,0.1770481528092258,110,440,218,655,873,0.06125116029117194,0.951075826892364,7.185000000000019e-05
wstate_nativegates_ibm_qiskit_opt3_110,65,2.0,2.0,32.0,4.195000000000008e-05,0.8502563042081058,3.040000000000004e-05,0.2872474461113814,2.0,2.0,32,4.210000000000008e-05,0.8502563054840769,3.025000000000004e-05,0.2849054509354886,2.0,2.0,32,4.210000000000008e-05,0.8502563054840769,3.025000000000004e-05,0.2849054509354886,3.025000000000004e-05,0.2849054509354886,110,440,218,655,873,0.06125116029117194,0.951075826892364,7.185000000000019e-05
wstate_nativegates_ibm_qiskit_opt3_124,27,0.0,0.0,0.0,0.0,0.0,0.0,0.0,8.0,5.0,256,1.7399999999999996e-05,0.8280608182537581,1.5299999999999996e-05,0.0600864789473721,8.0,5.0,256,1.7399999999999996e-05,0.8280608182537581,1.5299999999999996e-05,0.0600864789473721,1.5299999999999996e-05,0.0600864789473721,124,496,246,739,985,0.05463251691879933,0.944969178448551,8.095000000000022e-05
wstate_nativegates_ibm_qiskit_opt3_124,50,0.0,0.0,0.0,0.0,0.0,0.0,0.0,4.0,3.0,256,3.235000000000005e-05,0.8313812189888684,1.7899999999999995e-05,0.1622197027378561,4.0,3.0,256,3.235000000000005e-05,0.8313812189888684,1.7899999999999995e-05,0.1622197027378561,1.7899999999999995e-05,0.1622197027378561,124,496,246,739,985,0.05463251691879933,0.944969178448551,8.095000000000022e-05
wstate_nativegates_ibm_qiskit_opt3_124,65,2.0,2.0,32.0,4.210000000000008e-05,0.8330464076419416,3.935000000000007e-05,0.2810468322325136,2.0,2.0,32,4.210000000000008e-05,0.8330464088920861,3.935000000000007e-05,0.2810564134833993,2.0,2.0,32,4.210000000000008e-05,0.8330464088920861,3.935000000000007e-05,0.2810564134833993,3.935000000000007e-05,0.2810564134833993,124,496,246,739,985,0.05463251691879933,0.944969178448551,8.095000000000022e-05
wstate_nativegates_ibm_qiskit_opt3_14,5,6.0,4.0,272.0,3.099999999999999e-06,0.9743340325471436,2.4499999999999994e-06,0.4245009725991246,6.0,4.0,256,3.099999999999999e-06,0.974334036933664,2.4499999999999994e-06,0.4304301062820325,6.0,4.0,256,3.099999999999999e-06,0.974334036933664,2.4499999999999994e-06,0.4304301062820325,2.4499999999999994e-06,0.4304301062820325,14,56,26,79,105,0.35911270983213395,0.9940265863538184,9.450000000000006e-06
wstate_nativegates_ibm_qiskit_opt3_14,10,2.0,2.0,32.0,5.050000000000001e-06,0.978240970054442,4.9e-06,0.5052235931501312,2.0,2.0,32,6.350000000000004e-06,0.9782409715224784,3.599999999999999e-06,0.5145195392242634,2.0,2.0,32,6.350000000000004e-06,0.9782409715224784,3.599999999999999e-06,0.5145195392242634,3.599999999999999e-06,0.5145195392242634,14,56,26,79,105,0.35911270983213395,0.9940265863538184,9.450000000000006e-06
wstate_nativegates_ibm_qiskit_opt3_15,5,8.0,5.0,272.0,2.9499999999999997e-06,0.970967180549375,1.7999999999999995e-06,0.378498315371017,8.0,5.0,256,3.099999999999999e-06,0.9709671880292626,1.65e-06,0.4102589094204676,8.0,5.0,256,3.099999999999999e-06,0.9709671880292626,1.65e-06,0.4102589094204676,1.65e-06,0.4102589094204676,15,60,28,85,113,0.3419936373276774,0.9935693341240956,1.0100000000000005e-05
wstate_nativegates_ibm_qiskit_opt3_15,10,2.0,2.0,32.0,6.2000000000000025e-06,0.9768131882290084,4.399999999999999e-06,0.498125261834939,2.0,2.0,32,6.350000000000004e-06,0.9768131896949024,4.249999999999999e-06,0.4937272546813998,2.0,2.0,32,6.350000000000004e-06,0.9768131896949024,4.249999999999999e-06,0.4937272546813998,4.249999999999999e-06,0.4937272546813998,15,60,28,85,113,0.3419936373276774,0.9935693341240956,1.0100000000000005e-05
wstate_nativegates_ibm_qiskit_opt3_36,10,8.0,5.0,272.0,6.2000000000000025e-06,0.9416370818291168,3.749999999999999e-06,0.1640906650364523,8.0,5.0,256,6.350000000000004e-06,0.9416370906845788,2.3e-06,0.1783115850068475,8.0,5.0,256,6.350000000000004e-06,0.9416370906845788,2.3e-06,0.1783115850068475,2.3e-06,0.1783115850068475,36,144,70,211,281,0.1701700644343509,0.984015476244838,2.3750000000000015e-05
wstate_nativegates_ibm_qiskit_opt3_36,16,4.0,3.0,288.0,9.600000000000005e-06,0.9454129109360154,6.2000000000000025e-06,0.2563488266154061,4.0,3.0,256,1.0250000000000004e-05,0.9454129153815009,4.9e-06,0.2633967788060822,4.0,3.0,256,1.0250000000000004e-05,0.9454129153815009,4.9e-06,0.2633967788060822,4.9e-06,0.2633967788060822,36,144,70,211,281,0.1701700644343509,0.984015476244838,2.3750000000000015e-05
wstate_nativegates_ibm_qiskit_opt3_36,27,2.0,2.0,32.0,1.5299999999999996e-05,0.947306500205412,8.950000000000006e-06,0.3672254128218636,2.0,2.0,32,1.7399999999999996e-05,0.9473065016270258,6.850000000000004e-06,0.3678774629986979,2.0,2.0,32,1.7399999999999996e-05,0.9473065016270258,6.850000000000004e-06,0.3678774629986979,6.850000000000004e-06,0.3678774629986979,36,144,70,211,281,0.1701700644343509,0.984015476244838,2.3750000000000015e-05
wstate_nativegates_ibm_qiskit_opt3_57,10,0.0,0.0,0.0,0.0,0.0,0.0,0.0,12.0,7.0,256,6.350000000000004e-06,0.9095458268527618,5.550000000000001e-06,0.0649234760550037,12.0,7.0,256,6.350000000000004e-06,0.9095458268527618,5.550000000000001e-06,0.0649234760550037,5.550000000000001e-06,0.0649234760550037,57,228,112,337,449,0.1131205829419252,0.9745534853317216,3.740000000000006e-05
wstate_nativegates_ibm_qiskit_opt3_57,16,6.0,4.0,288.0,1.0250000000000004e-05,0.9150220169582018,8.950000000000006e-06,0.1425882600928775,6.0,4.0,256,1.0250000000000004e-05,0.9150220226339488,9.450000000000006e-06,0.1426460671074912,6.0,4.0,256,1.0250000000000004e-05,0.9150220226339488,9.450000000000006e-06,0.1426460671074912,9.450000000000006e-06,0.1426460671074912,57,228,112,337,449,0.1131205829419252,0.9745534853317216,3.740000000000006e-05
wstate_nativegates_ibm_qiskit_opt3_57,27,4.0,3.0,288.0,1.335e-05,0.9168547340475096,1.22e-05,0.2057120689859753,4.0,3.0,256,1.7399999999999996e-05,0.91685473835871,4.249999999999999e-06,0.2314551680587926,4.0,3.0,256,1.7399999999999996e-05,0.91685473835871,4.249999999999999e-06,0.2314551680587926,4.249999999999999e-06,0.2314551680587926,57,228,112,337,449,0.1131205829419252,0.9745534853317216,3.740000000000006e-05
wstate_nativegates_ibm_qiskit_opt3_57,50,2.0,2.0,32.0,2.390000000000002e-05,0.91869112348741,1.3999999999999998e-05,0.3185169390713323,2.0,2.0,32,3.235000000000005e-05,0.9186911248660804,5.550000000000001e-06,0.3588572807738182,2.0,2.0,32,3.235000000000005e-05,0.9186911248660804,5.550000000000001e-06,0.3588572807738182,5.550000000000001e-06,0.3588572807738182,57,228,112,337,449,0.1131205829419252,0.9745534853317216,3.740000000000006e-05
wstate_nativegates_ibm_qiskit_opt3_62,16,8.0,5.0,272.0,9.600000000000005e-06,0.9065481800158643,7.650000000000006e-06,0.0979433752142577,8.0,5.0,256,1.0250000000000004e-05,0.9065481869994976,3.599999999999999e-06,0.106491162220412,8.0,5.0,256,1.0250000000000004e-05,0.9065481869994976,3.599999999999999e-06,0.106491162220412,3.599999999999999e-06,0.106491162220412,62,248,122,367,489,0.1047544409613374,0.9723140735222603,4.065000000000007e-05
wstate_nativegates_ibm_qiskit_opt3_62,27,4.0,3.0,288.0,1.5449999999999993e-05,0.910183306131102,1.1400000000000004e-05,0.1990145344443925,4.0,3.0,256,1.7399999999999996e-05,0.9101833104109324,7.500000000000005e-06,0.2055597655547582,4.0,3.0,256,1.7399999999999996e-05,0.9101833104109324,7.500000000000005e-06,0.2055597655547582,7.500000000000005e-06,0.2055597655547582,62,248,122,367,489,0.1047544409613374,0.9723140735222603,4.065000000000007e-05
wstate_nativegates_ibm_qiskit_opt3_62,50,2.0,2.0,32.0,2.570000000000002e-05,0.9120063332145462,1.5449999999999993e-05,0.3189785585588422,2.0,2.0,32,3.235000000000005e-05,0.9120063345831853,8.800000000000007e-06,0.3295805064332882,2.0,2.0,32,3.235000000000005e-05,0.9120063345831853,8.800000000000007e-06,0.3295805064332882,8.800000000000007e-06,0.3295805064332882,62,248,122,367,489,0.1047544409613374,0.9723140735222603,4.065000000000007e-05
wstate_nativegates_ibm_qiskit_opt3_86,16,0.0,0.0,0.0,0.0,0.0,0.0,0.0,10.0,6.0,256,1.0250000000000004e-05,0.8735703997670845,9.600000000000005e-06,0.0530152299679507,10.0,6.0,256,1.0250000000000004e-05,0.8735703997670845,9.600000000000005e-06,0.0530152299679507,9.600000000000005e-06,0.0530152299679507,86,344,170,511,681,0.07730471220746354,0.9616363197562093,5.625000000000013e-05
wstate_nativegates_ibm_qiskit_opt3_86,27,6.0,4.0,272.0,1.6749999999999994e-05,0.8770732817156925,1.22e-05,0.113235546035854,6.0,4.0,256,1.7399999999999996e-05,0.8770732871560499,6.850000000000004e-06,0.118706428942579,6.0,4.0,256,1.7399999999999996e-05,0.8770732871560499,6.850000000000004e-06,0.118706428942579,6.850000000000004e-06,0.118706428942579,86,344,170,511,681,0.07730471220746354,0.9616363197562093,5.625000000000013e-05
wstate_nativegates_ibm_qiskit_opt3_86,50,2.0,2.0,32.0,3.155000000000004e-05,0.8805902192810152,2.5200000000000023e-05,0.2964933924861473,2.0,2.0,32,3.235000000000005e-05,0.8805902206025081,2.4400000000000017e-05,0.2945230825753157,2.0,2.0,32,3.235000000000005e-05,0.8805902206025081,2.4400000000000017e-05,0.2945230825753157,2.4400000000000017e-05,0.2945230825753157,86,344,170,511,681,0.07730471220746354,0.9616363197562093,5.625000000000013e-05
wstate_nativegates_ibm_qiskit_opt3_86,65,2.0,2.0,32.0,3.625000000000006e-05,0.8805902192810154,2.0500000000000004e-05,0.2957752331641232,2.0,2.0,32,4.210000000000008e-05,0.8805902206025085,1.4649999999999995e-05,0.3021479671672348,2.0,2.0,32,4.210000000000008e-05,0.8805902206025085,1.4649999999999995e-05,0.3021479671672348,1.4649999999999995e-05,0.3021479671672348,86,344,170,511,681,0.07730471220746354,0.9616363197562093,5.625000000000013e-05
wstate_nativegates_ibm_qiskit_opt3_9,5,4.0,3.0,272.0,2.4499999999999994e-06,0.9834414886109014,2.3e-06,0.5921615540626192,4.0,3.0,256,3.099999999999999e-06,0.9834414915625836,1.65e-06,0.6218477068246652,4.0,3.0,256,3.099999999999999e-06,0.9834414915625836,1.65e-06,0.6218477068246652,1.65e-06,0.6218477068246652,9,36,16,49,65,0.47736093143596375,0.9963160059323454,6.2000000000000025e-06
wstate_nativegates_ibm_qiskit_opt3_90,16,0.0,0.0,0.0,0.0,0.0,0.0,0.0,12.0,7.0,256,1.0250000000000004e-05,0.8667454890185528,3.599999999999999e-06,0.0399678127772406,12.0,7.0,256,1.0250000000000004e-05,0.8667454890185528,3.599999999999999e-06,0.0399678127772406,3.599999999999999e-06,0.0399678127772406,90,360,178,535,713,0.07406938465434279,0.9598681294469652,5.8850000000000136e-05
wstate_nativegates_ibm_qiskit_opt3_90,27,6.0,4.0,272.0,1.7399999999999996e-05,0.871963987010371,1.155e-05,0.1112714458175658,6.0,4.0,256,1.7399999999999996e-05,0.8719639924190363,9.450000000000006e-06,0.1124376666842272,6.0,4.0,256,1.7399999999999996e-05,0.8719639924190363,9.450000000000006e-06,0.1124376666842272,9.450000000000006e-06,0.1124376666842272,90,360,178,535,713,0.07406938465434279,0.9598681294469652,5.8850000000000136e-05
wstate_nativegates_ibm_qiskit_opt3_90,50,2.0,2.0,32.0,3.040000000000004e-05,0.8754604370396395,2.8950000000000036e-05,0.2927716167217117,2.0,2.0,32,3.235000000000005e-05,0.8754604383534341,2.7000000000000023e-05,0.292522345706271,2.0,2.0,32,3.235000000000005e-05,0.8754604383534341,2.7000000000000023e-05,0.292522345706271,2.7000000000000023e-05,0.292522345706271,90,360,178,535,713,0.07406938465434279,0.9598681294469652,5.8850000000000136e-05
wstate_nativegates_ibm_qiskit_opt3_90,65,2.0,2.0,32.0,3.415000000000005e-05,0.8754604370396395,2.5200000000000023e-05,0.2952280087698189,2.0,2.0,32,4.210000000000008e-05,0.8754604383534342,1.7249999999999992e-05,0.2971893938123411,2.0,2.0,32,4.210000000000008e-05,0.8754604383534342,1.7249999999999992e-05,0.2971893938123411,1.7249999999999992e-05,0.2971893938123411,90,360,178,535,713,0.07406938465434279,0.9598681294469652,5.8850000000000136e-05
wstate_nativegates_ibm_qiskit_opt3_93,16,0.0,0.0,0.0,0.0,0.0,0.0,0.0,12.0,7.0,256,1.0250000000000004e-05,0.8629558763625114,5.550000000000001e-06,0.0361079499836389,12.0,7.0,256,1.0250000000000004e-05,0.8629558763625114,5.550000000000001e-06,0.0361079499836389,5.550000000000001e-06,0.0361079499836389,93,372,184,553,737,0.07181514344366582,0.9585441206591871,6.080000000000014e-05
wstate_nativegates_ibm_qiskit_opt3_93,27,8.0,5.0,272.0,1.6749999999999994e-05,0.8664161944167013,1.0100000000000003e-05,0.0728106585296392,6.0,4.0,256,1.7399999999999996e-05,0.8681515632536702,1.1400000000000004e-05,0.1095015279202424,6.0,4.0,256,1.7399999999999996e-05,0.8681515632536702,1.1400000000000004e-05,0.1095015279202424,1.1400000000000004e-05,0.1095015279202424,93,372,184,553,737,0.07181514344366582,0.9585441206591871,6.080000000000014e-05
wstate_nativegates_ibm_qiskit_opt3_93,50,0.0,0.0,0.0,0.0,0.0,0.0,0.0,2.0,2.0,32,3.235000000000005e-05,0.871632721914085,2.8950000000000036e-05,0.2912523875750881,2.0,2.0,32,3.235000000000005e-05,0.871632721914085,2.8950000000000036e-05,0.2912523875750881,2.8950000000000036e-05,0.2912523875750881,93,372,184,553,737,0.07181514344366582,0.9585441206591871,6.080000000000014e-05
wstate_nativegates_ibm_qiskit_opt3_93,65,2.0,2.0,32.0,3.2850000000000046e-05,0.8716327206060345,2.8450000000000038e-05,0.2923902690818504,2.0,2.0,32,4.210000000000008e-05,0.8716327219140851,1.92e-05,0.2943218793775502,2.0,2.0,32,4.210000000000008e-05,0.8716327219140851,1.92e-05,0.2943218793775502,1.92e-05,0.2943218793775502,93,372,184,553,737,0.07181514344366582,0.9585441206591871,6.080000000000014e-05
wstate_nativegates_ibm_qiskit_opt3_97,27,6.0,4.0,272.0,1.7249999999999992e-05,0.8630942356921549,1.5449999999999993e-05,0.1071952858327345,6.0,4.0,256,1.7399999999999996e-05,0.8630942410458022,1.3999999999999998e-05,0.1067987070418398,6.0,4.0,256,1.7399999999999996e-05,0.8630942410458022,1.3999999999999998e-05,0.1067987070418398,1.3999999999999998e-05,0.1067987070418398,97,388,192,577,769,0.06901454664770855,0.9567816160716294,6.340000000000016e-05
wstate_nativegates_ibm_qiskit_opt3_97,50,2.0,2.0,32.0,3.235000000000005e-05,0.8665551192958386,3.155000000000004e-05,0.2897819395775755,2.0,2.0,32,3.235000000000005e-05,0.8665551205962692,3.155000000000004e-05,0.2897983318130986,2.0,2.0,32,3.235000000000005e-05,0.8665551205962692,3.155000000000004e-05,0.2897983318130986,3.155000000000004e-05,0.2897983318130986,97,388,192,577,769,0.06901454664770855,0.9567816160716294,6.340000000000016e-05
wstate_nativegates_ibm_qiskit_opt3_97,65,2.0,2.0,32.0,3.885000000000007e-05,0.8665551192958387,2.505000000000002e-05,0.2898951384979326,2.0,2.0,32,4.210000000000008e-05,0.8665551205962692,2.1800000000000008e-05,0.2912727732047495,2.0,2.0,32,4.210000000000008e-05,0.8665551205962692,2.1800000000000008e-05,0.2912727732047495,2.1800000000000008e-05,0.2912727732047495,97,388,192,577,769,0.06901454664770855,0.9567816160716294,6.340000000000016e-05
