qpu_width,name,mip_num_cuts,mip_subcircuits_num,mip_DataFlux,mip_Latency,mip_Fidelity,mip_min_latency,mip_QU,basic_num_cuts,basic_subcircuits_num,basic_DataFlux,basic_Latency,basic_Fidelity,basic_min_latency,basic_QU,error_num_cuts,error_subcircuits_num,error_DataFlux,error_Latency,error_Fidelity,error_min_latency,error_QU,latency_num_cuts,latency_subcircuits_num,latency_DataFlux,latency_Latency,latency_Fidelity,latency_min_latency,latency_QU
50,graphstate_nativegates_ibm_qiskit_opt3_84,2.0,2.0,32.0,3.3999999999999988e-06,0.8999957619414266,3.249999999999999e-06,0.28748994469582706,,,,,,,,,,,,,,,,,,,,,
50,graphstate_nativegates_ibm_qiskit_opt3_84,,,,,,,,3.0,2.0,48,2.9499999999999993e-06,0.8990957776905586,2.749999999999999e-06,0.28474216241704126,,,,,,,,,,,,,,
27,graphstate_nativegates_ibm_qiskit_opt3_84,,,,,,,,,,,,,,,4.0,4.0,48,3.3999999999999988e-06,0.8981966935921111,2.5999999999999992e-06,0.14704456941659744,,,,,,,
27,graphstate_nativegates_ibm_qiskit_opt3_84,,,,,,,,,,,,,,,,,,,,,,4.0,4.0,48,3.3999999999999988e-06,0.8981966935921109,2.5999999999999992e-06,0.16023261235387076
65,graphstate_nativegates_ibm_qiskit_opt3_84,2.0,2.0,32.0,3.3999999999999988e-06,0.899995761761386,3.249999999999999e-06,0.2944436251872434,,,,,,,,,,,,,,,,,,,,,
16,graphstate_nativegates_ibm_qiskit_opt3_84,,,,,,,,,,,,,,,8.0,7.0,48,3.3999999999999988e-06,0.8946093389364015,2.0999999999999994e-06,0.03671596476397303,,,,,,,
65,graphstate_nativegates_ibm_qiskit_opt3_84,,,,,,,,2.0,2.0,32,3.249999999999999e-06,0.8999957617613862,2.9499999999999993e-06,0.35657924848842665,,,,,,,,,,,,,,
16,graphstate_nativegates_ibm_qiskit_opt3_84,,,,,,,,8.0,7.0,48,3.249999999999999e-06,0.8946093389364016,1.9499999999999995e-06,0.07026623720246133,,,,,,,,,,,,,,
65,graphstate_nativegates_ibm_qiskit_opt3_84,,,,,,,,,,,,,,,2.0,2.0,32,3.3999999999999988e-06,0.8999957617613863,3.249999999999999e-06,0.31879741942025697,,,,,,,
16,graphstate_nativegates_ibm_qiskit_opt3_84,,,,,,,,,,,,,,,,,,,,,,8.0,7.0,48,3.249999999999999e-06,0.8946093389364016,1.9499999999999995e-06,0.06634748897011798
27,graphstate_nativegates_ibm_qiskit_opt3_84,,,,,,,,4.0,4.0,48,3.3999999999999988e-06,0.8981966935921109,2.5999999999999992e-06,0.16023261235387076,,,,,,,,,,,,,,
50,graphstate_nativegates_ibm_qiskit_opt3_84,,,,,,,,,,,,,,,3.0,2.0,48,3.3999999999999988e-06,0.8990957776905587,2.2999999999999996e-06,0.25190686177399435,,,,,,,
65,graphstate_nativegates_ibm_qiskit_opt3_84,,,,,,,,,,,,,,,,,,,,,,2.0,2.0,32,3.249999999999999e-06,0.8999957617613862,2.9499999999999993e-06,0.35657924848842665
50,graphstate_nativegates_ibm_qiskit_opt3_84,,,,,,,,,,,,,,,,,,,,,,2.0,2.0,32,3.249999999999999e-06,0.8999957617613863,3.249999999999999e-06,0.3260246164092319
16,graphstate_nativegates_ibm_qiskit_opt3_84,6.0,6.0,48.0,3.3999999999999988e-06,0.8964012224306988,2.4499999999999994e-06,0.04531074060411108,,,,,,,,,,,,,,,,,,,,,
27,graphstate_nativegates_ibm_qiskit_opt3_84,4.0,4.0,48.0,3.249999999999999e-06,0.898196693951472,2.4499999999999994e-06,0.13241331909538284,,,,,,,,,,,,,,,,,,,,,
65,wstate_nativegates_ibm_qiskit_opt3_124,,,,,,,,,,,,,,,,,,,,,,2.0,2.0,32,4.210000000000008e-05,0.8330464088920861,3.935000000000007e-05,0.2810564134833993
50,wstate_nativegates_ibm_qiskit_opt3_124,,,,,,,,4.0,3.0,256,3.235000000000005e-05,0.8313812189888684,1.7899999999999995e-05,0.16221970273785613,,,,,,,,,,,,,,
65,wstate_nativegates_ibm_qiskit_opt3_124,,,,,,,,,,,,,,,2.0,2.0,32,4.210000000000008e-05,0.8330464088920861,3.935000000000007e-05,0.2810564134833993,,,,,,,
27,wstate_nativegates_ibm_qiskit_opt3_124,,,,,,,,,,,,,,,8.0,5.0,256,1.7399999999999996e-05,0.8280608182537581,1.5299999999999996e-05,0.0600864789473721,,,,,,,
27,wstate_nativegates_ibm_qiskit_opt3_124,,,,,,,,,,,,,,,,,,,,,,8.0,5.0,256,1.7399999999999996e-05,0.8280608182537581,1.5299999999999996e-05,0.0600864789473721
27,wstate_nativegates_ibm_qiskit_opt3_124,,,,,,,,8.0,5.0,256,1.7399999999999996e-05,0.8280608182537581,1.5299999999999996e-05,0.0600864789473721,,,,,,,,,,,,,,
50,wstate_nativegates_ibm_qiskit_opt3_124,,,,,,,,,,,,,,,4.0,3.0,256,3.235000000000005e-05,0.8313812189888684,1.7899999999999995e-05,0.16221970273785613,,,,,,,
50,wstate_nativegates_ibm_qiskit_opt3_124,,,,,,,,,,,,,,,,,,,,,,4.0,3.0,256,3.235000000000005e-05,0.8313812189888684,1.7899999999999995e-05,0.16221970273785613
65,wstate_nativegates_ibm_qiskit_opt3_124,,,,,,,,2.0,2.0,32,4.210000000000008e-05,0.8330464088920861,3.935000000000007e-05,0.2810564134833993,,,,,,,,,,,,,,
65,wstate_nativegates_ibm_qiskit_opt3_124,2.0,2.0,32.0,4.210000000000008e-05,0.8330464076419416,3.935000000000007e-05,0.2810468322325136,,,,,,,,,,,,,,,,,,,,,
27,realamprandom_nativegates_ibm_qiskit_opt3_30,,,,,,,,90.0,5.0,18014398509481984,2.5699999999999978e-05,0.6796449308256944,9.7e-06,0.2622452304672784,,,,,,,,,,,,,,
16,realamprandom_nativegates_ibm_qiskit_opt3_30,,,,,,,,,,,,,,,210.0,15.0,4294967296,1.4700000000000005e-05,0.6028538633490552,7.500000000000002e-06,0.010839045025436467,,,,,,,
16,realamprandom_nativegates_ibm_qiskit_opt3_30,,,,,,,,,,,,,,,,,,,,,,210.0,15.0,4294967296,1.4700000000000005e-05,0.6028538633490552,7.500000000000002e-06,0.010839045025436467
16,realamprandom_nativegates_ibm_qiskit_opt3_30,,,,,,,,210.0,15.0,4294967296,1.4700000000000005e-05,0.6028538633490552,7.500000000000002e-06,0.010839045025436467,,,,,,,,,,,,,,
27,realamprandom_nativegates_ibm_qiskit_opt3_30,,,,,,,,,,,,,,,,,,,,,,90.0,5.0,18014398509481984,2.5699999999999978e-05,0.6796449308256944,9.7e-06,0.2622452304672784
27,realamprandom_nativegates_ibm_qiskit_opt3_30,,,,,,,,,,,,,,,90.0,5.0,18014398509481984,2.5699999999999978e-05,0.6796449308256944,9.7e-06,0.2622452304672784,,,,,,,
5,dj_nativegates_ibm_qiskit_opt3_8,,,,,,,,1.0,2.0,8,2.2499999999999996e-06,0.9892732273393317,1.7499999999999998e-06,0.5588571428571427,,,,,,,,,,,,,,
5,dj_nativegates_ibm_qiskit_opt3_8,1.0,2.0,8.0,2.2499999999999996e-06,0.9892732303093189,1.7499999999999998e-06,0.5588571428571427,,,,,,,,,,,,,,,,,,,,,
5,dj_nativegates_ibm_qiskit_opt3_8,,,,,,,,,,,,,,,1.0,2.0,8,2.2499999999999996e-06,0.9892732273393317,1.7499999999999998e-06,0.5588571428571427,,,,,,,
5,dj_nativegates_ibm_qiskit_opt3_8,,,,,,,,,,,,,,,,,,,,,,1.0,2.0,8,2.2499999999999996e-06,0.9892732273393317,1.7499999999999998e-06,0.5588571428571427
27,peexact_nativegates_ibm_qiskit_opt3_52,,,,,,,,,,,,,,,131.0,7.0,18014398509481984,4.099999999999998e-05,0.5930086638033666,1.5400000000000005e-05,0.025317848774939814,,,,,,,
16,peexact_nativegates_ibm_qiskit_opt3_52,,,,,,,,,,,,,,,,,,,,,,213.0,18.0,4294967296,2.5749999999999996e-05,0.5464397251548082,9.100000000000003e-06,0.0010235146670656173
16,peexact_nativegates_ibm_qiskit_opt3_52,,,,,,,,,,,,,,,213.0,18.0,4294967296,2.5749999999999996e-05,0.5464397251548082,9.100000000000003e-06,0.0010235146670656173,,,,,,,
50,peexact_nativegates_ibm_qiskit_opt3_52,,,,,,,,69.0,3.0,1267650600228229401496703205376,0.00010144999999999993,0.6307282939880666,2.4399999999999997e-05,0.28296455870856974,,,,,,,,,,,,,,
27,peexact_nativegates_ibm_qiskit_opt3_52,,,,,,,,,,,,,,,,,,,,,,131.0,7.0,18014398509481984,4.099999999999998e-05,0.5930086638033666,1.5400000000000005e-05,0.025317848774939814
50,peexact_nativegates_ibm_qiskit_opt3_52,,,,,,,,,,,,,,,,,,,,,,69.0,3.0,1267650600228229401496703205376,0.00010144999999999993,0.6307282939880666,2.4399999999999997e-05,0.28296455870856974
50,peexact_nativegates_ibm_qiskit_opt3_52,,,,,,,,,,,,,,,69.0,3.0,1267650600228229401496703205376,0.00010144999999999993,0.6307282939880666,2.4399999999999997e-05,0.28296455870856974,,,,,,,
16,peexact_nativegates_ibm_qiskit_opt3_52,,,,,,,,224.0,19.0,4294967296,2.2899999999999998e-05,0.5404717585858704,9.100000000000003e-06,0.000707784358383474,,,,,,,,,,,,,,
27,peexact_nativegates_ibm_qiskit_opt3_52,,,,,,,,131.0,7.0,18014398509481984,4.099999999999998e-05,0.5930086638033666,1.5400000000000005e-05,0.025317848774939814,,,,,,,,,,,,,,
27,dj_nativegates_ibm_qiskit_opt3_123,,,,,,,,,,,,,,,4.0,5.0,52,1.3250000000000004e-05,0.8541827124393717,9.250000000000001e-06,0.04995201796695839,,,,,,,
27,dj_nativegates_ibm_qiskit_opt3_123,4.0,5.0,40.0,1.3250000000000004e-05,0.854182914943782,1.1750000000000003e-05,0.049589087620648654,,,,,,,,,,,,,,,,,,,,,
50,dj_nativegates_ibm_qiskit_opt3_123,,,,,,,,,,,,,,,,,,,,,,2.0,3.0,24,2.474999999999998e-05,0.8558834780736073,1.2250000000000003e-05,0.15120109197273932
50,dj_nativegates_ibm_qiskit_opt3_123,,,,,,,,2.0,3.0,24,2.474999999999998e-05,0.8558834780736073,1.2250000000000003e-05,0.15120109197273932,,,,,,,,,,,,,,
65,dj_nativegates_ibm_qiskit_opt3_123,,,,,,,,,,,,,,,,,,,,,,1.0,2.0,8,3.2249999999999964e-05,0.8567312008912117,2.924999999999997e-05,0.2704580779523325
65,dj_nativegates_ibm_qiskit_opt3_123,,,,,,,,1.0,2.0,8,3.2249999999999964e-05,0.8567312008912117,2.924999999999997e-05,0.2704580779523325,,,,,,,,,,,,,,
65,dj_nativegates_ibm_qiskit_opt3_123,,,,,,,,,,,,,,,1.0,2.0,8,3.2249999999999964e-05,0.8567312008912117,2.924999999999997e-05,0.2704580779523325,,,,,,,
65,dj_nativegates_ibm_qiskit_opt3_123,1.0,2.0,8.0,3.1749999999999965e-05,0.8567312572661023,2.9749999999999968e-05,0.27043184675445026,,,,,,,,,,,,,,,,,,,,,
27,dj_nativegates_ibm_qiskit_opt3_123,,,,,,,,,,,,,,,,,,,,,,4.0,5.0,52,1.3250000000000004e-05,0.8541827124393717,9.250000000000001e-06,0.04995201796695839
50,dj_nativegates_ibm_qiskit_opt3_123,,,,,,,,,,,,,,,2.0,3.0,24,2.474999999999998e-05,0.8558834780736073,1.2250000000000003e-05,0.15120109197273932,,,,,,,
50,dj_nativegates_ibm_qiskit_opt3_123,2.0,3.0,24.0,2.124999999999999e-05,0.8558852865675428,2.0249999999999994e-05,0.1486066478261526,,,,,,,,,,,,,,,,,,,,,
27,dj_nativegates_ibm_qiskit_opt3_123,,,,,,,,4.0,5.0,52,1.3250000000000004e-05,0.8541827124393717,9.250000000000001e-06,0.04995201796695839,,,,,,,,,,,,,,
20,ghz_nativegates_ibm_qiskit_opt3_32,1.0,2.0,8.0,9.650000000000002e-06,0.961513075927367,6.000000000000001e-06,0.32134316460741313,,,,,,,,,,,,,,,,,,,,,
20,ghz_nativegates_ibm_qiskit_opt3_32,,,,,,,,,,,,,,,1.0,2.0,8,9.650000000000002e-06,0.961513075927367,6.000000000000001e-06,0.32134316460741313,,,,,,,
27,ghz_nativegates_ibm_qiskit_opt3_32,1.0,2.0,8.0,1.0150000000000003e-05,0.961513075927367,5.500000000000001e-06,0.32334428024083184,,,,,,,,,,,,,,,,,,,,,
10,ghz_nativegates_ibm_qiskit_opt3_32,,,,,,,,3.0,4.0,40,4.6499999999999995e-06,0.9595910304842477,2e-06,0.15445161290322584,,,,,,,,,,,,,,
20,ghz_nativegates_ibm_qiskit_opt3_32,,,,,,,,,,,,,,,,,,,,,,1.0,2.0,8,9.650000000000002e-06,0.961513075927367,6.000000000000001e-06,0.32134316460741313
15,ghz_nativegates_ibm_qiskit_opt3_32,,,,,,,,,,,,,,,,,,,,,,2.0,3.0,24,7.150000000000001e-06,0.9605515724588767,1.5e-06,0.2446969696969696
16,ghz_nativegates_ibm_qiskit_opt3_32,,,,,,,,2.0,3.0,24,7.650000000000001e-06,0.9605515724588765,5e-07,0.32123161764705865,,,,,,,,,,,,,,
27,ghz_nativegates_ibm_qiskit_opt3_32,,,,,,,,1.0,2.0,8,1.3150000000000005e-05,0.9615130759273672,2.4999999999999998e-06,0.3615453222550814,,,,,,,,,,,,,,
30,ghz_nativegates_ibm_qiskit_opt3_32,,,,,,,,,,,,,,,,,,,,,,1.0,2.0,8,1.4650000000000005e-05,0.9615130759273671,1e-06,0.44842624194160025
15,ghz_nativegates_ibm_qiskit_opt3_32,2.0,3.0,24.0,6.500000000000001e-06,0.9605515724588766,4e-06,0.2105100940052396,,,,,,,,,,,,,,,,,,,,,
15,ghz_nativegates_ibm_qiskit_opt3_32,,,,,,,,,,,,,,,2.0,3.0,24,7.150000000000001e-06,0.9605515724588767,1.5e-06,0.2446969696969696,,,,,,,
30,ghz_nativegates_ibm_qiskit_opt3_32,,,,,,,,,,,,,,,1.0,2.0,8,1.4650000000000005e-05,0.9615130759273671,1e-06,0.44842624194160025,,,,,,,
25,ghz_nativegates_ibm_qiskit_opt3_32,,,,,,,,1.0,2.0,8,1.2150000000000004e-05,0.9615130759273671,3.4999999999999995e-06,0.34104938271604934,,,,,,,,,,,,,,
10,ghz_nativegates_ibm_qiskit_opt3_32,,,,,,,,,,,,,,,,,,,,,,3.0,4.0,40,4.6499999999999995e-06,0.9595910304842477,2e-06,0.15445161290322584
25,ghz_nativegates_ibm_qiskit_opt3_32,,,,,,,,,,,,,,,,,,,,,,1.0,2.0,8,1.2150000000000004e-05,0.9615130759273671,3.4999999999999995e-06,0.34104938271604934
25,ghz_nativegates_ibm_qiskit_opt3_32,1.0,2.0,8.0,1.0150000000000003e-05,0.961513075927367,5.500000000000001e-06,0.32334428024083184,,,,,,,,,,,,,,,,,,,,,
25,ghz_nativegates_ibm_qiskit_opt3_32,,,,,,,,,,,,,,,1.0,2.0,8,1.2150000000000004e-05,0.9615130759273671,3.4999999999999995e-06,0.34104938271604934,,,,,,,
27,ghz_nativegates_ibm_qiskit_opt3_32,,,,,,,,,,,,,,,,,,,,,,1.0,2.0,8,1.3150000000000005e-05,0.9615130759273672,2.4999999999999998e-06,0.3615453222550814
15,ghz_nativegates_ibm_qiskit_opt3_32,,,,,,,,2.0,3.0,24,7.150000000000001e-06,0.9605515724588767,1.5e-06,0.2446969696969696,,,,,,,,,,,,,,
30,ghz_nativegates_ibm_qiskit_opt3_32,,,,,,,,1.0,2.0,8,1.4650000000000005e-05,0.9615130759273671,1e-06,0.44842624194160025,,,,,,,,,,,,,,
16,ghz_nativegates_ibm_qiskit_opt3_32,,,,,,,,,,,,,,,2.0,3.0,24,7.650000000000001e-06,0.9605515724588765,5e-07,0.32123161764705865,,,,,,,
16,ghz_nativegates_ibm_qiskit_opt3_32,,,,,,,,,,,,,,,,,,,,,,2.0,3.0,24,7.650000000000001e-06,0.9605515724588765,5e-07,0.32123161764705865
27,ghz_nativegates_ibm_qiskit_opt3_32,,,,,,,,,,,,,,,1.0,2.0,8,1.3150000000000005e-05,0.9615130759273672,2.4999999999999998e-06,0.3615453222550814,,,,,,,
10,ghz_nativegates_ibm_qiskit_opt3_32,3.0,4.0,40.0,4.5e-06,0.9595910304842475,2.9999999999999997e-06,0.14736087205966725,,,,,,,,,,,,,,,,,,,,,
16,ghz_nativegates_ibm_qiskit_opt3_32,2.0,3.0,24.0,7.000000000000002e-06,0.9605515724588766,4e-06,0.21224611708482677,,,,,,,,,,,,,,,,,,,,,
10,ghz_nativegates_ibm_qiskit_opt3_32,,,,,,,,,,,,,,,3.0,4.0,40,4.6499999999999995e-06,0.9595910304842477,2e-06,0.15445161290322584,,,,,,,
30,ghz_nativegates_ibm_qiskit_opt3_32,1.0,2.0,8.0,1.0150000000000003e-05,0.961513075927367,5.500000000000001e-06,0.32334428024083184,,,,,,,,,,,,,,,,,,,,,
20,ghz_nativegates_ibm_qiskit_opt3_32,,,,,,,,1.0,2.0,8,9.650000000000002e-06,0.961513075927367,6.000000000000001e-06,0.32134316460741313,,,,,,,,,,,,,,
16,peexact_nativegates_ibm_qiskit_opt3_39,,,,,,,,,,,,,,,,,,,,,,148.0,13.0,4294967296,2.5749999999999996e-05,0.6546352609199646,9.100000000000003e-06,0.008575198887967199
10,peexact_nativegates_ibm_qiskit_opt3_39,,,,,,,,239.0,29.0,1048576,1.4450000000000004e-05,0.5977177146021061,1.15e-06,6.214646421391904e-05,,,,,,,,,,,,,,
27,peexact_nativegates_ibm_qiskit_opt3_39,,,,,,,,,,,,,,,87.0,5.0,18014398509481984,4.099999999999998e-05,0.6957047856304246,1.7950000000000003e-05,0.07204834218271094,,,,,,,
27,peexact_nativegates_ibm_qiskit_opt3_39,,,,,,,,,,,,,,,,,,,,,,87.0,5.0,18014398509481984,4.099999999999998e-05,0.6957047856304246,1.7950000000000003e-05,0.07204834218271094
16,peexact_nativegates_ibm_qiskit_opt3_39,,,,,,,,,,,,,,,148.0,13.0,4294967296,2.5749999999999996e-05,0.6546352609199646,9.100000000000003e-06,0.008575198887967199,,,,,,,
16,peexact_nativegates_ibm_qiskit_opt3_39,,,,,,,,159.0,14.0,4294967296,2.5099999999999997e-05,0.6474839601573973,8.600000000000002e-06,0.005774964433076655,,,,,,,,,,,,,,
27,peexact_nativegates_ibm_qiskit_opt3_39,,,,,,,,87.0,5.0,18014398509481984,4.099999999999998e-05,0.6957047856304246,1.7950000000000003e-05,0.07204834218271094,,,,,,,,,,,,,,
10,peexact_nativegates_ibm_qiskit_opt3_39,,,,,,,,,,,,,,,,,,,,,,226.0,28.0,1048576,1.4450000000000004e-05,0.6055420181033514,5.9500000000000015e-06,0.00012185609469557043
10,peexact_nativegates_ibm_qiskit_opt3_39,,,,,,,,,,,,,,,226.0,28.0,1048576,1.4450000000000004e-05,0.6055420181033514,5.9500000000000015e-06,0.00012185609469557043,,,,,,,
65,graphstate_indep_qiskit_108,,,,,,,,,,,,,,,2.0,2.0,35,3.5499999999999995e-06,0.8756950225624325,1.55e-06,0.08833860412001843,,,,,,,
56,graphstate_indep_qiskit_108,,,,,,,,2.0,2.0,35,3.5499999999999995e-06,0.8756950225624323,1.55e-06,0.07566124956630893,,,,,,,,,,,,,,
66,graphstate_indep_qiskit_108,,,,,,,,,,,,,,,,,,,,,,2.0,2.0,35,3.5499999999999995e-06,0.8756950225624325,1.55e-06,0.08833860412001843
71,graphstate_indep_qiskit_108,,,,,,,,0.0,2.0,4,3.5499999999999995e-06,0.8774490238918555,1.55e-06,0.14671802825772887,,,,,,,,,,,,,,
91,graphstate_indep_qiskit_108,,,,,,,,,,,,,,,0.0,2.0,4,3.5499999999999995e-06,0.8774490238918555,1.55e-06,0.14671802825772887,,,,,,,
76,graphstate_indep_qiskit_108,,,,,,,,,,,,,,,,,,,,,,0.0,2.0,4,3.5499999999999995e-06,0.8774490238918555,1.55e-06,0.14671802825772887
101,graphstate_indep_qiskit_108,,,,,,,,,,,,,,,0.0,2.0,4,3.5499999999999995e-06,0.8774490238918555,1.55e-06,0.14671802825772887,,,,,,,
50,graphstate_indep_qiskit_108,,,,,,,,,,,,,,,,,,,,,,2.0,3.0,35,3.5499999999999995e-06,0.8756950225624325,1.55e-06,0.08833860412001843
56,graphstate_indep_qiskit_108,,,,,,,,,,,,,,,,,,,,,,2.0,2.0,35,3.5499999999999995e-06,0.8756950225624325,1.55e-06,0.08833860412001843
46,graphstate_indep_qiskit_108,,,,,,,,2.0,3.0,35,3.5499999999999995e-06,0.8756950225624323,1.55e-06,0.07566124956630893,,,,,,,,,,,,,,
61,graphstate_indep_qiskit_108,,,,,,,,2.0,2.0,35,3.5499999999999995e-06,0.8756950225624323,1.55e-06,0.07566124956630893,,,,,,,,,,,,,,
81,graphstate_indep_qiskit_108,,,,,,,,,,,,,,,0.0,2.0,4,3.5499999999999995e-06,0.8774490238918555,1.55e-06,0.14671802825772887,,,,,,,
46,graphstate_indep_qiskit_108,,,,,,,,,,,,,,,,,,,,,,2.0,3.0,35,3.5499999999999995e-06,0.8756950225624325,1.55e-06,0.08833860412001843
106,graphstate_indep_qiskit_108,,,,,,,,,,,,,,,,,,,,,,0.0,2.0,4,3.5499999999999995e-06,0.8774490238918555,1.55e-06,0.14671802825772887
86,graphstate_indep_qiskit_108,,,,,,,,,,,,,,,,,,,,,,0.0,2.0,4,3.5499999999999995e-06,0.8774490238918555,1.55e-06,0.14671802825772887
51,graphstate_indep_qiskit_108,,,,,,,,2.0,3.0,35,3.5499999999999995e-06,0.8756950225624323,1.55e-06,0.07566124956630893,,,,,,,,,,,,,,
76,graphstate_indep_qiskit_108,,,,,,,,0.0,2.0,4,3.5499999999999995e-06,0.8774490238918555,1.55e-06,0.14671802825772887,,,,,,,,,,,,,,
27,graphstate_indep_qiskit_108,,,,,,,,,,,,,,,,,,,,,,3.0,5.0,51,3.5499999999999995e-06,0.8748193371649039,1.55e-06,0.06490159774585237
96,graphstate_indep_qiskit_108,,,,,,,,,,,,,,,,,,,,,,0.0,2.0,4,3.5499999999999995e-06,0.8774490238918555,1.55e-06,0.14671802825772887
96,graphstate_indep_qiskit_108,,,,,,,,,,,,,,,0.0,2.0,4,3.5499999999999995e-06,0.8774490238918555,1.55e-06,0.14671802825772887,,,,,,,
50,graphstate_indep_qiskit_108,,,,,,,,,,,,,,,2.0,3.0,35,3.5499999999999995e-06,0.8756950225624325,1.55e-06,0.08833860412001843,,,,,,,
106,graphstate_indep_qiskit_108,,,,,,,,,,,,,,,0.0,2.0,4,3.5499999999999995e-06,0.8774490238918555,1.55e-06,0.14671802825772887,,,,,,,
36,graphstate_indep_qiskit_108,,,,,,,,3.0,4.0,51,3.5499999999999995e-06,0.8748193371649038,1.55e-06,0.04765784405920069,,,,,,,,,,,,,,
41,graphstate_indep_qiskit_108,,,,,,,,2.0,3.0,35,3.5499999999999995e-06,0.8756950225624323,1.55e-06,0.07566124956630893,,,,,,,,,,,,,,
27,graphstate_indep_qiskit_108,,,,,,,,,,,,,,,3.0,5.0,51,3.5499999999999995e-06,0.874819337164904,1.55e-06,0.056153282283223825,,,,,,,
27,graphstate_indep_qiskit_108,5.0,5.0,48.0,3.0499999999999996e-06,0.8730705925214981,2.5499999999999997e-06,0.05024261893923696,,,,,,,,,,,,,,,,,,,,,
66,graphstate_indep_qiskit_108,,,,,,,,2.0,2.0,35,3.5499999999999995e-06,0.8756950225624323,1.55e-06,0.07566124956630893,,,,,,,,,,,,,,
86,graphstate_indep_qiskit_108,,,,,,,,,,,,,,,0.0,2.0,4,3.5499999999999995e-06,0.8774490238918555,1.55e-06,0.14671802825772887,,,,,,,
65,graphstate_indep_qiskit_108,2.0,2.0,32.0,3.5499999999999995e-06,0.8756950225624321,3.0499999999999996e-06,0.2522703487496609,,,,,,,,,,,,,,,,,,,,,
86,graphstate_indep_qiskit_108,,,,,,,,0.0,2.0,4,3.5499999999999995e-06,0.8774490238918555,1.55e-06,0.14671802825772887,,,,,,,,,,,,,,
66,graphstate_indep_qiskit_108,,,,,,,,,,,,,,,2.0,2.0,35,3.5499999999999995e-06,0.8756950225624325,1.55e-06,0.08833860412001843,,,,,,,
41,graphstate_indep_qiskit_108,,,,,,,,,,,,,,,,,,,,,,2.0,3.0,35,3.5499999999999995e-06,0.8756950225624323,1.55e-06,0.07566124956630893
41,graphstate_indep_qiskit_108,,,,,,,,,,,,,,,2.0,3.0,35,3.5499999999999995e-06,0.8756950225624323,1.55e-06,0.07566124956630893,,,,,,,
65,graphstate_indep_qiskit_108,,,,,,,,,,,,,,,,,,,,,,2.0,2.0,35,3.5499999999999995e-06,0.8756950225624325,1.55e-06,0.08833860412001843
51,graphstate_indep_qiskit_108,,,,,,,,,,,,,,,,,,,,,,2.0,3.0,35,3.5499999999999995e-06,0.8756950225624325,1.55e-06,0.08833860412001843
27,graphstate_indep_qiskit_108,,,,,,,,3.0,5.0,51,3.5499999999999995e-06,0.874819337164904,1.55e-06,0.04915828510771507,,,,,,,,,,,,,,
50,graphstate_indep_qiskit_108,,,,,,,,2.0,3.0,35,3.5499999999999995e-06,0.8756950225624323,1.55e-06,0.07566124956630893,,,,,,,,,,,,,,
71,graphstate_indep_qiskit_108,,,,,,,,,,,,,,,,,,,,,,0.0,2.0,4,3.5499999999999995e-06,0.8774490238918555,1.55e-06,0.14671802825772887
96,graphstate_indep_qiskit_108,,,,,,,,0.0,2.0,4,3.5499999999999995e-06,0.8774490238918555,1.55e-06,0.14671802825772887,,,,,,,,,,,,,,
76,graphstate_indep_qiskit_108,,,,,,,,,,,,,,,0.0,2.0,4,3.5499999999999995e-06,0.8774490238918555,1.55e-06,0.14671802825772887,,,,,,,
106,graphstate_indep_qiskit_108,,,,,,,,0.0,2.0,4,3.5499999999999995e-06,0.8774490238918555,1.55e-06,0.14671802825772887,,,,,,,,,,,,,,
36,graphstate_indep_qiskit_108,,,,,,,,,,,,,,,3.0,4.0,51,3.5499999999999995e-06,0.874819337164904,1.55e-06,0.056153282283223825,,,,,,,
51,graphstate_indep_qiskit_108,,,,,,,,,,,,,,,2.0,3.0,35,3.5499999999999995e-06,0.8756950225624325,1.55e-06,0.08833860412001843,,,,,,,
61,graphstate_indep_qiskit_108,,,,,,,,,,,,,,,,,,,,,,2.0,2.0,35,3.5499999999999995e-06,0.8756950225624325,1.55e-06,0.08833860412001843
36,graphstate_indep_qiskit_108,,,,,,,,,,,,,,,,,,,,,,3.0,4.0,51,3.5499999999999995e-06,0.8748193371649039,1.55e-06,0.06490159774585237
50,graphstate_indep_qiskit_108,3.0,3.0,48.0,3.5499999999999995e-06,0.874819337164904,3.0499999999999996e-06,0.13784484422777193,,,,,,,,,,,,,,,,,,,,,
81,graphstate_indep_qiskit_108,,,,,,,,0.0,2.0,4,3.5499999999999995e-06,0.8774490238918555,1.55e-06,0.14671802825772887,,,,,,,,,,,,,,
61,graphstate_indep_qiskit_108,,,,,,,,,,,,,,,2.0,2.0,35,3.5499999999999995e-06,0.8756950225624325,1.55e-06,0.08833860412001843,,,,,,,
46,graphstate_indep_qiskit_108,,,,,,,,,,,,,,,2.0,3.0,35,3.5499999999999995e-06,0.8756950225624325,1.55e-06,0.08833860412001843,,,,,,,
91,graphstate_indep_qiskit_108,,,,,,,,0.0,2.0,4,3.5499999999999995e-06,0.8774490238918555,1.55e-06,0.14671802825772887,,,,,,,,,,,,,,
71,graphstate_indep_qiskit_108,,,,,,,,,,,,,,,0.0,2.0,4,3.5499999999999995e-06,0.8774490238918555,1.55e-06,0.14671802825772887,,,,,,,
91,graphstate_indep_qiskit_108,,,,,,,,,,,,,,,,,,,,,,0.0,2.0,4,3.5499999999999995e-06,0.8774490238918555,1.55e-06,0.14671802825772887
101,graphstate_indep_qiskit_108,,,,,,,,0.0,2.0,4,3.5499999999999995e-06,0.8774490238918555,1.55e-06,0.14671802825772887,,,,,,,,,,,,,,
65,graphstate_indep_qiskit_108,,,,,,,,2.0,2.0,35,3.5499999999999995e-06,0.8756950225624323,1.55e-06,0.07566124956630893,,,,,,,,,,,,,,
101,graphstate_indep_qiskit_108,,,,,,,,,,,,,,,,,,,,,,0.0,2.0,4,3.5499999999999995e-06,0.8774490238918555,1.55e-06,0.14671802825772887
56,graphstate_indep_qiskit_108,,,,,,,,,,,,,,,2.0,2.0,35,3.5499999999999995e-06,0.8756950225624325,1.55e-06,0.08833860412001843,,,,,,,
81,graphstate_indep_qiskit_108,,,,,,,,,,,,,,,,,,,,,,0.0,2.0,4,3.5499999999999995e-06,0.8774490238918555,1.55e-06,0.14671802825772887
27,wstate_indep_qiskit_89,6.0,4.0,288.0,1.3700000000000003e-05,0.8763190401974992,1.0400000000000004e-05,0.11300591257739123,,,,,,,,,,,,,,,,,,,,,
65,wstate_indep_qiskit_89,,,,,,,,2.0,2.0,32,3.5699999999999994e-05,0.8798329807429943,1.4200000000000003e-05,0.29870353341770084,,,,,,,,,,,,,,
50,wstate_indep_qiskit_89,2.0,2.0,32.0,2.7399999999999995e-05,0.8798329807429941,2.2499999999999998e-05,0.2953899471841435,,,,,,,,,,,,,,,,,,,,,
65,wstate_indep_qiskit_89,2.0,2.0,32.0,2.8549999999999996e-05,0.8798329807429943,2.1349999999999997e-05,0.2936027156979758,,,,,,,,,,,,,,,,,,,,,
16,wstate_indep_qiskit_89,,,,,,,,12.0,7.0,256,8.750000000000004e-06,0.8710744343139771,2.6499999999999996e-06,0.04290411949714105,,,,,,,,,,,,,,
50,wstate_indep_qiskit_89,,,,,,,,,,,,,,,2.0,2.0,32,2.7449999999999996e-05,0.8798329807429942,2.2449999999999997e-05,0.29356363171138394,,,,,,,
27,wstate_indep_qiskit_89,,,,,,,,6.0,4.0,256,1.4800000000000002e-05,0.8763190435289109,7.6000000000000035e-06,0.11468459638060335,,,,,,,,,,,,,,
16,wstate_indep_qiskit_89,,,,,,,,,,,,,,,,,,,,,,12.0,7.0,256,8.750000000000004e-06,0.8710744343139771,2.6499999999999996e-06,0.04290411949714105
27,wstate_indep_qiskit_89,,,,,,,,,,,,,,,,,,,,,,6.0,4.0,256,1.4800000000000002e-05,0.8763190435289109,7.6000000000000035e-06,0.11468459638060335
65,wstate_indep_qiskit_89,,,,,,,,,,,,,,,,,,,,,,2.0,2.0,32,3.5699999999999994e-05,0.8798329807429943,1.4200000000000003e-05,0.29870353341770084
27,wstate_indep_qiskit_89,,,,,,,,,,,,,,,6.0,4.0,256,1.4800000000000002e-05,0.8763190435289109,7.6000000000000035e-06,0.11468459638060335,,,,,,,
50,wstate_indep_qiskit_89,,,,,,,,2.0,2.0,32,2.7449999999999996e-05,0.8798329807429942,2.2449999999999997e-05,0.29356363171138394,,,,,,,,,,,,,,
16,wstate_indep_qiskit_89,,,,,,,,,,,,,,,12.0,7.0,256,8.750000000000004e-06,0.8710744343139771,2.6499999999999996e-06,0.04290411949714105,,,,,,,
50,wstate_indep_qiskit_89,,,,,,,,,,,,,,,,,,,,,,2.0,2.0,32,2.7449999999999996e-05,0.8798329807429942,2.2449999999999997e-05,0.29356363171138394
65,wstate_indep_qiskit_89,,,,,,,,,,,,,,,2.0,2.0,32,3.5699999999999994e-05,0.8798329807429943,1.4200000000000003e-05,0.29870353341770084,,,,,,,
10,peexact_indep_qiskit_15,,,,,,,,34.0,5.0,1048576,8.1e-06,0.930789875089217,2.5499999999999997e-06,0.1987653905022112,,,,,,,,,,,,,,
5,peexact_indep_qiskit_15,,,,,,,,78.0,19.0,1024,3.5499999999999995e-06,0.8907071189122061,1.55e-06,0.010803447500128625,,,,,,,,,,,,,,
10,peexact_indep_qiskit_15,,,,,,,,,,,,,,,,,,,,,,34.0,5.0,1048576,8.1e-06,0.930789875089217,2.5499999999999997e-06,0.1987653905022112
5,peexact_indep_qiskit_15,,,,,,,,,,,,,,,78.0,19.0,1024,3.5499999999999995e-06,0.8907071189122061,1.55e-06,0.010803447500128625,,,,,,,
10,peexact_indep_qiskit_15,,,,,,,,,,,,,,,34.0,5.0,1048576,8.1e-06,0.930789875089217,2.5499999999999997e-06,0.1987653905022112,,,,,,,
5,peexact_indep_qiskit_15,,,,,,,,,,,,,,,,,,,,,,78.0,19.0,1024,3.5499999999999995e-06,0.8907071189122061,1.55e-06,0.010803447500128625
27,peexact_nativegates_ibm_qiskit_opt3_53,,,,,,,,,,,,,,,,,,,,,,131.0,7.0,18014398509481984,4.1699999999999984e-05,0.5875606761620934,1.5400000000000005e-05,0.025505076672976395
27,peexact_nativegates_ibm_qiskit_opt3_53,,,,,,,,131.0,7.0,18014398509481984,4.1699999999999984e-05,0.5875606761620934,1.5400000000000005e-05,0.025505076672976395,,,,,,,,,,,,,,
50,peexact_nativegates_ibm_qiskit_opt3_53,,,,,,,,,,,,,,,70.0,3.0,1267650600228229401496703205376,0.00010034999999999993,0.6243198390545648,2.8699999999999993e-05,0.2813796211105075,,,,,,,
16,peexact_nativegates_ibm_qiskit_opt3_53,,,,,,,,242.0,20.0,4294967296,2.1799999999999998e-05,0.5259560463437977,2.1999999999999997e-06,0.00033204721484631205,,,,,,,,,,,,,,
16,peexact_nativegates_ibm_qiskit_opt3_53,,,,,,,,,,,,,,,,,,,,,,231.0,19.0,4294967296,2.5749999999999996e-05,0.5317664611382197,5.400000000000001e-06,0.0004859797093960581
16,peexact_nativegates_ibm_qiskit_opt3_53,,,,,,,,,,,,,,,231.0,19.0,4294967296,2.5749999999999996e-05,0.5317664611382197,5.400000000000001e-06,0.0004859797093960581,,,,,,,
50,peexact_nativegates_ibm_qiskit_opt3_53,,,,,,,,70.0,3.0,1267650600228229401496703205376,0.00010034999999999993,0.6243198390545648,2.8699999999999993e-05,0.2813796211105075,,,,,,,,,,,,,,
50,peexact_nativegates_ibm_qiskit_opt3_53,,,,,,,,,,,,,,,,,,,,,,70.0,3.0,1267650600228229401496703205376,0.00010034999999999993,0.6243198390545648,2.8699999999999993e-05,0.2813796211105075
27,peexact_nativegates_ibm_qiskit_opt3_53,,,,,,,,,,,,,,,131.0,7.0,18014398509481984,4.1699999999999984e-05,0.5875606761620934,1.5400000000000005e-05,0.025505076672976395,,,,,,,
27,graphstate_nativegates_ibm_qiskit_opt3_76,,,,,,,,,,,,,,,,,,,,,,4.0,4.0,49,2.9499999999999993e-06,0.9070823989640471,1.7999999999999997e-06,0.20472855165172768
27,graphstate_nativegates_ibm_qiskit_opt3_76,,,,,,,,4.0,4.0,49,3.599999999999999e-06,0.9070823989640469,1.7999999999999997e-06,0.13909778807738005,,,,,,,,,,,,,,
50,graphstate_nativegates_ibm_qiskit_opt3_76,2.0,2.0,32.0,3.599999999999999e-06,0.9088992651870464,2.7999999999999994e-06,0.3154583306375087,,,,,,,,,,,,,,,,,,,,,
16,graphstate_nativegates_ibm_qiskit_opt3_76,,,,,,,,6.0,6.0,49,3.599999999999999e-06,0.9052691647909301,1.7999999999999997e-06,0.07426935195986707,,,,,,,,,,,,,,
65,graphstate_nativegates_ibm_qiskit_opt3_76,,,,,,,,,,,,,,,2.0,2.0,33,3.249999999999999e-06,0.9088992650052249,1.7999999999999997e-06,0.2959955357814413,,,,,,,
50,graphstate_nativegates_ibm_qiskit_opt3_76,,,,,,,,,,,,,,,2.0,2.0,33,3.249999999999999e-06,0.9088992650052249,1.7999999999999997e-06,0.2959955357814413,,,,,,,
65,graphstate_nativegates_ibm_qiskit_opt3_76,2.0,2.0,32.0,3.599999999999999e-06,0.9088992650052249,2.7999999999999994e-06,0.3162525272834914,,,,,,,,,,,,,,,,,,,,,
50,graphstate_nativegates_ibm_qiskit_opt3_76,,,,,,,,2.0,2.0,33,3.599999999999999e-06,0.9088992650052249,1.7999999999999997e-06,0.24780502984669658,,,,,,,,,,,,,,
65,graphstate_nativegates_ibm_qiskit_opt3_76,,,,,,,,,,,,,,,,,,,,,,2.0,2.0,33,3.249999999999999e-06,0.9088992650052249,1.7999999999999997e-06,0.2959955357814413
50,graphstate_nativegates_ibm_qiskit_opt3_76,,,,,,,,,,,,,,,,,,,,,,2.0,2.0,33,3.249999999999999e-06,0.9088992650052249,1.7999999999999997e-06,0.2959955357814413
16,graphstate_nativegates_ibm_qiskit_opt3_76,,,,,,,,,,,,,,,7.0,6.0,49,2.9499999999999993e-06,0.9043639073855748,1.7999999999999997e-06,0.09003232157943247,,,,,,,
65,graphstate_nativegates_ibm_qiskit_opt3_76,,,,,,,,2.0,2.0,33,3.599999999999999e-06,0.9088992650052249,1.7999999999999997e-06,0.24780502984669658,,,,,,,,,,,,,,
16,graphstate_nativegates_ibm_qiskit_opt3_76,,,,,,,,,,,,,,,,,,,,,,7.0,6.0,49,2.9499999999999993e-06,0.9043639073855748,1.7999999999999997e-06,0.08605353365677265
16,graphstate_nativegates_ibm_qiskit_opt3_76,6.0,6.0,48.0,3.599999999999999e-06,0.9052691653342163,1.7999999999999997e-06,0.07256084627712037,,,,,,,,,,,,,,,,,,,,,
27,graphstate_nativegates_ibm_qiskit_opt3_76,,,,,,,,,,,,,,,4.0,4.0,49,2.9499999999999993e-06,0.9070823989640469,1.7999999999999997e-06,0.2073617916547705,,,,,,,
27,graphstate_nativegates_ibm_qiskit_opt3_76,3.0,3.0,48.0,3.599999999999999e-06,0.9079903777284495,2.7999999999999994e-06,0.18111650859945583,,,,,,,,,,,,,,,,,,,,,
50,wstate_indep_qiskit_87,,,,,,,,,,,,,,,2.0,2.0,32,2.7449999999999996e-05,0.8823362965721567,2.1349999999999997e-05,0.2945597488301064,,,,,,,
16,wstate_indep_qiskit_87,,,,,,,,12.0,7.0,256,8.750000000000004e-06,0.8735528301771958,1.55e-06,0.05023294519001477,,,,,,,,,,,,,,
16,wstate_indep_qiskit_87,,,,,,,,,,,,,,,,,,,,,,12.0,7.0,256,8.750000000000004e-06,0.8735528301771958,1.55e-06,0.05023294519001477
27,wstate_indep_qiskit_87,,,,,,,,,,,,,,,,,,,,,,6.0,4.0,256,1.4800000000000002e-05,0.8788123614438744,6.500000000000002e-06,0.11775826651040872
65,wstate_indep_qiskit_87,,,,,,,,2.0,2.0,32,3.5699999999999994e-05,0.8823362965721567,1.3100000000000003e-05,0.30115809388934683,,,,,,,,,,,,,,
65,wstate_indep_qiskit_87,,,,,,,,,,,,,,,,,,,,,,2.0,2.0,32,3.5699999999999994e-05,0.8823362965721567,1.3100000000000003e-05,0.30115809388934683
50,wstate_indep_qiskit_87,2.0,2.0,32.0,2.4699999999999997e-05,0.8823362965721565,2.4099999999999996e-05,0.2949669388629863,,,,,,,,,,,,,,,,,,,,,
65,wstate_indep_qiskit_87,2.0,2.0,32.0,3.1299999999999995e-05,0.8823362965721567,1.75e-05,0.29589716603809857,,,,,,,,,,,,,,,,,,,,,
27,wstate_indep_qiskit_87,6.0,4.0,272.0,1.4250000000000002e-05,0.8788123597734292,1.0950000000000004e-05,0.113853334961799,,,,,,,,,,,,,,,,,,,,,
27,wstate_indep_qiskit_87,,,,,,,,6.0,4.0,256,1.4800000000000002e-05,0.8788123614438744,6.500000000000002e-06,0.11775826651040872,,,,,,,,,,,,,,
27,wstate_indep_qiskit_87,,,,,,,,,,,,,,,6.0,4.0,256,1.4800000000000002e-05,0.8788123614438744,6.500000000000002e-06,0.11775826651040872,,,,,,,
50,wstate_indep_qiskit_87,,,,,,,,,,,,,,,,,,,,,,2.0,2.0,32,2.7449999999999996e-05,0.8823362965721567,2.1349999999999997e-05,0.2945597488301064
65,wstate_indep_qiskit_87,,,,,,,,,,,,,,,2.0,2.0,32,3.5699999999999994e-05,0.8823362965721567,1.3100000000000003e-05,0.30115809388934683,,,,,,,
16,wstate_indep_qiskit_87,,,,,,,,,,,,,,,12.0,7.0,256,8.750000000000004e-06,0.8735528301771958,1.55e-06,0.05023294519001477,,,,,,,
50,wstate_indep_qiskit_87,,,,,,,,2.0,2.0,32,2.7449999999999996e-05,0.8823362965721567,2.1349999999999997e-05,0.2945597488301064,,,,,,,,,,,,,,
27,e_indep_qiskit_31,,,,,,,,57.0,4.0,18014398509481984,2.899999999999997e-05,0.8283088955806867,4.5500000000000005e-06,0.19812544873374296,,,,,,,,,,,,,,
10,e_indep_qiskit_31,,,,,,,,155.0,19.0,1048576,1.0900000000000002e-05,0.7510092839942729,2.4999999999999998e-06,0.0025175566916403177,,,,,,,,,,,,,,
16,e_indep_qiskit_31,,,,,,,,76.0,7.0,4294967296,3.0099999999999966e-05,0.8127542160058436,7.000000000000002e-06,0.10942584142882353,,,,,,,,,,,,,,
27,e_indep_qiskit_31,,,,,,,,,,,,,,,,,,,,,,57.0,4.0,18014398509481984,2.899999999999997e-05,0.8283088955806867,4.5500000000000005e-06,0.19812544873374296
16,e_indep_qiskit_31,,,,,,,,,,,,,,,,,,,,,,76.0,7.0,4294967296,3.0099999999999966e-05,0.8127550808882233,7.500000000000002e-06,0.11268885264621067
10,e_indep_qiskit_31,,,,,,,,,,,,,,,,,,,,,,155.0,19.0,1048576,1.0900000000000002e-05,0.7510092839942729,2.4999999999999998e-06,0.0025175566916403177
16,e_indep_qiskit_31,,,,,,,,,,,,,,,76.0,7.0,4294967296,3.0099999999999966e-05,0.8127550808882233,7.500000000000002e-06,0.11268885264621067,,,,,,,
27,e_indep_qiskit_31,,,,,,,,,,,,,,,57.0,4.0,18014398509481984,2.899999999999997e-05,0.8283088955806867,4.5500000000000005e-06,0.19812544873374296,,,,,,,
10,e_indep_qiskit_31,,,,,,,,,,,,,,,155.0,19.0,1048576,1.0900000000000002e-05,0.7510092839942729,2.4999999999999998e-06,0.0025175566916403177,,,,,,,
50,wstate_indep_qiskit_73,,,,,,,,,,,,,,,,,,,,,,2.0,2.0,32,2.7449999999999996e-05,0.9000600756162801,1.3650000000000003e-05,0.30588173502271876
65,wstate_indep_qiskit_73,,,,,,,,,,,,,,,2.0,2.0,32,3.5699999999999994e-05,0.9000600756162801,5.400000000000001e-06,0.3440202063731474,,,,,,,
16,wstate_indep_qiskit_73,,,,,,,,,,,,,,,10.0,6.0,256,8.750000000000004e-06,0.8928849893197826,1.55e-06,0.08166744001152342,,,,,,,
50,wstate_indep_qiskit_73,,,,,,,,2.0,2.0,32,2.7449999999999996e-05,0.9000600756162801,1.3650000000000003e-05,0.30588173502271876,,,,,,,,,,,,,,
27,wstate_indep_qiskit_73,,,,,,,,,,,,,,,4.0,3.0,256,1.4800000000000002e-05,0.8982609166325277,1.2550000000000004e-05,0.18819634797741205,,,,,,,
27,wstate_indep_qiskit_73,,,,,,,,,,,,,,,,,,,,,,4.0,3.0,256,1.4800000000000002e-05,0.8982609166325277,1.2550000000000004e-05,0.18819634797741205
65,wstate_indep_qiskit_73,,,,,,,,,,,,,,,,,,,,,,2.0,2.0,32,3.5699999999999994e-05,0.9000600756162801,5.400000000000001e-06,0.3440202063731474
27,wstate_indep_qiskit_73,,,,,,,,4.0,3.0,256,1.4800000000000002e-05,0.8982609166325277,1.2550000000000004e-05,0.18819634797741205,,,,,,,,,,,,,,
16,wstate_indep_qiskit_73,,,,,,,,,,,,,,,,,,,,,,10.0,6.0,256,8.750000000000004e-06,0.8928849893197826,1.55e-06,0.08166744001152342
50,wstate_indep_qiskit_73,,,,,,,,,,,,,,,2.0,2.0,32,2.7449999999999996e-05,0.9000600756162801,1.3650000000000003e-05,0.30588173502271876,,,,,,,
27,wstate_indep_qiskit_73,6.0,4.0,272.0,1.2600000000000003e-05,0.8964653523414341,7.650000000000003e-06,0.1280989268518485,,,,,,,,,,,,,,,,,,,,,
16,wstate_indep_qiskit_73,,,,,,,,10.0,6.0,256,8.750000000000004e-06,0.8928849893197826,1.55e-06,0.08166744001152342,,,,,,,,,,,,,,
65,wstate_indep_qiskit_73,,,,,,,,2.0,2.0,32,3.5699999999999994e-05,0.9000600756162801,5.400000000000001e-06,0.3440202063731474,,,,,,,,,,,,,,
65,wstate_indep_qiskit_73,2.0,2.0,32.0,2.1899999999999997e-05,0.90006007561628,1.92e-05,0.304539544092466,,,,,,,,,,,,,,,,,,,,,
10,graphstate_nativegates_ibm_qiskit_opt3_25,4.0,4.0,48.0,4.1000000000000006e-06,0.9658322460211438,2.4999999999999994e-06,0.1567468362002685,,,,,,,,,,,,,,,,,,,,,
10,graphstate_nativegates_ibm_qiskit_opt3_25,,,,,,,,,,,,,,,,,,,,,,2.0,3.0,33,4.1000000000000006e-06,0.9677667859359722,2.2999999999999996e-06,0.3371561785763685
10,graphstate_nativegates_ibm_qiskit_opt3_25,,,,,,,,,,,,,,,2.0,3.0,33,4.1000000000000006e-06,0.9677667859359722,2.2999999999999996e-06,0.3371561785763685,,,,,,,
16,graphstate_nativegates_ibm_qiskit_opt3_25,,,,,,,,0.0,2.0,2,4.1000000000000006e-06,0.9697052014659783,4.1000000000000006e-06,0.3650059488399761,,,,,,,,,,,,,,
5,graphstate_nativegates_ibm_qiskit_opt3_25,7.0,7.0,48.0,2.4499999999999994e-06,0.9629376833771943,1.6e-06,0.09839449754449114,,,,,,,,,,,,,,,,,,,,,
5,graphstate_nativegates_ibm_qiskit_opt3_25,,,,,,,,,,,,,,,,,,,,,,7.0,7.0,48,2.1499999999999997e-06,0.9629376826066672,1.6499999999999999e-06,0.1221364671901345
5,graphstate_nativegates_ibm_qiskit_opt3_25,,,,,,,,,,,,,,,7.0,7.0,48,2.2999999999999996e-06,0.9629376826066671,1.15e-06,0.12716425771096043,,,,,,,
5,graphstate_nativegates_ibm_qiskit_opt3_25,,,,,,,,7.0,7.0,48,2.1499999999999997e-06,0.9629376826066672,1.6499999999999999e-06,0.1221364671901345,,,,,,,,,,,,,,
16,graphstate_nativegates_ibm_qiskit_opt3_25,,,,,,,,,,,,,,,0.0,2.0,2,4.1000000000000006e-06,0.9697052014659783,4.1000000000000006e-06,0.3650059488399761,,,,,,,
16,graphstate_nativegates_ibm_qiskit_opt3_25,,,,,,,,,,,,,,,,,,,,,,0.0,2.0,2,4.1000000000000006e-06,0.9697052014659783,4.1000000000000006e-06,0.3650059488399761
10,graphstate_nativegates_ibm_qiskit_opt3_25,,,,,,,,3.0,3.0,49,4.1000000000000006e-06,0.9667990317213147,1.1499999999999998e-06,0.28112334928533234,,,,,,,,,,,,,,
27,peexact_nativegates_ibm_qiskit_opt3_31,,,,,,,,,,,,,,,48.0,3.0,18014398509481984,4.8599999999999975e-05,0.7775562705597157,2.6949999999999988e-05,0.25789280023658584,,,,,,,
16,peexact_nativegates_ibm_qiskit_opt3_31,,,,,,,,,,,,,,,108.0,10.0,4294967296,2.17e-05,0.7323760102894719,7.450000000000003e-06,0.024193750478186903,,,,,,,
10,peexact_nativegates_ibm_qiskit_opt3_31,,,,,,,,171.0,22.0,1048576,1.2100000000000003e-05,0.6876759774574978,5.9500000000000015e-06,0.0008994948096185982,,,,,,,,,,,,,,
10,peexact_nativegates_ibm_qiskit_opt3_31,,,,,,,,,,,,,,,,,,,,,,173.0,22.0,1048576,1.3950000000000004e-05,0.6862984436575877,5.9500000000000015e-06,0.0006330244591549332
10,peexact_nativegates_ibm_qiskit_opt3_31,,,,,,,,,,,,,,,173.0,22.0,1048576,1.3950000000000004e-05,0.6862984436575877,5.9500000000000015e-06,0.0006330244591549332,,,,,,,
16,peexact_nativegates_ibm_qiskit_opt3_31,,,,,,,,,,,,,,,,,,,,,,108.0,10.0,4294967296,2.17e-05,0.7323760102894719,7.450000000000003e-06,0.024193750478186903
16,peexact_nativegates_ibm_qiskit_opt3_31,,,,,,,,119.0,10.0,4294967296,2.17e-05,0.7243648039987058,5.400000000000001e-06,0.015940367346209208,,,,,,,,,,,,,,
27,peexact_nativegates_ibm_qiskit_opt3_31,,,,,,,,,,,,,,,,,,,,,,48.0,3.0,18014398509481984,4.8599999999999975e-05,0.7775562705597157,2.6949999999999988e-05,0.25789280023658584
27,peexact_nativegates_ibm_qiskit_opt3_31,,,,,,,,48.0,3.0,18014398509481984,4.8599999999999975e-05,0.7775562705597157,2.6949999999999988e-05,0.25789280023658584,,,,,,,,,,,,,,
5,realamprandom_indep_qiskit_8,,,,,,,,,,,,,,,,,,,,,,49.0,12.0,1024,3.5499999999999995e-06,0.9285312268659547,2.05e-06,0.07514259208531829
5,realamprandom_indep_qiskit_8,,,,,,,,48.0,12.0,1024,3.5999999999999994e-06,0.9294606243188664,2e-06,0.09108142949485065,,,,,,,,,,,,,,
5,realamprandom_indep_qiskit_8,,,,,,,,,,,,,,,49.0,12.0,1024,3.5499999999999995e-06,0.9285312268659547,2.05e-06,0.07514259208531829,,,,,,,
56,dj_indep_qiskit_109,,,,,,,,,,,,,,,,,,,,,,1.0,2.0,8,2.7599999999999973e-05,0.8747167623282679,2.6599999999999976e-05,0.2703299224146608
27,dj_indep_qiskit_109,,,,,,,,4.0,5.0,52,1.3100000000000003e-05,0.8721089109646706,2.1e-06,0.060523487324233016,,,,,,,,,,,,,,
36,dj_indep_qiskit_109,,,,,,,,,,,,,,,3.0,4.0,40,1.76e-05,0.8729776601711616,1.6e-06,0.11306494038516285,,,,,,,
46,dj_indep_qiskit_109,,,,,,,,,,,,,,,,,,,,,,2.0,3.0,24,2.2599999999999987e-05,0.8738484706970027,9.100000000000001e-06,0.15289726215536648
36,dj_indep_qiskit_109,,,,,,,,,,,,,,,,,,,,,,3.0,4.0,40,1.76e-05,0.8729776601711616,1.6e-06,0.11306494038516285
106,dj_indep_qiskit_109,,,,,,,,,,,,,,,,,,,,,,1.0,2.0,8,5.25999999999999e-05,0.87469372762414,1.6e-06,0.38675539123592095
81,dj_indep_qiskit_109,,,,,,,,1.0,2.0,8,4.009999999999994e-05,0.8747107715366953,1.4100000000000004e-05,0.27611438457890664,,,,,,,,,,,,,,
36,dj_indep_qiskit_109,3.0,4.0,40.0,1.6600000000000004e-05,0.8729807145265588,1.0600000000000002e-05,0.08497267641065398,,,,,,,,,,,,,,,,,,,,,
61,dj_indep_qiskit_109,,,,,,,,1.0,2.0,8,3.0099999999999966e-05,0.8747164484196319,2.4099999999999983e-05,0.2705661523913692,,,,,,,,,,,,,,
101,dj_indep_qiskit_109,,,,,,,,,,,,,,,1.0,2.0,8,5.009999999999991e-05,0.8746980206563298,4.1e-06,0.31635134571341383,,,,,,,
101,dj_indep_qiskit_109,,,,,,,,,,,,,,,,,,,,,,1.0,2.0,8,5.009999999999991e-05,0.8746980206563298,4.1e-06,0.31635134571341383
46,dj_indep_qiskit_109,,,,,,,,,,,,,,,2.0,3.0,24,2.2599999999999987e-05,0.8738484706970027,9.100000000000001e-06,0.15289726215536648,,,,,,,
71,dj_indep_qiskit_109,1.0,2.0,8.0,3.459999999999995e-05,0.8747147957569827,1.9599999999999995e-05,0.27194297674168794,,,,,,,,,,,,,,,,,,,,,
66,dj_indep_qiskit_109,1.0,2.0,8.0,3.259999999999996e-05,0.8747157118396497,2.159999999999999e-05,0.27116336604370245,,,,,,,,,,,,,,,,,,,,,
56,dj_indep_qiskit_109,,,,,,,,,,,,,,,1.0,2.0,8,2.7599999999999973e-05,0.8747167623282679,2.6599999999999976e-05,0.2703299224146608,,,,,,,
76,dj_indep_qiskit_109,1.0,2.0,8.0,3.459999999999995e-05,0.8747147957569827,1.9599999999999995e-05,0.27194297674168794,,,,,,,,,,,,,,,,,,,,,
61,dj_indep_qiskit_109,1.0,2.0,8.0,3.0099999999999966e-05,0.8747164590306281,2.4099999999999983e-05,0.2705661523913692,,,,,,,,,,,,,,,,,,,,,
51,dj_indep_qiskit_109,2.0,3.0,24.0,2.3099999999999986e-05,0.8738499232815597,1.4600000000000004e-05,0.14938092461566438,,,,,,,,,,,,,,,,,,,,,
46,dj_indep_qiskit_109,2.0,3.0,24.0,1.9599999999999995e-05,0.8738504471989706,1.5600000000000006e-05,0.14874936661768745,,,,,,,,,,,,,,,,,,,,,
101,dj_indep_qiskit_109,1.0,2.0,8.0,3.459999999999995e-05,0.8747147957569827,1.9599999999999995e-05,0.27194297674168794,,,,,,,,,,,,,,,,,,,,,
56,dj_indep_qiskit_109,1.0,2.0,8.0,2.7599999999999973e-05,0.8747167623282679,2.6599999999999976e-05,0.2703299224146608,,,,,,,,,,,,,,,,,,,,,
41,dj_indep_qiskit_109,2.0,3.0,24.0,2.0099999999999994e-05,0.8738501902729306,1.4100000000000004e-05,0.1491519900344077,,,,,,,,,,,,,,,,,,,,,
91,dj_indep_qiskit_109,,,,,,,,1.0,2.0,8,4.5099999999999924e-05,0.8747052803461911,9.100000000000001e-06,0.2853504217009135,,,,,,,,,,,,,,
106,dj_indep_qiskit_109,1.0,2.0,8.0,3.459999999999995e-05,0.8747147957569827,1.9599999999999995e-05,0.27194297674168794,,,,,,,,,,,,,,,,,,,,,
71,dj_indep_qiskit_109,,,,,,,,1.0,2.0,8,3.509999999999995e-05,0.8747144942278423,1.9099999999999997e-05,0.2721865923812875,,,,,,,,,,,,,,
51,dj_indep_qiskit_109,,,,,,,,2.0,3.0,24,2.509999999999998e-05,0.873845433237025,4.1e-06,0.1683990524858736,,,,,,,,,,,,,,
41,dj_indep_qiskit_109,,,,,,,,,,,,,,,,,,,,,,2.0,3.0,24,2.0099999999999994e-05,0.8738501902729306,1.4100000000000004e-05,0.1491519900344077
50,dj_indep_qiskit_109,,,,,,,,,,,,,,,2.0,3.0,24,2.459999999999998e-05,0.8738461460961421,5.1e-06,0.16290028598821396,,,,,,,
65,dj_indep_qiskit_109,,,,,,,,,,,,,,,1.0,2.0,8,3.209999999999996e-05,0.874715878962839,2.209999999999999e-05,0.27101261708146335,,,,,,,
76,dj_indep_qiskit_109,,,,,,,,,,,,,,,1.0,2.0,8,3.7599999999999945e-05,0.8747128539446885,1.6600000000000004e-05,0.2737608246411973,,,,,,,
27,dj_indep_qiskit_109,4.0,5.0,40.0,1.2600000000000003e-05,0.8721102242272366,8.1e-06,0.05030792416372561,,,,,,,,,,,,,,,,,,,,,
96,dj_indep_qiskit_109,,,,,,,,,,,,,,,1.0,2.0,8,4.759999999999992e-05,0.8747018715636802,6.600000000000001e-06,0.29529240081449254,,,,,,,
66,dj_indep_qiskit_109,,,,,,,,,,,,,,,1.0,2.0,8,3.259999999999996e-05,0.8747156923861568,2.159999999999999e-05,0.27116336604370245,,,,,,,
86,dj_indep_qiskit_109,,,,,,,,,,,,,,,1.0,2.0,8,4.259999999999993e-05,0.8747082470038628,1.1600000000000002e-05,0.2796792677033647,,,,,,,
50,dj_indep_qiskit_109,2.0,3.0,24.0,2.109999999999999e-05,0.8738501655955874,1.4100000000000004e-05,0.14918677659712778,,,,,,,,,,,,,,,,,,,,,
106,dj_indep_qiskit_109,,,,,,,,1.0,2.0,8,5.25999999999999e-05,0.87469372762414,1.6e-06,0.38675539123592095,,,,,,,,,,,,,,
41,dj_indep_qiskit_109,,,,,,,,2.0,3.0,24,2.0099999999999994e-05,0.8738501902729306,1.4100000000000004e-05,0.1491519900344077,,,,,,,,,,,,,,
51,dj_indep_qiskit_109,,,,,,,,,,,,,,,,,,,,,,2.0,3.0,24,2.509999999999998e-05,0.873845433237025,4.1e-06,0.1683990524858736
86,dj_indep_qiskit_109,,,,,,,,1.0,2.0,8,4.259999999999993e-05,0.8747082470038628,1.1600000000000002e-05,0.2796792677033647,,,,,,,,,,,,,,
66,dj_indep_qiskit_109,,,,,,,,1.0,2.0,8,3.259999999999996e-05,0.8747156923861568,2.159999999999999e-05,0.27116336604370245,,,,,,,,,,,,,,
76,dj_indep_qiskit_109,,,,,,,,,,,,,,,,,,,,,,1.0,2.0,8,3.7599999999999945e-05,0.8747128539446885,1.6600000000000004e-05,0.2737608246411973
106,dj_indep_qiskit_109,,,,,,,,,,,,,,,1.0,2.0,8,5.25999999999999e-05,0.87469372762414,1.6e-06,0.38675539123592095,,,,,,,
41,dj_indep_qiskit_109,,,,,,,,,,,,,,,2.0,3.0,24,2.0099999999999994e-05,0.8738501902729306,1.4100000000000004e-05,0.1491519900344077,,,,,,,
51,dj_indep_qiskit_109,,,,,,,,,,,,,,,2.0,3.0,24,2.509999999999998e-05,0.873845433237025,4.1e-06,0.1683990524858736,,,,,,,
50,dj_indep_qiskit_109,,,,,,,,2.0,3.0,24,2.459999999999998e-05,0.8738461460961421,5.1e-06,0.16290028598821396,,,,,,,,,,,,,,
65,dj_indep_qiskit_109,,,,,,,,1.0,2.0,8,3.209999999999996e-05,0.874715878962839,2.209999999999999e-05,0.27101261708146335,,,,,,,,,,,,,,
96,dj_indep_qiskit_109,,,,,,,,1.0,2.0,8,4.759999999999992e-05,0.8747018715636802,6.600000000000001e-06,0.29529240081449254,,,,,,,,,,,,,,
65,dj_indep_qiskit_109,1.0,2.0,8.0,3.209999999999996e-05,0.8747158966478324,2.209999999999999e-05,0.27101261708146335,,,,,,,,,,,,,,,,,,,,,
76,dj_indep_qiskit_109,,,,,,,,1.0,2.0,8,3.7599999999999945e-05,0.8747128539446885,1.6600000000000004e-05,0.2737608246411973,,,,,,,,,,,,,,
66,dj_indep_qiskit_109,,,,,,,,,,,,,,,,,,,,,,1.0,2.0,8,3.259999999999996e-05,0.8747156923861568,2.159999999999999e-05,0.27116336604370245
27,dj_indep_qiskit_109,,,,,,,,,,,,,,,,,,,,,,4.0,5.0,52,1.3100000000000003e-05,0.8721089109646706,2.1e-06,0.060523487324233016
56,dj_indep_qiskit_109,,,,,,,,1.0,2.0,8,2.7599999999999973e-05,0.8747167623282679,2.6599999999999976e-05,0.2703299224146608,,,,,,,,,,,,,,
91,dj_indep_qiskit_109,,,,,,,,,,,,,,,,,,,,,,1.0,2.0,8,4.5099999999999924e-05,0.8747052803461911,9.100000000000001e-06,0.2853504217009135
71,dj_indep_qiskit_109,,,,,,,,,,,,,,,1.0,2.0,8,3.509999999999995e-05,0.8747144942278423,1.9099999999999997e-05,0.2721865923812875,,,,,,,
91,dj_indep_qiskit_109,,,,,,,,,,,,,,,1.0,2.0,8,4.5099999999999924e-05,0.8747052803461911,9.100000000000001e-06,0.2853504217009135,,,,,,,
81,dj_indep_qiskit_109,,,,,,,,,,,,,,,,,,,,,,1.0,2.0,8,4.009999999999994e-05,0.8747107715366953,1.4100000000000004e-05,0.27611438457890664
61,dj_indep_qiskit_109,,,,,,,,,,,,,,,1.0,2.0,8,3.0099999999999966e-05,0.8747164484196319,2.4099999999999983e-05,0.2705661523913692,,,,,,,
81,dj_indep_qiskit_109,,,,,,,,,,,,,,,1.0,2.0,8,4.009999999999994e-05,0.8747107715366953,1.4100000000000004e-05,0.27611438457890664,,,,,,,
101,dj_indep_qiskit_109,,,,,,,,1.0,2.0,8,5.009999999999991e-05,0.8746980206563298,4.1e-06,0.31635134571341383,,,,,,,,,,,,,,
46,dj_indep_qiskit_109,,,,,,,,2.0,3.0,24,2.2599999999999987e-05,0.8738484706970027,9.100000000000001e-06,0.15289726215536648,,,,,,,,,,,,,,
86,dj_indep_qiskit_109,,,,,,,,,,,,,,,,,,,,,,1.0,2.0,8,4.259999999999993e-05,0.8747082470038628,1.1600000000000002e-05,0.2796792677033647
50,dj_indep_qiskit_109,,,,,,,,,,,,,,,,,,,,,,2.0,3.0,24,2.459999999999998e-05,0.8738461460961421,5.1e-06,0.16290028598821396
96,dj_indep_qiskit_109,,,,,,,,,,,,,,,,,,,,,,1.0,2.0,8,4.759999999999992e-05,0.8747018715636802,6.600000000000001e-06,0.29529240081449254
91,dj_indep_qiskit_109,1.0,2.0,8.0,3.459999999999995e-05,0.8747147957569827,1.9599999999999995e-05,0.27194297674168794,,,,,,,,,,,,,,,,,,,,,
86,dj_indep_qiskit_109,1.0,2.0,8.0,3.459999999999995e-05,0.8747147957569827,1.9599999999999995e-05,0.27194297674168794,,,,,,,,,,,,,,,,,,,,,
96,dj_indep_qiskit_109,1.0,2.0,8.0,3.459999999999995e-05,0.8747147957569827,1.9599999999999995e-05,0.27194297674168794,,,,,,,,,,,,,,,,,,,,,
81,dj_indep_qiskit_109,1.0,2.0,8.0,3.459999999999995e-05,0.8747147957569827,1.9599999999999995e-05,0.27194297674168794,,,,,,,,,,,,,,,,,,,,,
36,dj_indep_qiskit_109,,,,,,,,3.0,4.0,40,1.76e-05,0.8729776601711616,1.6e-06,0.11306494038516285,,,,,,,,,,,,,,
61,dj_indep_qiskit_109,,,,,,,,,,,,,,,,,,,,,,1.0,2.0,8,3.0099999999999966e-05,0.8747164484196319,2.4099999999999983e-05,0.2705661523913692
65,dj_indep_qiskit_109,,,,,,,,,,,,,,,,,,,,,,1.0,2.0,8,3.209999999999996e-05,0.874715878962839,2.209999999999999e-05,0.27101261708146335
27,dj_indep_qiskit_109,,,,,,,,,,,,,,,4.0,5.0,52,1.3100000000000003e-05,0.8721089109646706,2.1e-06,0.060523487324233016,,,,,,,
71,dj_indep_qiskit_109,,,,,,,,,,,,,,,,,,,,,,1.0,2.0,8,3.509999999999995e-05,0.8747144942278423,1.9099999999999997e-05,0.2721865923812875
10,pricingput_nativegates_ibm_qiskit_opt3_21,,,,,,,,,,,,,,,78.0,10.0,1048576,0.0007277999999999969,0.6448905909491693,3.1999999999999994e-06,0.03840664371368646,,,,,,,
16,pricingput_nativegates_ibm_qiskit_opt3_21,,,,,,,,49.0,5.0,4294967296,0.0007415499999999982,0.663759528182467,7.100000000000003e-06,0.28159795323974507,,,,,,,,,,,,,,
16,pricingput_nativegates_ibm_qiskit_opt3_21,,,,,,,,,,,,,,,,,,,,,,49.0,5.0,4294967296,0.0007415499999999982,0.663759528182467,7.100000000000003e-06,0.28159795323974507
10,pricingput_nativegates_ibm_qiskit_opt3_21,,,,,,,,,,,,,,,,,,,,,,71.0,10.0,1048576,0.0007277999999999969,0.6494218488353544,3.1999999999999994e-06,0.06480808109599658
16,pricingput_nativegates_ibm_qiskit_opt3_21,,,,,,,,,,,,,,,49.0,5.0,4294967296,0.0007415499999999982,0.663759528182467,7.100000000000003e-06,0.28159795323974507,,,,,,,
10,pricingput_nativegates_ibm_qiskit_opt3_21,,,,,,,,78.0,10.0,1048576,0.0007277999999999969,0.6448905909491693,3.1999999999999994e-06,0.03840664371368646,,,,,,,,,,,,,,
5,graphstate_nativegates_ibm_qiskit_opt3_13,,,,,,,,,,,,,,,2.0,4.0,34,1.9499999999999995e-06,0.9821631706229174,1.6499999999999999e-06,0.414078102966992,,,,,,,
5,graphstate_nativegates_ibm_qiskit_opt3_13,,,,,,,,,,,,,,,,,,,,,,2.0,4.0,34,1.9499999999999995e-06,0.9821631706229174,1.6499999999999999e-06,0.414078102966992
10,graphstate_nativegates_ibm_qiskit_opt3_13,,,,,,,,,,,,,,,,,,,,,,0.0,2.0,3,2.9499999999999993e-06,0.9841304217939671,1.7999999999999997e-06,0.5060233760798734
10,graphstate_nativegates_ibm_qiskit_opt3_13,,,,,,,,,,,,,,,0.0,2.0,3,2.9499999999999993e-06,0.9841304217939671,1.7999999999999997e-06,0.5060233760798734,,,,,,,
10,graphstate_nativegates_ibm_qiskit_opt3_13,,,,,,,,0.0,2.0,3,2.9499999999999993e-06,0.9841304217939671,1.7999999999999997e-06,0.5060233760798734,,,,,,,,,,,,,,
5,graphstate_nativegates_ibm_qiskit_opt3_13,,,,,,,,2.0,4.0,34,1.9499999999999995e-06,0.9821631706229174,1.6499999999999999e-06,0.414078102966992,,,,,,,,,,,,,,
82,graphstate_indep_qiskit_83,,,,,,,,,,,,,,,,,,,,,,0.0,2.0,2,3.0499999999999996e-06,0.9044092072771571,2.05e-06,0.3861988537918163
16,graphstate_indep_qiskit_83,,,,,,,,7.0,8.0,48,3.0499999999999996e-06,0.8980973729649031,1.55e-06,0.05417714255063785,,,,,,,,,,,,,,
32,graphstate_indep_qiskit_83,,,,,,,,,,,,,,,3.0,3.0,49,3.0499999999999996e-06,0.9016987217408454,2.05e-06,0.185398696212572,,,,,,,
47,graphstate_indep_qiskit_83,2.0,2.0,32.0,3.0499999999999996e-06,0.90260131313321,2.5499999999999997e-06,0.2954475963625245,,,,,,,,,,,,,,,,,,,,,
47,graphstate_indep_qiskit_83,,,,,,,,2.0,2.0,33,3.0499999999999996e-06,0.9026013131332096,2.05e-06,0.2390075715745447,,,,,,,,,,,,,,
42,graphstate_indep_qiskit_83,3.0,3.0,48.0,3.0499999999999996e-06,0.9016987217408455,2.05e-06,0.1898297058175099,,,,,,,,,,,,,,,,,,,,,
57,graphstate_indep_qiskit_83,,,,,,,,,,,,,,,3.0,2.0,49,3.0499999999999996e-06,0.9016987217408456,2.05e-06,0.15802248881300995,,,,,,,
50,graphstate_indep_qiskit_83,,,,,,,,,,,,,,,,,,,,,,2.0,2.0,33,3.0499999999999996e-06,0.9026013131332098,2.05e-06,0.24132223653748364
50,graphstate_indep_qiskit_83,,,,,,,,2.0,2.0,33,3.0499999999999996e-06,0.9026013131332098,2.05e-06,0.24132223653748364,,,,,,,,,,,,,,
65,graphstate_indep_qiskit_83,,,,,,,,2.0,2.0,33,3.0499999999999996e-06,0.9026013131332098,2.05e-06,0.25211994055424414,,,,,,,,,,,,,,
62,graphstate_indep_qiskit_83,,,,,,,,,,,,,,,2.0,2.0,33,3.0499999999999996e-06,0.9026013131332098,2.05e-06,0.25211994055424414,,,,,,,
50,graphstate_indep_qiskit_83,2.0,2.0,32.0,3.0499999999999996e-06,0.9026013131332093,2.5499999999999997e-06,0.2958093984406148,,,,,,,,,,,,,,,,,,,,,
72,graphstate_indep_qiskit_83,,,,,,,,2.0,2.0,33,3.0499999999999996e-06,0.9026013131332098,2.05e-06,0.25211994055424414,,,,,,,,,,,,,,
52,graphstate_indep_qiskit_83,,,,,,,,,,,,,,,,,,,,,,3.0,2.0,49,3.0499999999999996e-06,0.9016987217408454,2.05e-06,0.18769754970640465
37,graphstate_indep_qiskit_83,,,,,,,,3.0,3.0,49,3.0499999999999996e-06,0.9016987217408455,2.05e-06,0.1560022491522314,,,,,,,,,,,,,,
42,graphstate_indep_qiskit_83,,,,,,,,,,,,,,,2.0,3.0,33,3.0499999999999996e-06,0.9026013131332098,2.05e-06,0.2374730288064954,,,,,,,
37,graphstate_indep_qiskit_83,3.0,3.0,48.0,3.0499999999999996e-06,0.9016987217408456,2.05e-06,0.19245501164949147,,,,,,,,,,,,,,,,,,,,,
27,graphstate_indep_qiskit_83,,,,,,,,,,,,,,,4.0,4.0,49,3.0499999999999996e-06,0.9007970329299533,2.05e-06,0.1103840748528785,,,,,,,
72,graphstate_indep_qiskit_83,,,,,,,,,,,,,,,,,,,,,,2.0,2.0,33,3.0499999999999996e-06,0.9026013131332098,2.05e-06,0.25211994055424414
32,graphstate_indep_qiskit_83,3.0,3.0,48.0,3.0499999999999996e-06,0.9016987217408458,2.5499999999999997e-06,0.14941850678211874,,,,,,,,,,,,,,,,,,,,,
52,graphstate_indep_qiskit_83,,,,,,,,3.0,2.0,49,3.0499999999999996e-06,0.9016987217408454,2.05e-06,0.18769754970640465,,,,,,,,,,,,,,
82,graphstate_indep_qiskit_83,,,,,,,,0.0,2.0,2,3.0499999999999996e-06,0.9044092072771571,2.05e-06,0.3861988537918163,,,,,,,,,,,,,,
37,graphstate_indep_qiskit_83,,,,,,,,,,,,,,,,,,,,,,3.0,3.0,49,3.0499999999999996e-06,0.9016987217408454,2.05e-06,0.185398696212572
57,graphstate_indep_qiskit_83,,,,,,,,,,,,,,,,,,,,,,3.0,2.0,49,3.0499999999999996e-06,0.9016987217408454,2.05e-06,0.18769754970640465
16,graphstate_indep_qiskit_83,,,,,,,,,,,,,,,,,,,,,,7.0,8.0,49,3.0499999999999996e-06,0.8980973729649031,1.55e-06,0.07762872217948871
67,graphstate_indep_qiskit_83,2.0,2.0,32.0,3.0499999999999996e-06,0.90260131313321,3.0499999999999996e-06,0.2652137100386356,,,,,,,,,,,,,,,,,,,,,
67,graphstate_indep_qiskit_83,,,,,,,,2.0,2.0,33,3.0499999999999996e-06,0.9026013131332098,2.05e-06,0.25211994055424414,,,,,,,,,,,,,,
77,graphstate_indep_qiskit_83,,,,,,,,,,,,,,,0.0,2.0,2,3.0499999999999996e-06,0.9044092072771571,2.05e-06,0.3861988537918163,,,,,,,
62,graphstate_indep_qiskit_83,2.0,2.0,32.0,3.0499999999999996e-06,0.9026013131332091,2.5499999999999997e-06,0.3253113571441566,,,,,,,,,,,,,,,,,,,,,
77,graphstate_indep_qiskit_83,,,,,,,,,,,,,,,,,,,,,,0.0,2.0,2,3.0499999999999996e-06,0.9044092072771571,2.05e-06,0.3861988537918163
32,graphstate_indep_qiskit_83,,,,,,,,,,,,,,,,,,,,,,3.0,3.0,49,3.0499999999999996e-06,0.9016987217408454,2.05e-06,0.185398696212572
77,graphstate_indep_qiskit_83,,,,,,,,0.0,2.0,2,3.0499999999999996e-06,0.9044092072771571,2.05e-06,0.3861988537918163,,,,,,,,,,,,,,
16,graphstate_indep_qiskit_83,6.0,6.0,48.0,2.5499999999999997e-06,0.8989963594431999,2.05e-06,0.04405645390140838,,,,,,,,,,,,,,,,,,,,,
67,graphstate_indep_qiskit_83,,,,,,,,,,,,,,,2.0,2.0,33,3.0499999999999996e-06,0.9026013131332096,2.05e-06,0.23544124017059834,,,,,,,
72,graphstate_indep_qiskit_83,2.0,2.0,32.0,3.0499999999999996e-06,0.90260131313321,3.0499999999999996e-06,0.2652137100386356,,,,,,,,,,,,,,,,,,,,,
65,graphstate_indep_qiskit_83,,,,,,,,,,,,,,,,,,,,,,2.0,2.0,33,3.0499999999999996e-06,0.9026013131332098,2.05e-06,0.25211994055424414
27,graphstate_indep_qiskit_83,,,,,,,,3.0,4.0,49,3.0499999999999996e-06,0.9016987217408453,2.05e-06,0.14255075902820985,,,,,,,,,,,,,,
82,graphstate_indep_qiskit_83,,,,,,,,,,,,,,,0.0,2.0,2,3.0499999999999996e-06,0.9044092072771571,2.05e-06,0.3861988537918163,,,,,,,
52,graphstate_indep_qiskit_83,,,,,,,,,,,,,,,3.0,2.0,49,3.0499999999999996e-06,0.9016987217408456,2.05e-06,0.15802248881300995,,,,,,,
27,graphstate_indep_qiskit_83,4.0,4.0,48.0,3.0499999999999996e-06,0.9007970329299535,2.05e-06,0.10447991049920004,,,,,,,,,,,,,,,,,,,,,
37,graphstate_indep_qiskit_83,,,,,,,,,,,,,,,3.0,3.0,49,3.0499999999999996e-06,0.9016987217408454,2.05e-06,0.185398696212572,,,,,,,
65,graphstate_indep_qiskit_83,2.0,2.0,32.0,3.0499999999999996e-06,0.9026013131332096,2.5499999999999997e-06,0.2964480874316938,,,,,,,,,,,,,,,,,,,,,
42,graphstate_indep_qiskit_83,,,,,,,,2.0,3.0,33,3.0499999999999996e-06,0.9026013131332096,2.05e-06,0.2390075715745447,,,,,,,,,,,,,,
72,graphstate_indep_qiskit_83,,,,,,,,,,,,,,,2.0,2.0,33,3.0499999999999996e-06,0.9026013131332096,2.05e-06,0.23544124017059834,,,,,,,
42,graphstate_indep_qiskit_83,,,,,,,,,,,,,,,,,,,,,,3.0,3.0,49,3.0499999999999996e-06,0.9016987217408454,2.05e-06,0.18591567537173115
27,graphstate_indep_qiskit_83,,,,,,,,,,,,,,,,,,,,,,3.0,4.0,49,3.0499999999999996e-06,0.9016987217408453,2.05e-06,0.14255075902820985
65,graphstate_indep_qiskit_83,,,,,,,,,,,,,,,2.0,2.0,33,3.0499999999999996e-06,0.9026013131332096,2.05e-06,0.23544124017059834,,,,,,,
62,graphstate_indep_qiskit_83,,,,,,,,,,,,,,,,,,,,,,2.0,2.0,33,3.0499999999999996e-06,0.9026013131332098,2.05e-06,0.25211994055424414
62,graphstate_indep_qiskit_83,,,,,,,,2.0,2.0,33,3.0499999999999996e-06,0.9026013131332098,2.05e-06,0.25211994055424414,,,,,,,,,,,,,,
57,graphstate_indep_qiskit_83,,,,,,,,3.0,2.0,49,3.0499999999999996e-06,0.9016987217408454,2.05e-06,0.18769754970640465,,,,,,,,,,,,,,
57,graphstate_indep_qiskit_83,2.0,2.0,32.0,3.0499999999999996e-06,0.90260131313321,3.0499999999999996e-06,0.26220430985966636,,,,,,,,,,,,,,,,,,,,,
47,graphstate_indep_qiskit_83,,,,,,,,,,,,,,,,,,,,,,3.0,2.0,49,3.0499999999999996e-06,0.9016987217408454,2.05e-06,0.18591567537173115
50,graphstate_indep_qiskit_83,,,,,,,,,,,,,,,2.0,2.0,33,3.0499999999999996e-06,0.9026013131332098,2.05e-06,0.24132223653748364,,,,,,,
52,graphstate_indep_qiskit_83,2.0,2.0,32.0,3.0499999999999996e-06,0.9026013131332095,2.5499999999999997e-06,0.2915918325754389,,,,,,,,,,,,,,,,,,,,,
32,graphstate_indep_qiskit_83,,,,,,,,3.0,3.0,49,3.0499999999999996e-06,0.9016987217408455,2.05e-06,0.1560022491522314,,,,,,,,,,,,,,
16,graphstate_indep_qiskit_83,,,,,,,,,,,,,,,7.0,8.0,49,3.0499999999999996e-06,0.8980973729649029,2.05e-06,0.04184576512327162,,,,,,,
67,graphstate_indep_qiskit_83,,,,,,,,,,,,,,,,,,,,,,2.0,2.0,33,3.0499999999999996e-06,0.9026013131332098,2.05e-06,0.25211994055424414
47,graphstate_indep_qiskit_83,,,,,,,,,,,,,,,2.0,2.0,33,3.0499999999999996e-06,0.9026013131332098,2.05e-06,0.2374730288064954,,,,,,,
16,ghz_indep_qiskit_70,4.0,5.0,40.0,7.500000000000002e-06,0.9158997569786793,6.500000000000001e-06,0.05929946446663768,,,,,,,,,,,,,,,,,,,,,
16,ghz_indep_qiskit_70,,,,,,,,,,,,,,,,,,,,,,4.0,5.0,52,7.550000000000001e-06,0.9158997569786794,4.5e-06,0.060377148760864974
50,ghz_indep_qiskit_70,,,,,,,,1.0,2.0,8,2.454999999999998e-05,0.9186529332558115,1.0000000000000003e-05,0.2852972553583552,,,,,,,,,,,,,,
27,ghz_indep_qiskit_70,2.0,3.0,24.0,1.2500000000000004e-05,0.9177342895017342,9.550000000000002e-06,0.16015056228507696,,,,,,,,,,,,,,,,,,,,,
65,ghz_indep_qiskit_70,,,,,,,,1.0,2.0,8,3.204999999999996e-05,0.9186529332558118,2.4999999999999998e-06,0.3440937637505503,,,,,,,,,,,,,,
50,ghz_indep_qiskit_70,1.0,2.0,8.0,2.1999999999999986e-05,0.9186529332558114,1.2550000000000004e-05,0.28215684271461183,,,,,,,,,,,,,,,,,,,,,
27,ghz_indep_qiskit_70,,,,,,,,,,,,,,,,,,,,,,2.0,3.0,24,1.3050000000000004e-05,0.9177342895017343,8.500000000000002e-06,0.16075632102152446
27,ghz_indep_qiskit_70,,,,,,,,,,,,,,,2.0,3.0,24,1.3050000000000004e-05,0.9177342895017343,8.500000000000002e-06,0.16075632102152446,,,,,,,
65,ghz_indep_qiskit_70,,,,,,,,,,,,,,,,,,,,,,1.0,2.0,8,3.204999999999996e-05,0.9186529332558118,2.4999999999999998e-06,0.3440937637505503
50,ghz_indep_qiskit_70,,,,,,,,,,,,,,,,,,,,,,1.0,2.0,8,2.454999999999998e-05,0.9186529332558115,1.0000000000000003e-05,0.2852972553583552
16,ghz_indep_qiskit_70,,,,,,,,4.0,5.0,52,7.550000000000001e-06,0.9158997569786794,4.5e-06,0.060377148760864974,,,,,,,,,,,,,,
16,ghz_indep_qiskit_70,,,,,,,,,,,,,,,4.0,5.0,52,7.550000000000001e-06,0.9158997569786794,4.5e-06,0.060377148760864974,,,,,,,
27,ghz_indep_qiskit_70,,,,,,,,2.0,3.0,24,1.3050000000000004e-05,0.9177342895017343,8.500000000000002e-06,0.16075632102152446,,,,,,,,,,,,,,
50,ghz_indep_qiskit_70,,,,,,,,,,,,,,,1.0,2.0,8,2.454999999999998e-05,0.9186529332558115,1.0000000000000003e-05,0.2852972553583552,,,,,,,
65,ghz_indep_qiskit_70,,,,,,,,,,,,,,,1.0,2.0,8,3.204999999999996e-05,0.9186529332558118,2.4999999999999998e-06,0.3440937637505503,,,,,,,
65,ghz_indep_qiskit_70,1.0,2.0,8.0,2.1999999999999986e-05,0.9186529332558114,1.2550000000000004e-05,0.28215684271461183,,,,,,,,,,,,,,,,,,,,,
65,graphstate_indep_qiskit_84,,,,,,,,,,,,,,,,,,,,,,0.0,2.0,4,4.049999999999999e-06,0.9033150620622852,1.55e-06,0.15747825357332526
27,graphstate_indep_qiskit_84,,,,,,,,2.0,4.0,35,3.5499999999999995e-06,0.9015093550905942,1.55e-06,0.10692103057313336,,,,,,,,,,,,,,
65,graphstate_indep_qiskit_84,,,,,,,,,,,,,,,0.0,2.0,4,4.049999999999999e-06,0.9033150620622852,1.55e-06,0.15747825357332526,,,,,,,
16,graphstate_indep_qiskit_84,,,,,,,,,,,,,,,7.0,7.0,48,4.049999999999999e-06,0.8970108637440634,1.55e-06,0.059610136231056904,,,,,,,
50,graphstate_indep_qiskit_84,,,,,,,,,,,,,,,0.0,2.0,4,4.049999999999999e-06,0.9033150620622852,1.55e-06,0.15747825357332526,,,,,,,
16,graphstate_indep_qiskit_84,6.0,6.0,48.0,3.5499999999999995e-06,0.8979087626375086,1.55e-06,0.04206685969562744,,,,,,,,,,,,,,,,,,,,,
27,graphstate_indep_qiskit_84,,,,,,,,,,,,,,,,,,,,,,2.0,4.0,35,3.5499999999999995e-06,0.9015093550905942,1.55e-06,0.10692103057313336
50,graphstate_indep_qiskit_84,,,,,,,,0.0,2.0,4,4.049999999999999e-06,0.9033150620622852,1.55e-06,0.15747825357332526,,,,,,,,,,,,,,
16,graphstate_indep_qiskit_84,,,,,,,,7.0,7.0,48,3.5499999999999995e-06,0.8970108637440638,1.55e-06,0.06100883598862585,,,,,,,,,,,,,,
50,graphstate_indep_qiskit_84,,,,,,,,,,,,,,,,,,,,,,0.0,2.0,4,4.049999999999999e-06,0.9033150620622852,1.55e-06,0.15747825357332526
65,graphstate_indep_qiskit_84,,,,,,,,0.0,2.0,4,4.049999999999999e-06,0.9033150620622852,1.55e-06,0.15747825357332526,,,,,,,,,,,,,,
16,graphstate_indep_qiskit_84,,,,,,,,,,,,,,,,,,,,,,7.0,7.0,48,3.5499999999999995e-06,0.8970108637440635,1.55e-06,0.06458184307244244
27,graphstate_indep_qiskit_84,,,,,,,,,,,,,,,2.0,4.0,35,4.049999999999999e-06,0.9015093550905942,1.55e-06,0.10109719404232247,,,,,,,
27,graphstate_indep_qiskit_70,,,,,,,,,,,,,,,3.0,4.0,49,3.0499999999999996e-06,0.9160008053907978,2.05e-06,0.15160217013870025,,,,,,,
50,graphstate_indep_qiskit_70,,,,,,,,,,,,,,,,,,,,,,2.0,2.0,33,3.0499999999999996e-06,0.9169177130256986,2.5499999999999997e-06,0.19856203235574638
50,graphstate_indep_qiskit_70,,,,,,,,2.0,2.0,33,3.0499999999999996e-06,0.9169177130256986,2.5499999999999997e-06,0.19856203235574638,,,,,,,,,,,,,,
16,graphstate_indep_qiskit_70,,,,,,,,7.0,5.0,48,3.0499999999999996e-06,0.9123423346624733,1.0500000000000001e-06,0.18791307903714627,,,,,,,,,,,,,,
16,graphstate_indep_qiskit_70,,,,,,,,,,,,,,,,,,,,,,7.0,5.0,48,3.0499999999999996e-06,0.9123423346624732,1.0500000000000001e-06,0.1561743177627782
65,graphstate_indep_qiskit_70,,,,,,,,0.0,2.0,2,3.0499999999999996e-06,0.91875428266031,2.5499999999999997e-06,0.30441585851785796,,,,,,,,,,,,,,
50,graphstate_indep_qiskit_70,2.0,2.0,32.0,3.0499999999999996e-06,0.9169177130256982,2.5499999999999997e-06,0.29878061507762566,,,,,,,,,,,,,,,,,,,,,
65,graphstate_indep_qiskit_70,,,,,,,,,,,,,,,0.0,2.0,2,3.0499999999999996e-06,0.91875428266031,2.5499999999999997e-06,0.30441585851785796,,,,,,,
65,graphstate_indep_qiskit_70,,,,,,,,,,,,,,,,,,,,,,0.0,2.0,2,3.0499999999999996e-06,0.91875428266031,2.5499999999999997e-06,0.30441585851785796
16,graphstate_indep_qiskit_70,,,,,,,,,,,,,,,7.0,5.0,48,3.0499999999999996e-06,0.9123423346624733,1.0500000000000001e-06,0.15661523904387017,,,,,,,
50,graphstate_indep_qiskit_70,,,,,,,,,,,,,,,2.0,2.0,33,3.0499999999999996e-06,0.9169177130256984,2.5499999999999997e-06,0.21573469804696344,,,,,,,
16,graphstate_indep_qiskit_70,6.0,5.0,256.0,3.0499999999999996e-06,0.9132555802048044,1.55e-06,0.15021138755099175,,,,,,,,,,,,,,,,,,,,,
27,graphstate_indep_qiskit_70,,,,,,,,,,,,,,,,,,,,,,3.0,4.0,49,3.0499999999999996e-06,0.916000805390798,1.55e-06,0.18538495414202702
27,graphstate_indep_qiskit_70,,,,,,,,3.0,4.0,49,3.0499999999999996e-06,0.916000805390798,1.55e-06,0.18538495414202702,,,,,,,,,,,,,,
27,graphstate_indep_qiskit_70,3.0,3.0,48.0,3.0499999999999996e-06,0.9160008053907976,2.05e-06,0.20554514269642607,,,,,,,,,,,,,,,,,,,,,
65,dj_indep_qiskit_75,,,,,,,,,,,,,,,1.0,2.0,8,3.209999999999996e-05,0.911786250532076,5.1e-06,0.30910874294601637,,,,,,,
50,dj_indep_qiskit_75,,,,,,,,,,,,,,,1.0,2.0,8,2.459999999999998e-05,0.911791638045375,1.2600000000000003e-05,0.28286087162611573,,,,,,,
50,dj_indep_qiskit_75,1.0,2.0,8.0,2.3599999999999984e-05,0.9117920440608699,1.3600000000000004e-05,0.2817980964565383,,,,,,,,,,,,,,,,,,,,,
16,dj_indep_qiskit_75,,,,,,,,4.0,5.0,52,7.600000000000002e-06,0.9090678367611694,7.1000000000000015e-06,0.05950377709070757,,,,,,,,,,,,,,
27,dj_indep_qiskit_75,,,,,,,,2.0,3.0,24,1.3100000000000003e-05,0.9108853139412573,1.1100000000000002e-05,0.15987460586590413,,,,,,,,,,,,,,
27,dj_indep_qiskit_75,,,,,,,,,,,,,,,2.0,3.0,24,1.3100000000000003e-05,0.9108853139412573,1.1100000000000002e-05,0.15987460586590413,,,,,,,
27,dj_indep_qiskit_75,,,,,,,,,,,,,,,,,,,,,,2.0,3.0,24,1.3100000000000003e-05,0.9108853139412573,1.1100000000000002e-05,0.15987460586590413
16,dj_indep_qiskit_75,,,,,,,,,,,,,,,4.0,5.0,52,7.600000000000002e-06,0.9090678367611694,7.1000000000000015e-06,0.05950377709070757,,,,,,,
65,dj_indep_qiskit_75,,,,,,,,1.0,2.0,8,3.209999999999996e-05,0.911786250532076,5.1e-06,0.30910874294601637,,,,,,,,,,,,,,
50,dj_indep_qiskit_75,,,,,,,,1.0,2.0,8,2.459999999999998e-05,0.911791638045375,1.2600000000000003e-05,0.28286087162611573,,,,,,,,,,,,,,
27,dj_indep_qiskit_75,2.0,3.0,24.0,1.3100000000000003e-05,0.9108853441455819,1.1600000000000002e-05,0.15975762346741545,,,,,,,,,,,,,,,,,,,,,
65,dj_indep_qiskit_75,,,,,,,,,,,,,,,,,,,,,,1.0,2.0,8,3.209999999999996e-05,0.911786250532076,5.1e-06,0.30910874294601637
50,dj_indep_qiskit_75,,,,,,,,,,,,,,,,,,,,,,1.0,2.0,8,2.459999999999998e-05,0.911791638045375,1.2600000000000003e-05,0.28286087162611573
65,dj_indep_qiskit_75,1.0,2.0,8.0,2.3599999999999984e-05,0.9117920440608699,1.3600000000000004e-05,0.2817980964565383,,,,,,,,,,,,,,,,,,,,,
16,dj_indep_qiskit_75,,,,,,,,,,,,,,,,,,,,,,4.0,5.0,52,7.600000000000002e-06,0.9090678367611694,7.1000000000000015e-06,0.05950377709070757
16,dj_indep_qiskit_75,4.0,5.0,40.0,7.600000000000002e-06,0.9090678367611694,7.1000000000000015e-06,0.059503777090707574,,,,,,,,,,,,,,,,,,,,,
27,realamprandom_indep_qiskit_35,,,,,,,,,,,,,,,137.0,7.0,18014398509481984,2.5549999999999977e-05,0.5880687128699338,6.550000000000002e-06,0.10525256232716704,,,,,,,
27,realamprandom_indep_qiskit_35,,,,,,,,,,,,,,,,,,,,,,137.0,7.0,18014398509481984,2.5549999999999977e-05,0.5880687128699338,6.550000000000002e-06,0.10525256232716704
27,realamprandom_indep_qiskit_35,,,,,,,,137.0,7.0,18014398509481984,2.5549999999999977e-05,0.5880687128699338,6.550000000000002e-06,0.10525256232716704,,,,,,,,,,,,,,
27,realamprandom_indep_qiskit_32,,,,,,,,,,,,,,,,,,,,,,96.0,5.0,316912650057057350374175801344,2.5549999999999977e-05,0.6522653022226734,1.6550000000000002e-05,0.25872467105644587
27,realamprandom_indep_qiskit_32,,,,,,,,96.0,5.0,316912650057057350374175801344,2.5549999999999977e-05,0.6522653022226734,1.6550000000000002e-05,0.25872467105644587,,,,,,,,,,,,,,
27,realamprandom_indep_qiskit_32,,,,,,,,,,,,,,,96.0,5.0,316912650057057350374175801344,2.5549999999999977e-05,0.6522653022226734,1.6550000000000002e-05,0.25872467105644587,,,,,,,
36,ghz_indep_qiskit_110,3.0,4.0,40.0,1.65e-05,0.8738306564450542,1.0050000000000002e-05,0.08336259877085161,,,,,,,,,,,,,,,,,,,,,
61,ghz_indep_qiskit_110,,,,,,,,,,,,,,,,,,,,,,1.0,2.0,8,3.0049999999999965e-05,0.8755809252344892,2.449999999999998e-05,0.26894301846649066
66,ghz_indep_qiskit_110,,,,,,,,1.0,2.0,8,3.254999999999996e-05,0.8755809252344893,2.1999999999999986e-05,0.269412507046916,,,,,,,,,,,,,,
86,ghz_indep_qiskit_110,,,,,,,,,,,,,,,1.0,2.0,8,4.254999999999993e-05,0.8755809252344894,1.2000000000000004e-05,0.2765889651026155,,,,,,,
27,ghz_indep_qiskit_110,,,,,,,,4.0,5.0,52,1.3050000000000004e-05,0.8729568345199235,2.4999999999999998e-06,0.055636241143663404,,,,,,,,,,,,,,
71,ghz_indep_qiskit_110,,,,,,,,,,,,,,,1.0,2.0,8,3.504999999999995e-05,0.8755809252344893,1.9499999999999993e-05,0.2702582829358465,,,,,,,
91,ghz_indep_qiskit_110,,,,,,,,1.0,2.0,8,4.504999999999992e-05,0.8755809252344894,9.500000000000002e-06,0.28134246441682637,,,,,,,,,,,,,,
46,ghz_indep_qiskit_110,,,,,,,,,,,,,,,,,,,,,,2.0,3.0,24,2.2549999999999986e-05,0.8747053530580577,9.500000000000002e-06,0.15002074784452962
65,ghz_indep_qiskit_110,1.0,2.0,8.0,3.199999999999996e-05,0.875580925234489,2.2549999999999986e-05,0.26944285830818215,,,,,,,,,,,,,,,,,,,,,
50,ghz_indep_qiskit_110,2.0,3.0,24.0,2.2499999999999984e-05,0.8747053530580577,1.3000000000000004e-05,0.14762991118120655,,,,,,,,,,,,,,,,,,,,,
50,ghz_indep_qiskit_110,,,,,,,,2.0,3.0,24,2.454999999999998e-05,0.8747053530580576,5.500000000000001e-06,0.1580298710115412,,,,,,,,,,,,,,
65,ghz_indep_qiskit_110,,,,,,,,1.0,2.0,8,3.204999999999996e-05,0.8755809252344893,2.2499999999999984e-05,0.26929077163086557,,,,,,,,,,,,,,
46,ghz_indep_qiskit_110,,,,,,,,,,,,,,,2.0,3.0,24,2.2549999999999986e-05,0.8747053530580577,9.500000000000002e-06,0.15002074784452962,,,,,,,
66,ghz_indep_qiskit_110,1.0,2.0,8.0,3.2499999999999956e-05,0.8755809252344889,2.2049999999999987e-05,0.2695816822800954,,,,,,,,,,,,,,,,,,,,,
66,ghz_indep_qiskit_110,,,,,,,,,,,,,,,,,,,,,,1.0,2.0,8,3.254999999999996e-05,0.8755809252344893,2.1999999999999986e-05,0.269412507046916
51,ghz_indep_qiskit_110,2.0,3.0,24.0,2.349999999999998e-05,0.8747053530580581,1.3050000000000004e-05,0.14789993537598908,,,,,,,,,,,,,,,,,,,,,
41,ghz_indep_qiskit_110,,,,,,,,,,,,,,,,,,,,,,2.0,3.0,24,2.0049999999999993e-05,0.8747053530580577,1.4500000000000005e-05,0.146990445757508
61,ghz_indep_qiskit_110,1.0,2.0,8.0,2.9999999999999963e-05,0.8755809252344892,2.454999999999998e-05,0.26902941471069447,,,,,,,,,,,,,,,,,,,,,
106,ghz_indep_qiskit_110,,,,,,,,,,,,,,,1.0,2.0,8,5.25499999999999e-05,0.8755809252344896,2e-06,0.35693050643591934,,,,,,,
51,ghz_indep_qiskit_110,,,,,,,,2.0,3.0,24,2.504999999999998e-05,0.8747053530580579,4.5e-06,0.16229432714732037,,,,,,,,,,,,,,
56,ghz_indep_qiskit_110,1.0,2.0,8.0,2.749999999999997e-05,0.8755809252344893,2.7049999999999973e-05,0.2688053628441802,,,,,,,,,,,,,,,,,,,,,
106,ghz_indep_qiskit_110,,,,,,,,,,,,,,,,,,,,,,1.0,2.0,8,5.25499999999999e-05,0.8755809252344896,2e-06,0.35693050643591934
91,ghz_indep_qiskit_110,1.0,2.0,8.0,3.449999999999995e-05,0.8755809252344888,2.0049999999999993e-05,0.27029638447435445,,,,,,,,,,,,,,,,,,,,,
71,ghz_indep_qiskit_110,,,,,,,,,,,,,,,,,,,,,,1.0,2.0,8,3.504999999999995e-05,0.8755809252344893,1.9499999999999993e-05,0.2702582829358465
76,ghz_indep_qiskit_110,,,,,,,,,,,,,,,1.0,2.0,8,3.7549999999999944e-05,0.8755809252344893,1.7e-05,0.27158325240531445,,,,,,,
96,ghz_indep_qiskit_110,,,,,,,,1.0,2.0,8,4.7549999999999916e-05,0.8755809252344894,7.000000000000002e-06,0.2895278361958174,,,,,,,,,,,,,,
61,ghz_indep_qiskit_110,,,,,,,,1.0,2.0,8,3.0049999999999965e-05,0.8755809252344892,2.449999999999998e-05,0.26894301846649066,,,,,,,,,,,,,,
81,ghz_indep_qiskit_110,,,,,,,,,,,,,,,1.0,2.0,8,4.004999999999994e-05,0.8755809252344893,1.4500000000000005e-05,0.27357572581598133,,,,,,,
36,ghz_indep_qiskit_110,,,,,,,,,,,,,,,3.0,4.0,40,1.755e-05,0.8738306564450549,2e-06,0.10317084686511993,,,,,,,
56,ghz_indep_qiskit_110,,,,,,,,,,,,,,,,,,,,,,1.0,2.0,8,2.7549999999999972e-05,0.8755809252344892,2.6999999999999972e-05,0.2687975817286166
96,ghz_indep_qiskit_110,1.0,2.0,8.0,3.449999999999995e-05,0.8755809252344888,2.0049999999999993e-05,0.27029638447435445,,,,,,,,,,,,,,,,,,,,,
50,ghz_indep_qiskit_110,,,,,,,,,,,,,,,,,,,,,,2.0,3.0,24,2.454999999999998e-05,0.8747053530580576,5.500000000000001e-06,0.1580298710115412
101,ghz_indep_qiskit_110,,,,,,,,,,,,,,,,,,,,,,1.0,2.0,8,5.004999999999991e-05,0.8755809252344895,4.5e-06,0.30623435969970636
101,ghz_indep_qiskit_110,,,,,,,,,,,,,,,1.0,2.0,8,5.004999999999991e-05,0.8755809252344895,4.5e-06,0.30623435969970636,,,,,,,
76,ghz_indep_qiskit_110,,,,,,,,,,,,,,,,,,,,,,1.0,2.0,8,3.7549999999999944e-05,0.8755809252344893,1.7e-05,0.27158325240531445
56,ghz_indep_qiskit_110,,,,,,,,1.0,2.0,8,2.7549999999999972e-05,0.8755809252344892,2.6999999999999972e-05,0.2687975817286166,,,,,,,,,,,,,,
51,ghz_indep_qiskit_110,,,,,,,,,,,,,,,,,,,,,,2.0,3.0,24,2.504999999999998e-05,0.8747053530580579,4.5e-06,0.16229432714732037
41,ghz_indep_qiskit_110,,,,,,,,,,,,,,,2.0,3.0,24,2.0049999999999993e-05,0.8747053530580577,1.4500000000000005e-05,0.146990445757508,,,,,,,
41,ghz_indep_qiskit_110,,,,,,,,2.0,3.0,24,2.0049999999999993e-05,0.8747053530580577,1.4500000000000005e-05,0.146990445757508,,,,,,,,,,,,,,
96,ghz_indep_qiskit_110,,,,,,,,,,,,,,,,,,,,,,1.0,2.0,8,4.7549999999999916e-05,0.8755809252344894,7.000000000000002e-06,0.2895278361958174
101,ghz_indep_qiskit_110,,,,,,,,1.0,2.0,8,5.004999999999991e-05,0.8755809252344895,4.5e-06,0.30623435969970636,,,,,,,,,,,,,,
56,ghz_indep_qiskit_110,,,,,,,,,,,,,,,1.0,2.0,8,2.7549999999999972e-05,0.8755809252344892,2.6999999999999972e-05,0.2687975817286166,,,,,,,
81,ghz_indep_qiskit_110,,,,,,,,1.0,2.0,8,4.004999999999994e-05,0.8755809252344893,1.4500000000000005e-05,0.27357572581598133,,,,,,,,,,,,,,
61,ghz_indep_qiskit_110,,,,,,,,,,,,,,,1.0,2.0,8,3.0049999999999965e-05,0.8755809252344892,2.449999999999998e-05,0.26894301846649066,,,,,,,
91,ghz_indep_qiskit_110,,,,,,,,,,,,,,,,,,,,,,1.0,2.0,8,4.504999999999992e-05,0.8755809252344894,9.500000000000002e-06,0.28134246441682637
36,ghz_indep_qiskit_110,,,,,,,,3.0,4.0,40,1.755e-05,0.8738306564450549,2e-06,0.10317084686511993,,,,,,,,,,,,,,
86,ghz_indep_qiskit_110,1.0,2.0,8.0,3.449999999999995e-05,0.8755809252344888,2.0049999999999993e-05,0.27029638447435445,,,,,,,,,,,,,,,,,,,,,
81,ghz_indep_qiskit_110,1.0,2.0,8.0,3.449999999999995e-05,0.8755809252344888,2.0049999999999993e-05,0.27029638447435445,,,,,,,,,,,,,,,,,,,,,
36,ghz_indep_qiskit_110,,,,,,,,,,,,,,,,,,,,,,3.0,4.0,40,1.755e-05,0.8738306564450549,2e-06,0.10317084686511993
65,ghz_indep_qiskit_110,,,,,,,,,,,,,,,,,,,,,,1.0,2.0,8,3.204999999999996e-05,0.8755809252344893,2.2499999999999984e-05,0.26929077163086557
96,ghz_indep_qiskit_110,,,,,,,,,,,,,,,1.0,2.0,8,4.7549999999999916e-05,0.8755809252344894,7.000000000000002e-06,0.2895278361958174,,,,,,,
76,ghz_indep_qiskit_110,,,,,,,,1.0,2.0,8,3.7549999999999944e-05,0.8755809252344893,1.7e-05,0.27158325240531445,,,,,,,,,,,,,,
46,ghz_indep_qiskit_110,2.0,3.0,24.0,1.999999999999999e-05,0.8747053530580579,1.5050000000000005e-05,0.14696105428796238,,,,,,,,,,,,,,,,,,,,,
71,ghz_indep_qiskit_110,1.0,2.0,8.0,3.449999999999995e-05,0.8755809252344888,2.0049999999999993e-05,0.27029638447435445,,,,,,,,,,,,,,,,,,,,,
106,ghz_indep_qiskit_110,,,,,,,,1.0,2.0,8,5.25499999999999e-05,0.8755809252344896,2e-06,0.35693050643591934,,,,,,,,,,,,,,
51,ghz_indep_qiskit_110,,,,,,,,,,,,,,,2.0,3.0,24,2.504999999999998e-05,0.8747053530580579,4.5e-06,0.16229432714732037,,,,,,,
86,ghz_indep_qiskit_110,,,,,,,,,,,,,,,,,,,,,,1.0,2.0,8,4.254999999999993e-05,0.8755809252344894,1.2000000000000004e-05,0.2765889651026155
50,ghz_indep_qiskit_110,,,,,,,,,,,,,,,2.0,3.0,24,2.454999999999998e-05,0.8747053530580576,5.500000000000001e-06,0.1580298710115412,,,,,,,
65,ghz_indep_qiskit_110,,,,,,,,,,,,,,,1.0,2.0,8,3.204999999999996e-05,0.8755809252344893,2.2499999999999984e-05,0.26929077163086557,,,,,,,
41,ghz_indep_qiskit_110,2.0,3.0,24.0,1.999999999999999e-05,0.874705353058058,1.7e-05,0.14666113521127083,,,,,,,,,,,,,,,,,,,,,
76,ghz_indep_qiskit_110,1.0,2.0,8.0,3.449999999999995e-05,0.8755809252344888,2.0049999999999993e-05,0.27029638447435445,,,,,,,,,,,,,,,,,,,,,
46,ghz_indep_qiskit_110,,,,,,,,2.0,3.0,24,2.2549999999999986e-05,0.8747053530580577,9.500000000000002e-06,0.15002074784452962,,,,,,,,,,,,,,
91,ghz_indep_qiskit_110,,,,,,,,,,,,,,,1.0,2.0,8,4.504999999999992e-05,0.8755809252344894,9.500000000000002e-06,0.28134246441682637,,,,,,,
71,ghz_indep_qiskit_110,,,,,,,,1.0,2.0,8,3.504999999999995e-05,0.8755809252344893,1.9499999999999993e-05,0.2702582829358465,,,,,,,,,,,,,,
81,ghz_indep_qiskit_110,,,,,,,,,,,,,,,,,,,,,,1.0,2.0,8,4.004999999999994e-05,0.8755809252344893,1.4500000000000005e-05,0.27357572581598133
27,ghz_indep_qiskit_110,,,,,,,,,,,,,,,,,,,,,,4.0,5.0,52,1.3050000000000004e-05,0.8729568345199235,2.4999999999999998e-06,0.055636241143663404
106,ghz_indep_qiskit_110,1.0,2.0,8.0,3.449999999999995e-05,0.8755809252344888,2.0049999999999993e-05,0.27029638447435445,,,,,,,,,,,,,,,,,,,,,
27,ghz_indep_qiskit_110,4.0,5.0,52.0,1.3000000000000004e-05,0.8729568345199232,8.500000000000002e-06,0.04825416225503013,,,,,,,,,,,,,,,,,,,,,
101,ghz_indep_qiskit_110,1.0,2.0,8.0,3.449999999999995e-05,0.8755809252344888,2.0049999999999993e-05,0.27029638447435445,,,,,,,,,,,,,,,,,,,,,
27,ghz_indep_qiskit_110,,,,,,,,,,,,,,,4.0,5.0,52,1.3050000000000004e-05,0.8729568345199235,2.4999999999999998e-06,0.055636241143663404,,,,,,,
86,ghz_indep_qiskit_110,,,,,,,,1.0,2.0,8,4.254999999999993e-05,0.8755809252344894,1.2000000000000004e-05,0.2765889651026155,,,,,,,,,,,,,,
66,ghz_indep_qiskit_110,,,,,,,,,,,,,,,1.0,2.0,8,3.254999999999996e-05,0.8755809252344893,2.1999999999999986e-05,0.269412507046916,,,,,,,
50,ghz_nativegates_ibm_qiskit_opt3_126,,,,,,,,,,,,,,,2.0,3.0,24,2.464999999999998e-05,0.8580469021510856,1.3500000000000005e-05,0.14567082005215892,,,,,,,
27,ghz_nativegates_ibm_qiskit_opt3_126,,,,,,,,,,,,,,,,,,,,,,4.0,5.0,52,1.3150000000000005e-05,0.856331683523745,1.0500000000000003e-05,0.045816856135839766
65,ghz_nativegates_ibm_qiskit_opt3_126,,,,,,,,,,,,,,,,,,,,,,1.0,2.0,8,3.214999999999996e-05,0.8589057993682682,3.0499999999999962e-05,0.26717194910643
27,ghz_nativegates_ibm_qiskit_opt3_126,,,,,,,,4.0,5.0,52,1.3150000000000005e-05,0.856331683523745,1.0500000000000003e-05,0.045816856135839766,,,,,,,,,,,,,,
65,ghz_nativegates_ibm_qiskit_opt3_126,,,,,,,,,,,,,,,1.0,2.0,8,3.214999999999996e-05,0.8589057993682682,3.0499999999999962e-05,0.26717194910643,,,,,,,
65,ghz_nativegates_ibm_qiskit_opt3_126,,,,,,,,1.0,2.0,8,3.214999999999996e-05,0.8589057993682682,3.0499999999999962e-05,0.26717194910643,,,,,,,,,,,,,,
27,ghz_nativegates_ibm_qiskit_opt3_126,6.0,5.0,272.0,1.3000000000000004e-05,0.8546198935841974,9.650000000000002e-06,0.03608139431955706,,,,,,,,,,,,,,,,,,,,,
50,ghz_nativegates_ibm_qiskit_opt3_126,,,,,,,,,,,,,,,,,,,,,,2.0,3.0,24,2.464999999999998e-05,0.8580469021510856,1.3500000000000005e-05,0.14567082005215892
27,ghz_nativegates_ibm_qiskit_opt3_126,,,,,,,,,,,,,,,4.0,5.0,52,1.3150000000000005e-05,0.856331683523745,1.0500000000000003e-05,0.045816856135839766,,,,,,,
50,ghz_nativegates_ibm_qiskit_opt3_126,2.0,3.0,24.0,2.449999999999998e-05,0.8580469021510855,1.6150000000000003e-05,0.1451913979839678,,,,,,,,,,,,,,,,,,,,,
50,ghz_nativegates_ibm_qiskit_opt3_126,,,,,,,,2.0,3.0,24,2.464999999999998e-05,0.8580469021510856,1.3500000000000005e-05,0.14567082005215892,,,,,,,,,,,,,,
65,ghz_nativegates_ibm_qiskit_opt3_126,1.0,2.0,8.0,3.149999999999996e-05,0.8589057993682682,3.1149999999999964e-05,0.26719908469005615,,,,,,,,,,,,,,,,,,,,,
5,dj_indep_qiskit_28,,,,,,,,,,,,,,,,,,,,,,6.0,7.0,52,2.1e-06,0.9608204395755015,1.6e-06,0.09668600296040628
10,dj_indep_qiskit_28,2.0,3.0,24.0,4.6e-06,0.9646726777626988,4.6e-06,0.2243220378380043,,,,,,,,,,,,,,,,,,,,,
27,dj_indep_qiskit_28,1.0,2.0,8.0,8.6e-06,0.9656376089944724,5.1e-06,0.33514148553478235,,,,,,,,,,,,,,,,,,,,,
16,dj_indep_qiskit_28,,,,,,,,1.0,2.0,8,7.600000000000002e-06,0.9656377009791659,6.100000000000001e-06,0.33118347423176464,,,,,,,,,,,,,,
16,dj_indep_qiskit_28,1.0,2.0,8.0,7.600000000000002e-06,0.9656377038839458,6.100000000000001e-06,0.33118347423176464,,,,,,,,,,,,,,,,,,,,,
5,dj_indep_qiskit_28,6.0,7.0,40.0,2.1e-06,0.9608204395755015,1.6e-06,0.0966860029604063,,,,,,,,,,,,,,,,,,,,,
10,dj_indep_qiskit_28,,,,,,,,2.0,3.0,24,4.6e-06,0.9646726777626988,4.6e-06,0.2243220378380043,,,,,,,,,,,,,,
27,dj_indep_qiskit_28,,,,,,,,1.0,2.0,8,1.3100000000000003e-05,0.965636199208013,6e-07,0.5179118367731599,,,,,,,,,,,,,,
5,dj_indep_qiskit_28,,,,,,,,6.0,7.0,52,2.1e-06,0.9608204395755015,1.6e-06,0.09668600296040628,,,,,,,,,,,,,,
16,dj_indep_qiskit_28,,,,,,,,,,,,,,,,,,,,,,1.0,2.0,8,7.600000000000002e-06,0.9656377009791659,6.100000000000001e-06,0.33118347423176464
27,dj_indep_qiskit_28,,,,,,,,,,,,,,,1.0,2.0,8,1.3100000000000003e-05,0.965636199208013,6e-07,0.5179118367731599,,,,,,,
5,dj_indep_qiskit_28,,,,,,,,,,,,,,,6.0,7.0,52,2.1e-06,0.9608204395755015,1.6e-06,0.09668600296040628,,,,,,,
10,dj_indep_qiskit_28,,,,,,,,,,,,,,,2.0,3.0,24,4.6e-06,0.9646726777626988,4.6e-06,0.2243220378380043,,,,,,,
16,dj_indep_qiskit_28,,,,,,,,,,,,,,,1.0,2.0,8,7.600000000000002e-06,0.9656377009791659,6.100000000000001e-06,0.33118347423176464,,,,,,,
10,dj_indep_qiskit_28,,,,,,,,,,,,,,,,,,,,,,2.0,3.0,24,4.6e-06,0.9646726777626988,4.6e-06,0.2243220378380043
27,dj_indep_qiskit_28,,,,,,,,,,,,,,,,,,,,,,1.0,2.0,8,1.3100000000000003e-05,0.965636199208013,6e-07,0.5179118367731599
16,dj_nativegates_ibm_qiskit_opt3_33,,,,,,,,,,,,,,,2.0,3.0,24,7.75e-06,0.9578633141935812,1.2499999999999999e-06,0.2785045785639958,,,,,,,
27,dj_nativegates_ibm_qiskit_opt3_33,,,,,,,,,,,,,,,1.0,2.0,8,1.3250000000000004e-05,0.9588208641428498,3.2499999999999994e-06,0.3632621466583729,,,,,,,
10,dj_nativegates_ibm_qiskit_opt3_33,,,,,,,,,,,,,,,3.0,4.0,40,4.75e-06,0.9569063594881927,2.7499999999999995e-06,0.16382571402669335,,,,,,,
10,dj_nativegates_ibm_qiskit_opt3_33,,,,,,,,,,,,,,,,,,,,,,3.0,4.0,40,4.75e-06,0.9569063594881927,2.7499999999999995e-06,0.16382571402669335
10,dj_nativegates_ibm_qiskit_opt3_33,3.0,4.0,40.0,4.75e-06,0.9569063882356168,3.2499999999999994e-06,0.16107360138378796,,,,,,,,,,,,,,,,,,,,,
16,dj_nativegates_ibm_qiskit_opt3_33,,,,,,,,,,,,,,,,,,,,,,2.0,3.0,24,7.75e-06,0.9578633141935812,1.2499999999999999e-06,0.2785045785639958
16,dj_nativegates_ibm_qiskit_opt3_33,2.0,3.0,24.0,7.75e-06,0.9578637373432222,4.25e-06,0.22501731748726644,,,,,,,,,,,,,,,,,,,,,
27,dj_nativegates_ibm_qiskit_opt3_33,1.0,2.0,8.0,1.0250000000000002e-05,0.958821689475674,6.250000000000001e-06,0.33079088716161886,,,,,,,,,,,,,,,,,,,,,
27,dj_nativegates_ibm_qiskit_opt3_33,,,,,,,,,,,,,,,,,,,,,,1.0,2.0,8,1.3250000000000004e-05,0.9588208641428498,3.2499999999999994e-06,0.3632621466583729
27,dj_nativegates_ibm_qiskit_opt3_33,,,,,,,,1.0,2.0,8,1.3250000000000004e-05,0.9588208641428498,3.2499999999999994e-06,0.3632621466583729,,,,,,,,,,,,,,
10,dj_nativegates_ibm_qiskit_opt3_33,,,,,,,,3.0,4.0,40,4.75e-06,0.9569063594881927,2.7499999999999995e-06,0.16382571402669335,,,,,,,,,,,,,,
16,dj_nativegates_ibm_qiskit_opt3_33,,,,,,,,2.0,3.0,24,7.75e-06,0.9578633141935812,1.2499999999999999e-06,0.2785045785639958,,,,,,,,,,,,,,
5,graphstate_indep_qiskit_24,6.0,6.0,48.0,2.05e-06,0.9655518524554674,1.0500000000000001e-06,0.16432514752637908,,,,,,,,,,,,,,,,,,,,,
10,graphstate_indep_qiskit_24,,,,,,,,3.0,3.0,49,2.5499999999999997e-06,0.9684542790282661,1.0500000000000001e-06,0.30242991505545314,,,,,,,,,,,,,,
18,graphstate_indep_qiskit_24,,,,,,,,,,,,,,,,,,,,,,2.0,2.0,33,2.05e-06,0.9694236920650967,1.55e-06,0.4407361347286731
5,graphstate_indep_qiskit_24,,,,,,,,,,,,,,,,,,,,,,6.0,7.0,48,1.55e-06,0.9655518524554673,1.0500000000000001e-06,0.2689938960564905
23,graphstate_indep_qiskit_24,,,,,,,,,,,,,,,0.0,2.0,2,3.5499999999999995e-06,0.9713654302283224,1.55e-06,0.4555144486993647,,,,,,,
16,graphstate_indep_qiskit_24,,,,,,,,,,,,,,,2.0,2.0,33,2.05e-06,0.9694236920650966,1.55e-06,0.48382836548746067,,,,,,,
23,graphstate_indep_qiskit_24,,,,,,,,,,,,,,,,,,,,,,0.0,2.0,2,3.5499999999999995e-06,0.9713654302283224,1.55e-06,0.4555144486993647
5,graphstate_indep_qiskit_24,,,,,,,,6.0,7.0,48,2.05e-06,0.9655518524554675,1.55e-06,0.17884813674390085,,,,,,,,,,,,,,
8,graphstate_indep_qiskit_24,,,,,,,,4.0,4.0,48,2.5499999999999997e-06,0.967485835393817,1.0500000000000001e-06,0.3455007796143198,,,,,,,,,,,,,,
13,graphstate_indep_qiskit_24,,,,,,,,2.0,2.0,33,3.5499999999999995e-06,0.9694236920650967,1.55e-06,0.3285464420509988,,,,,,,,,,,,,,
18,graphstate_indep_qiskit_24,,,,,,,,,,,,,,,2.0,2.0,33,2.05e-06,0.9694236920650967,1.55e-06,0.4407361347286731,,,,,,,
18,graphstate_indep_qiskit_24,2.0,2.0,32.0,3.0499999999999996e-06,0.9694236920650967,1.55e-06,0.45418146105613066,,,,,,,,,,,,,,,,,,,,,
8,graphstate_indep_qiskit_24,,,,,,,,,,,,,,,,,,,,,,4.0,4.0,48,3.0499999999999996e-06,0.967485835393817,1.55e-06,0.28881661638718975
8,graphstate_indep_qiskit_24,,,,,,,,,,,,,,,4.0,4.0,48,3.0499999999999996e-06,0.967485835393817,1.55e-06,0.28881661638718975,,,,,,,
13,graphstate_indep_qiskit_24,,,,,,,,,,,,,,,3.0,3.0,49,3.0499999999999996e-06,0.9684542790282661,1.0500000000000001e-06,0.34051239351699825,,,,,,,
10,graphstate_indep_qiskit_24,3.0,3.0,48.0,3.0499999999999996e-06,0.9684542790282661,1.55e-06,0.3373096428144962,,,,,,,,,,,,,,,,,,,,,
18,graphstate_indep_qiskit_24,,,,,,,,2.0,2.0,33,2.05e-06,0.9694236920650967,1.55e-06,0.4407361347286731,,,,,,,,,,,,,,
10,graphstate_indep_qiskit_24,,,,,,,,,,,,,,,,,,,,,,3.0,3.0,48,2.5499999999999997e-06,0.968454279028266,1.55e-06,0.2899047219033127
5,graphstate_indep_qiskit_24,,,,,,,,,,,,,,,6.0,7.0,48,1.55e-06,0.9655518524554673,1.0500000000000001e-06,0.2689938960564905,,,,,,,
16,graphstate_indep_qiskit_24,,,,,,,,2.0,2.0,33,2.05e-06,0.9694236920650966,1.55e-06,0.48382836548746067,,,,,,,,,,,,,,
13,graphstate_indep_qiskit_24,,,,,,,,,,,,,,,,,,,,,,3.0,3.0,49,3.0499999999999996e-06,0.9684542790282661,1.0500000000000001e-06,0.34051239351699825
16,graphstate_indep_qiskit_24,2.0,2.0,32.0,2.5499999999999997e-06,0.9694236920650967,2.5499999999999997e-06,0.3431372549019609,,,,,,,,,,,,,,,,,,,,,
23,graphstate_indep_qiskit_24,,,,,,,,0.0,2.0,2,3.5499999999999995e-06,0.9713654302283224,1.55e-06,0.4555144486993647,,,,,,,,,,,,,,
8,graphstate_indep_qiskit_24,4.0,4.0,48.0,3.5499999999999995e-06,0.9674858353938172,1.55e-06,0.23423275284474215,,,,,,,,,,,,,,,,,,,,,
10,graphstate_indep_qiskit_24,,,,,,,,,,,,,,,3.0,3.0,48,2.5499999999999997e-06,0.968454279028266,1.55e-06,0.2899047219033127,,,,,,,
16,graphstate_indep_qiskit_24,,,,,,,,,,,,,,,,,,,,,,2.0,2.0,33,2.05e-06,0.9694236920650966,1.55e-06,0.48382836548746067
13,graphstate_indep_qiskit_24,2.0,2.0,32.0,3.5499999999999995e-06,0.9694236920650967,1.55e-06,0.44135129540364937,,,,,,,,,,,,,,,,,,,,,
502,u2random_indep_qiskit_63,,,,,,,,241.0,7.0,23945242826029513411849172299223580994042798784118784,4.854999999999991e-05,0.2273649874351198,2.05e-06,0.09966017276038114,,,,,,,,,,,,,,
502,u2random_indep_qiskit_63,,,,,,,,,,,,,,,,,,,,,,241.0,7.0,23945242826029513411849172299223580994042798784118784,4.854999999999991e-05,0.2273649874351198,2.05e-06,0.09966017276038114
502,u2random_indep_qiskit_63,,,,,,,,,,,,,,,241.0,7.0,23945242826029513411849172299223580994042798784118784,4.854999999999991e-05,0.2273649874351198,2.05e-06,0.09966017276038114,,,,,,,
50,wstate_nativegates_ibm_qiskit_opt3_93,,,,,,,,,,,,,,,2.0,2.0,32,3.235000000000005e-05,0.871632721914085,2.8950000000000033e-05,0.29125238757508815,,,,,,,
65,wstate_nativegates_ibm_qiskit_opt3_93,2.0,2.0,32.0,3.2850000000000046e-05,0.8716327206060345,2.8450000000000034e-05,0.29239026908185045,,,,,,,,,,,,,,,,,,,,,
50,wstate_nativegates_ibm_qiskit_opt3_93,,,,,,,,,,,,,,,,,,,,,,2.0,2.0,32,3.235000000000005e-05,0.871632721914085,2.8950000000000033e-05,0.29125238757508815
65,wstate_nativegates_ibm_qiskit_opt3_93,,,,,,,,2.0,2.0,32,4.210000000000008e-05,0.8716327219140851,1.92e-05,0.2943218793775502,,,,,,,,,,,,,,
27,wstate_nativegates_ibm_qiskit_opt3_93,,,,,,,,6.0,4.0,256,1.7399999999999996e-05,0.8681515632536702,1.1400000000000003e-05,0.10950152792024247,,,,,,,,,,,,,,
65,wstate_nativegates_ibm_qiskit_opt3_93,,,,,,,,,,,,,,,,,,,,,,2.0,2.0,32,4.210000000000008e-05,0.8716327219140851,1.92e-05,0.2943218793775502
16,wstate_nativegates_ibm_qiskit_opt3_93,,,,,,,,12.0,7.0,256,1.0250000000000004e-05,0.8629558763625114,5.550000000000001e-06,0.036107949983638976,,,,,,,,,,,,,,
27,wstate_nativegates_ibm_qiskit_opt3_93,8.0,5.0,272.0,1.6749999999999994e-05,0.8664161944167013,1.0100000000000005e-05,0.07281065852963928,,,,,,,,,,,,,,,,,,,,,
16,wstate_nativegates_ibm_qiskit_opt3_93,,,,,,,,,,,,,,,12.0,7.0,256,1.0250000000000004e-05,0.8629558763625114,5.550000000000001e-06,0.036107949983638976,,,,,,,
27,wstate_nativegates_ibm_qiskit_opt3_93,,,,,,,,,,,,,,,6.0,4.0,256,1.7399999999999996e-05,0.8681515632536702,1.1400000000000003e-05,0.10950152792024247,,,,,,,
65,wstate_nativegates_ibm_qiskit_opt3_93,,,,,,,,,,,,,,,2.0,2.0,32,4.210000000000008e-05,0.8716327219140851,1.92e-05,0.2943218793775502,,,,,,,
50,wstate_nativegates_ibm_qiskit_opt3_93,,,,,,,,2.0,2.0,32,3.235000000000005e-05,0.871632721914085,2.8950000000000033e-05,0.29125238757508815,,,,,,,,,,,,,,
16,wstate_nativegates_ibm_qiskit_opt3_93,,,,,,,,,,,,,,,,,,,,,,12.0,7.0,256,1.0250000000000004e-05,0.8629558763625114,5.550000000000001e-06,0.036107949983638976
27,wstate_nativegates_ibm_qiskit_opt3_93,,,,,,,,,,,,,,,,,,,,,,6.0,4.0,256,1.7399999999999996e-05,0.8681515632536702,1.1400000000000003e-05,0.10950152792024247
16,ghz_indep_qiskit_47,,,,,,,,,,,,,,,,,,,,,,3.0,4.0,40,7.550000000000001e-06,0.9424844128904731,5e-07,0.17889525558774816
16,ghz_indep_qiskit_47,,,,,,,,,,,,,,,3.0,4.0,40,7.550000000000001e-06,0.9424844128904731,5e-07,0.17889525558774816,,,,,,,
27,ghz_indep_qiskit_47,,,,,,,,,,,,,,,,,,,,,,1.0,2.0,8,1.3050000000000004e-05,0.9443721940529265,1.0000000000000003e-05,0.29506307986512315
10,ghz_indep_qiskit_47,,,,,,,,,,,,,,,5.0,6.0,52,4.55e-06,0.9406004053648761,5e-07,0.07832967032967032,,,,,,,
27,ghz_indep_qiskit_47,,,,,,,,1.0,2.0,8,1.3050000000000004e-05,0.9443721940529265,1.0000000000000003e-05,0.29506307986512315,,,,,,,,,,,,,,
16,ghz_indep_qiskit_47,3.0,4.0,40.0,7.000000000000002e-06,0.9424844128904732,4.5e-06,0.11559213064163555,,,,,,,,,,,,,,,,,,,,,
27,ghz_indep_qiskit_47,1.0,2.0,8.0,1.3050000000000004e-05,0.9443721940529265,1.0000000000000003e-05,0.29506307986512315,,,,,,,,,,,,,,,,,,,,,
10,ghz_indep_qiskit_47,5.0,6.0,40.0,4.5e-06,0.9406004053648761,2.9999999999999997e-06,0.05571239939637827,,,,,,,,,,,,,,,,,,,,,
10,ghz_indep_qiskit_47,,,,,,,,,,,,,,,,,,,,,,5.0,6.0,52,4.55e-06,0.9406004053648761,5e-07,0.07832967032967032
27,ghz_indep_qiskit_47,,,,,,,,,,,,,,,1.0,2.0,8,1.3050000000000004e-05,0.9443721940529265,1.0000000000000003e-05,0.29506307986512315,,,,,,,
10,ghz_indep_qiskit_47,,,,,,,,5.0,6.0,52,4.55e-06,0.9406004053648761,5e-07,0.07832967032967032,,,,,,,,,,,,,,
16,ghz_indep_qiskit_47,,,,,,,,3.0,4.0,40,7.550000000000001e-06,0.9424844128904731,5e-07,0.17889525558774816,,,,,,,,,,,,,,
5,vqe_indep_qiskit_8,,,,,,,,,,,,,,,2.0,2.0,32,2.6499999999999996e-06,0.9870391835683056,2.6499999999999996e-06,0.6480598077607689,,,,,,,
5,vqe_indep_qiskit_8,,,,,,,,,,,,,,,,,,,,,,2.0,2.0,32,2.6499999999999996e-06,0.9870391835683056,2.6499999999999996e-06,0.6480598077607689
5,vqe_indep_qiskit_8,2.0,2.0,32.0,2.6499999999999996e-06,0.9870391835683056,2.6499999999999996e-06,0.6480598077607689,,,,,,,,,,,,,,,,,,,,,
5,vqe_indep_qiskit_8,,,,,,,,2.0,2.0,32,2.6499999999999996e-06,0.9870391835683056,2.6499999999999996e-06,0.6480598077607689,,,,,,,,,,,,,,
10,ghz_indep_qiskit_40,,,,,,,,4.0,5.0,52,4.55e-06,0.9494876593413405,1.5e-06,0.09791208791208791,,,,,,,,,,,,,,
10,ghz_indep_qiskit_40,4.0,5.0,40.0,4.5e-06,0.9494876593413403,2.9999999999999997e-06,0.08908730158730158,,,,,,,,,,,,,,,,,,,,,
27,ghz_indep_qiskit_40,1.0,2.0,8.0,1.2000000000000004e-05,0.95234180017849,7.550000000000001e-06,0.3053145695364238,,,,,,,,,,,,,,,,,,,,,
27,ghz_indep_qiskit_40,,,,,,,,,,,,,,,1.0,2.0,8,1.3050000000000004e-05,0.95234180017849,6.500000000000001e-06,0.3078919094244764,,,,,,,
10,ghz_indep_qiskit_40,,,,,,,,,,,,,,,,,,,,,,4.0,5.0,52,4.55e-06,0.9494876593413405,1.5e-06,0.09791208791208791
16,ghz_indep_qiskit_40,2.0,3.0,24.0,7.500000000000002e-06,0.951389467894109,6.000000000000001e-06,0.1883573157611618,,,,,,,,,,,,,,,,,,,,,
16,ghz_indep_qiskit_40,,,,,,,,2.0,3.0,24,7.550000000000001e-06,0.9513894678941092,4.5e-06,0.19082160596026476,,,,,,,,,,,,,,
16,ghz_indep_qiskit_40,,,,,,,,,,,,,,,2.0,3.0,24,7.550000000000001e-06,0.9513894678941092,4.5e-06,0.19082160596026476,,,,,,,
27,ghz_indep_qiskit_40,,,,,,,,,,,,,,,,,,,,,,1.0,2.0,8,1.3050000000000004e-05,0.95234180017849,6.500000000000001e-06,0.3078919094244764
27,ghz_indep_qiskit_40,,,,,,,,1.0,2.0,8,1.3050000000000004e-05,0.95234180017849,6.500000000000001e-06,0.3078919094244764,,,,,,,,,,,,,,
16,ghz_indep_qiskit_40,,,,,,,,,,,,,,,,,,,,,,2.0,3.0,24,7.550000000000001e-06,0.9513894678941092,4.5e-06,0.19082160596026476
10,ghz_indep_qiskit_40,,,,,,,,,,,,,,,4.0,5.0,52,4.55e-06,0.9494876593413405,1.5e-06,0.09791208791208791,,,,,,,
65,e_nativegates_ibm_qiskit_opt3_113,,,,,,,,,,,,,,,82.0,3.0,1361129467683753853853498429727072845824,0.00020170000000000214,0.3706335342681062,8.950000000000036e-05,0.2152354097395284,,,,,,,
50,e_nativegates_ibm_qiskit_opt3_113,,,,,,,,,,,,,,,134.0,5.0,1267650600228229401496703205376,0.00012184999999999993,0.35193813654755746,6.850000000000026e-05,0.0635222814825736,,,,,,,
50,e_nativegates_ibm_qiskit_opt3_113,,,,,,,,134.0,5.0,1267650600228229401496703205376,0.00012184999999999993,0.35193813654755746,6.850000000000026e-05,0.0635222814825736,,,,,,,,,,,,,,
65,e_nativegates_ibm_qiskit_opt3_113,,,,,,,,82.0,3.0,1361129467683753853853498429727072845824,0.00020170000000000214,0.3706335342681062,8.950000000000036e-05,0.2152354097395284,,,,,,,,,,,,,,
50,e_nativegates_ibm_qiskit_opt3_113,,,,,,,,,,,,,,,,,,,,,,134.0,5.0,1267650600228229401496703205376,0.00012184999999999993,0.35193813654755746,6.850000000000026e-05,0.0635222814825736
65,e_nativegates_ibm_qiskit_opt3_113,,,,,,,,,,,,,,,,,,,,,,82.0,3.0,1361129467683753853853498429727072845824,0.00020170000000000214,0.3706335342681062,8.950000000000036e-05,0.2152354097395284
16,ghz_indep_qiskit_25,,,,,,,,1.0,2.0,8,7.550000000000001e-06,0.9696467299157682,4.5e-06,0.3392384105960264,,,,,,,,,,,,,,
5,ghz_indep_qiskit_25,5.0,6.0,52.0,2.05e-06,0.9657739956375538,2e-06,0.11887878048780494,,,,,,,,,,,,,,,,,,,,,
10,ghz_indep_qiskit_25,,,,,,,,,,,,,,,,,,,,,,2.0,3.0,24,4.55e-06,0.9686770928745608,2.9999999999999997e-06,0.2331240188383046
5,ghz_indep_qiskit_25,,,,,,,,,,,,,,,5.0,6.0,52,2.05e-06,0.9657739956375538,2e-06,0.11887878048780494,,,,,,,
10,ghz_indep_qiskit_25,,,,,,,,2.0,3.0,24,4.55e-06,0.9686770928745608,2.9999999999999997e-06,0.2331240188383046,,,,,,,,,,,,,,
10,ghz_indep_qiskit_25,2.0,3.0,24.0,4.5e-06,0.9686770928745607,3.4999999999999995e-06,0.2309670781893004,,,,,,,,,,,,,,,,,,,,,
16,ghz_indep_qiskit_25,1.0,2.0,8.0,7.550000000000001e-06,0.9696467299157682,4.5e-06,0.3392384105960264,,,,,,,,,,,,,,,,,,,,,
5,ghz_indep_qiskit_25,,,,,,,,,,,,,,,,,,,,,,5.0,6.0,52,2.05e-06,0.9657739956375538,2e-06,0.11887878048780494
10,ghz_indep_qiskit_25,,,,,,,,,,,,,,,2.0,3.0,24,4.55e-06,0.9686770928745608,2.9999999999999997e-06,0.2331240188383046,,,,,,,
16,ghz_indep_qiskit_25,,,,,,,,,,,,,,,,,,,,,,1.0,2.0,8,7.550000000000001e-06,0.9696467299157682,4.5e-06,0.3392384105960264
5,ghz_indep_qiskit_25,,,,,,,,5.0,6.0,52,2.05e-06,0.9657739956375538,2e-06,0.11887878048780494,,,,,,,,,,,,,,
16,ghz_indep_qiskit_25,,,,,,,,,,,,,,,1.0,2.0,8,7.550000000000001e-06,0.9696467299157682,4.5e-06,0.3392384105960264,,,,,,,
53,ghz_nativegates_ibm_qiskit_opt3_129,2.0,3.0,24.0,2.5499999999999976e-05,0.8549621521766517,1.6150000000000003e-05,0.14484250437945437,,,,,,,,,,,,,,,,,,,,,
27,ghz_nativegates_ibm_qiskit_opt3_129,,,,,,,,,,,,,,,4.0,5.0,52,1.3150000000000005e-05,0.8532530999029261,1.2000000000000004e-05,0.04535868757448137,,,,,,,
128,ghz_nativegates_ibm_qiskit_opt3_129,,,,,,,,,,,,,,,,,,,,,,1.0,2.0,8,6.364999999999988e-05,0.8558179615869071,5e-07,0.5089724076983506
58,ghz_nativegates_ibm_qiskit_opt3_129,,,,,,,,,,,,,,,,,,,,,,2.0,3.0,24,2.8649999999999968e-05,0.8549621521766517,7.000000000000002e-06,0.15234606022498798
118,ghz_nativegates_ibm_qiskit_opt3_129,,,,,,,,,,,,,,,1.0,2.0,8,5.864999999999989e-05,0.8558179615869071,5.500000000000001e-06,0.2973434768159291,,,,,,,
127,ghz_nativegates_ibm_qiskit_opt3_129,,,,,,,,,,,,,,,1.0,2.0,8,6.314999999999988e-05,0.8558179615869073,1e-06,0.42420246756566365,,,,,,,
73,ghz_nativegates_ibm_qiskit_opt3_129,,,,,,,,,,,,,,,1.0,2.0,8,3.614999999999995e-05,0.8558179615869069,2.799999999999997e-05,0.26690589658366953,,,,,,,
65,ghz_nativegates_ibm_qiskit_opt3_129,,,,,,,,,,,,,,,,,,,,,,1.0,2.0,8,3.214999999999996e-05,0.8558179615869068,3.199999999999996e-05,0.266786604949065
27,ghz_nativegates_ibm_qiskit_opt3_129,,,,,,,,,,,,,,,,,,,,,,4.0,5.0,52,1.3150000000000005e-05,0.8532530999029261,1.2000000000000004e-05,0.04535868757448137
123,ghz_nativegates_ibm_qiskit_opt3_129,,,,,,,,,,,,,,,,,,,,,,1.0,2.0,8,6.114999999999989e-05,0.8558179615869073,2.9999999999999997e-06,0.32743069108065237
53,ghz_nativegates_ibm_qiskit_opt3_129,,,,,,,,,,,,,,,,,,,,,,2.0,3.0,24,2.6149999999999975e-05,0.854962152176652,1.2000000000000004e-05,0.14615419435071805
83,ghz_nativegates_ibm_qiskit_opt3_129,,,,,,,,1.0,2.0,8,4.1149999999999936e-05,0.8558179615869069,2.2999999999999983e-05,0.26784592416874164,,,,,,,,,,,,,,
53,ghz_nativegates_ibm_qiskit_opt3_129,,,,,,,,,,,,,,,2.0,3.0,24,2.6149999999999975e-05,0.854962152176652,1.2000000000000004e-05,0.14615419435071805,,,,,,,
73,ghz_nativegates_ibm_qiskit_opt3_129,1.0,2.0,8.0,3.599999999999995e-05,0.8558179615869065,2.814999999999997e-05,0.2671821954945764,,,,,,,,,,,,,,,,,,,,,
58,ghz_nativegates_ibm_qiskit_opt3_129,,,,,,,,,,,,,,,2.0,3.0,24,2.8649999999999968e-05,0.8549621521766517,7.000000000000002e-06,0.15234606022498798,,,,,,,
43,ghz_nativegates_ibm_qiskit_opt3_129,,,,,,,,,,,,,,,,,,,,,,3.0,4.0,40,2.114999999999999e-05,0.8541071985672557,1e-06,0.1201595323200502
88,ghz_nativegates_ibm_qiskit_opt3_129,1.0,2.0,8.0,4.099999999999993e-05,0.8558179615869063,2.3149999999999983e-05,0.26850705058181384,,,,,,,,,,,,,,,,,,,,,
50,ghz_nativegates_ibm_qiskit_opt3_129,,,,,,,,2.0,3.0,24,2.464999999999998e-05,0.8549621521766518,1.5000000000000005e-05,0.14473100830988694,,,,,,,,,,,,,,
88,ghz_nativegates_ibm_qiskit_opt3_129,,,,,,,,1.0,2.0,8,4.364999999999993e-05,0.855817961586907,2.049999999999999e-05,0.2687367043037149,,,,,,,,,,,,,,
113,ghz_nativegates_ibm_qiskit_opt3_129,,,,,,,,,,,,,,,1.0,2.0,8,5.6149999999999894e-05,0.8558179615869071,8.000000000000001e-06,0.28509031962890374,,,,,,,
78,ghz_nativegates_ibm_qiskit_opt3_129,,,,,,,,,,,,,,,1.0,2.0,8,3.864999999999994e-05,0.8558179615869069,2.5499999999999976e-05,0.26725391734347886,,,,,,,
118,ghz_nativegates_ibm_qiskit_opt3_129,1.0,2.0,8.0,4.099999999999993e-05,0.8558179615869063,2.3149999999999983e-05,0.26850705058181384,,,,,,,,,,,,,,,,,,,,,
48,ghz_nativegates_ibm_qiskit_opt3_129,,,,,,,,,,,,,,,,,,,,,,2.0,3.0,24,2.3649999999999982e-05,0.854962152176652,1.7e-05,0.1442208368988894
83,ghz_nativegates_ibm_qiskit_opt3_129,,,,,,,,,,,,,,,,,,,,,,1.0,2.0,8,4.1149999999999936e-05,0.8558179615869069,2.2999999999999983e-05,0.26784592416874164
113,ghz_nativegates_ibm_qiskit_opt3_129,,,,,,,,,,,,,,,,,,,,,,1.0,2.0,8,5.6149999999999894e-05,0.8558179615869071,8.000000000000001e-06,0.28509031962890374
63,ghz_nativegates_ibm_qiskit_opt3_129,,,,,,,,,,,,,,,,,,,,,,2.0,3.0,24,3.1149999999999964e-05,0.8549621521766518,2e-06,0.1871293253048205
103,ghz_nativegates_ibm_qiskit_opt3_129,,,,,,,,1.0,2.0,8,5.114999999999991e-05,0.855817961586907,1.3000000000000004e-05,0.27450462448896545,,,,,,,,,,,,,,
123,ghz_nativegates_ibm_qiskit_opt3_129,1.0,2.0,8.0,4.099999999999993e-05,0.8558179615869063,2.3149999999999983e-05,0.26850705058181384,,,,,,,,,,,,,,,,,,,,,
68,ghz_nativegates_ibm_qiskit_opt3_129,,,,,,,,1.0,2.0,8,3.364999999999996e-05,0.8558179615869068,3.0499999999999962e-05,0.26677117666795463,,,,,,,,,,,,,,
118,ghz_nativegates_ibm_qiskit_opt3_129,,,,,,,,,,,,,,,,,,,,,,1.0,2.0,8,5.864999999999989e-05,0.8558179615869071,5.500000000000001e-06,0.2973434768159291
68,ghz_nativegates_ibm_qiskit_opt3_129,,,,,,,,,,,,,,,,,,,,,,1.0,2.0,8,3.364999999999996e-05,0.8558179615869068,3.0499999999999962e-05,0.26677117666795463
98,ghz_nativegates_ibm_qiskit_opt3_129,,,,,,,,,,,,,,,1.0,2.0,8,4.8649999999999915e-05,0.855817961586907,1.5500000000000004e-05,0.2718481920003358,,,,,,,
88,ghz_nativegates_ibm_qiskit_opt3_129,,,,,,,,,,,,,,,,,,,,,,1.0,2.0,8,4.364999999999993e-05,0.855817961586907,2.049999999999999e-05,0.2687367043037149
48,ghz_nativegates_ibm_qiskit_opt3_129,2.0,3.0,24.0,2.3649999999999982e-05,0.8549621521766518,1.7e-05,0.1442208368988894,,,,,,,,,,,,,,,,,,,,,
48,ghz_nativegates_ibm_qiskit_opt3_129,,,,,,,,2.0,3.0,24,2.3649999999999982e-05,0.854962152176652,1.7e-05,0.1442208368988894,,,,,,,,,,,,,,
123,ghz_nativegates_ibm_qiskit_opt3_129,,,,,,,,1.0,2.0,8,6.114999999999989e-05,0.8558179615869073,2.9999999999999997e-06,0.32743069108065237,,,,,,,,,,,,,,
65,ghz_nativegates_ibm_qiskit_opt3_129,,,,,,,,1.0,2.0,8,3.214999999999996e-05,0.8558179615869068,3.199999999999996e-05,0.266786604949065,,,,,,,,,,,,,,
43,ghz_nativegates_ibm_qiskit_opt3_129,,,,,,,,3.0,4.0,40,2.114999999999999e-05,0.8541071985672557,1e-06,0.1201595323200502,,,,,,,,,,,,,,
128,ghz_nativegates_ibm_qiskit_opt3_129,,,,,,,,1.0,2.0,8,6.364999999999988e-05,0.8558179615869071,5e-07,0.5089724076983506,,,,,,,,,,,,,,
127,ghz_nativegates_ibm_qiskit_opt3_129,1.0,2.0,8.0,4.099999999999993e-05,0.8558179615869063,2.3149999999999983e-05,0.26850705058181384,,,,,,,,,,,,,,,,,,,,,
108,ghz_nativegates_ibm_qiskit_opt3_129,,,,,,,,,,,,,,,,,,,,,,1.0,2.0,8,5.36499999999999e-05,0.8558179615869073,1.0500000000000003e-05,0.27852617507789945
78,ghz_nativegates_ibm_qiskit_opt3_129,,,,,,,,,,,,,,,,,,,,,,1.0,2.0,8,3.864999999999994e-05,0.8558179615869069,2.5499999999999976e-05,0.26725391734347886
103,ghz_nativegates_ibm_qiskit_opt3_129,1.0,2.0,8.0,4.099999999999993e-05,0.8558179615869063,2.3149999999999983e-05,0.26850705058181384,,,,,,,,,,,,,,,,,,,,,
98,ghz_nativegates_ibm_qiskit_opt3_129,,,,,,,,,,,,,,,,,,,,,,1.0,2.0,8,4.8649999999999915e-05,0.855817961586907,1.5500000000000004e-05,0.2718481920003358
93,ghz_nativegates_ibm_qiskit_opt3_129,,,,,,,,,,,,,,,1.0,2.0,8,4.614999999999992e-05,0.855817961586907,1.7999999999999997e-05,0.2700185419403959,,,,,,,
108,ghz_nativegates_ibm_qiskit_opt3_129,,,,,,,,1.0,2.0,8,5.36499999999999e-05,0.8558179615869073,1.0500000000000003e-05,0.27852617507789945,,,,,,,,,,,,,,
93,ghz_nativegates_ibm_qiskit_opt3_129,,,,,,,,,,,,,,,,,,,,,,1.0,2.0,8,4.614999999999992e-05,0.855817961586907,1.7999999999999997e-05,0.2700185419403959
63,ghz_nativegates_ibm_qiskit_opt3_129,,,,,,,,2.0,3.0,24,3.1149999999999964e-05,0.8549621521766518,2e-06,0.1871293253048205,,,,,,,,,,,,,,
68,ghz_nativegates_ibm_qiskit_opt3_129,1.0,2.0,8.0,3.3499999999999954e-05,0.8558179615869067,3.0649999999999966e-05,0.2668734967543828,,,,,,,,,,,,,,,,,,,,,
93,ghz_nativegates_ibm_qiskit_opt3_129,1.0,2.0,8.0,4.099999999999993e-05,0.8558179615869063,2.3149999999999983e-05,0.26850705058181384,,,,,,,,,,,,,,,,,,,,,
103,ghz_nativegates_ibm_qiskit_opt3_129,,,,,,,,,,,,,,,,,,,,,,1.0,2.0,8,5.114999999999991e-05,0.855817961586907,1.3000000000000004e-05,0.27450462448896545
73,ghz_nativegates_ibm_qiskit_opt3_129,,,,,,,,,,,,,,,,,,,,,,1.0,2.0,8,3.614999999999995e-05,0.8558179615869069,2.799999999999997e-05,0.26690589658366953
63,ghz_nativegates_ibm_qiskit_opt3_129,,,,,,,,,,,,,,,2.0,3.0,24,3.1149999999999964e-05,0.8549621521766518,2e-06,0.1871293253048205,,,,,,,
108,ghz_nativegates_ibm_qiskit_opt3_129,,,,,,,,,,,,,,,1.0,2.0,8,5.36499999999999e-05,0.8558179615869073,1.0500000000000003e-05,0.27852617507789945,,,,,,,
27,ghz_nativegates_ibm_qiskit_opt3_129,4.0,5.0,40.0,1.3000000000000004e-05,0.853253099902926,1.2500000000000004e-05,0.04536426398336926,,,,,,,,,,,,,,,,,,,,,
128,ghz_nativegates_ibm_qiskit_opt3_129,,,,,,,,,,,,,,,1.0,2.0,8,6.364999999999988e-05,0.8558179615869071,5e-07,0.5089724076983506,,,,,,,
58,ghz_nativegates_ibm_qiskit_opt3_129,2.0,3.0,24.0,2.5499999999999976e-05,0.8549621521766517,1.6150000000000003e-05,0.14484250437945437,,,,,,,,,,,,,,,,,,,,,
43,ghz_nativegates_ibm_qiskit_opt3_129,,,,,,,,,,,,,,,3.0,4.0,40,2.114999999999999e-05,0.8541071985672557,1e-06,0.1201595323200502,,,,,,,
127,ghz_nativegates_ibm_qiskit_opt3_129,,,,,,,,,,,,,,,,,,,,,,1.0,2.0,8,6.314999999999988e-05,0.8558179615869073,1e-06,0.42420246756566365
93,ghz_nativegates_ibm_qiskit_opt3_129,,,,,,,,1.0,2.0,8,4.614999999999992e-05,0.855817961586907,1.7999999999999997e-05,0.2700185419403959,,,,,,,,,,,,,,
98,ghz_nativegates_ibm_qiskit_opt3_129,,,,,,,,1.0,2.0,8,4.8649999999999915e-05,0.855817961586907,1.5500000000000004e-05,0.2718481920003358,,,,,,,,,,,,,,
113,ghz_nativegates_ibm_qiskit_opt3_129,1.0,2.0,8.0,4.099999999999993e-05,0.8558179615869063,2.3149999999999983e-05,0.26850705058181384,,,,,,,,,,,,,,,,,,,,,
65,ghz_nativegates_ibm_qiskit_opt3_129,,,,,,,,,,,,,,,1.0,2.0,8,3.214999999999996e-05,0.8558179615869068,3.199999999999996e-05,0.266786604949065,,,,,,,
123,ghz_nativegates_ibm_qiskit_opt3_129,,,,,,,,,,,,,,,1.0,2.0,8,6.114999999999989e-05,0.8558179615869073,2.9999999999999997e-06,0.32743069108065237,,,,,,,
48,ghz_nativegates_ibm_qiskit_opt3_129,,,,,,,,,,,,,,,2.0,3.0,24,2.3649999999999982e-05,0.854962152176652,1.7e-05,0.1442208368988894,,,,,,,
78,ghz_nativegates_ibm_qiskit_opt3_129,1.0,2.0,8.0,3.849999999999994e-05,0.8558179615869065,2.5649999999999976e-05,0.2677139924103491,,,,,,,,,,,,,,,,,,,,,
50,ghz_nativegates_ibm_qiskit_opt3_129,,,,,,,,,,,,,,,,,,,,,,2.0,3.0,24,2.464999999999998e-05,0.8549621521766518,1.5000000000000005e-05,0.14473100830988694
83,ghz_nativegates_ibm_qiskit_opt3_129,1.0,2.0,8.0,4.099999999999993e-05,0.8558179615869063,2.3149999999999983e-05,0.26850705058181384,,,,,,,,,,,,,,,,,,,,,
68,ghz_nativegates_ibm_qiskit_opt3_129,,,,,,,,,,,,,,,1.0,2.0,8,3.364999999999996e-05,0.8558179615869068,3.0499999999999962e-05,0.26677117666795463,,,,,,,
103,ghz_nativegates_ibm_qiskit_opt3_129,,,,,,,,,,,,,,,1.0,2.0,8,5.114999999999991e-05,0.855817961586907,1.3000000000000004e-05,0.27450462448896545,,,,,,,
78,ghz_nativegates_ibm_qiskit_opt3_129,,,,,,,,1.0,2.0,8,3.864999999999994e-05,0.8558179615869069,2.5499999999999976e-05,0.26725391734347886,,,,,,,,,,,,,,
113,ghz_nativegates_ibm_qiskit_opt3_129,,,,,,,,1.0,2.0,8,5.6149999999999894e-05,0.8558179615869071,8.000000000000001e-06,0.28509031962890374,,,,,,,,,,,,,,
50,ghz_nativegates_ibm_qiskit_opt3_129,2.0,3.0,24.0,2.449999999999998e-05,0.8549621521766517,1.6150000000000003e-05,0.14480525064890404,,,,,,,,,,,,,,,,,,,,,
43,ghz_nativegates_ibm_qiskit_opt3_129,3.0,4.0,40.0,1.9499999999999993e-05,0.8541071985672555,1.1650000000000004e-05,0.08057206662013458,,,,,,,,,,,,,,,,,,,,,
50,ghz_nativegates_ibm_qiskit_opt3_129,,,,,,,,,,,,,,,2.0,3.0,24,2.464999999999998e-05,0.8549621521766518,1.5000000000000005e-05,0.14473100830988694,,,,,,,
65,ghz_nativegates_ibm_qiskit_opt3_129,1.0,2.0,8.0,3.214999999999996e-05,0.8558179615869068,3.199999999999996e-05,0.266786604949065,,,,,,,,,,,,,,,,,,,,,
58,ghz_nativegates_ibm_qiskit_opt3_129,,,,,,,,2.0,3.0,24,2.8649999999999968e-05,0.8549621521766517,7.000000000000002e-06,0.15234606022498798,,,,,,,,,,,,,,
88,ghz_nativegates_ibm_qiskit_opt3_129,,,,,,,,,,,,,,,1.0,2.0,8,4.364999999999993e-05,0.855817961586907,2.049999999999999e-05,0.2687367043037149,,,,,,,
128,ghz_nativegates_ibm_qiskit_opt3_129,1.0,2.0,8.0,4.099999999999993e-05,0.8558179615869063,2.3149999999999983e-05,0.26850705058181384,,,,,,,,,,,,,,,,,,,,,
83,ghz_nativegates_ibm_qiskit_opt3_129,,,,,,,,,,,,,,,1.0,2.0,8,4.1149999999999936e-05,0.8558179615869069,2.2999999999999983e-05,0.26784592416874164,,,,,,,
63,ghz_nativegates_ibm_qiskit_opt3_129,2.0,3.0,24.0,2.5499999999999976e-05,0.8549621521766517,1.6150000000000003e-05,0.14484250437945437,,,,,,,,,,,,,,,,,,,,,
53,ghz_nativegates_ibm_qiskit_opt3_129,,,,,,,,2.0,3.0,24,2.6149999999999975e-05,0.854962152176652,1.2000000000000004e-05,0.14615419435071805,,,,,,,,,,,,,,
98,ghz_nativegates_ibm_qiskit_opt3_129,1.0,2.0,8.0,4.099999999999993e-05,0.8558179615869063,2.3149999999999983e-05,0.26850705058181384,,,,,,,,,,,,,,,,,,,,,
108,ghz_nativegates_ibm_qiskit_opt3_129,1.0,2.0,8.0,4.099999999999993e-05,0.8558179615869063,2.3149999999999983e-05,0.26850705058181384,,,,,,,,,,,,,,,,,,,,,
27,ghz_nativegates_ibm_qiskit_opt3_129,,,,,,,,4.0,5.0,52,1.3150000000000005e-05,0.8532530999029261,1.2000000000000004e-05,0.04535868757448137,,,,,,,,,,,,,,
73,ghz_nativegates_ibm_qiskit_opt3_129,,,,,,,,1.0,2.0,8,3.614999999999995e-05,0.8558179615869069,2.799999999999997e-05,0.26690589658366953,,,,,,,,,,,,,,
127,ghz_nativegates_ibm_qiskit_opt3_129,,,,,,,,1.0,2.0,8,6.314999999999988e-05,0.8558179615869073,1e-06,0.42420246756566365,,,,,,,,,,,,,,
118,ghz_nativegates_ibm_qiskit_opt3_129,,,,,,,,1.0,2.0,8,5.864999999999989e-05,0.8558179615869071,5.500000000000001e-06,0.2973434768159291,,,,,,,,,,,,,,
102,u2random_nativegates_ibm_qiskit_opt3_21,,,,,,,,,,,,,,,,,,,,,,186.0,21.0,1048576,8.900000000000003e-06,0.7142599302965313,4.200000000000001e-06,0.003324748736788704
102,u2random_nativegates_ibm_qiskit_opt3_21,,,,,,,,,,,,,,,186.0,21.0,1048576,8.900000000000003e-06,0.7142599302965313,4.200000000000001e-06,0.003324748736788704,,,,,,,
162,u2random_nativegates_ibm_qiskit_opt3_21,,,,,,,,,,,,,,,83.0,7.0,4294967296,1.4700000000000005e-05,0.7917568871653238,5.200000000000002e-06,0.11971781114403424,,,,,,,
162,u2random_nativegates_ibm_qiskit_opt3_21,,,,,,,,83.0,7.0,4294967296,1.4700000000000005e-05,0.7917568871653238,5.200000000000002e-06,0.11971781114403424,,,,,,,,,,,,,,
102,u2random_nativegates_ibm_qiskit_opt3_21,,,,,,,,186.0,21.0,1048576,8.900000000000003e-06,0.7142599302965313,4.200000000000001e-06,0.003324748736788704,,,,,,,,,,,,,,
162,u2random_nativegates_ibm_qiskit_opt3_21,,,,,,,,,,,,,,,,,,,,,,83.0,7.0,4294967296,1.4700000000000005e-05,0.7917568871653238,5.200000000000002e-06,0.11971781114403424
5,graphstate_indep_qiskit_13,,,,,,,,,,,,,,,,,,,,,,3.0,4.0,49,1.55e-06,0.9814362107025191,1.55e-06,0.41360501457645993
5,graphstate_indep_qiskit_13,,,,,,,,,,,,,,,3.0,4.0,49,1.55e-06,0.9814362107025191,1.55e-06,0.41360501457645993,,,,,,,
10,graphstate_indep_qiskit_13,,,,,,,,,,,,,,,0.0,2.0,2,3.0499999999999996e-06,0.9843863852894206,1.55e-06,0.5998589811387274,,,,,,,
10,graphstate_indep_qiskit_13,,,,,,,,0.0,2.0,2,3.0499999999999996e-06,0.9843863852894206,1.55e-06,0.5998589811387274,,,,,,,,,,,,,,
5,graphstate_indep_qiskit_13,4.0,4.0,48.0,1.55e-06,0.9804547852790843,1.0500000000000001e-06,0.29659964418784207,,,,,,,,,,,,,,,,,,,,,
10,graphstate_indep_qiskit_13,,,,,,,,,,,,,,,,,,,,,,0.0,2.0,2,3.0499999999999996e-06,0.9843863852894206,1.55e-06,0.5998589811387274
5,graphstate_indep_qiskit_13,,,,,,,,3.0,4.0,49,2.05e-06,0.9814362107025191,1.0500000000000001e-06,0.4282751935095785,,,,,,,,,,,,,,
52,u2random_nativegates_ibm_qiskit_opt3_10,,,,,,,,87.0,20.0,16384,3.899999999999999e-06,0.881920609025965,2e-06,0.009881995617261904,,,,,,,,,,,,,,
52,u2random_nativegates_ibm_qiskit_opt3_10,,,,,,,,,,,,,,,88.0,21.0,16384,3.6999999999999993e-06,0.8810388259272415,6.999999999999999e-07,0.010318856756203088,,,,,,,
52,u2random_nativegates_ibm_qiskit_opt3_10,,,,,,,,,,,,,,,,,,,,,,88.0,21.0,16384,3.6999999999999993e-06,0.8810388259272415,6.999999999999999e-07,0.010318856756203088
10,wstate_nativegates_ibm_qiskit_opt3_57,,,,,,,,,,,,,,,12.0,7.0,256,6.350000000000004e-06,0.9095458268527618,5.550000000000001e-06,0.0649234760550037,,,,,,,
50,wstate_nativegates_ibm_qiskit_opt3_57,,,,,,,,,,,,,,,,,,,,,,2.0,2.0,32,3.235000000000005e-05,0.9186911248660805,5.550000000000001e-06,0.35885728077381823
50,wstate_nativegates_ibm_qiskit_opt3_57,,,,,,,,2.0,2.0,32,3.235000000000005e-05,0.9186911248660805,5.550000000000001e-06,0.35885728077381823,,,,,,,,,,,,,,
16,wstate_nativegates_ibm_qiskit_opt3_57,,,,,,,,,,,,,,,6.0,4.0,256,1.0250000000000004e-05,0.9150220226339487,9.450000000000006e-06,0.14264606710749123,,,,,,,
27,wstate_nativegates_ibm_qiskit_opt3_57,4.0,3.0,288.0,1.335e-05,0.9168547340475096,1.22e-05,0.20571206898597538,,,,,,,,,,,,,,,,,,,,,
27,wstate_nativegates_ibm_qiskit_opt3_57,,,,,,,,,,,,,,,4.0,3.0,256,1.7399999999999996e-05,0.91685473835871,4.249999999999999e-06,0.2314551680587926,,,,,,,
27,wstate_nativegates_ibm_qiskit_opt3_57,,,,,,,,4.0,3.0,256,1.7399999999999996e-05,0.91685473835871,4.249999999999999e-06,0.2314551680587926,,,,,,,,,,,,,,
16,wstate_nativegates_ibm_qiskit_opt3_57,6.0,4.0,288.0,1.0250000000000004e-05,0.9150220169582018,8.950000000000006e-06,0.14258826009287756,,,,,,,,,,,,,,,,,,,,,
50,wstate_nativegates_ibm_qiskit_opt3_57,2.0,2.0,32.0,2.390000000000002e-05,0.91869112348741,1.3999999999999998e-05,0.3185169390713323,,,,,,,,,,,,,,,,,,,,,
16,wstate_nativegates_ibm_qiskit_opt3_57,,,,,,,,6.0,4.0,256,1.0250000000000004e-05,0.9150220226339487,9.450000000000006e-06,0.14264606710749123,,,,,,,,,,,,,,
10,wstate_nativegates_ibm_qiskit_opt3_57,,,,,,,,,,,,,,,,,,,,,,12.0,7.0,256,6.350000000000004e-06,0.9095458268527618,5.550000000000001e-06,0.0649234760550037
50,wstate_nativegates_ibm_qiskit_opt3_57,,,,,,,,,,,,,,,2.0,2.0,32,3.235000000000005e-05,0.9186911248660805,5.550000000000001e-06,0.35885728077381823,,,,,,,
16,wstate_nativegates_ibm_qiskit_opt3_57,,,,,,,,,,,,,,,,,,,,,,6.0,4.0,256,1.0250000000000004e-05,0.9150220226339487,9.450000000000006e-06,0.14264606710749123
27,wstate_nativegates_ibm_qiskit_opt3_57,,,,,,,,,,,,,,,,,,,,,,4.0,3.0,256,1.7399999999999996e-05,0.91685473835871,4.249999999999999e-06,0.2314551680587926
10,wstate_nativegates_ibm_qiskit_opt3_57,,,,,,,,12.0,7.0,256,6.350000000000004e-06,0.9095458268527618,5.550000000000001e-06,0.0649234760550037,,,,,,,,,,,,,,
162,u2random_nativegates_ibm_qiskit_opt3_28,,,,,,,,,,,,,,,,,,,,,,176.0,13.0,4294967296,1.4700000000000005e-05,0.6469238275863088,5.700000000000002e-06,0.02307580823224489
272,u2random_nativegates_ibm_qiskit_opt3_28,,,,,,,,,,,,,,,,,,,,,,84.0,5.0,18014398509481984,2.5899999999999976e-05,0.7091906451738009,2.6999999999999996e-06,0.24828230332619508
162,u2random_nativegates_ibm_qiskit_opt3_28,,,,,,,,188.0,14.0,4294967296,1.4700000000000005e-05,0.6392070251043704,7.200000000000003e-06,0.01479299822002936,,,,,,,,,,,,,,
272,u2random_nativegates_ibm_qiskit_opt3_28,,,,,,,,84.0,5.0,18014398509481984,2.5899999999999976e-05,0.7091906451738009,2.6999999999999996e-06,0.24828230332619508,,,,,,,,,,,,,,
162,u2random_nativegates_ibm_qiskit_opt3_28,,,,,,,,,,,,,,,176.0,13.0,4294967296,1.4700000000000005e-05,0.6469238275863088,5.700000000000002e-06,0.02307580823224489,,,,,,,
272,u2random_nativegates_ibm_qiskit_opt3_28,,,,,,,,,,,,,,,84.0,5.0,18014398509481984,2.5899999999999976e-05,0.7091906451738009,2.6999999999999996e-06,0.24828230332619508,,,,,,,
65,realamprandom_indep_qiskit_67,,,,,,,,,,,,,,,201.0,5.0,1361129467683753853853498429727072845824,6.354999999999988e-05,0.20157974862378858,6.050000000000001e-06,0.2055744316759062,,,,,,,
65,realamprandom_indep_qiskit_67,,,,,,,,,,,,,,,,,,,,,,201.0,5.0,1361129467683753853853498429727072845824,6.354999999999988e-05,0.20157974862378858,6.050000000000001e-06,0.2055744316759062
65,realamprandom_indep_qiskit_67,,,,,,,,201.0,5.0,1361129467683753853853498429727072845824,6.354999999999988e-05,0.20157974862378858,6.050000000000001e-06,0.2055744316759062,,,,,,,,,,,,,,
10,graphstate_indep_qiskit_14,,,,,,,,,,,,,,,,,,,,,,3.0,2.0,48,2.05e-06,0.980248878989173,1.0500000000000001e-06,0.6155632984901278
10,graphstate_indep_qiskit_14,,,,,,,,2.0,2.0,32,2.5499999999999997e-06,0.9812300983024731,1.55e-06,0.5599831330381617,,,,,,,,,,,,,,
5,graphstate_indep_qiskit_14,,,,,,,,4.0,4.0,48,2.05e-06,0.9792686408844015,1.0500000000000001e-06,0.3869956567857637,,,,,,,,,,,,,,
5,graphstate_indep_qiskit_14,4.0,4.0,48.0,1.55e-06,0.9792686408844014,1.0500000000000001e-06,0.26504649055083757,,,,,,,,,,,,,,,,,,,,,
5,graphstate_indep_qiskit_14,,,,,,,,,,,,,,,4.0,4.0,48,1.55e-06,0.9792686408844015,1.0500000000000001e-06,0.4930180255781948,,,,,,,
5,graphstate_indep_qiskit_14,,,,,,,,,,,,,,,,,,,,,,4.0,4.0,48,1.55e-06,0.9792686408844015,1.0500000000000001e-06,0.4930180255781948
10,graphstate_indep_qiskit_14,,,,,,,,,,,,,,,3.0,2.0,48,2.05e-06,0.980248878989173,1.0500000000000001e-06,0.6155632984901278,,,,,,,
10,graphstate_indep_qiskit_14,2.0,2.0,32.0,2.5499999999999997e-06,0.9812300983024731,1.55e-06,0.5211891208096142,,,,,,,,,,,,,,,,,,,,,
50,wstate_nativegates_ibm_qiskit_opt3_86,2.0,2.0,32.0,3.155000000000004e-05,0.8805902192810152,2.5200000000000023e-05,0.29649339248614737,,,,,,,,,,,,,,,,,,,,,
65,wstate_nativegates_ibm_qiskit_opt3_86,,,,,,,,2.0,2.0,32,4.210000000000008e-05,0.8805902206025085,1.4649999999999997e-05,0.30214796716723485,,,,,,,,,,,,,,
27,wstate_nativegates_ibm_qiskit_opt3_86,,,,,,,,6.0,4.0,256,1.7399999999999996e-05,0.8770732871560499,6.850000000000004e-06,0.11870642894257906,,,,,,,,,,,,,,
16,wstate_nativegates_ibm_qiskit_opt3_86,,,,,,,,10.0,6.0,256,1.0250000000000004e-05,0.8735703997670845,9.600000000000005e-06,0.05301522996795071,,,,,,,,,,,,,,
50,wstate_nativegates_ibm_qiskit_opt3_86,,,,,,,,,,,,,,,2.0,2.0,32,3.235000000000005e-05,0.8805902206025081,2.4400000000000017e-05,0.29452308257531573,,,,,,,
27,wstate_nativegates_ibm_qiskit_opt3_86,,,,,,,,,,,,,,,,,,,,,,6.0,4.0,256,1.7399999999999996e-05,0.8770732871560499,6.850000000000004e-06,0.11870642894257906
16,wstate_nativegates_ibm_qiskit_opt3_86,,,,,,,,,,,,,,,,,,,,,,10.0,6.0,256,1.0250000000000004e-05,0.8735703997670845,9.600000000000005e-06,0.05301522996795071
65,wstate_nativegates_ibm_qiskit_opt3_86,2.0,2.0,32.0,3.625000000000006e-05,0.8805902192810154,2.0500000000000004e-05,0.29577523316412324,,,,,,,,,,,,,,,,,,,,,
50,wstate_nativegates_ibm_qiskit_opt3_86,,,,,,,,,,,,,,,,,,,,,,2.0,2.0,32,3.235000000000005e-05,0.8805902206025081,2.4400000000000017e-05,0.29452308257531573
50,wstate_nativegates_ibm_qiskit_opt3_86,,,,,,,,2.0,2.0,32,3.235000000000005e-05,0.8805902206025081,2.4400000000000017e-05,0.29452308257531573,,,,,,,,,,,,,,
27,wstate_nativegates_ibm_qiskit_opt3_86,6.0,4.0,272.0,1.6749999999999994e-05,0.8770732817156925,1.22e-05,0.11323554603585405,,,,,,,,,,,,,,,,,,,,,
16,wstate_nativegates_ibm_qiskit_opt3_86,,,,,,,,,,,,,,,10.0,6.0,256,1.0250000000000004e-05,0.8735703997670845,9.600000000000005e-06,0.05301522996795071,,,,,,,
27,wstate_nativegates_ibm_qiskit_opt3_86,,,,,,,,,,,,,,,6.0,4.0,256,1.7399999999999996e-05,0.8770732871560499,6.850000000000004e-06,0.11870642894257906,,,,,,,
65,wstate_nativegates_ibm_qiskit_opt3_86,,,,,,,,,,,,,,,,,,,,,,2.0,2.0,32,4.210000000000008e-05,0.8805902206025085,1.4649999999999997e-05,0.30214796716723485
65,wstate_nativegates_ibm_qiskit_opt3_86,,,,,,,,,,,,,,,2.0,2.0,32,4.210000000000008e-05,0.8805902206025085,1.4649999999999997e-05,0.30214796716723485,,,,,,,
10,dj_nativegates_ibm_qiskit_opt3_21,,,,,,,,2.0,3.0,24,4.75e-06,0.9723469530217678,1.2499999999999999e-06,0.32180050969529067,,,,,,,,,,,,,,
16,dj_nativegates_ibm_qiskit_opt3_21,1.0,2.0,8.0,6.250000000000001e-06,0.973320059867856,4.25e-06,0.37416108597285064,,,,,,,,,,,,,,,,,,,,,
5,dj_nativegates_ibm_qiskit_opt3_21,,,,,,,,,,,,,,,4.0,5.0,52,2.2499999999999996e-06,0.9704036636825732,2.2499999999999996e-06,0.19953791571750903,,,,,,,
16,dj_nativegates_ibm_qiskit_opt3_21,,,,,,,,1.0,2.0,8,7.75e-06,0.9733198462773845,2.7499999999999995e-06,0.39782991202346035,,,,,,,,,,,,,,
16,dj_nativegates_ibm_qiskit_opt3_21,,,,,,,,,,,,,,,,,,,,,,1.0,2.0,8,7.75e-06,0.9733198462773845,2.7499999999999995e-06,0.39782991202346035
10,dj_nativegates_ibm_qiskit_opt3_21,,,,,,,,,,,,,,,,,,,,,,2.0,3.0,24,4.75e-06,0.9723469530217678,1.2499999999999999e-06,0.32180050969529067
16,dj_nativegates_ibm_qiskit_opt3_21,,,,,,,,,,,,,,,1.0,2.0,8,7.75e-06,0.9733198462773845,2.7499999999999995e-06,0.39782991202346035,,,,,,,
5,dj_nativegates_ibm_qiskit_opt3_21,,,,,,,,4.0,5.0,52,2.2499999999999996e-06,0.9704036636825732,2.2499999999999996e-06,0.19953791571750903,,,,,,,,,,,,,,
5,dj_nativegates_ibm_qiskit_opt3_21,,,,,,,,,,,,,,,,,,,,,,4.0,5.0,52,2.2499999999999996e-06,0.9704036636825732,2.2499999999999996e-06,0.19953791571750903
5,dj_nativegates_ibm_qiskit_opt3_21,4.0,5.0,40.0,2.2499999999999996e-06,0.9704036636825732,2.2499999999999996e-06,0.19953791571750903,,,,,,,,,,,,,,,,,,,,,
10,dj_nativegates_ibm_qiskit_opt3_21,2.0,3.0,24.0,4.75e-06,0.9723470815167407,2.7499999999999995e-06,0.2847776223776222,,,,,,,,,,,,,,,,,,,,,
10,dj_nativegates_ibm_qiskit_opt3_21,,,,,,,,,,,,,,,2.0,3.0,24,4.75e-06,0.9723469530217678,1.2499999999999999e-06,0.32180050969529067,,,,,,,
10,graphstate_indep_qiskit_31,,,,,,,,,,,,,,,,,,,,,,4.0,4.0,48,2.5499999999999997e-06,0.9593223287792515,1.55e-06,0.3042971549056048
27,graphstate_indep_qiskit_31,,,,,,,,2.0,2.0,32,2.05e-06,0.9612438340940818,1.55e-06,0.575699674047432,,,,,,,,,,,,,,
10,graphstate_indep_qiskit_31,,,,,,,,5.0,4.0,48,2.05e-06,0.9583630169946799,5e-07,0.41449981769683975,,,,,,,,,,,,,,
16,graphstate_indep_qiskit_31,,,,,,,,,,,,,,,,,,,,,,3.0,3.0,48,2.05e-06,0.9602826008253148,1.55e-06,0.5156496310020335
16,graphstate_indep_qiskit_31,,,,,,,,,,,,,,,3.0,3.0,48,2.05e-06,0.9602826008253149,1.55e-06,0.3926067684966959,,,,,,,
27,graphstate_indep_qiskit_31,2.0,2.0,32.0,2.5499999999999997e-06,0.9612438340940817,1.55e-06,0.5066656935727147,,,,,,,,,,,,,,,,,,,,,
16,graphstate_indep_qiskit_31,,,,,,,,3.0,3.0,48,2.5499999999999997e-06,0.960282600825315,1.55e-06,0.44474178591380514,,,,,,,,,,,,,,
16,graphstate_indep_qiskit_31,3.0,3.0,48.0,2.05e-06,0.960282600825315,1.55e-06,0.45399862947640945,,,,,,,,,,,,,,,,,,,,,
10,graphstate_indep_qiskit_31,,,,,,,,,,,,,,,4.0,4.0,48,2.5499999999999997e-06,0.9593223287792515,1.55e-06,0.3042971549056048,,,,,,,
27,graphstate_indep_qiskit_31,,,,,,,,,,,,,,,2.0,2.0,32,2.5499999999999997e-06,0.9612438340940818,1.55e-06,0.4639881197920965,,,,,,,
10,graphstate_indep_qiskit_31,4.0,4.0,48.0,2.05e-06,0.9593223287792517,1.55e-06,0.3232765372149424,,,,,,,,,,,,,,,,,,,,,
27,graphstate_indep_qiskit_31,,,,,,,,,,,,,,,,,,,,,,2.0,2.0,32,2.05e-06,0.9612438340940818,1.55e-06,0.575699674047432
10,e_nativegates_ibm_qiskit_opt3_11,,,,,,,,,,,,,,,19.0,3.0,1048576,1.7650000000000002e-05,0.947220150021459,9.550000000000002e-06,0.25887247141183284,,,,,,,
5,e_nativegates_ibm_qiskit_opt3_11,,,,,,,,33.0,9.0,1024,8.300000000000002e-06,0.9340550995106122,4.35e-06,0.09700283805980367,,,,,,,,,,,,,,
10,e_nativegates_ibm_qiskit_opt3_11,13.0,3.0,262144.0,1.815e-05,0.9529283202578939,9.750000000000002e-06,0.42364726609284875,,,,,,,,,,,,,,,,,,,,,
10,e_nativegates_ibm_qiskit_opt3_11,,,,,,,,,,,,,,,,,,,,,,19.0,3.0,1048576,1.7650000000000002e-05,0.947220150021459,9.550000000000002e-06,0.25887247141183284
5,e_nativegates_ibm_qiskit_opt3_11,,,,,,,,,,,,,,,,,,,,,,33.0,9.0,1024,8.300000000000002e-06,0.9340550995106122,4.35e-06,0.09700283805980367
10,e_nativegates_ibm_qiskit_opt3_11,,,,,,,,19.0,3.0,1048576,1.7650000000000002e-05,0.947220150021459,9.550000000000002e-06,0.25887247141183284,,,,,,,,,,,,,,
5,e_nativegates_ibm_qiskit_opt3_11,,,,,,,,,,,,,,,33.0,9.0,1024,8.300000000000002e-06,0.9340550995106122,4.35e-06,0.09700283805980367,,,,,,,
27,dj_indep_qiskit_34,,,,,,,,,,,,,,,1.0,2.0,8,1.3100000000000003e-05,0.958590400493105,3.5999999999999994e-06,0.3424598196054409,,,,,,,
10,dj_indep_qiskit_34,,,,,,,,,,,,,,,3.0,4.0,40,4.6e-06,0.9566763329474979,3.0999999999999995e-06,0.14627450854413646,,,,,,,
16,dj_indep_qiskit_34,,,,,,,,,,,,,,,2.0,3.0,24,7.600000000000002e-06,0.9576330978864032,1.6e-06,0.2443554223079099,,,,,,,
16,dj_indep_qiskit_34,2.0,3.0,24.0,6.100000000000001e-06,0.9576335325307692,4.6e-06,0.20668125027526116,,,,,,,,,,,,,,,,,,,,,
27,dj_indep_qiskit_34,,,,,,,,,,,,,,,,,,,,,,1.0,2.0,8,1.3100000000000003e-05,0.958590400493105,3.5999999999999994e-06,0.3424598196054409
10,dj_indep_qiskit_34,,,,,,,,,,,,,,,,,,,,,,3.0,4.0,40,4.6e-06,0.9566763329474979,3.0999999999999995e-06,0.14627450854413646
16,dj_indep_qiskit_34,,,,,,,,2.0,3.0,24,7.600000000000002e-06,0.9576330978864032,1.6e-06,0.2443554223079099,,,,,,,,,,,,,,
10,dj_indep_qiskit_34,,,,,,,,3.0,4.0,40,4.6e-06,0.9566763329474979,3.0999999999999995e-06,0.14627450854413646,,,,,,,,,,,,,,
27,dj_indep_qiskit_34,,,,,,,,1.0,2.0,8,1.3100000000000003e-05,0.958590400493105,3.5999999999999994e-06,0.3424598196054409,,,,,,,,,,,,,,
27,dj_indep_qiskit_34,1.0,2.0,8.0,1.0600000000000002e-05,0.9585910785424419,6.100000000000001e-06,0.3205004282757143,,,,,,,,,,,,,,,,,,,,,
10,dj_indep_qiskit_34,3.0,4.0,40.0,4.6e-06,0.956676353068072,3.5999999999999994e-06,0.14486990667954738,,,,,,,,,,,,,,,,,,,,,
16,dj_indep_qiskit_34,,,,,,,,,,,,,,,,,,,,,,2.0,3.0,24,7.600000000000002e-06,0.9576330978864032,1.6e-06,0.2443554223079099
5,dj_indep_qiskit_7,,,,,,,,,,,,,,,1.0,2.0,8,2.1e-06,0.9907092780038097,1.1e-06,0.5912698412698412,,,,,,,
5,dj_indep_qiskit_7,1.0,2.0,8.0,1.6e-06,0.9907092889082627,1.6e-06,0.5742797851562498,,,,,,,,,,,,,,,,,,,,,
5,dj_indep_qiskit_7,,,,,,,,,,,,,,,,,,,,,,1.0,2.0,8,2.1e-06,0.9907092780038097,1.1e-06,0.5912698412698412
5,dj_indep_qiskit_7,,,,,,,,1.0,2.0,8,2.1e-06,0.9907092780038097,1.1e-06,0.5912698412698412,,,,,,,,,,,,,,
65,realamprandom_indep_qiskit_80,,,,,,,,240.0,5.0,1361129467683753853853498429727072845824,6.354999999999988e-05,0.10805703793455473,4.709999999999992e-05,0.23229748154606172,,,,,,,,,,,,,,
65,realamprandom_indep_qiskit_80,,,,,,,,,,,,,,,,,,,,,,240.0,5.0,1361129467683753853853498429727072845824,6.354999999999988e-05,0.10805703793455473,4.709999999999992e-05,0.23229748154606172
65,realamprandom_indep_qiskit_80,,,,,,,,,,,,,,,240.0,5.0,1361129467683753853853498429727072845824,6.354999999999988e-05,0.10805703793455473,4.709999999999992e-05,0.23229748154606172,,,,,,,
102,u2random_indep_qiskit_14,,,,,,,,56.0,7.0,4294967296,8.550000000000001e-06,0.8823049514859583,5.600000000000001e-06,0.14434731007803414,,,,,,,,,,,,,,
102,u2random_indep_qiskit_14,,,,,,,,,,,,,,,,,,,,,,56.0,7.0,4294967296,8.550000000000001e-06,0.8823049514859583,5.600000000000001e-06,0.14434731007803414
52,u2random_indep_qiskit_14,,,,,,,,,,,,,,,,,,,,,,194.0,43.0,1024,3.5499999999999995e-06,0.7685327950268731,5.5e-07,5.891561326400792e-05
52,u2random_indep_qiskit_14,,,,,,,,,,,,,,,194.0,43.0,1024,3.5499999999999995e-06,0.7685327950268731,5.5e-07,5.891561326400792e-05,,,,,,,
52,u2random_indep_qiskit_14,,,,,,,,199.0,43.0,1024,3.5999999999999994e-06,0.7646976258334812,5e-07,3.0054252646637166e-05,,,,,,,,,,,,,,
102,u2random_indep_qiskit_14,,,,,,,,,,,,,,,56.0,7.0,4294967296,8.550000000000001e-06,0.8823049514859583,5.600000000000001e-06,0.14434731007803414,,,,,,,
16,realamprandom_indep_qiskit_27,,,,,,,,,,,,,,,181.0,13.0,281474976710656,1.4550000000000005e-05,0.6571051944488742,2.05e-06,0.013372689638972198,,,,,,,
16,realamprandom_indep_qiskit_27,,,,,,,,181.0,13.0,281474976710656,1.4550000000000005e-05,0.6571051944488742,2.05e-06,0.013372689638972198,,,,,,,,,,,,,,
16,realamprandom_indep_qiskit_27,,,,,,,,,,,,,,,,,,,,,,181.0,13.0,281474976710656,1.4550000000000005e-05,0.6571051944488742,2.05e-06,0.013372689638972198
50,graphstate_indep_qiskit_54,,,,,,,,,,,,,,,0.0,2.0,2,4.55e-06,0.9367224903309708,2.5499999999999997e-06,0.3117246898759504,,,,,,,
16,graphstate_indep_qiskit_54,,,,,,,,,,,,,,,,,,,,,,4.0,4.0,49,3.0499999999999996e-06,0.9329812580184327,2.05e-06,0.11312726604446366
16,graphstate_indep_qiskit_54,,,,,,,,,,,,,,,4.0,4.0,49,3.0499999999999996e-06,0.9329812580184327,2.05e-06,0.11312726604446366,,,,,,,
10,graphstate_indep_qiskit_54,,,,,,,,7.0,7.0,48,3.5499999999999995e-06,0.9301851429577264,1.0500000000000001e-06,0.062474911246546236,,,,,,,,,,,,,,
10,graphstate_indep_qiskit_54,,,,,,,,,,,,,,,,,,,,,,7.0,7.0,48,3.5499999999999995e-06,0.9301851429577264,1.0500000000000001e-06,0.07982066652977848
27,graphstate_indep_qiskit_54,,,,,,,,2.0,3.0,33,3.5499999999999995e-06,0.934850002643819,2.5499999999999997e-06,0.1945409353651802,,,,,,,,,,,,,,
50,graphstate_indep_qiskit_54,,,,,,,,,,,,,,,,,,,,,,0.0,2.0,2,4.55e-06,0.9367224903309708,2.5499999999999997e-06,0.3117246898759504
27,graphstate_indep_qiskit_54,3.0,3.0,48.0,4.55e-06,0.9339151629163995,2.05e-06,0.18116899975627074,,,,,,,,,,,,,,,,,,,,,
27,graphstate_indep_qiskit_54,,,,,,,,,,,,,,,,,,,,,,2.0,3.0,33,3.5499999999999995e-06,0.934850002643819,2.5499999999999997e-06,0.1945409353651802
27,graphstate_indep_qiskit_54,,,,,,,,,,,,,,,2.0,3.0,33,3.5499999999999995e-06,0.934850002643819,2.5499999999999997e-06,0.1945409353651802,,,,,,,
16,graphstate_indep_qiskit_54,4.0,4.0,48.0,4.049999999999999e-06,0.932981258018432,2.05e-06,0.10737475423656982,,,,,,,,,,,,,,,,,,,,,
10,graphstate_indep_qiskit_54,,,,,,,,,,,,,,,7.0,7.0,49,4.049999999999999e-06,0.9301851429577264,5e-07,0.07611467470210419,,,,,,,
10,graphstate_indep_qiskit_54,6.0,6.0,48.0,3.5499999999999995e-06,0.931116248972513,1.55e-06,0.05374486493720658,,,,,,,,,,,,,,,,,,,,,
16,graphstate_indep_qiskit_54,,,,,,,,4.0,4.0,49,3.5499999999999995e-06,0.9329812580184323,2.05e-06,0.09703765830699246,,,,,,,,,,,,,,
50,graphstate_indep_qiskit_54,,,,,,,,0.0,2.0,2,4.55e-06,0.9367224903309708,2.5499999999999997e-06,0.3117246898759504,,,,,,,,,,,,,,
27,realamprandom_indep_qiskit_29,,,,,,,,87.0,5.0,18014398509481984,2.5549999999999977e-05,0.69689596838124,6.050000000000001e-06,0.25008981125361773,,,,,,,,,,,,,,
16,realamprandom_indep_qiskit_29,,,,,,,,,,,,,,,202.0,15.0,281474976710656,1.4550000000000005e-05,0.621250371083308,5.050000000000001e-06,0.010853539639461592,,,,,,,
16,realamprandom_indep_qiskit_29,,,,,,,,,,,,,,,,,,,,,,202.0,15.0,281474976710656,1.4550000000000005e-05,0.621250371083308,5.050000000000001e-06,0.010853539639461592
27,realamprandom_indep_qiskit_29,,,,,,,,,,,,,,,,,,,,,,87.0,5.0,18014398509481984,2.5549999999999977e-05,0.69689596838124,6.050000000000001e-06,0.25008981125361773
16,realamprandom_indep_qiskit_29,,,,,,,,202.0,15.0,281474976710656,1.4550000000000005e-05,0.6212526540422886,7.500000000000002e-06,0.01200107328505843,,,,,,,,,,,,,,
27,realamprandom_indep_qiskit_29,,,,,,,,,,,,,,,87.0,5.0,18014398509481984,2.5549999999999977e-05,0.69689596838124,6.050000000000001e-06,0.25008981125361773,,,,,,,
162,u2random_indep_qiskit_25,,,,,,,,,,,,,,,,,,,,,,147.0,11.0,281474976710656,1.4600000000000006e-05,0.7024384916050391,6.550000000000002e-06,0.03331774551205243
162,u2random_indep_qiskit_25,,,,,,,,,,,,,,,147.0,11.0,281474976710656,1.4600000000000006e-05,0.7024384916050391,6.550000000000002e-06,0.03331774551205243,,,,,,,
162,u2random_indep_qiskit_25,,,,,,,,147.0,11.0,281474976710656,1.4600000000000006e-05,0.7024384916050391,6.550000000000002e-06,0.03331774551205243,,,,,,,,,,,,,,
27,ghz_indep_qiskit_62,,,,,,,,,,,,,,,,,,,,,,2.0,3.0,24,1.3050000000000004e-05,0.9265908206301638,4.5e-06,0.17361682670324644
50,ghz_indep_qiskit_62,,,,,,,,,,,,,,,1.0,2.0,8,2.454999999999998e-05,0.927518329692094,6.000000000000001e-06,0.30056399812000634,,,,,,,
16,ghz_indep_qiskit_62,,,,,,,,,,,,,,,,,,,,,,4.0,5.0,52,7.550000000000001e-06,0.9247385840781945,5e-07,0.1006285812681083
16,ghz_indep_qiskit_62,,,,,,,,,,,,,,,4.0,5.0,52,7.550000000000001e-06,0.9247385840781945,5e-07,0.1006285812681083,,,,,,,
50,ghz_indep_qiskit_62,,,,,,,,,,,,,,,,,,,,,,1.0,2.0,8,2.454999999999998e-05,0.927518329692094,6.000000000000001e-06,0.30056399812000634
27,ghz_indep_qiskit_62,,,,,,,,2.0,3.0,24,1.3050000000000004e-05,0.9265908206301638,4.5e-06,0.17361682670324644,,,,,,,,,,,,,,
50,ghz_indep_qiskit_62,1.0,2.0,8.0,1.9549999999999994e-05,0.927518329692094,1.1000000000000003e-05,0.2859863226954299,,,,,,,,,,,,,,,,,,,,,
27,ghz_indep_qiskit_62,2.0,3.0,24.0,1.2000000000000004e-05,0.9265908206301636,7.550000000000001e-06,0.1659318312697955,,,,,,,,,,,,,,,,,,,,,
27,ghz_indep_qiskit_62,,,,,,,,,,,,,,,2.0,3.0,24,1.3050000000000004e-05,0.9265908206301638,4.5e-06,0.17361682670324644,,,,,,,
16,ghz_indep_qiskit_62,4.0,5.0,52.0,7.000000000000002e-06,0.9247385840781946,5.05e-06,0.06429503527275801,,,,,,,,,,,,,,,,,,,,,
16,ghz_indep_qiskit_62,,,,,,,,4.0,5.0,52,7.550000000000001e-06,0.9247385840781945,5e-07,0.1006285812681083,,,,,,,,,,,,,,
50,ghz_indep_qiskit_62,,,,,,,,1.0,2.0,8,2.454999999999998e-05,0.927518329692094,6.000000000000001e-06,0.30056399812000634,,,,,,,,,,,,,,
50,graphstate_indep_qiskit_65,,,,,,,,0.0,2.0,6,4.55e-06,0.9243320086729646,1.55e-06,0.15727874392247296,,,,,,,,,,,,,,
16,graphstate_indep_qiskit_65,,,,,,,,3.0,5.0,51,4.55e-06,0.9215618151365668,1.55e-06,0.09418054632207692,,,,,,,,,,,,,,
27,graphstate_indep_qiskit_65,,,,,,,,,,,,,,,2.0,3.0,37,4.55e-06,0.9224842892865444,1.55e-06,0.10725040688080725,,,,,,,
27,graphstate_indep_qiskit_65,,,,,,,,,,,,,,,,,,,,,,2.0,3.0,37,4.55e-06,0.9224842892865445,1.55e-06,0.11846859314711683
50,graphstate_indep_qiskit_65,,,,,,,,,,,,,,,,,,,,,,0.0,2.0,6,4.55e-06,0.9243320086729646,1.55e-06,0.15727874392247296
16,graphstate_indep_qiskit_65,5.0,5.0,48.0,4.049999999999999e-06,0.9197196333061899,1.55e-06,0.13213096939314484,,,,,,,,,,,,,,,,,,,,,
27,graphstate_indep_qiskit_65,3.0,3.0,48.0,4.55e-06,0.9215618151365668,2.05e-06,0.1508567141705191,,,,,,,,,,,,,,,,,,,,,
27,graphstate_indep_qiskit_65,,,,,,,,2.0,3.0,37,4.55e-06,0.9224842892865445,1.55e-06,0.11846859314711683,,,,,,,,,,,,,,
16,graphstate_indep_qiskit_65,,,,,,,,,,,,,,,3.0,5.0,51,4.55e-06,0.9215618151365667,1.55e-06,0.0775680245505309,,,,,,,
50,graphstate_indep_qiskit_65,,,,,,,,,,,,,,,0.0,2.0,6,4.55e-06,0.9243320086729646,1.55e-06,0.15727874392247296,,,,,,,
16,graphstate_indep_qiskit_65,,,,,,,,,,,,,,,,,,,,,,2.0,5.0,37,4.55e-06,0.9224842892865442,1.55e-06,0.11626786177017634
65,graphstate_indep_qiskit_91,2.0,2.0,32.0,3.5499999999999995e-06,0.8939025485471379,2.5499999999999997e-06,0.31206475738372996,,,,,,,,,,,,,,,,,,,,,
65,graphstate_indep_qiskit_91,,,,,,,,,,,,,,,2.0,2.0,33,3.5499999999999995e-06,0.8939025485471379,2.05e-06,0.21251311831119668,,,,,,,
27,graphstate_indep_qiskit_91,4.0,4.0,48.0,4.049999999999999e-06,0.8921156569832587,2.05e-06,0.11917757709310374,,,,,,,,,,,,,,,,,,,,,
16,graphstate_indep_qiskit_91,,,,,,,,,,,,,,,7.0,7.0,48,3.5499999999999995e-06,0.8894420148249151,1.55e-06,0.04279050040371061,,,,,,,
50,graphstate_indep_qiskit_91,,,,,,,,,,,,,,,,,,,,,,2.0,2.0,33,4.049999999999999e-06,0.8939025485471377,2.05e-06,0.1904455988663575
16,graphstate_indep_qiskit_91,7.0,7.0,48.0,4.049999999999999e-06,0.8894420148249151,2.05e-06,0.02678253025996533,,,,,,,,,,,,,,,,,,,,,
50,graphstate_indep_qiskit_91,,,,,,,,,,,,,,,3.0,2.0,49,3.5499999999999995e-06,0.8930086558237492,5e-07,0.21162918159725064,,,,,,,
16,graphstate_indep_qiskit_91,,,,,,,,,,,,,,,,,,,,,,7.0,7.0,48,3.5499999999999995e-06,0.8894420148249154,2.05e-06,0.04698088609479052
27,graphstate_indep_qiskit_91,,,,,,,,4.0,4.0,48,4.049999999999999e-06,0.8921156569832585,2.05e-06,0.07929634478846287,,,,,,,,,,,,,,
27,graphstate_indep_qiskit_91,,,,,,,,,,,,,,,4.0,4.0,48,4.049999999999999e-06,0.8921156569832586,2.05e-06,0.08136681140149082,,,,,,,
50,graphstate_indep_qiskit_91,2.0,2.0,32.0,4.049999999999999e-06,0.8939025485471382,3.0499999999999996e-06,0.23173352536676958,,,,,,,,,,,,,,,,,,,,,
65,graphstate_indep_qiskit_91,,,,,,,,,,,,,,,,,,,,,,2.0,2.0,33,4.049999999999999e-06,0.8939025485471377,2.05e-06,0.1904455988663575
50,graphstate_indep_qiskit_91,,,,,,,,2.0,2.0,33,4.049999999999999e-06,0.8939025485471377,2.05e-06,0.1904455988663575,,,,,,,,,,,,,,
16,graphstate_indep_qiskit_91,,,,,,,,7.0,7.0,48,3.5499999999999995e-06,0.8894420148249154,2.05e-06,0.046894201879700115,,,,,,,,,,,,,,
27,graphstate_indep_qiskit_91,,,,,,,,,,,,,,,,,,,,,,4.0,4.0,48,3.5499999999999995e-06,0.8921156569832586,2.05e-06,0.08639199392402554
65,graphstate_indep_qiskit_91,,,,,,,,2.0,2.0,33,4.049999999999999e-06,0.8939025485471377,2.05e-06,0.1904455988663575,,,,,,,,,,,,,,
19,dj_indep_qiskit_58,3.0,4.0,40.0,9.100000000000001e-06,0.9290569613683477,5.600000000000001e-06,0.10871840944730074,,,,,,,,,,,,,,,,,,,,,
29,dj_indep_qiskit_58,,,,,,,,,,,,,,,,,,,,,,2.0,3.0,24,1.4100000000000004e-05,0.9299836085152805,6e-07,0.27703542914965534
27,dj_indep_qiskit_58,,,,,,,,,,,,,,,,,,,,,,2.0,3.0,24,1.3100000000000003e-05,0.9299845058520185,2.5999999999999997e-06,0.19751784851993667
19,dj_indep_qiskit_58,,,,,,,,,,,,,,,3.0,4.0,40,9.100000000000001e-06,0.9290563738533928,1.6e-06,0.1311390223869186,,,,,,,
29,dj_indep_qiskit_58,,,,,,,,,,,,,,,2.0,3.0,24,1.4100000000000004e-05,0.9299836085152805,6e-07,0.27703542914965534,,,,,,,
39,dj_indep_qiskit_58,,,,,,,,1.0,2.0,8,1.9099999999999997e-05,0.9309134096343272,9.600000000000001e-06,0.2927693559258515,,,,,,,,,,,,,,
16,dj_indep_qiskit_58,3.0,4.0,40.0,7.600000000000002e-06,0.9290571495764256,6.600000000000001e-06,0.10654836031060749,,,,,,,,,,,,,,,,,,,,,
49,dj_indep_qiskit_58,,,,,,,,,,,,,,,1.0,2.0,8,2.4099999999999983e-05,0.9309106851391602,4.6e-06,0.31738794471423804,,,,,,,
50,dj_indep_qiskit_58,,,,,,,,,,,,,,,,,,,,,,1.0,2.0,8,2.459999999999998e-05,0.9309103097018538,4.1e-06,0.3231885231453943
24,dj_indep_qiskit_58,,,,,,,,,,,,,,,,,,,,,,2.0,3.0,24,1.1600000000000002e-05,0.9299854323284447,5.600000000000001e-06,0.17553553579947823
10,dj_indep_qiskit_58,,,,,,,,,,,,,,,,,,,,,,6.0,7.0,52,4.6e-06,0.926274254232593,1.6e-06,0.038133410437500924
50,dj_indep_qiskit_58,,,,,,,,,,,,,,,1.0,2.0,8,2.459999999999998e-05,0.9309103097018538,4.1e-06,0.3231885231453943,,,,,,,
44,dj_indep_qiskit_58,1.0,2.0,8.0,1.81e-05,0.9309137438765178,1.0600000000000002e-05,0.291011217357251,,,,,,,,,,,,,,,,,,,,,
54,dj_indep_qiskit_58,,,,,,,,,,,,,,,,,,,,,,1.0,2.0,8,2.6599999999999976e-05,0.930908620702101,2.1e-06,0.36916083197411537
34,dj_indep_qiskit_58,1.0,2.0,8.0,1.6600000000000004e-05,0.9309140696924345,1.2100000000000003e-05,0.28930046388763614,,,,,,,,,,,,,,,,,,,,,
44,dj_indep_qiskit_58,,,,,,,,1.0,2.0,8,2.159999999999999e-05,0.9309122814499023,7.1000000000000015e-06,0.30039150799860903,,,,,,,,,,,,,,
10,dj_indep_qiskit_58,6.0,7.0,40.0,4.6e-06,0.9262743562507179,3.0999999999999995e-06,0.03487569311304983,,,,,,,,,,,,,,,,,,,,,
27,dj_indep_qiskit_58,2.0,3.0,24.0,1.1600000000000002e-05,0.929985687082532,7.1000000000000015e-06,0.172266336148824,,,,,,,,,,,,,,,,,,,,,
54,dj_indep_qiskit_58,,,,,,,,,,,,,,,1.0,2.0,8,2.6599999999999976e-05,0.930908620702101,2.1e-06,0.36916083197411537,,,,,,,
10,dj_indep_qiskit_58,,,,,,,,6.0,7.0,52,4.6e-06,0.926274254232593,1.6e-06,0.038133410437500924,,,,,,,,,,,,,,
27,dj_indep_qiskit_58,,,,,,,,2.0,3.0,24,1.3100000000000003e-05,0.9299845058520185,2.5999999999999997e-06,0.19751784851993667,,,,,,,,,,,,,,
34,dj_indep_qiskit_58,,,,,,,,,,,,,,,1.0,2.0,8,1.6600000000000004e-05,0.9309140696924345,1.2100000000000003e-05,0.28930046388763614,,,,,,,
24,dj_indep_qiskit_58,,,,,,,,2.0,3.0,24,1.1600000000000002e-05,0.9299854323284447,5.600000000000001e-06,0.17553553579947823,,,,,,,,,,,,,,
19,dj_indep_qiskit_58,,,,,,,,,,,,,,,,,,,,,,3.0,4.0,40,9.100000000000001e-06,0.9290563738533928,1.6e-06,0.1311390223869186
16,dj_indep_qiskit_58,,,,,,,,,,,,,,,,,,,,,,3.0,4.0,40,7.600000000000002e-06,0.9290571309450119,6.100000000000001e-06,0.10678957883025637
54,dj_indep_qiskit_58,1.0,2.0,8.0,1.81e-05,0.9309137438765178,1.0600000000000002e-05,0.291011217357251,,,,,,,,,,,,,,,,,,,,,
16,dj_indep_qiskit_58,,,,,,,,3.0,4.0,40,7.600000000000002e-06,0.9290571309450119,6.100000000000001e-06,0.10678957883025637,,,,,,,,,,,,,,
24,dj_indep_qiskit_58,2.0,3.0,24.0,1.1100000000000002e-05,0.9299858000210498,8.1e-06,0.17114056389897883,,,,,,,,,,,,,,,,,,,,,
16,dj_indep_qiskit_58,,,,,,,,,,,,,,,3.0,4.0,40,7.600000000000002e-06,0.9290571309450119,6.100000000000001e-06,0.10678957883025637,,,,,,,
27,dj_indep_qiskit_58,,,,,,,,,,,,,,,2.0,3.0,24,1.3100000000000003e-05,0.9299845058520185,2.5999999999999997e-06,0.19751784851993667,,,,,,,
10,dj_indep_qiskit_58,,,,,,,,,,,,,,,6.0,7.0,52,4.6e-06,0.926274254232593,1.6e-06,0.038133410437500924,,,,,,,
50,dj_indep_qiskit_58,1.0,2.0,8.0,1.81e-05,0.9309137438765178,1.0600000000000002e-05,0.291011217357251,,,,,,,,,,,,,,,,,,,,,
34,dj_indep_qiskit_58,,,,,,,,,,,,,,,,,,,,,,1.0,2.0,8,1.6600000000000004e-05,0.9309140696924345,1.2100000000000003e-05,0.28930046388763614
34,dj_indep_qiskit_58,,,,,,,,1.0,2.0,8,1.6600000000000004e-05,0.9309140696924345,1.2100000000000003e-05,0.28930046388763614,,,,,,,,,,,,,,
24,dj_indep_qiskit_58,,,,,,,,,,,,,,,2.0,3.0,24,1.1600000000000002e-05,0.9299854323284447,5.600000000000001e-06,0.17553553579947823,,,,,,,
44,dj_indep_qiskit_58,,,,,,,,,,,,,,,1.0,2.0,8,2.159999999999999e-05,0.9309122814499023,7.1000000000000015e-06,0.30039150799860903,,,,,,,
54,dj_indep_qiskit_58,,,,,,,,1.0,2.0,8,2.6599999999999976e-05,0.930908620702101,2.1e-06,0.36916083197411537,,,,,,,,,,,,,,
50,dj_indep_qiskit_58,,,,,,,,1.0,2.0,8,2.459999999999998e-05,0.9309103097018538,4.1e-06,0.3231885231453943,,,,,,,,,,,,,,
39,dj_indep_qiskit_58,,,,,,,,,,,,,,,,,,,,,,1.0,2.0,8,1.9099999999999997e-05,0.9309134096343272,9.600000000000001e-06,0.2927693559258515
49,dj_indep_qiskit_58,,,,,,,,,,,,,,,,,,,,,,1.0,2.0,8,2.4099999999999983e-05,0.9309106851391602,4.6e-06,0.31738794471423804
29,dj_indep_qiskit_58,2.0,3.0,24.0,1.1600000000000002e-05,0.9299857384066154,7.600000000000002e-06,0.17171969576260815,,,,,,,,,,,,,,,,,,,,,
49,dj_indep_qiskit_58,,,,,,,,1.0,2.0,8,2.4099999999999983e-05,0.9309106851391602,4.6e-06,0.31738794471423804,,,,,,,,,,,,,,
44,dj_indep_qiskit_58,,,,,,,,,,,,,,,,,,,,,,1.0,2.0,8,2.159999999999999e-05,0.9309122814499023,7.1000000000000015e-06,0.30039150799860903
29,dj_indep_qiskit_58,,,,,,,,2.0,3.0,24,1.4100000000000004e-05,0.9299836085152805,6e-07,0.27703542914965534,,,,,,,,,,,,,,
39,dj_indep_qiskit_58,1.0,2.0,8.0,1.81e-05,0.9309137438765178,1.0600000000000002e-05,0.291011217357251,,,,,,,,,,,,,,,,,,,,,
49,dj_indep_qiskit_58,1.0,2.0,8.0,1.81e-05,0.9309137438765178,1.0600000000000002e-05,0.291011217357251,,,,,,,,,,,,,,,,,,,,,
39,dj_indep_qiskit_58,,,,,,,,,,,,,,,1.0,2.0,8,1.9099999999999997e-05,0.9309134096343272,9.600000000000001e-06,0.2927693559258515,,,,,,,
19,dj_indep_qiskit_58,,,,,,,,3.0,4.0,40,9.100000000000001e-06,0.9290563738533928,1.6e-06,0.1311390223869186,,,,,,,,,,,,,,
662,u2random_indep_qiskit_79,,,,,,,,237.0,5.0,5444517870735015415413993718908291383296,6.454999999999987e-05,0.1137785458115473,4.4549999999999924e-05,0.2393604917749961,,,,,,,,,,,,,,
762,u2random_indep_qiskit_79,,,,,,,,,,,,,,,237.0,5.0,5708990770823839524233143877797980545530986496,7.454999999999985e-05,0.11364720971317464,9.550000000000002e-06,0.20627915210745876,,,,,,,
652,u2random_indep_qiskit_79,,,,,,,,,,,,,,,,,,,,,,237.0,5.0,1361129467683753853853498429727072845824,6.354999999999988e-05,0.11378320411348758,4.609999999999992e-05,0.23605414982308015
712,u2random_indep_qiskit_79,,,,,,,,237.0,5.0,5575186299632655785383929568162090376495104,6.954999999999986e-05,0.11372952790502572,2.7049999999999973e-05,0.2370133002591936,,,,,,,,,,,,,,
662,u2random_indep_qiskit_79,,,,,,,,,,,,,,,,,,,,,,237.0,5.0,5444517870735015415413993718908291383296,6.454999999999987e-05,0.1137785458115473,4.4549999999999924e-05,0.2393604917749961
712,u2random_indep_qiskit_79,,,,,,,,,,,,,,,,,,,,,,237.0,5.0,5575186299632655785383929568162090376495104,6.954999999999986e-05,0.11372952790502572,2.7049999999999973e-05,0.2370133002591936
652,u2random_indep_qiskit_79,,,,,,,,237.0,5.0,1361129467683753853853498429727072845824,6.354999999999988e-05,0.11378320411348758,4.609999999999992e-05,0.23605414982308015,,,,,,,,,,,,,,
652,u2random_indep_qiskit_79,,,,,,,,,,,,,,,237.0,5.0,1361129467683753853853498429727072845824,6.354999999999988e-05,0.11378320411348758,4.609999999999992e-05,0.23605414982308015,,,,,,,
762,u2random_indep_qiskit_79,,,,,,,,,,,,,,,,,,,,,,237.0,5.0,5708990770823839524233143877797980545530986496,7.454999999999985e-05,0.11364720971317464,9.550000000000002e-06,0.20627915210745876
712,u2random_indep_qiskit_79,,,,,,,,,,,,,,,237.0,5.0,5575186299632655785383929568162090376495104,6.954999999999986e-05,0.11372952790502572,2.7049999999999973e-05,0.2370133002591936,,,,,,,
762,u2random_indep_qiskit_79,,,,,,,,237.0,5.0,5708990770823839524233143877797980545530986496,7.454999999999985e-05,0.11364720971317464,9.550000000000002e-06,0.20627915210745876,,,,,,,,,,,,,,
662,u2random_indep_qiskit_79,,,,,,,,,,,,,,,237.0,5.0,5444517870735015415413993718908291383296,6.454999999999987e-05,0.1137785458115473,4.4549999999999924e-05,0.2393604917749961,,,,,,,
10,e_nativegates_ibm_qiskit_opt3_26,,,,,,,,94.0,13.0,1048576,2.6049999999999993e-05,0.7806273799173598,4.25e-06,0.01503193612045639,,,,,,,,,,,,,,
16,e_nativegates_ibm_qiskit_opt3_26,,,,,,,,47.0,5.0,4294967296,4.314999999999997e-05,0.8181514987987414,9.650000000000002e-06,0.16950724347480042,,,,,,,,,,,,,,
5,e_nativegates_ibm_qiskit_opt3_26,,,,,,,,,,,,,,,229.0,52.0,1024,7.6000000000000035e-06,0.6820348583621639,3.2499999999999994e-06,1.536696338764005e-06,,,,,,,
10,e_nativegates_ibm_qiskit_opt3_26,,,,,,,,,,,,,,,,,,,,,,104.0,13.0,1048576,2.6049999999999993e-05,0.7728576733692549,1.15e-06,0.010893188543324222
16,e_nativegates_ibm_qiskit_opt3_26,,,,,,,,,,,,,,,58.0,6.0,4294967296,4.314999999999997e-05,0.809213200493477,1.1800000000000002e-05,0.11653186414122835,,,,,,,
10,e_nativegates_ibm_qiskit_opt3_26,,,,,,,,,,,,,,,104.0,13.0,1048576,2.6049999999999993e-05,0.7728576733692549,1.15e-06,0.010893188543324222,,,,,,,
5,e_nativegates_ibm_qiskit_opt3_26,,,,,,,,228.0,51.0,1024,7.6000000000000035e-06,0.6827167476292518,3.2499999999999994e-06,1.124220702252399e-06,,,,,,,,,,,,,,
16,e_nativegates_ibm_qiskit_opt3_26,,,,,,,,,,,,,,,,,,,,,,58.0,6.0,4294967296,4.314999999999997e-05,0.809213200493477,1.1800000000000002e-05,0.11653186414122835
5,e_nativegates_ibm_qiskit_opt3_26,,,,,,,,,,,,,,,,,,,,,,229.0,52.0,1024,7.6000000000000035e-06,0.6820348583621639,3.2499999999999994e-06,1.536696338764005e-06
38,graphstate_indep_qiskit_39,,,,,,,,,,,,,,,0.0,2.0,3,3.5499999999999995e-06,0.9538867043967482,1.55e-06,0.29910181878887115,,,,,,,
33,graphstate_indep_qiskit_39,,,,,,,,0.0,2.0,3,3.5499999999999995e-06,0.9538867043967482,1.55e-06,0.29910181878887115,,,,,,,,,,,,,,
10,graphstate_indep_qiskit_39,5.0,5.0,48.0,3.0499999999999996e-06,0.9491268524206495,1.55e-06,0.10792946421181944,,,,,,,,,,,,,,,,,,,,,
10,graphstate_indep_qiskit_39,,,,,,,,6.0,5.0,48,2.5499999999999997e-06,0.9481777360003745,1.0500000000000001e-06,0.22526829039267424,,,,,,,,,,,,,,
28,graphstate_indep_qiskit_39,,,,,,,,0.0,2.0,3,3.5499999999999995e-06,0.9538867043967482,1.55e-06,0.29910181878887115,,,,,,,,,,,,,,
23,graphstate_indep_qiskit_39,,,,,,,,,,,,,,,0.0,2.0,3,3.5499999999999995e-06,0.9538867043967482,1.55e-06,0.29910181878887115,,,,,,,
16,graphstate_indep_qiskit_39,,,,,,,,,,,,,,,2.0,3.0,34,3.0499999999999996e-06,0.9519799058226156,1.55e-06,0.2135844569883792,,,,,,,
18,graphstate_indep_qiskit_39,,,,,,,,,,,,,,,,,,,,,,2.0,3.0,34,3.0499999999999996e-06,0.9519799058226156,1.55e-06,0.2135844569883792
38,graphstate_indep_qiskit_39,,,,,,,,,,,,,,,,,,,,,,0.0,2.0,3,3.5499999999999995e-06,0.9538867043967482,1.55e-06,0.29910181878887115
13,graphstate_indep_qiskit_39,,,,,,,,2.0,4.0,34,3.5499999999999995e-06,0.9519799058226157,1.55e-06,0.19997403500236186,,,,,,,,,,,,,,
18,graphstate_indep_qiskit_39,,,,,,,,,,,,,,,2.0,3.0,34,3.0499999999999996e-06,0.9519799058226156,1.55e-06,0.2135844569883792,,,,,,,
23,graphstate_indep_qiskit_39,,,,,,,,,,,,,,,,,,,,,,0.0,2.0,3,3.5499999999999995e-06,0.9538867043967482,1.55e-06,0.29910181878887115
13,graphstate_indep_qiskit_39,4.0,4.0,48.0,3.5499999999999995e-06,0.9500769188969584,1.55e-06,0.1904086743330938,,,,,,,,,,,,,,,,,,,,,
27,graphstate_indep_qiskit_39,,,,,,,,,,,,,,,,,,,,,,0.0,2.0,3,3.5499999999999995e-06,0.9538867043967482,1.55e-06,0.29910181878887115
16,graphstate_indep_qiskit_39,3.0,3.0,48.0,3.5499999999999995e-06,0.9510279363802977,2.5499999999999997e-06,0.19951427132576324,,,,,,,,,,,,,,,,,,,,,
27,graphstate_indep_qiskit_39,,,,,,,,0.0,2.0,3,3.5499999999999995e-06,0.9538867043967482,1.55e-06,0.29910181878887115,,,,,,,,,,,,,,
27,graphstate_indep_qiskit_39,,,,,,,,,,,,,,,0.0,2.0,3,3.5499999999999995e-06,0.9538867043967482,1.55e-06,0.29910181878887115,,,,,,,
10,graphstate_indep_qiskit_39,,,,,,,,,,,,,,,,,,,,,,6.0,5.0,48,2.5499999999999997e-06,0.9481777360003745,1.0500000000000001e-06,0.22526829039267424
13,graphstate_indep_qiskit_39,,,,,,,,,,,,,,,3.0,4.0,50,3.0499999999999996e-06,0.9510279363802975,5e-07,0.20777210783230923,,,,,,,
18,graphstate_indep_qiskit_39,,,,,,,,2.0,3.0,34,3.5499999999999995e-06,0.9519799058226157,1.55e-06,0.19997403500236186,,,,,,,,,,,,,,
28,graphstate_indep_qiskit_39,,,,,,,,,,,,,,,,,,,,,,0.0,2.0,3,3.5499999999999995e-06,0.9538867043967482,1.55e-06,0.29910181878887115
16,graphstate_indep_qiskit_39,,,,,,,,2.0,3.0,34,3.5499999999999995e-06,0.9519799058226157,1.55e-06,0.19997403500236186,,,,,,,,,,,,,,
16,graphstate_indep_qiskit_39,,,,,,,,,,,,,,,,,,,,,,2.0,3.0,34,3.0499999999999996e-06,0.9519799058226156,1.55e-06,0.2135844569883792
18,graphstate_indep_qiskit_39,3.0,3.0,48.0,3.0499999999999996e-06,0.9510279363802975,2.5499999999999997e-06,0.18866813347498596,,,,,,,,,,,,,,,,,,,,,
28,graphstate_indep_qiskit_39,,,,,,,,,,,,,,,0.0,2.0,3,3.5499999999999995e-06,0.9538867043967482,1.55e-06,0.29910181878887115,,,,,,,
33,graphstate_indep_qiskit_39,,,,,,,,,,,,,,,,,,,,,,0.0,2.0,3,3.5499999999999995e-06,0.9538867043967482,1.55e-06,0.29910181878887115
23,graphstate_indep_qiskit_39,,,,,,,,0.0,2.0,3,3.5499999999999995e-06,0.9538867043967482,1.55e-06,0.29910181878887115,,,,,,,,,,,,,,
38,graphstate_indep_qiskit_39,,,,,,,,0.0,2.0,3,3.5499999999999995e-06,0.9538867043967482,1.55e-06,0.29910181878887115,,,,,,,,,,,,,,
33,graphstate_indep_qiskit_39,,,,,,,,,,,,,,,0.0,2.0,3,3.5499999999999995e-06,0.9538867043967482,1.55e-06,0.29910181878887115,,,,,,,
13,graphstate_indep_qiskit_39,,,,,,,,,,,,,,,,,,,,,,3.0,4.0,50,3.0499999999999996e-06,0.9510279363802975,5e-07,0.20777210783230923
10,graphstate_indep_qiskit_39,,,,,,,,,,,,,,,6.0,5.0,48,2.5499999999999997e-06,0.9481777360003745,1.0500000000000001e-06,0.22526829039267424,,,,,,,
652,u2random_indep_qiskit_70,,,,,,,,,,,,,,,210.0,5.0,1361129467683753853853498429727072845824,6.354999999999988e-05,0.17616653004018135,1.6550000000000002e-05,0.22720262616114942,,,,,,,
652,u2random_indep_qiskit_70,,,,,,,,,,,,,,,,,,,,,,210.0,5.0,1361129467683753853853498429727072845824,6.354999999999988e-05,0.17616653004018135,1.6550000000000002e-05,0.22720262616114942
652,u2random_indep_qiskit_70,,,,,,,,210.0,5.0,1361129467683753853853498429727072845824,6.354999999999988e-05,0.17616653004018135,1.6550000000000002e-05,0.22720262616114942,,,,,,,,,,,,,,
272,u2random_nativegates_ibm_qiskit_opt3_34,,,,,,,,,,,,,,,130.0,7.0,18014398509481984,2.5699999999999978e-05,0.6025722327448436,6.999999999999999e-07,0.12937912290571957,,,,,,,
272,u2random_nativegates_ibm_qiskit_opt3_34,,,,,,,,,,,,,,,,,,,,,,130.0,7.0,18014398509481984,2.5699999999999978e-05,0.6025722327448436,6.999999999999999e-07,0.12937912290571957
272,u2random_nativegates_ibm_qiskit_opt3_34,,,,,,,,130.0,7.0,18014398509481984,2.5699999999999978e-05,0.6025722327448436,6.999999999999999e-07,0.12937912290571957,,,,,,,,,,,,,,
16,ghz_indep_qiskit_64,4.0,5.0,40.0,7.500000000000002e-06,0.9225209125515643,5.05e-06,0.06304515851899156,,,,,,,,,,,,,,,,,,,,,
27,ghz_indep_qiskit_64,,,,,,,,2.0,3.0,24,1.3050000000000004e-05,0.9243687071430349,5.500000000000001e-06,0.1687941370726007,,,,,,,,,,,,,,
50,ghz_indep_qiskit_64,1.0,2.0,8.0,2.0049999999999993e-05,0.925293991889388,1.1500000000000003e-05,0.28468716420331297,,,,,,,,,,,,,,,,,,,,,
16,ghz_indep_qiskit_64,,,,,,,,,,,,,,,4.0,5.0,52,7.550000000000001e-06,0.9225209125515642,1.5e-06,0.07547143595108122,,,,,,,
27,ghz_indep_qiskit_64,2.0,3.0,24.0,1.2500000000000004e-05,0.9243687071430348,7.550000000000001e-06,0.1649075607064017,,,,,,,,,,,,,,,,,,,,,
50,ghz_indep_qiskit_64,,,,,,,,,,,,,,,1.0,2.0,8,2.454999999999998e-05,0.925293991889388,7.000000000000002e-06,0.2952206381534285,,,,,,,
50,ghz_indep_qiskit_64,,,,,,,,1.0,2.0,8,2.454999999999998e-05,0.925293991889388,7.000000000000002e-06,0.2952206381534285,,,,,,,,,,,,,,
50,ghz_indep_qiskit_64,,,,,,,,,,,,,,,,,,,,,,1.0,2.0,8,2.454999999999998e-05,0.925293991889388,7.000000000000002e-06,0.2952206381534285
16,ghz_indep_qiskit_64,,,,,,,,4.0,5.0,52,7.550000000000001e-06,0.9225209125515642,1.5e-06,0.07547143595108122,,,,,,,,,,,,,,
16,ghz_indep_qiskit_64,,,,,,,,,,,,,,,,,,,,,,4.0,5.0,52,7.550000000000001e-06,0.9225209125515642,1.5e-06,0.07547143595108122
27,ghz_indep_qiskit_64,,,,,,,,,,,,,,,2.0,3.0,24,1.3050000000000004e-05,0.9243687071430349,5.500000000000001e-06,0.1687941370726007,,,,,,,
27,ghz_indep_qiskit_64,,,,,,,,,,,,,,,,,,,,,,2.0,3.0,24,1.3050000000000004e-05,0.9243687071430349,5.500000000000001e-06,0.1687941370726007
27,graphstate_indep_qiskit_63,4.0,4.0,48.0,2.5499999999999997e-06,0.922871875074343,1.55e-06,0.17852313151760102,,,,,,,,,,,,,,,,,,,,,
16,graphstate_indep_qiskit_63,,,,,,,,,,,,,,,,,,,,,,4.0,5.0,50,2.5499999999999997e-06,0.9228718750743428,1.55e-06,0.12545826062380344
27,graphstate_indep_qiskit_63,,,,,,,,,,,,,,,3.0,3.0,50,3.0499999999999996e-06,0.9237956605812017,1.55e-06,0.17716134149878046,,,,,,,
16,graphstate_indep_qiskit_63,5.0,5.0,48.0,3.0499999999999996e-06,0.9219490133428377,2.05e-06,0.0800734850819265,,,,,,,,,,,,,,,,,,,,,
16,graphstate_indep_qiskit_63,,,,,,,,5.0,5.0,50,2.5499999999999997e-06,0.9219490133428379,5e-07,0.1224379022614709,,,,,,,,,,,,,,
50,graphstate_indep_qiskit_63,,,,,,,,,,,,,,,,,,,,,,2.0,2.0,34,3.0499999999999996e-06,0.9247203707881032,1.55e-06,0.27440229877537664
50,graphstate_indep_qiskit_63,,,,,,,,2.0,2.0,34,3.0499999999999996e-06,0.9247203707881032,1.55e-06,0.27440229877537664,,,,,,,,,,,,,,
50,graphstate_indep_qiskit_63,2.0,2.0,32.0,3.0499999999999996e-06,0.924720370788103,2.5499999999999997e-06,0.3242506918801108,,,,,,,,,,,,,,,,,,,,,
50,graphstate_indep_qiskit_63,,,,,,,,,,,,,,,2.0,2.0,34,3.0499999999999996e-06,0.9247203707881032,1.55e-06,0.27983586462957466,,,,,,,
16,graphstate_indep_qiskit_63,,,,,,,,,,,,,,,4.0,5.0,50,3.0499999999999996e-06,0.922871875074343,1.55e-06,0.11297187573892312,,,,,,,
27,graphstate_indep_qiskit_63,,,,,,,,,,,,,,,,,,,,,,3.0,3.0,50,3.0499999999999996e-06,0.9237956605812017,1.55e-06,0.17716134149878046
27,graphstate_indep_qiskit_63,,,,,,,,3.0,3.0,50,3.0499999999999996e-06,0.9237956605812014,1.55e-06,0.1789783266309912,,,,,,,,,,,,,,
27,e_nativegates_ibm_qiskit_opt3_101,,,,,,,,217.0,12.0,18014398509481984,8.360000000000003e-05,0.3597947404666234,2.4399999999999997e-05,0.0023366597008380777,,,,,,,,,,,,,,
65,e_nativegates_ibm_qiskit_opt3_101,,,,,,,,82.0,3.0,1361129467683753853853498429727072845824,0.00018490000000000165,0.41142594150100353,8.950000000000036e-05,0.2128017207286272,,,,,,,,,,,,,,
27,e_nativegates_ibm_qiskit_opt3_101,,,,,,,,,,,,,,,,,,,,,,217.0,12.0,18014398509481984,8.360000000000003e-05,0.3597947404666234,2.4399999999999997e-05,0.0023366597008380777
50,e_nativegates_ibm_qiskit_opt3_101,,,,,,,,134.0,5.0,1267650600228229401496703205376,0.00010504999999999992,0.3906581764068257,5.449999999999997e-05,0.060907271101867805,,,,,,,,,,,,,,
50,e_nativegates_ibm_qiskit_opt3_101,,,,,,,,,,,,,,,,,,,,,,134.0,5.0,1267650600228229401496703205376,0.00010504999999999992,0.3906581764068257,5.449999999999997e-05,0.060907271101867805
50,e_nativegates_ibm_qiskit_opt3_101,,,,,,,,,,,,,,,134.0,5.0,1267650600228229401496703205376,0.00010504999999999992,0.3906581764068257,5.449999999999997e-05,0.060907271101867805,,,,,,,
65,e_nativegates_ibm_qiskit_opt3_101,,,,,,,,,,,,,,,82.0,3.0,1361129467683753853853498429727072845824,0.00018490000000000165,0.41142594150100353,8.950000000000036e-05,0.2128017207286272,,,,,,,
27,e_nativegates_ibm_qiskit_opt3_101,,,,,,,,,,,,,,,217.0,12.0,18014398509481984,8.360000000000003e-05,0.3597947404666234,2.4399999999999997e-05,0.0023366597008380777,,,,,,,
65,e_nativegates_ibm_qiskit_opt3_101,,,,,,,,,,,,,,,,,,,,,,82.0,3.0,1361129467683753853853498429727072845824,0.00018490000000000165,0.41142594150100353,8.950000000000036e-05,0.2128017207286272
502,u2random_nativegates_ibm_qiskit_opt3_51,,,,,,,,153.0,5.0,1267650600228229401496703205376,4.889999999999992e-05,0.3756347328180065,2.6999999999999996e-06,0.21884261119245418,,,,,,,,,,,,,,
502,u2random_nativegates_ibm_qiskit_opt3_51,,,,,,,,,,,,,,,153.0,5.0,1267650600228229401496703205376,4.889999999999992e-05,0.3756347328180065,2.6999999999999996e-06,0.21884261119245418,,,,,,,
502,u2random_nativegates_ibm_qiskit_opt3_51,,,,,,,,,,,,,,,,,,,,,,153.0,5.0,1267650600228229401496703205376,4.889999999999992e-05,0.3756347328180065,2.6999999999999996e-06,0.21884261119245418
16,realamprandom_indep_qiskit_21,,,,,,,,,,,,,,,83.0,7.0,4294967296,1.4550000000000005e-05,0.79375704613393,5.050000000000001e-06,0.11856367250620913,,,,,,,
16,realamprandom_indep_qiskit_21,,,,,,,,,,,,,,,,,,,,,,83.0,7.0,4294967296,1.4550000000000005e-05,0.79375704613393,5.050000000000001e-06,0.11856367250620913
10,realamprandom_indep_qiskit_21,,,,,,,,,,,,,,,186.0,21.0,1073741824,8.600000000000002e-06,0.7160632960178825,4.05e-06,0.003126942736263214,,,,,,,
10,realamprandom_indep_qiskit_21,,,,,,,,,,,,,,,,,,,,,,186.0,21.0,1073741824,8.600000000000002e-06,0.7160632960178825,4.05e-06,0.003126942736263214
10,realamprandom_indep_qiskit_21,,,,,,,,186.0,21.0,1073741824,8.600000000000002e-06,0.7160632960178825,4.05e-06,0.003126942736263214,,,,,,,,,,,,,,
16,realamprandom_indep_qiskit_21,,,,,,,,83.0,7.0,4294967296,1.4550000000000005e-05,0.79375704613393,5.050000000000001e-06,0.11856367250620913,,,,,,,,,,,,,,
27,dj_nativegates_ibm_qiskit_opt3_89,,,,,,,,,,,,,,,,,,,,,,3.0,4.0,40,1.3250000000000004e-05,0.892179657090198,5.2500000000000006e-06,0.09879616353743169
27,dj_nativegates_ibm_qiskit_opt3_89,,,,,,,,3.0,4.0,40,1.3250000000000004e-05,0.892179657090198,5.2500000000000006e-06,0.09879616353743169,,,,,,,,,,,,,,
16,dj_nativegates_ibm_qiskit_opt3_89,,,,,,,,5.0,6.0,52,7.75e-06,0.8903999427308898,6.7500000000000014e-06,0.03710740542874026,,,,,,,,,,,,,,
50,dj_nativegates_ibm_qiskit_opt3_89,1.0,2.0,8.0,2.4249999999999983e-05,0.8939586841696814,2.0249999999999994e-05,0.2784665112378036,,,,,,,,,,,,,,,,,,,,,
27,dj_nativegates_ibm_qiskit_opt3_89,3.0,4.0,40.0,1.3250000000000004e-05,0.8921802991587254,8.750000000000001e-06,0.09457584687531187,,,,,,,,,,,,,,,,,,,,,
16,dj_nativegates_ibm_qiskit_opt3_89,5.0,6.0,40.0,7.75e-06,0.8903999427308897,6.7500000000000014e-06,0.03710740542874026,,,,,,,,,,,,,,,,,,,,,
50,dj_nativegates_ibm_qiskit_opt3_89,,,,,,,,1.0,2.0,8,2.474999999999998e-05,0.8939585786467894,1.9749999999999996e-05,0.27859185270425807,,,,,,,,,,,,,,
65,dj_nativegates_ibm_qiskit_opt3_89,,,,,,,,1.0,2.0,8,3.2249999999999964e-05,0.8939551559170891,1.2250000000000003e-05,0.2850141783797598,,,,,,,,,,,,,,
65,dj_nativegates_ibm_qiskit_opt3_89,1.0,2.0,8.0,2.8249999999999972e-05,0.8939575513769268,1.6250000000000005e-05,0.28035921972764094,,,,,,,,,,,,,,,,,,,,,
65,dj_nativegates_ibm_qiskit_opt3_89,,,,,,,,,,,,,,,,,,,,,,1.0,2.0,8,3.2249999999999964e-05,0.8939551559170891,1.2250000000000003e-05,0.2850141783797598
65,dj_nativegates_ibm_qiskit_opt3_89,,,,,,,,,,,,,,,1.0,2.0,8,3.2249999999999964e-05,0.8939551559170891,1.2250000000000003e-05,0.2850141783797598,,,,,,,
50,dj_nativegates_ibm_qiskit_opt3_89,,,,,,,,,,,,,,,1.0,2.0,8,2.474999999999998e-05,0.8939585786467894,1.9749999999999996e-05,0.27859185270425807,,,,,,,
16,dj_nativegates_ibm_qiskit_opt3_89,,,,,,,,,,,,,,,5.0,6.0,52,7.75e-06,0.8903999427308898,6.7500000000000014e-06,0.03710740542874026,,,,,,,
50,dj_nativegates_ibm_qiskit_opt3_89,,,,,,,,,,,,,,,,,,,,,,1.0,2.0,8,2.474999999999998e-05,0.8939585786467894,1.9749999999999996e-05,0.27859185270425807
16,dj_nativegates_ibm_qiskit_opt3_89,,,,,,,,,,,,,,,,,,,,,,5.0,6.0,52,7.75e-06,0.8903999427308898,6.7500000000000014e-06,0.03710740542874026
27,dj_nativegates_ibm_qiskit_opt3_89,,,,,,,,,,,,,,,3.0,4.0,40,1.3250000000000004e-05,0.892179657090198,5.2500000000000006e-06,0.09879616353743169,,,,,,,
52,u2random_indep_qiskit_15,,,,,,,,,,,,,,,,,,,,,,220.0,48.0,1024,3.5499999999999995e-06,0.7417618980832626,1.05e-06,1.776562753107986e-05
102,u2random_indep_qiskit_15,,,,,,,,,,,,,,,75.0,9.0,1073741824,8.550000000000001e-06,0.8575555367146107,4.5500000000000005e-06,0.06365041908836597,,,,,,,
102,u2random_indep_qiskit_15,,,,,,,,,,,,,,,,,,,,,,75.0,9.0,1073741824,8.550000000000001e-06,0.8575555367146107,4.5500000000000005e-06,0.06365041908836597
52,u2random_indep_qiskit_15,,,,,,,,224.0,49.0,1024,3.5999999999999994e-06,0.7387992943870461,5.5e-07,1.461264625708828e-05,,,,,,,,,,,,,,
52,u2random_indep_qiskit_15,,,,,,,,,,,,,,,220.0,48.0,1024,3.5499999999999995e-06,0.7417618980832626,1.05e-06,1.776562753107986e-05,,,,,,,
102,u2random_indep_qiskit_15,,,,,,,,75.0,9.0,1073741824,8.550000000000001e-06,0.8575555367146107,4.5500000000000005e-06,0.06365041908836597,,,,,,,,,,,,,,
16,graphstate_indep_qiskit_55,,,,,,,,4.0,4.0,49,3.0499999999999996e-06,0.9318525466222939,2.05e-06,0.13631280549657432,,,,,,,,,,,,,,
48,graphstate_indep_qiskit_55,,,,,,,,,,,,,,,,,,,,,,0.0,2.0,3,3.5499999999999995e-06,0.9355892528293932,2.05e-06,0.292452685768102
10,graphstate_indep_qiskit_55,,,,,,,,,,,,,,,,,,,,,,6.0,7.0,49,2.5499999999999997e-06,0.929989793845669,1.55e-06,0.14655959204060165
50,graphstate_indep_qiskit_55,,,,,,,,0.0,2.0,3,3.5499999999999995e-06,0.9355892528293932,2.05e-06,0.292452685768102,,,,,,,,,,,,,,
38,graphstate_indep_qiskit_55,,,,,,,,0.0,2.0,3,3.5499999999999995e-06,0.9355892528293932,2.05e-06,0.292452685768102,,,,,,,,,,,,,,
33,graphstate_indep_qiskit_55,,,,,,,,,,,,,,,0.0,2.0,3,3.5499999999999995e-06,0.9355892528293932,2.05e-06,0.292452685768102,,,,,,,
10,graphstate_indep_qiskit_55,,,,,,,,,,,,,,,6.0,7.0,49,2.5499999999999997e-06,0.929989793845669,1.55e-06,0.14655959204060165,,,,,,,
28,graphstate_indep_qiskit_55,,,,,,,,,,,,,,,,,,,,,,0.0,2.0,3,3.5499999999999995e-06,0.9355892528293932,2.05e-06,0.292452685768102
50,graphstate_indep_qiskit_55,,,,,,,,,,,,,,,,,,,,,,0.0,2.0,3,3.5499999999999995e-06,0.9355892528293932,2.05e-06,0.292452685768102
28,graphstate_indep_qiskit_55,,,,,,,,,,,,,,,0.0,2.0,3,3.5499999999999995e-06,0.9355892528293932,2.05e-06,0.292452685768102,,,,,,,
23,graphstate_indep_qiskit_55,,,,,,,,2.0,3.0,34,3.5499999999999995e-06,0.9337190304591205,2.05e-06,0.192626202295162,,,,,,,,,,,,,,
16,graphstate_indep_qiskit_55,,,,,,,,,,,,,,,,,,,,,,4.0,5.0,49,3.5499999999999995e-06,0.9318525466222942,1.55e-06,0.1625719089919689
18,graphstate_indep_qiskit_55,,,,,,,,4.0,4.0,49,2.5499999999999997e-06,0.9318525466222939,1.55e-06,0.17622943454341827,,,,,,,,,,,,,,
53,graphstate_indep_qiskit_55,,,,,,,,,,,,,,,,,,,,,,0.0,2.0,3,3.5499999999999995e-06,0.9355892528293932,2.05e-06,0.292452685768102
27,graphstate_indep_qiskit_55,,,,,,,,,,,,,,,0.0,3.0,3,3.5499999999999995e-06,0.9355892528293932,2.05e-06,0.292452685768102,,,,,,,
43,graphstate_indep_qiskit_55,,,,,,,,,,,,,,,0.0,2.0,3,3.5499999999999995e-06,0.9355892528293932,2.05e-06,0.292452685768102,,,,,,,
48,graphstate_indep_qiskit_55,,,,,,,,0.0,2.0,3,3.5499999999999995e-06,0.9355892528293932,2.05e-06,0.292452685768102,,,,,,,,,,,,,,
18,graphstate_indep_qiskit_55,4.0,4.0,48.0,3.5499999999999995e-06,0.9318525466222937,2.05e-06,0.14748941341138838,,,,,,,,,,,,,,,,,,,,,
23,graphstate_indep_qiskit_55,4.0,4.0,48.0,3.5499999999999995e-06,0.9318525466222939,2.05e-06,0.14030239737073824,,,,,,,,,,,,,,,,,,,,,
33,graphstate_indep_qiskit_55,,,,,,,,,,,,,,,,,,,,,,0.0,2.0,3,3.5499999999999995e-06,0.9355892528293932,2.05e-06,0.292452685768102
53,graphstate_indep_qiskit_55,,,,,,,,0.0,2.0,3,3.5499999999999995e-06,0.9355892528293932,2.05e-06,0.292452685768102,,,,,,,,,,,,,,
10,graphstate_indep_qiskit_55,7.0,7.0,48.0,3.0499999999999996e-06,0.9290598142736274,1.55e-06,0.07059239896503477,,,,,,,,,,,,,,,,,,,,,
53,graphstate_indep_qiskit_55,,,,,,,,,,,,,,,0.0,2.0,3,3.5499999999999995e-06,0.9355892528293932,2.05e-06,0.292452685768102,,,,,,,
43,graphstate_indep_qiskit_55,,,,,,,,0.0,2.0,3,3.5499999999999995e-06,0.9355892528293932,2.05e-06,0.292452685768102,,,,,,,,,,,,,,
48,graphstate_indep_qiskit_55,,,,,,,,,,,,,,,0.0,2.0,3,3.5499999999999995e-06,0.9355892528293932,2.05e-06,0.292452685768102,,,,,,,
38,graphstate_indep_qiskit_55,,,,,,,,,,,,,,,,,,,,,,0.0,2.0,3,3.5499999999999995e-06,0.9355892528293932,2.05e-06,0.292452685768102
27,graphstate_indep_qiskit_55,,,,,,,,0.0,3.0,3,3.5499999999999995e-06,0.9355892528293932,2.05e-06,0.292452685768102,,,,,,,,,,,,,,
18,graphstate_indep_qiskit_55,,,,,,,,,,,,,,,,,,,,,,4.0,4.0,49,2.5499999999999997e-06,0.9318525466222942,1.55e-06,0.22855335573286906
18,graphstate_indep_qiskit_55,,,,,,,,,,,,,,,4.0,4.0,49,2.5499999999999997e-06,0.9318525466222942,1.55e-06,0.22855335573286906,,,,,,,
43,graphstate_indep_qiskit_55,,,,,,,,,,,,,,,,,,,,,,0.0,2.0,3,3.5499999999999995e-06,0.9355892528293932,2.05e-06,0.292452685768102
28,graphstate_indep_qiskit_55,,,,,,,,0.0,2.0,3,3.5499999999999995e-06,0.9355892528293932,2.05e-06,0.292452685768102,,,,,,,,,,,,,,
23,graphstate_indep_qiskit_55,,,,,,,,,,,,,,,2.0,3.0,34,3.5499999999999995e-06,0.9337190304591202,1.55e-06,0.24981845428205737,,,,,,,
38,graphstate_indep_qiskit_55,,,,,,,,,,,,,,,0.0,2.0,3,3.5499999999999995e-06,0.9355892528293932,2.05e-06,0.292452685768102,,,,,,,
33,graphstate_indep_qiskit_55,,,,,,,,0.0,2.0,3,3.5499999999999995e-06,0.9355892528293932,2.05e-06,0.292452685768102,,,,,,,,,,,,,,
10,graphstate_indep_qiskit_55,,,,,,,,7.0,7.0,49,3.0499999999999996e-06,0.9290598142736277,1.55e-06,0.1244298931235517,,,,,,,,,,,,,,
50,graphstate_indep_qiskit_55,,,,,,,,,,,,,,,0.0,2.0,3,3.5499999999999995e-06,0.9355892528293932,2.05e-06,0.292452685768102,,,,,,,
16,graphstate_indep_qiskit_55,,,,,,,,,,,,,,,4.0,5.0,49,3.5499999999999995e-06,0.9318525466222942,1.55e-06,0.1625719089919689,,,,,,,
27,graphstate_indep_qiskit_55,,,,,,,,,,,,,,,,,,,,,,0.0,3.0,3,3.5499999999999995e-06,0.9355892528293932,2.05e-06,0.292452685768102
23,graphstate_indep_qiskit_55,,,,,,,,,,,,,,,,,,,,,,2.0,3.0,34,3.5499999999999995e-06,0.9337190304591202,1.55e-06,0.24981845428205737
16,graphstate_indep_qiskit_55,4.0,4.0,48.0,3.5499999999999995e-06,0.9318525466222937,2.05e-06,0.13986279717708575,,,,,,,,,,,,,,,,,,,,,
32,e_nativegates_ibm_qiskit_opt3_81,,,,,,,,132.0,7.0,18446744073709551616,8.874999999999999e-05,0.4659404550483321,2.4399999999999997e-05,0.028823313477769952,,,,,,,,,,,,,,
62,e_nativegates_ibm_qiskit_opt3_81,,,,,,,,,,,,,,,79.0,3.0,21267647932558653966460912964485513216,0.00015465000000000078,0.49109435103903326,5.664999999999997e-05,0.21084803241407735,,,,,,,
65,e_nativegates_ibm_qiskit_opt3_81,,,,,,,,,,,,,,,82.0,3.0,1361129467683753853853498429727072845824,0.0001569000000000008,0.4896192948584552,5.019999999999997e-05,0.2074441478405195,,,,,,,
37,e_nativegates_ibm_qiskit_opt3_81,,,,,,,,,,,,,,,,,,,,,,125.0,6.0,18889465931478580854784,8.549999999999994e-05,0.46914448906556566,2.4399999999999997e-05,0.04212555425637549
42,e_nativegates_ibm_qiskit_opt3_81,,,,,,,,,,,,,,,76.0,4.0,19342813113834066795298816,0.00013965000000000058,0.4926489326267027,4.589999999999998e-05,0.14826097407715047,,,,,,,
72,e_nativegates_ibm_qiskit_opt3_81,,,,,,,,89.0,3.0,22300745198530623141535718272648361505980416,0.00016215000000000088,0.48617718145508304,3.514999999999999e-05,0.19826821536289924,,,,,,,,,,,,,,
72,e_nativegates_ibm_qiskit_opt3_81,,,,,,,,,,,,,,,,,,,,,,89.0,3.0,22300745198530623141535718272648361505980416,0.00016215000000000088,0.48617718145508304,3.514999999999999e-05,0.19826821536289924
57,e_nativegates_ibm_qiskit_opt3_81,,,,,,,,,,,,,,,,,,,,,,74.0,3.0,20769187434139310514121985316880384,0.0001509000000000007,0.4935604126595504,6.739999999999996e-05,0.21661788231297577
52,e_nativegates_ibm_qiskit_opt3_81,,,,,,,,69.0,3.0,20282409603651670423947251286016,0.00014715000000000068,0.49603686893520493,7.130000000000027e-05,0.22278488547706876,,,,,,,,,,,,,,
57,e_nativegates_ibm_qiskit_opt3_81,,,,,,,,,,,,,,,74.0,3.0,20769187434139310514121985316880384,0.0001509000000000007,0.4935604126595504,6.739999999999996e-05,0.21661788231297577,,,,,,,
27,e_nativegates_ibm_qiskit_opt3_81,,,,,,,,183.0,10.0,18014398509481984,5.559999999999997e-05,0.4428604655482976,2.4399999999999997e-05,0.005567827895648789,,,,,,,,,,,,,,
27,e_nativegates_ibm_qiskit_opt3_81,,,,,,,,,,,,,,,,,,,,,,183.0,10.0,18014398509481984,5.559999999999997e-05,0.4428604655482976,2.4399999999999997e-05,0.005567827895648789
77,e_nativegates_ibm_qiskit_opt3_81,,,,,,,,,,,,,,,94.0,3.0,22835963083295358096932575511191922182123945984,0.000165900000000001,0.48371418020848456,2.4399999999999997e-05,0.18614099594188646,,,,,,,
50,e_nativegates_ibm_qiskit_opt3_81,,,,,,,,,,,,,,,67.0,3.0,1267650600228229401496703205376,0.00014565000000000064,0.4970303691863503,6.850000000000026e-05,0.22539651297734592,,,,,,,
47,e_nativegates_ibm_qiskit_opt3_81,,,,,,,,81.0,4.0,19807040628566084398385987584,0.0001434000000000006,0.49015047821570856,2.4399999999999997e-05,0.13791417555707366,,,,,,,,,,,,,,
47,e_nativegates_ibm_qiskit_opt3_81,,,,,,,,,,,,,,,,,,,,,,81.0,4.0,19807040628566084398385987584,0.0001434000000000006,0.49015047821570856,2.4399999999999997e-05,0.13791417555707366
37,e_nativegates_ibm_qiskit_opt3_81,,,,,,,,,,,,,,,125.0,6.0,18889465931478580854784,8.549999999999994e-05,0.46914448906556566,2.4399999999999997e-05,0.04212555425637549,,,,,,,
62,e_nativegates_ibm_qiskit_opt3_81,,,,,,,,,,,,,,,,,,,,,,79.0,3.0,21267647932558653966460912964485513216,0.00015465000000000078,0.49109435103903326,5.664999999999997e-05,0.21084803241407735
67,e_nativegates_ibm_qiskit_opt3_81,,,,,,,,84.0,3.0,21778071482940061661655974875633165533184,0.00015840000000000081,0.4886361907401494,4.589999999999998e-05,0.20510839604218417,,,,,,,,,,,,,,
37,e_nativegates_ibm_qiskit_opt3_81,,,,,,,,125.0,6.0,18889465931478580854784,8.549999999999994e-05,0.46914448906556566,2.4399999999999997e-05,0.04212555425637549,,,,,,,,,,,,,,
67,e_nativegates_ibm_qiskit_opt3_81,,,,,,,,,,,,,,,84.0,3.0,21778071482940061661655974875633165533184,0.00015840000000000081,0.4886361907401494,4.589999999999998e-05,0.20510839604218417,,,,,,,
32,e_nativegates_ibm_qiskit_opt3_81,,,,,,,,,,,,,,,,,,,,,,132.0,7.0,18446744073709551616,8.874999999999999e-05,0.4659404550483321,2.4399999999999997e-05,0.028823313477769952
50,e_nativegates_ibm_qiskit_opt3_81,,,,,,,,,,,,,,,,,,,,,,67.0,3.0,1267650600228229401496703205376,0.00014565000000000064,0.4970303691863503,6.850000000000026e-05,0.22539651297734592
47,e_nativegates_ibm_qiskit_opt3_81,,,,,,,,,,,,,,,81.0,4.0,19807040628566084398385987584,0.0001434000000000006,0.49015047821570856,2.4399999999999997e-05,0.13791417555707366,,,,,,,
27,e_nativegates_ibm_qiskit_opt3_81,,,,,,,,,,,,,,,183.0,10.0,18014398509481984,5.559999999999997e-05,0.4428604655482976,2.4399999999999997e-05,0.005567827895648789,,,,,,,
77,e_nativegates_ibm_qiskit_opt3_81,,,,,,,,94.0,3.0,22835963083295358096932575511191922182123945984,0.000165900000000001,0.48371418020848456,2.4399999999999997e-05,0.18614099594188646,,,,,,,,,,,,,,
50,e_nativegates_ibm_qiskit_opt3_81,,,,,,,,67.0,3.0,1267650600228229401496703205376,0.00014565000000000064,0.4970303691863503,6.850000000000026e-05,0.22539651297734592,,,,,,,,,,,,,,
52,e_nativegates_ibm_qiskit_opt3_81,,,,,,,,,,,,,,,,,,,,,,69.0,3.0,20282409603651670423947251286016,0.00014715000000000068,0.49603686893520493,7.130000000000027e-05,0.22278488547706876
57,e_nativegates_ibm_qiskit_opt3_81,,,,,,,,74.0,3.0,20769187434139310514121985316880384,0.0001509000000000007,0.4935604126595504,6.739999999999996e-05,0.21661788231297577,,,,,,,,,,,,,,
77,e_nativegates_ibm_qiskit_opt3_81,,,,,,,,,,,,,,,,,,,,,,94.0,3.0,22835963083295358096932575511191922182123945984,0.000165900000000001,0.48371418020848456,2.4399999999999997e-05,0.18614099594188646
52,e_nativegates_ibm_qiskit_opt3_81,,,,,,,,,,,,,,,69.0,3.0,20282409603651670423947251286016,0.00014715000000000068,0.49603686893520493,7.130000000000027e-05,0.22278488547706876,,,,,,,
72,e_nativegates_ibm_qiskit_opt3_81,,,,,,,,,,,,,,,89.0,3.0,22300745198530623141535718272648361505980416,0.00016215000000000088,0.48617718145508304,3.514999999999999e-05,0.19826821536289924,,,,,,,
65,e_nativegates_ibm_qiskit_opt3_81,,,,,,,,,,,,,,,,,,,,,,82.0,3.0,1361129467683753853853498429727072845824,0.0001569000000000008,0.4896192948584552,5.019999999999997e-05,0.2074441478405195
65,e_nativegates_ibm_qiskit_opt3_81,,,,,,,,82.0,3.0,1361129467683753853853498429727072845824,0.0001569000000000008,0.4896192948584552,5.019999999999997e-05,0.2074441478405195,,,,,,,,,,,,,,
42,e_nativegates_ibm_qiskit_opt3_81,,,,,,,,76.0,4.0,19342813113834066795298816,0.00013965000000000058,0.4926489326267027,4.589999999999998e-05,0.14826097407715047,,,,,,,,,,,,,,
32,e_nativegates_ibm_qiskit_opt3_81,,,,,,,,,,,,,,,132.0,7.0,18446744073709551616,8.874999999999999e-05,0.4659404550483321,2.4399999999999997e-05,0.028823313477769952,,,,,,,
67,e_nativegates_ibm_qiskit_opt3_81,,,,,,,,,,,,,,,,,,,,,,84.0,3.0,21778071482940061661655974875633165533184,0.00015840000000000081,0.4886361907401494,4.589999999999998e-05,0.20510839604218417
62,e_nativegates_ibm_qiskit_opt3_81,,,,,,,,79.0,3.0,21267647932558653966460912964485513216,0.00015465000000000078,0.49109435103903326,5.664999999999997e-05,0.21084803241407735,,,,,,,,,,,,,,
42,e_nativegates_ibm_qiskit_opt3_81,,,,,,,,,,,,,,,,,,,,,,76.0,4.0,19342813113834066795298816,0.00013965000000000058,0.4926489326267027,4.589999999999998e-05,0.14826097407715047
70,e_indep_qiskit_76,,,,,,,,,,,,,,,,,,,,,,145.0,4.0,1393796574908163946345982392040522594123776,7.594999999999999e-05,0.44441589188629976,7.550000000000002e-06,0.16518795741926992
45,e_indep_qiskit_76,,,,,,,,,,,,,,,,,,,,,,187.0,6.0,1237940039285380274899124224,7.669999999999989e-05,0.4264841614922922,2.1999999999999986e-05,0.0895568587464128
55,e_indep_qiskit_76,,,,,,,,,,,,,,,,,,,,,,130.0,4.0,1298074214633706907132624082305024,7.569999999999986e-05,0.4514031603589379,2.6999999999999972e-05,0.2146613240055907
60,e_indep_qiskit_76,,,,,,,,,,,,,,,,,,,,,,135.0,4.0,1329227995784915872903807060280344576,7.519999999999985e-05,0.4490902434407663,2.2549999999999986e-05,0.19907024697583361
40,e_indep_qiskit_76,,,,,,,,,,,,,,,,,,,,,,190.0,7.0,1208925819614629174706176,7.71999999999999e-05,0.4252779718001296,1.9499999999999993e-05,0.0927964906979856
75,e_indep_qiskit_76,,,,,,,,,,,,,,,,,,,,,,149.0,3.0,1427247692705959881058285969449495136382746624,8.144999999999999e-05,0.4425177398332701,3.7049999999999945e-05,0.19685941698590637
65,e_indep_qiskit_76,,,,,,,,,,,,,,,,,,,,,,140.0,4.0,1361129467683753853853498429727072845824,7.469999999999985e-05,0.4467576523619355,1.5050000000000005e-05,0.1810226777775027
50,e_indep_qiskit_76,,,,,,,,,,,,,,,,,,,,,,199.0,6.0,1267650600228229401496703205376,7.619999999999987e-05,0.42132250501960883,1.2550000000000004e-05,0.06236727443311925
65,e_indep_qiskit_76,,,,,,,,140.0,4.0,1361129467683753853853498429727072845824,7.469999999999985e-05,0.4467576523619355,1.5050000000000005e-05,0.1810226777775027,,,,,,,,,,,,,,
75,e_indep_qiskit_76,,,,,,,,149.0,3.0,1427247692705959881058285969449495136382746624,8.144999999999999e-05,0.4425177398332701,3.7049999999999945e-05,0.19685941698590637,,,,,,,,,,,,,,
45,e_indep_qiskit_76,,,,,,,,187.0,6.0,1237940039285380274899124224,7.669999999999989e-05,0.4264841614922922,2.1999999999999986e-05,0.0895568587464128,,,,,,,,,,,,,,
55,e_indep_qiskit_76,,,,,,,,130.0,4.0,1298074214633706907132624082305024,7.569999999999986e-05,0.4514031603589379,2.6999999999999972e-05,0.2146613240055907,,,,,,,,,,,,,,
60,e_indep_qiskit_76,,,,,,,,,,,,,,,135.0,4.0,1329227995784915872903807060280344576,7.519999999999985e-05,0.4490902434407663,2.2549999999999986e-05,0.19907024697583361,,,,,,,
70,e_indep_qiskit_76,,,,,,,,,,,,,,,145.0,4.0,1393796574908163946345982392040522594123776,7.594999999999999e-05,0.44441589188629976,7.550000000000002e-06,0.16518795741926992,,,,,,,
40,e_indep_qiskit_76,,,,,,,,,,,,,,,190.0,7.0,1208925819614629174706176,7.71999999999999e-05,0.4252779718001296,1.9499999999999993e-05,0.0927964906979856,,,,,,,
50,e_indep_qiskit_76,,,,,,,,,,,,,,,199.0,6.0,1267650600228229401496703205376,7.619999999999987e-05,0.42132250501960883,1.2550000000000004e-05,0.06236727443311925,,,,,,,
60,e_indep_qiskit_76,,,,,,,,135.0,4.0,1329227995784915872903807060280344576,7.519999999999985e-05,0.4490902434407663,2.2549999999999986e-05,0.19907024697583361,,,,,,,,,,,,,,
70,e_indep_qiskit_76,,,,,,,,145.0,4.0,1393796574908163946345982392040522594123776,7.594999999999999e-05,0.44441589188629976,7.550000000000002e-06,0.16518795741926992,,,,,,,,,,,,,,
40,e_indep_qiskit_76,,,,,,,,190.0,7.0,1208925819614629174706176,7.71999999999999e-05,0.4252736682671943,1.75e-05,0.09057037325321411,,,,,,,,,,,,,,
50,e_indep_qiskit_76,,,,,,,,150.0,5.0,1267650600228229401496703205376,7.619999999999987e-05,0.4424842974335235,1.2500000000000004e-05,0.12072116560803452,,,,,,,,,,,,,,
65,e_indep_qiskit_76,,,,,,,,,,,,,,,140.0,4.0,1361129467683753853853498429727072845824,7.469999999999985e-05,0.4467576523619355,1.5050000000000005e-05,0.1810226777775027,,,,,,,
75,e_indep_qiskit_76,,,,,,,,,,,,,,,149.0,3.0,1427247692705959881058285969449495136382746624,8.144999999999999e-05,0.4425177398332701,3.7049999999999945e-05,0.19685941698590637,,,,,,,
45,e_indep_qiskit_76,,,,,,,,,,,,,,,187.0,6.0,1237940039285380274899124224,7.669999999999989e-05,0.4264841614922922,2.1999999999999986e-05,0.0895568587464128,,,,,,,
55,e_indep_qiskit_76,,,,,,,,,,,,,,,130.0,4.0,1298074214633706907132624082305024,7.569999999999986e-05,0.4514031603589379,2.6999999999999972e-05,0.2146613240055907,,,,,,,
50,dj_indep_qiskit_113,,,,,,,,2.0,3.0,24,2.459999999999998e-05,0.8695899817605329,7.1000000000000015e-06,0.1558892923820715,,,,,,,,,,,,,,
50,dj_indep_qiskit_113,2.0,3.0,24.0,2.209999999999999e-05,0.8695928423707749,1.3600000000000004e-05,0.14867301430258587,,,,,,,,,,,,,,,,,,,,,
65,dj_indep_qiskit_113,,,,,,,,1.0,2.0,8,3.209999999999996e-05,0.8704542877787945,2.4099999999999983e-05,0.2699902445175538,,,,,,,,,,,,,,
27,dj_indep_qiskit_113,4.0,5.0,40.0,1.3100000000000003e-05,0.8678623234065019,8.6e-06,0.04919830980542456,,,,,,,,,,,,,,,,,,,,,
27,dj_indep_qiskit_113,,,,,,,,,,,,,,,,,,,,,,4.0,5.0,52,1.3100000000000003e-05,0.8678614166871392,4.1e-06,0.05282223930545682
50,dj_indep_qiskit_113,,,,,,,,,,,,,,,,,,,,,,2.0,3.0,24,2.459999999999998e-05,0.8695899817605329,7.1000000000000015e-06,0.1558892923820715
27,dj_indep_qiskit_113,,,,,,,,,,,,,,,4.0,5.0,52,1.3100000000000003e-05,0.8678614166871392,4.1e-06,0.05282223930545682,,,,,,,
65,dj_indep_qiskit_113,,,,,,,,,,,,,,,,,,,,,,1.0,2.0,8,3.209999999999996e-05,0.8704542877787945,2.4099999999999983e-05,0.2699902445175538
27,dj_indep_qiskit_113,,,,,,,,4.0,5.0,52,1.3100000000000003e-05,0.8678614166871392,4.1e-06,0.05282223930545682,,,,,,,,,,,,,,
65,dj_indep_qiskit_113,1.0,2.0,8.0,3.209999999999996e-05,0.8704543018635196,2.4099999999999983e-05,0.2699902445175538,,,,,,,,,,,,,,,,,,,,,
50,dj_indep_qiskit_113,,,,,,,,,,,,,,,2.0,3.0,24,2.459999999999998e-05,0.8695899817605329,7.1000000000000015e-06,0.1558892923820715,,,,,,,
65,dj_indep_qiskit_113,,,,,,,,,,,,,,,1.0,2.0,8,3.209999999999996e-05,0.8704542877787945,2.4099999999999983e-05,0.2699902445175538,,,,,,,
65,graphstate_nativegates_ibm_qiskit_opt3_126,,,,,,,,,,,,,,,,,,,,,,2.0,2.0,33,3.3999999999999988e-06,0.8546635896208352,2.7999999999999994e-06,0.20175150864386776
50,graphstate_nativegates_ibm_qiskit_opt3_126,,,,,,,,,,,,,,,,,,,,,,3.0,3.0,49,3.3999999999999988e-06,0.8538089371332838,2.5999999999999992e-06,0.12855208663253534
27,graphstate_nativegates_ibm_qiskit_opt3_126,,,,,,,,,,,,,,,5.0,6.0,49,3.3999999999999988e-06,0.8521021952277077,2.5999999999999992e-06,0.05357367790143328,,,,,,,
65,graphstate_nativegates_ibm_qiskit_opt3_126,,,,,,,,2.0,3.0,33,3.3999999999999988e-06,0.8546635896208354,2.7999999999999994e-06,0.20790827244822227,,,,,,,,,,,,,,
50,graphstate_nativegates_ibm_qiskit_opt3_126,,,,,,,,3.0,3.0,49,3.3999999999999988e-06,0.853808937133284,2.5999999999999992e-06,0.13154722820481468,,,,,,,,,,,,,,
50,graphstate_nativegates_ibm_qiskit_opt3_126,3.0,3.0,48.0,3.3999999999999988e-06,0.8538089373040847,2.7999999999999994e-06,0.1905431197146791,,,,,,,,,,,,,,,,,,,,,
27,graphstate_nativegates_ibm_qiskit_opt3_126,5.0,5.0,48.0,3.3999999999999988e-06,0.8521021957390857,2.749999999999999e-06,0.0648018512104765,,,,,,,,,,,,,,,,,,,,,
65,graphstate_nativegates_ibm_qiskit_opt3_126,,,,,,,,,,,,,,,2.0,2.0,33,3.3999999999999988e-06,0.8546635896208352,2.7999999999999994e-06,0.20175150864386776,,,,,,,
27,graphstate_nativegates_ibm_qiskit_opt3_126,,,,,,,,6.0,7.0,49,3.3999999999999988e-06,0.8512501041012771,2.4499999999999994e-06,0.04100565504731675,,,,,,,,,,,,,,
27,graphstate_nativegates_ibm_qiskit_opt3_126,,,,,,,,,,,,,,,,,,,,,,6.0,7.0,49,3.3999999999999988e-06,0.8512501041012772,2.1499999999999997e-06,0.04943462394262125
50,graphstate_nativegates_ibm_qiskit_opt3_126,,,,,,,,,,,,,,,3.0,3.0,49,3.3999999999999988e-06,0.8538089371332839,2.5999999999999992e-06,0.12860877960286882,,,,,,,
65,graphstate_nativegates_ibm_qiskit_opt3_126,2.0,2.0,32.0,3.3999999999999988e-06,0.8546635897918072,3.099999999999999e-06,0.303753941609729,,,,,,,,,,,,,,,,,,,,,
10,tsp_nativegates_ibm_qiskit_opt3_16,,,,,,,,10.0,3.0,1024,8.700000000000005e-06,0.9548672582736544,6.000000000000004e-06,0.5509338301716347,,,,,,,,,,,,,,
10,tsp_nativegates_ibm_qiskit_opt3_16,10.0,3.0,1024.0,8.000000000000005e-06,0.9548672623869437,6.000000000000004e-06,0.48564626736111083,,,,,,,,,,,,,,,,,,,,,
5,tsp_nativegates_ibm_qiskit_opt3_16,,,,,,,,44.0,12.0,1024,4.900000000000001e-06,0.9229367126642083,6.499999999999999e-07,0.07251056476579787,,,,,,,,,,,,,,
10,tsp_nativegates_ibm_qiskit_opt3_16,,,,,,,,,,,,,,,,,,,,,,10.0,3.0,1024,8.700000000000005e-06,0.9548672582736544,6.000000000000004e-06,0.5509338301716347
5,tsp_nativegates_ibm_qiskit_opt3_16,,,,,,,,,,,,,,,42.0,12.0,1024,4.850000000000002e-06,0.9247854665764234,2.5999999999999992e-06,0.0828284694132974,,,,,,,
10,tsp_nativegates_ibm_qiskit_opt3_16,,,,,,,,,,,,,,,10.0,3.0,1024,8.700000000000005e-06,0.9548672582736544,6.000000000000004e-06,0.5509338301716347,,,,,,,
5,tsp_nativegates_ibm_qiskit_opt3_16,,,,,,,,,,,,,,,,,,,,,,42.0,12.0,1024,4.850000000000002e-06,0.9247854665764234,2.5999999999999992e-06,0.0828284694132974
5,routing_nativegates_ibm_qiskit_opt3_6,,,,,,,,3.0,2.0,64,3.7999999999999988e-06,0.9871181384720097,3.299999999999999e-06,0.7370813397129188,,,,,,,,,,,,,,
5,routing_nativegates_ibm_qiskit_opt3_6,,,,,,,,,,,,,,,3.0,2.0,64,3.7999999999999988e-06,0.9871181384720097,3.299999999999999e-06,0.7370813397129188,,,,,,,
5,routing_nativegates_ibm_qiskit_opt3_6,3.0,2.0,4096.0,4.3e-06,0.9841597955994115,4.3e-06,0.5050177273000418,,,,,,,,,,,,,,,,,,,,,
5,routing_nativegates_ibm_qiskit_opt3_6,,,,,,,,,,,,,,,,,,,,,,3.0,2.0,64,3.7999999999999988e-06,0.9871181384720097,3.299999999999999e-06,0.7370813397129188
5,pricingcall_nativegates_ibm_qiskit_opt3_9,,,,,,,,,,,,,,,,,,,,,,34.0,9.0,65536,1.87e-05,0.9284101275949933,3.6999999999999993e-06,0.16239806762964334
5,pricingcall_nativegates_ibm_qiskit_opt3_9,,,,,,,,,,,,,,,34.0,9.0,65536,1.87e-05,0.9284101275949933,3.6999999999999993e-06,0.16239806762964334,,,,,,,
5,pricingcall_nativegates_ibm_qiskit_opt3_9,,,,,,,,34.0,9.0,65536,1.87e-05,0.9284101275949933,3.6999999999999993e-06,0.16239806762964334,,,,,,,,,,,,,,
42,graphstate_nativegates_ibm_qiskit_opt3_98,,,,,,,,,,,,,,,3.0,3.0,51,3.599999999999999e-06,0.883739372608585,1.7999999999999997e-06,0.09586025683444624,,,,,,,
87,graphstate_nativegates_ibm_qiskit_opt3_98,,,,,,,,,,,,,,,,,,,,,,0.0,2.0,4,3.899999999999999e-06,0.8863958674359227,1.7999999999999997e-06,0.24436330713231724
82,graphstate_nativegates_ibm_qiskit_opt3_98,,,,,,,,,,,,,,,,,,,,,,0.0,2.0,4,3.899999999999999e-06,0.8863958674359227,1.7999999999999997e-06,0.24436330713231724
47,graphstate_nativegates_ibm_qiskit_opt3_98,,,,,,,,2.0,3.0,35,3.899999999999999e-06,0.8846239851024328,1.7999999999999997e-06,0.13657252144943027,,,,,,,,,,,,,,
50,graphstate_nativegates_ibm_qiskit_opt3_98,,,,,,,,,,,,,,,3.0,3.0,51,3.899999999999999e-06,0.883739372608585,1.7999999999999997e-06,0.09281065702319247,,,,,,,
27,graphstate_nativegates_ibm_qiskit_opt3_98,,,,,,,,,,,,,,,,,,,,,,5.0,5.0,51,3.3999999999999988e-06,0.8819728005393083,1.7999999999999997e-06,0.05122720523986691
27,graphstate_nativegates_ibm_qiskit_opt3_98,4.0,4.0,48.0,3.3999999999999988e-06,0.8828556448923512,2.749999999999999e-06,0.12239056158639652,,,,,,,,,,,,,,,,,,,,,
67,graphstate_nativegates_ibm_qiskit_opt3_98,,,,,,,,2.0,2.0,35,3.899999999999999e-06,0.884623985102433,1.7999999999999997e-06,0.14936630092126849,,,,,,,,,,,,,,
37,graphstate_nativegates_ibm_qiskit_opt3_98,,,,,,,,,,,,,,,3.0,3.0,51,3.899999999999999e-06,0.8837393726085851,1.7999999999999997e-06,0.07699311738576244,,,,,,,
92,graphstate_nativegates_ibm_qiskit_opt3_98,,,,,,,,,,,,,,,0.0,2.0,4,3.899999999999999e-06,0.8863958674359227,1.7999999999999997e-06,0.24436330713231724,,,,,,,
42,graphstate_nativegates_ibm_qiskit_opt3_98,,,,,,,,,,,,,,,,,,,,,,3.0,3.0,51,3.3999999999999988e-06,0.8837393726085853,1.7999999999999997e-06,0.10789959664833822
47,graphstate_nativegates_ibm_qiskit_opt3_98,,,,,,,,,,,,,,,,,,,,,,2.0,3.0,35,3.599999999999999e-06,0.8846239851024329,1.7999999999999997e-06,0.1513438857003076
32,graphstate_nativegates_ibm_qiskit_opt3_98,,,,,,,,3.0,4.0,51,3.899999999999999e-06,0.8837393726085848,1.7999999999999997e-06,0.08985743358602741,,,,,,,,,,,,,,
77,graphstate_nativegates_ibm_qiskit_opt3_98,,,,,,,,,,,,,,,,,,,,,,2.0,2.0,35,3.3999999999999988e-06,0.8846239851024329,1.7999999999999997e-06,0.17829824947591688
72,graphstate_nativegates_ibm_qiskit_opt3_98,,,,,,,,,,,,,,,,,,,,,,2.0,2.0,35,3.3999999999999988e-06,0.8846239851024329,1.7999999999999997e-06,0.17829824947591688
97,graphstate_nativegates_ibm_qiskit_opt3_98,,,,,,,,0.0,2.0,4,3.899999999999999e-06,0.8863958674359227,1.7999999999999997e-06,0.24436330713231724,,,,,,,,,,,,,,
62,graphstate_nativegates_ibm_qiskit_opt3_98,,,,,,,,,,,,,,,2.0,2.0,35,3.899999999999999e-06,0.8846239851024328,1.7999999999999997e-06,0.1404536848665434,,,,,,,
77,graphstate_nativegates_ibm_qiskit_opt3_98,,,,,,,,,,,,,,,2.0,2.0,35,3.899999999999999e-06,0.8846239851024328,1.7999999999999997e-06,0.15595469508454068,,,,,,,
82,graphstate_nativegates_ibm_qiskit_opt3_98,,,,,,,,0.0,2.0,4,3.899999999999999e-06,0.8863958674359227,1.7999999999999997e-06,0.24436330713231724,,,,,,,,,,,,,,
27,graphstate_nativegates_ibm_qiskit_opt3_98,,,,,,,,5.0,4.0,51,3.899999999999999e-06,0.8819728005393082,1.7999999999999997e-06,0.0441300102639814,,,,,,,,,,,,,,
32,graphstate_nativegates_ibm_qiskit_opt3_98,4.0,4.0,48.0,3.899999999999999e-06,0.8828556450689629,3.3999999999999988e-06,0.08317667026739485,,,,,,,,,,,,,,,,,,,,,
87,graphstate_nativegates_ibm_qiskit_opt3_98,,,,,,,,,,,,,,,0.0,2.0,4,3.899999999999999e-06,0.8863958674359227,1.7999999999999997e-06,0.24436330713231724,,,,,,,
72,graphstate_nativegates_ibm_qiskit_opt3_98,,,,,,,,2.0,2.0,35,3.3999999999999988e-06,0.8846239851024329,1.7999999999999997e-06,0.17829824947591688,,,,,,,,,,,,,,
52,graphstate_nativegates_ibm_qiskit_opt3_98,,,,,,,,3.0,2.0,51,3.3999999999999988e-06,0.8837393726085853,1.7999999999999997e-06,0.11059291939860784,,,,,,,,,,,,,,
37,graphstate_nativegates_ibm_qiskit_opt3_98,3.0,3.0,48.0,3.899999999999999e-06,0.8837393729621612,2.7999999999999994e-06,0.1784723257501579,,,,,,,,,,,,,,,,,,,,,
65,graphstate_nativegates_ibm_qiskit_opt3_98,,,,,,,,,,,,,,,2.0,2.0,35,3.899999999999999e-06,0.8846239851024328,1.7999999999999997e-06,0.1404536848665434,,,,,,,
57,graphstate_nativegates_ibm_qiskit_opt3_98,,,,,,,,,,,,,,,3.0,2.0,51,3.899999999999999e-06,0.883739372608585,1.7999999999999997e-06,0.09281065702319247,,,,,,,
57,graphstate_nativegates_ibm_qiskit_opt3_98,,,,,,,,3.0,2.0,51,3.3999999999999988e-06,0.8837393726085853,1.7999999999999997e-06,0.11059291939860784,,,,,,,,,,,,,,
92,graphstate_nativegates_ibm_qiskit_opt3_98,,,,,,,,,,,,,,,,,,,,,,0.0,2.0,4,3.899999999999999e-06,0.8863958674359227,1.7999999999999997e-06,0.24436330713231724
97,graphstate_nativegates_ibm_qiskit_opt3_98,,,,,,,,,,,,,,,,,,,,,,0.0,2.0,4,3.899999999999999e-06,0.8863958674359227,1.7999999999999997e-06,0.24436330713231724
77,graphstate_nativegates_ibm_qiskit_opt3_98,2.0,2.0,32.0,3.899999999999999e-06,0.8846239852793981,3.3999999999999988e-06,0.28887478134950556,,,,,,,,,,,,,,,,,,,,,
52,graphstate_nativegates_ibm_qiskit_opt3_98,,,,,,,,,,,,,,,3.0,2.0,51,3.899999999999999e-06,0.883739372608585,1.7999999999999997e-06,0.09281065702319247,,,,,,,
65,graphstate_nativegates_ibm_qiskit_opt3_98,,,,,,,,,,,,,,,,,,,,,,3.0,2.0,51,3.3999999999999988e-06,0.8837393726085853,1.7999999999999997e-06,0.11487850890868584
50,graphstate_nativegates_ibm_qiskit_opt3_98,,,,,,,,,,,,,,,,,,,,,,2.0,3.0,35,3.899999999999999e-06,0.8846239851024329,1.7999999999999997e-06,0.1455949516402069
65,graphstate_nativegates_ibm_qiskit_opt3_98,,,,,,,,2.0,2.0,35,3.899999999999999e-06,0.884623985102433,1.7999999999999997e-06,0.14936630092126849,,,,,,,,,,,,,,
52,graphstate_nativegates_ibm_qiskit_opt3_98,2.0,2.0,32.0,3.899999999999999e-06,0.8846239854563631,3.599999999999999e-06,0.27874299734275704,,,,,,,,,,,,,,,,,,,,,
57,graphstate_nativegates_ibm_qiskit_opt3_98,,,,,,,,,,,,,,,,,,,,,,2.0,2.0,35,3.899999999999999e-06,0.8846239851024329,1.7999999999999997e-06,0.1455949516402069
52,graphstate_nativegates_ibm_qiskit_opt3_98,,,,,,,,,,,,,,,,,,,,,,2.0,2.0,35,3.899999999999999e-06,0.8846239851024329,1.7999999999999997e-06,0.1455949516402069
72,graphstate_nativegates_ibm_qiskit_opt3_98,,,,,,,,,,,,,,,2.0,2.0,35,3.899999999999999e-06,0.8846239851024328,1.7999999999999997e-06,0.15595469508454068,,,,,,,
87,graphstate_nativegates_ibm_qiskit_opt3_98,,,,,,,,0.0,2.0,4,3.899999999999999e-06,0.8863958674359227,1.7999999999999997e-06,0.24436330713231724,,,,,,,,,,,,,,
57,graphstate_nativegates_ibm_qiskit_opt3_98,2.0,2.0,32.0,3.899999999999999e-06,0.8846239851024329,3.3999999999999988e-06,0.29720023778271315,,,,,,,,,,,,,,,,,,,,,
62,graphstate_nativegates_ibm_qiskit_opt3_98,,,,,,,,,,,,,,,,,,,,,,3.0,2.0,51,3.3999999999999988e-06,0.8837393726085853,1.7999999999999997e-06,0.11487850890868584
67,graphstate_nativegates_ibm_qiskit_opt3_98,,,,,,,,,,,,,,,,,,,,,,3.0,2.0,51,3.3999999999999988e-06,0.8837393726085853,1.7999999999999997e-06,0.11487850890868584
32,graphstate_nativegates_ibm_qiskit_opt3_98,,,,,,,,,,,,,,,,,,,,,,4.0,4.0,51,3.3999999999999988e-06,0.8828556447157401,1.7999999999999997e-06,0.06763584761111298
37,graphstate_nativegates_ibm_qiskit_opt3_98,,,,,,,,,,,,,,,,,,,,,,4.0,3.0,51,3.3999999999999988e-06,0.8828556447157401,1.7999999999999997e-06,0.06763584761111298
27,graphstate_nativegates_ibm_qiskit_opt3_98,,,,,,,,,,,,,,,5.0,4.0,51,3.599999999999999e-06,0.8819728005393084,1.7999999999999997e-06,0.04626307453596396,,,,,,,
72,graphstate_nativegates_ibm_qiskit_opt3_98,2.0,2.0,32.0,3.899999999999999e-06,0.8846239854563632,3.3999999999999988e-06,0.2676635558069383,,,,,,,,,,,,,,,,,,,,,
82,graphstate_nativegates_ibm_qiskit_opt3_98,,,,,,,,,,,,,,,0.0,2.0,4,3.899999999999999e-06,0.8863958674359227,1.7999999999999997e-06,0.24436330713231724,,,,,,,
77,graphstate_nativegates_ibm_qiskit_opt3_98,,,,,,,,2.0,2.0,35,3.3999999999999988e-06,0.8846239851024329,1.7999999999999997e-06,0.17829824947591688,,,,,,,,,,,,,,
65,graphstate_nativegates_ibm_qiskit_opt3_98,2.0,2.0,32.0,3.899999999999999e-06,0.8846239851024325,3.3999999999999988e-06,0.26976949196813377,,,,,,,,,,,,,,,,,,,,,
62,graphstate_nativegates_ibm_qiskit_opt3_98,,,,,,,,2.0,2.0,35,3.899999999999999e-06,0.884623985102433,1.7999999999999997e-06,0.14936630092126849,,,,,,,,,,,,,,
97,graphstate_nativegates_ibm_qiskit_opt3_98,,,,,,,,,,,,,,,0.0,2.0,4,3.899999999999999e-06,0.8863958674359227,1.7999999999999997e-06,0.24436330713231724,,,,,,,
32,graphstate_nativegates_ibm_qiskit_opt3_98,,,,,,,,,,,,,,,3.0,4.0,51,3.899999999999999e-06,0.8837393726085851,1.7999999999999997e-06,0.07699311738576244,,,,,,,
67,graphstate_nativegates_ibm_qiskit_opt3_98,2.0,2.0,32.0,3.899999999999999e-06,0.8846239851024327,3.599999999999999e-06,0.2659243987911523,,,,,,,,,,,,,,,,,,,,,
42,graphstate_nativegates_ibm_qiskit_opt3_98,3.0,3.0,48.0,3.899999999999999e-06,0.8837393731389499,3.3999999999999988e-06,0.13894017930217029,,,,,,,,,,,,,,,,,,,,,
50,graphstate_nativegates_ibm_qiskit_opt3_98,,,,,,,,3.0,3.0,51,3.3999999999999988e-06,0.8837393726085853,1.7999999999999997e-06,0.11059291939860784,,,,,,,,,,,,,,
92,graphstate_nativegates_ibm_qiskit_opt3_98,,,,,,,,0.0,2.0,4,3.899999999999999e-06,0.8863958674359227,1.7999999999999997e-06,0.24436330713231724,,,,,,,,,,,,,,
37,graphstate_nativegates_ibm_qiskit_opt3_98,,,,,,,,3.0,3.0,51,3.899999999999999e-06,0.8837393726085848,1.7999999999999997e-06,0.08985743358602741,,,,,,,,,,,,,,
67,graphstate_nativegates_ibm_qiskit_opt3_98,,,,,,,,,,,,,,,2.0,2.0,35,3.899999999999999e-06,0.8846239851024328,1.7999999999999997e-06,0.1404536848665434,,,,,,,
47,graphstate_nativegates_ibm_qiskit_opt3_98,3.0,3.0,48.0,3.599999999999999e-06,0.8837393727853736,3.3999999999999988e-06,0.17979181309472322,,,,,,,,,,,,,,,,,,,,,
47,graphstate_nativegates_ibm_qiskit_opt3_98,,,,,,,,,,,,,,,2.0,3.0,35,3.599999999999999e-06,0.8846239851024329,1.7999999999999997e-06,0.1513438857003076,,,,,,,
50,graphstate_nativegates_ibm_qiskit_opt3_98,2.0,2.0,32.0,3.899999999999999e-06,0.8846239854563628,3.3999999999999988e-06,0.29428084464555054,,,,,,,,,,,,,,,,,,,,,
42,graphstate_nativegates_ibm_qiskit_opt3_98,,,,,,,,3.0,3.0,51,3.899999999999999e-06,0.8837393726085851,1.7999999999999997e-06,0.09609935212360897,,,,,,,,,,,,,,
62,graphstate_nativegates_ibm_qiskit_opt3_98,2.0,2.0,32.0,3.899999999999999e-06,0.8846239851024327,3.3999999999999988e-06,0.2840177960958447,,,,,,,,,,,,,,,,,,,,,
16,peexact_nativegates_ibm_qiskit_opt3_40,,,,,,,,160.0,14.0,4294967296,2.3999999999999997e-05,0.6412876097951119,9.100000000000003e-06,0.005735680386568933,,,,,,,,,,,,,,
16,peexact_nativegates_ibm_qiskit_opt3_40,,,,,,,,,,,,,,,,,,,,,,149.0,13.0,4294967296,2.5749999999999996e-05,0.6483697679355411,9.100000000000003e-06,0.008402213896278895
27,peexact_nativegates_ibm_qiskit_opt3_40,,,,,,,,87.0,5.0,18014398509481984,4.1699999999999984e-05,0.6897301730171813,2.01e-05,0.0726567863413639,,,,,,,,,,,,,,
10,peexact_nativegates_ibm_qiskit_opt3_40,,,,,,,,,,,,,,,229.0,28.0,1048576,1.5700000000000006e-05,0.5985473476697244,5.9500000000000015e-06,0.00013577254448535656,,,,,,,
27,peexact_nativegates_ibm_qiskit_opt3_40,,,,,,,,,,,,,,,,,,,,,,87.0,5.0,18014398509481984,4.1699999999999984e-05,0.6897301730171813,2.01e-05,0.0726567863413639
10,peexact_nativegates_ibm_qiskit_opt3_40,,,,,,,,242.0,30.0,1048576,1.5700000000000006e-05,0.5908161734880005,5.9500000000000015e-06,6.974387591551942e-05,,,,,,,,,,,,,,
10,peexact_nativegates_ibm_qiskit_opt3_40,,,,,,,,,,,,,,,,,,,,,,229.0,28.0,1048576,1.5700000000000006e-05,0.5985473476697244,5.9500000000000015e-06,0.00013577254448535656
27,peexact_nativegates_ibm_qiskit_opt3_40,,,,,,,,,,,,,,,87.0,5.0,18014398509481984,4.1699999999999984e-05,0.6897301730171813,2.01e-05,0.0726567863413639,,,,,,,
16,peexact_nativegates_ibm_qiskit_opt3_40,,,,,,,,,,,,,,,149.0,13.0,4294967296,2.5749999999999996e-05,0.6483697679355411,9.100000000000003e-06,0.008402213896278895,,,,,,,
27,wstate_indep_qiskit_69,,,,,,,,,,,,,,,,,,,,,,4.0,3.0,256,1.4800000000000002e-05,0.9033796829028427,1.0350000000000004e-05,0.1925113144988306
65,wstate_indep_qiskit_69,,,,,,,,,,,,,,,,,,,,,,2.0,2.0,32,3.5699999999999994e-05,0.9051890944470153,3.1999999999999994e-06,0.3887005763843999
27,wstate_indep_qiskit_69,,,,,,,,4.0,3.0,256,1.4800000000000002e-05,0.9033796829028427,1.0350000000000004e-05,0.1925113144988306,,,,,,,,,,,,,,
16,wstate_indep_qiskit_69,,,,,,,,,,,,,,,,,,,,,,8.0,5.0,256,8.750000000000004e-06,0.8997717032570707,7.050000000000003e-06,0.09073888477513202
16,wstate_indep_qiskit_69,,,,,,,,8.0,5.0,256,8.750000000000004e-06,0.8997717032570707,7.050000000000003e-06,0.09073888477513202,,,,,,,,,,,,,,
50,wstate_indep_qiskit_69,,,,,,,,,,,,,,,2.0,2.0,32,2.7449999999999996e-05,0.9051890944470152,1.1450000000000004e-05,0.3118042104569416,,,,,,,
65,wstate_indep_qiskit_69,,,,,,,,2.0,2.0,32,3.5699999999999994e-05,0.9051890944470153,3.1999999999999994e-06,0.3887005763843999,,,,,,,,,,,,,,
50,wstate_indep_qiskit_69,2.0,2.0,32.0,2.3049999999999998e-05,0.9051890944470152,1.585e-05,0.3063735894494847,,,,,,,,,,,,,,,,,,,,,
65,wstate_indep_qiskit_69,,,,,,,,,,,,,,,2.0,2.0,32,3.5699999999999994e-05,0.9051890944470153,3.1999999999999994e-06,0.3887005763843999,,,,,,,
65,wstate_indep_qiskit_69,2.0,2.0,32.0,2.4699999999999997e-05,0.9051890944470152,1.4200000000000003e-05,0.30752504229153615,,,,,,,,,,,,,,,,,,,,,
50,wstate_indep_qiskit_69,,,,,,,,,,,,,,,,,,,,,,2.0,2.0,32,2.7449999999999996e-05,0.9051890944470152,1.1450000000000004e-05,0.3118042104569416
50,wstate_indep_qiskit_69,,,,,,,,2.0,2.0,32,2.7449999999999996e-05,0.9051890944470152,1.1450000000000004e-05,0.3118042104569416,,,,,,,,,,,,,,
27,wstate_indep_qiskit_69,4.0,3.0,288.0,1.4200000000000003e-05,0.9033796811856998,1.1500000000000003e-05,0.19384841627948016,,,,,,,,,,,,,,,,,,,,,
16,wstate_indep_qiskit_69,,,,,,,,,,,,,,,8.0,5.0,256,8.750000000000004e-06,0.8997717032570707,7.050000000000003e-06,0.09073888477513202,,,,,,,
27,wstate_indep_qiskit_69,,,,,,,,,,,,,,,4.0,3.0,256,1.4800000000000002e-05,0.9033796829028427,1.0350000000000004e-05,0.1925113144988306,,,,,,,
16,wstate_indep_qiskit_69,8.0,5.0,272.0,8.750000000000004e-06,0.8997717015467861,7.650000000000003e-06,0.0906571764002086,,,,,,,,,,,,,,,,,,,,,
10,e_indep_qiskit_13,15.0,3.0,1048576.0,1.3250000000000007e-05,0.9545541069465143,5.550000000000001e-06,0.48508778320099066,,,,,,,,,,,,,,,,,,,,,
10,e_indep_qiskit_13,,,,,,,,,,,,,,,,,,,,,,22.0,4.0,1048576,1.0900000000000002e-05,0.9478918794935608,3.0499999999999996e-06,0.2764965298241344
10,e_indep_qiskit_13,,,,,,,,,,,,,,,22.0,4.0,1048576,1.0900000000000002e-05,0.9478918794935608,3.0499999999999996e-06,0.2764965298241344,,,,,,,
5,e_indep_qiskit_13,,,,,,,,,,,,,,,49.0,13.0,1024,7.0000000000000024e-06,0.9226321336515534,5.5e-07,0.048138884690995226,,,,,,,
5,e_indep_qiskit_13,,,,,,,,49.0,13.0,1024,7.0000000000000024e-06,0.9226321336515534,5.5e-07,0.048138884690995226,,,,,,,,,,,,,,
10,e_indep_qiskit_13,,,,,,,,22.0,4.0,1048576,1.0900000000000002e-05,0.9478918794935608,3.0499999999999996e-06,0.2764965298241344,,,,,,,,,,,,,,
5,e_indep_qiskit_13,,,,,,,,,,,,,,,,,,,,,,49.0,13.0,1024,7.0000000000000024e-06,0.9226321336515534,5.5e-07,0.048138884690995226
27,wstate_nativegates_ibm_qiskit_opt3_100,,,,,,,,,,,,,,,,,,,,,,6.0,4.0,256,1.7399999999999996e-05,0.8593205924942212,1.594999999999999e-05,0.10532604351503824
50,wstate_nativegates_ibm_qiskit_opt3_100,,,,,,,,,,,,,,,4.0,3.0,256,3.235000000000005e-05,0.8610417427217776,2.2999999999999996e-06,0.24091975805639523,,,,,,,
65,wstate_nativegates_ibm_qiskit_opt3_100,,,,,,,,2.0,2.0,32,4.210000000000008e-05,0.8627663402751993,2.3750000000000015e-05,0.2894121224612533,,,,,,,,,,,,,,
27,wstate_nativegates_ibm_qiskit_opt3_100,,,,,,,,6.0,4.0,256,1.7399999999999996e-05,0.8593205924942212,1.594999999999999e-05,0.10532604351503824,,,,,,,,,,,,,,
27,wstate_nativegates_ibm_qiskit_opt3_100,6.0,4.0,288.0,1.6749999999999994e-05,0.8593205871639816,1.659999999999999e-05,0.10537839366757312,,,,,,,,,,,,,,,,,,,,,
65,wstate_nativegates_ibm_qiskit_opt3_100,,,,,,,,,,,,,,,,,,,,,,2.0,2.0,32,4.210000000000008e-05,0.8627663402751993,2.3750000000000015e-05,0.2894121224612533
50,wstate_nativegates_ibm_qiskit_opt3_100,4.0,3.0,272.0,2.7800000000000032e-05,0.8610417401374635,1.7399999999999996e-05,0.1706183252155331,,,,,,,,,,,,,,,,,,,,,
65,wstate_nativegates_ibm_qiskit_opt3_100,2.0,2.0,32.0,3.7550000000000066e-05,0.8627663389804547,2.830000000000003e-05,0.2882986089698447,,,,,,,,,,,,,,,,,,,,,
50,wstate_nativegates_ibm_qiskit_opt3_100,,,,,,,,,,,,,,,,,,,,,,4.0,3.0,256,3.235000000000005e-05,0.8610417427217776,2.2999999999999996e-06,0.24091975805639523
27,wstate_nativegates_ibm_qiskit_opt3_100,,,,,,,,,,,,,,,6.0,4.0,256,1.7399999999999996e-05,0.8593205924942212,1.594999999999999e-05,0.10532604351503824,,,,,,,
50,wstate_nativegates_ibm_qiskit_opt3_100,,,,,,,,4.0,3.0,256,3.235000000000005e-05,0.8610417427217776,2.2999999999999996e-06,0.24091975805639523,,,,,,,,,,,,,,
65,wstate_nativegates_ibm_qiskit_opt3_100,,,,,,,,,,,,,,,2.0,2.0,32,4.210000000000008e-05,0.8627663402751993,2.3750000000000015e-05,0.2894121224612533,,,,,,,
16,ghz_nativegates_ibm_qiskit_opt3_74,,,,,,,,,,,,,,,,,,,,,,4.0,5.0,52,7.650000000000001e-06,0.9114938430286271,6.500000000000001e-06,0.058079823726365463
16,ghz_nativegates_ibm_qiskit_opt3_74,,,,,,,,4.0,5.0,52,7.650000000000001e-06,0.9114938430286271,6.500000000000001e-06,0.058079823726365463,,,,,,,,,,,,,,
27,ghz_nativegates_ibm_qiskit_opt3_74,,,,,,,,2.0,3.0,24,1.3150000000000005e-05,0.913319550576707,1.0500000000000003e-05,0.1588608234151115,,,,,,,,,,,,,,
50,ghz_nativegates_ibm_qiskit_opt3_74,,,,,,,,,,,,,,,1.0,2.0,8,2.464999999999998e-05,0.9142337752169016,1.2000000000000004e-05,0.28237728194726186,,,,,,,
65,ghz_nativegates_ibm_qiskit_opt3_74,1.0,2.0,8.0,2.2999999999999983e-05,0.9142337752169014,1.3650000000000005e-05,0.2819148936170214,,,,,,,,,,,,,,,,,,,,,
27,ghz_nativegates_ibm_qiskit_opt3_74,,,,,,,,,,,,,,,,,,,,,,2.0,3.0,24,1.3150000000000005e-05,0.913319550576707,1.0500000000000003e-05,0.1588608234151115
16,ghz_nativegates_ibm_qiskit_opt3_74,4.0,5.0,40.0,7.650000000000001e-06,0.9114938430286272,6.500000000000001e-06,0.05807982372636547,,,,,,,,,,,,,,,,,,,,,
65,ghz_nativegates_ibm_qiskit_opt3_74,,,,,,,,,,,,,,,1.0,2.0,8,3.214999999999996e-05,0.9142337752169017,4.5e-06,0.31058739083622466,,,,,,,
50,ghz_nativegates_ibm_qiskit_opt3_74,1.0,2.0,8.0,2.2999999999999983e-05,0.9142337752169014,1.3650000000000005e-05,0.2819148936170214,,,,,,,,,,,,,,,,,,,,,
27,ghz_nativegates_ibm_qiskit_opt3_74,2.0,3.0,24.0,1.3000000000000004e-05,0.913319550576707,1.1000000000000003e-05,0.15875699949423958,,,,,,,,,,,,,,,,,,,,,
65,ghz_nativegates_ibm_qiskit_opt3_74,,,,,,,,1.0,2.0,8,3.214999999999996e-05,0.9142337752169017,4.5e-06,0.31058739083622466,,,,,,,,,,,,,,
65,ghz_nativegates_ibm_qiskit_opt3_74,,,,,,,,,,,,,,,,,,,,,,1.0,2.0,8,3.214999999999996e-05,0.9142337752169017,4.5e-06,0.31058739083622466
50,ghz_nativegates_ibm_qiskit_opt3_74,,,,,,,,,,,,,,,,,,,,,,1.0,2.0,8,2.464999999999998e-05,0.9142337752169016,1.2000000000000004e-05,0.28237728194726186
50,ghz_nativegates_ibm_qiskit_opt3_74,,,,,,,,1.0,2.0,8,2.464999999999998e-05,0.9142337752169016,1.2000000000000004e-05,0.28237728194726186,,,,,,,,,,,,,,
16,ghz_nativegates_ibm_qiskit_opt3_74,,,,,,,,,,,,,,,4.0,5.0,52,7.650000000000001e-06,0.9114938430286271,6.500000000000001e-06,0.058079823726365463,,,,,,,
27,ghz_nativegates_ibm_qiskit_opt3_74,,,,,,,,,,,,,,,2.0,3.0,24,1.3150000000000005e-05,0.913319550576707,1.0500000000000003e-05,0.1588608234151115,,,,,,,
50,dj_nativegates_ibm_qiskit_opt3_100,,,,,,,,2.0,3.0,24,2.474999999999998e-05,0.8808601640294753,7.499999999999998e-07,0.25702237360813557,,,,,,,,,,,,,,
27,dj_nativegates_ibm_qiskit_opt3_100,,,,,,,,,,,,,,,3.0,4.0,40,1.3250000000000004e-05,0.87998968552016,1.0750000000000002e-05,0.09018430436507625,,,,,,,
65,dj_nativegates_ibm_qiskit_opt3_100,1.0,2.0,8.0,3.124999999999997e-05,0.8817401144932479,1.875e-05,0.2767331555555558,,,,,,,,,,,,,,,,,,,,,
65,dj_nativegates_ibm_qiskit_opt3_100,,,,,,,,1.0,2.0,8,3.2249999999999964e-05,0.8817395614537441,1.775e-05,0.27733734228067686,,,,,,,,,,,,,,
50,dj_nativegates_ibm_qiskit_opt3_100,2.0,3.0,24.0,1.775e-05,0.8808669445781477,1.5250000000000005e-05,0.15433829928274037,,,,,,,,,,,,,,,,,,,,,
27,dj_nativegates_ibm_qiskit_opt3_100,,,,,,,,,,,,,,,,,,,,,,3.0,4.0,40,1.3250000000000004e-05,0.87998968552016,1.0750000000000002e-05,0.09018430436507625
27,dj_nativegates_ibm_qiskit_opt3_100,3.0,4.0,40.0,1.2750000000000003e-05,0.8799897677525585,1.2250000000000003e-05,0.08996674836714189,,,,,,,,,,,,,,,,,,,,,
65,dj_nativegates_ibm_qiskit_opt3_100,,,,,,,,,,,,,,,1.0,2.0,8,3.2249999999999964e-05,0.8817395614537441,1.775e-05,0.27733734228067686,,,,,,,
27,dj_nativegates_ibm_qiskit_opt3_100,,,,,,,,3.0,4.0,40,1.3250000000000004e-05,0.87998968552016,1.0750000000000002e-05,0.09018430436507625,,,,,,,,,,,,,,
50,dj_nativegates_ibm_qiskit_opt3_100,,,,,,,,,,,,,,,2.0,3.0,24,2.474999999999998e-05,0.8808601640294753,7.499999999999998e-07,0.25702237360813557,,,,,,,
50,dj_nativegates_ibm_qiskit_opt3_100,,,,,,,,,,,,,,,,,,,,,,2.0,3.0,24,2.474999999999998e-05,0.8808601640294753,7.499999999999998e-07,0.25702237360813557
65,dj_nativegates_ibm_qiskit_opt3_100,,,,,,,,,,,,,,,,,,,,,,1.0,2.0,8,3.2249999999999964e-05,0.8817395614537441,1.775e-05,0.27733734228067686
50,graphstate_nativegates_ibm_qiskit_opt3_96,,,,,,,,,,,,,,,0.0,2.0,3,4.05e-06,0.8885800217125222,3.249999999999999e-06,0.20437762302593343,,,,,,,
16,graphstate_nativegates_ibm_qiskit_opt3_96,,,,,,,,9.0,8.0,48,3.749999999999999e-06,0.8806148189246477,1.9499999999999995e-06,0.028587015033113696,,,,,,,,,,,,,,
65,graphstate_nativegates_ibm_qiskit_opt3_96,,,,,,,,,,,,,,,0.0,2.0,3,4.05e-06,0.8885800217125222,3.249999999999999e-06,0.20437762302593343,,,,,,,
27,graphstate_nativegates_ibm_qiskit_opt3_96,,,,,,,,,,,,,,,,,,,,,,5.0,5.0,48,3.899999999999999e-06,0.8841460560055308,2.749999999999999e-06,0.05523503635767562
27,graphstate_nativegates_ibm_qiskit_opt3_96,,,,,,,,5.0,5.0,48,3.899999999999999e-06,0.8841460560055308,2.749999999999999e-06,0.05132103579831712,,,,,,,,,,,,,,
27,graphstate_nativegates_ibm_qiskit_opt3_96,,,,,,,,,,,,,,,5.0,5.0,48,4.05e-06,0.8841460560055305,2.749999999999999e-06,0.039022101068562055,,,,,,,
16,graphstate_nativegates_ibm_qiskit_opt3_96,,,,,,,,,,,,,,,,,,,,,,9.0,8.0,48,3.3999999999999988e-06,0.8806148189246474,1.9499999999999995e-06,0.02608172754505986
16,graphstate_nativegates_ibm_qiskit_opt3_96,,,,,,,,,,,,,,,10.0,7.0,48,4.05e-06,0.8797342155448983,6.499999999999999e-07,0.014441723311097216,,,,,,,
65,graphstate_nativegates_ibm_qiskit_opt3_96,,,,,,,,0.0,2.0,3,4.05e-06,0.8885800217125222,3.249999999999999e-06,0.20437762302593343,,,,,,,,,,,,,,
50,graphstate_nativegates_ibm_qiskit_opt3_96,,,,,,,,,,,,,,,,,,,,,,0.0,2.0,3,4.05e-06,0.8885800217125222,3.249999999999999e-06,0.20437762302593343
65,graphstate_nativegates_ibm_qiskit_opt3_96,,,,,,,,,,,,,,,,,,,,,,0.0,2.0,3,4.05e-06,0.8885800217125222,3.249999999999999e-06,0.20437762302593343
50,graphstate_nativegates_ibm_qiskit_opt3_96,,,,,,,,0.0,2.0,3,4.05e-06,0.8885800217125222,3.249999999999999e-06,0.20437762302593343,,,,,,,,,,,,,,
27,ghz_nativegates_ibm_qiskit_opt3_45,,,,,,,,,,,,,,,1.0,2.0,8,1.3150000000000005e-05,0.9466234595011768,9.000000000000002e-06,0.29970204344829116,,,,,,,
16,ghz_nativegates_ibm_qiskit_opt3_45,,,,,,,,,,,,,,,2.0,3.0,24,7.650000000000001e-06,0.9456768455003356,7.000000000000002e-06,0.1820312499999999,,,,,,,
16,ghz_nativegates_ibm_qiskit_opt3_45,2.0,3.0,24.0,7.500000000000002e-06,0.9456768455003357,7.150000000000001e-06,0.18217329545454525,,,,,,,,,,,,,,,,,,,,,
10,ghz_nativegates_ibm_qiskit_opt3_45,4.0,5.0,40.0,4.6499999999999995e-06,0.9437864563656851,4e-06,0.08090322580645161,,,,,,,,,,,,,,,,,,,,,
10,ghz_nativegates_ibm_qiskit_opt3_45,,,,,,,,,,,,,,,4.0,5.0,52,4.6499999999999995e-06,0.9437864563656849,4e-06,0.08090322580645161,,,,,,,
10,ghz_nativegates_ibm_qiskit_opt3_45,,,,,,,,4.0,5.0,52,4.6499999999999995e-06,0.9437864563656849,4e-06,0.08090322580645161,,,,,,,,,,,,,,
27,ghz_nativegates_ibm_qiskit_opt3_45,1.0,2.0,8.0,1.3150000000000005e-05,0.9466234595011768,9.000000000000002e-06,0.29970204344829116,,,,,,,,,,,,,,,,,,,,,
10,ghz_nativegates_ibm_qiskit_opt3_45,,,,,,,,,,,,,,,,,,,,,,4.0,5.0,52,4.6499999999999995e-06,0.9437864563656849,4e-06,0.08090322580645161
27,ghz_nativegates_ibm_qiskit_opt3_45,,,,,,,,,,,,,,,,,,,,,,1.0,2.0,8,1.3150000000000005e-05,0.9466234595011768,9.000000000000002e-06,0.29970204344829116
27,ghz_nativegates_ibm_qiskit_opt3_45,,,,,,,,1.0,2.0,8,1.3150000000000005e-05,0.9466234595011768,9.000000000000002e-06,0.29970204344829116,,,,,,,,,,,,,,
16,ghz_nativegates_ibm_qiskit_opt3_45,,,,,,,,2.0,3.0,24,7.650000000000001e-06,0.9456768455003356,7.000000000000002e-06,0.1820312499999999,,,,,,,,,,,,,,
16,ghz_nativegates_ibm_qiskit_opt3_45,,,,,,,,,,,,,,,,,,,,,,2.0,3.0,24,7.650000000000001e-06,0.9456768455003356,7.000000000000002e-06,0.1820312499999999
27,graphstate_nativegates_ibm_qiskit_opt3_39,,,,,,,,,,,,,,,2.0,2.0,33,3.3999999999999988e-06,0.9512374915510222,1.7999999999999997e-06,0.41909288968112507,,,,,,,
33,graphstate_nativegates_ibm_qiskit_opt3_39,,,,,,,,2.0,2.0,33,4.5500000000000005e-06,0.9512374915510222,1.7999999999999997e-06,0.3630046586132646,,,,,,,,,,,,,,
10,graphstate_nativegates_ibm_qiskit_opt3_39,,,,,,,,5.0,5.0,49,3.249999999999999e-06,0.9483866688331943,1.2999999999999998e-06,0.1611900760270412,,,,,,,,,,,,,,
33,graphstate_nativegates_ibm_qiskit_opt3_39,,,,,,,,,,,,,,,,,,,,,,2.0,2.0,33,4.5500000000000005e-06,0.9512374915510222,1.7999999999999997e-06,0.3630046586132646
13,graphstate_nativegates_ibm_qiskit_opt3_39,,,,,,,,4.0,4.0,49,4.5500000000000005e-06,0.9493359924938253,1.7999999999999997e-06,0.18005097568117642,,,,,,,,,,,,,,
28,graphstate_nativegates_ibm_qiskit_opt3_39,,,,,,,,,,,,,,,3.0,2.0,49,3.899999999999999e-06,0.9502862664160343,1.7999999999999997e-06,0.2614139015237917,,,,,,,
16,graphstate_nativegates_ibm_qiskit_opt3_39,,,,,,,,,,,,,,,4.0,3.0,49,5.200000000000002e-06,0.9493359924938255,1.7999999999999997e-06,0.14459754554447365,,,,,,,
27,graphstate_nativegates_ibm_qiskit_opt3_39,,,,,,,,,,,,,,,,,,,,,,2.0,2.0,33,3.3999999999999988e-06,0.9512374915510222,1.7999999999999997e-06,0.41909288968112507
38,graphstate_nativegates_ibm_qiskit_opt3_39,,,,,,,,0.0,2.0,2,5.200000000000002e-06,0.9531427992688971,1.7999999999999997e-06,0.39316239316239304,,,,,,,,,,,,,,
38,graphstate_nativegates_ibm_qiskit_opt3_39,,,,,,,,,,,,,,,,,,,,,,0.0,2.0,2,5.200000000000002e-06,0.9531427992688971,1.7999999999999997e-06,0.39316239316239304
18,graphstate_nativegates_ibm_qiskit_opt3_39,,,,,,,,3.0,3.0,49,4.5500000000000005e-06,0.9502862664160344,1.7999999999999997e-06,0.25629996697721036,,,,,,,,,,,,,,
23,graphstate_nativegates_ibm_qiskit_opt3_39,,,,,,,,,,,,,,,3.0,2.0,49,5.200000000000002e-06,0.9502862664160344,1.7999999999999997e-06,0.2080705123522348,,,,,,,
10,graphstate_nativegates_ibm_qiskit_opt3_39,,,,,,,,,,,,,,,,,,,,,,5.0,5.0,49,3.249999999999999e-06,0.9483866688331944,1.7999999999999997e-06,0.13918281363994162
16,graphstate_nativegates_ibm_qiskit_opt3_39,,,,,,,,,,,,,,,,,,,,,,3.0,3.0,49,5.200000000000002e-06,0.9502862664160346,1.7999999999999997e-06,0.1613437286744881
13,graphstate_nativegates_ibm_qiskit_opt3_39,,,,,,,,,,,,,,,,,,,,,,4.0,4.0,49,4.5500000000000005e-06,0.9493359924938253,1.7999999999999997e-06,0.18005097568117642
23,graphstate_nativegates_ibm_qiskit_opt3_39,,,,,,,,3.0,2.0,49,4.5500000000000005e-06,0.9502862664160344,1.7999999999999997e-06,0.2511158468926192,,,,,,,,,,,,,,
23,graphstate_nativegates_ibm_qiskit_opt3_39,,,,,,,,,,,,,,,,,,,,,,3.0,2.0,49,4.5500000000000005e-06,0.9502862664160344,1.7999999999999997e-06,0.2511158468926192
18,graphstate_nativegates_ibm_qiskit_opt3_39,,,,,,,,,,,,,,,3.0,3.0,49,5.200000000000002e-06,0.9502862664160345,1.7999999999999997e-06,0.22923817703736057,,,,,,,
23,graphstate_nativegates_ibm_qiskit_opt3_39,2.0,2.0,32.0,5.200000000000002e-06,0.9512374915510221,3.899999999999999e-06,0.24578508535998395,,,,,,,,,,,,,,,,,,,,,
38,graphstate_nativegates_ibm_qiskit_opt3_39,,,,,,,,,,,,,,,0.0,2.0,2,5.200000000000002e-06,0.9531427992688971,1.7999999999999997e-06,0.39316239316239304,,,,,,,
28,graphstate_nativegates_ibm_qiskit_opt3_39,2.0,2.0,32.0,4.5500000000000005e-06,0.9512374917413132,3.099999999999999e-06,0.2684209091156981,,,,,,,,,,,,,,,,,,,,,
13,graphstate_nativegates_ibm_qiskit_opt3_39,4.0,4.0,48.0,4.5500000000000005e-06,0.9493359930635576,2.649999999999999e-06,0.10002578885602435,,,,,,,,,,,,,,,,,,,,,
28,graphstate_nativegates_ibm_qiskit_opt3_39,,,,,,,,2.0,2.0,33,3.899999999999999e-06,0.9512374915510223,1.7999999999999997e-06,0.3788208467695648,,,,,,,,,,,,,,
16,graphstate_nativegates_ibm_qiskit_opt3_39,,,,,,,,3.0,3.0,49,5.200000000000002e-06,0.9502862664160346,1.7999999999999997e-06,0.1613437286744881,,,,,,,,,,,,,,
18,graphstate_nativegates_ibm_qiskit_opt3_39,3.0,3.0,48.0,3.899999999999999e-06,0.9502862667962361,2.649999999999999e-06,0.20601893307778418,,,,,,,,,,,,,,,,,,,,,
10,graphstate_nativegates_ibm_qiskit_opt3_39,5.0,5.0,48.0,3.3999999999999988e-06,0.948386669212636,1.9499999999999995e-06,0.09865813873626378,,,,,,,,,,,,,,,,,,,,,
13,graphstate_nativegates_ibm_qiskit_opt3_39,,,,,,,,,,,,,,,4.0,4.0,49,5.200000000000002e-06,0.9493359924938255,1.7999999999999997e-06,0.14459754554447365,,,,,,,
27,graphstate_nativegates_ibm_qiskit_opt3_39,,,,,,,,2.0,2.0,33,3.3999999999999988e-06,0.9512374915510222,1.7999999999999997e-06,0.41909288968112507,,,,,,,,,,,,,,
33,graphstate_nativegates_ibm_qiskit_opt3_39,2.0,2.0,32.0,3.899999999999999e-06,0.9512374917413137,3.299999999999999e-06,0.2911063295678681,,,,,,,,,,,,,,,,,,,,,
33,graphstate_nativegates_ibm_qiskit_opt3_39,,,,,,,,,,,,,,,2.0,2.0,33,5.200000000000002e-06,0.9512374915510224,1.7999999999999997e-06,0.3161542509660788,,,,,,,
10,graphstate_nativegates_ibm_qiskit_opt3_39,,,,,,,,,,,,,,,5.0,5.0,49,3.3999999999999988e-06,0.9483866688331944,1.7999999999999997e-06,0.13702673419477146,,,,,,,
27,graphstate_nativegates_ibm_qiskit_opt3_39,2.0,2.0,32.0,5.200000000000002e-06,0.9512374919316043,3.899999999999999e-06,0.23145418793750236,,,,,,,,,,,,,,,,,,,,,
18,graphstate_nativegates_ibm_qiskit_opt3_39,,,,,,,,,,,,,,,,,,,,,,3.0,3.0,49,4.5500000000000005e-06,0.9502862664160344,1.7999999999999997e-06,0.25629996697721036
16,graphstate_nativegates_ibm_qiskit_opt3_39,3.0,3.0,48.0,5.200000000000002e-06,0.9502862667962364,2.749999999999999e-06,0.1438082529843893,,,,,,,,,,,,,,,,,,,,,
28,graphstate_nativegates_ibm_qiskit_opt3_39,,,,,,,,,,,,,,,,,,,,,,2.0,2.0,33,3.899999999999999e-06,0.9512374915510223,1.7999999999999997e-06,0.3788208467695648
15,ghz_nativegates_ibm_qiskit_opt3_17,,,,,,,,,,,,,,,1.0,2.0,8,7.150000000000001e-06,0.9789846562121752,1e-06,0.4797979797979796,,,,,,,
5,ghz_nativegates_ibm_qiskit_opt3_17,3.0,4.0,40.0,2.1499999999999997e-06,0.9770276854288693,2e-06,0.24727906976744188,,,,,,,,,,,,,,,,,,,,,
5,ghz_nativegates_ibm_qiskit_opt3_17,,,,,,,,,,,,,,,,,,,,,,3.0,4.0,40,2.1499999999999997e-06,0.9770276854288693,2e-06,0.24727906976744188
15,ghz_nativegates_ibm_qiskit_opt3_17,,,,,,,,,,,,,,,,,,,,,,1.0,2.0,8,7.150000000000001e-06,0.9789846562121752,1e-06,0.4797979797979796
5,ghz_nativegates_ibm_qiskit_opt3_17,,,,,,,,3.0,4.0,40,2.1499999999999997e-06,0.9770276854288693,2e-06,0.24727906976744188,,,,,,,,,,,,,,
16,ghz_nativegates_ibm_qiskit_opt3_17,,,,,,,,1.0,2.0,8,7.650000000000001e-06,0.9789846562121751,5e-07,0.571078431372549,,,,,,,,,,,,,,
15,ghz_nativegates_ibm_qiskit_opt3_17,1.0,2.0,8.0,5.15e-06,0.9789846562121752,2.9999999999999997e-06,0.387529945782373,,,,,,,,,,,,,,,,,,,,,
10,ghz_nativegates_ibm_qiskit_opt3_17,,,,,,,,1.0,2.0,8,4.6499999999999995e-06,0.9789846562121752,3.4999999999999995e-06,0.38306451612903236,,,,,,,,,,,,,,
10,ghz_nativegates_ibm_qiskit_opt3_17,,,,,,,,,,,,,,,1.0,2.0,8,4.6499999999999995e-06,0.9789846562121752,3.4999999999999995e-06,0.38306451612903236,,,,,,,
16,ghz_nativegates_ibm_qiskit_opt3_17,,,,,,,,,,,,,,,,,,,,,,1.0,2.0,8,7.650000000000001e-06,0.9789846562121751,5e-07,0.571078431372549
10,ghz_nativegates_ibm_qiskit_opt3_17,,,,,,,,,,,,,,,,,,,,,,1.0,2.0,8,4.6499999999999995e-06,0.9789846562121752,3.4999999999999995e-06,0.38306451612903236
5,ghz_nativegates_ibm_qiskit_opt3_17,,,,,,,,,,,,,,,3.0,4.0,40,2.1499999999999997e-06,0.9770276854288693,2e-06,0.24727906976744188,,,,,,,
16,ghz_nativegates_ibm_qiskit_opt3_17,,,,,,,,,,,,,,,1.0,2.0,8,7.650000000000001e-06,0.9789846562121751,5e-07,0.571078431372549,,,,,,,
15,ghz_nativegates_ibm_qiskit_opt3_17,,,,,,,,1.0,2.0,8,7.150000000000001e-06,0.9789846562121752,1e-06,0.4797979797979796,,,,,,,,,,,,,,
10,ghz_nativegates_ibm_qiskit_opt3_17,1.0,2.0,8.0,4.6499999999999995e-06,0.9789846562121752,3.4999999999999995e-06,0.38306451612903236,,,,,,,,,,,,,,,,,,,,,
16,ghz_nativegates_ibm_qiskit_opt3_17,1.0,2.0,8.0,5.15e-06,0.9789846562121752,2.9999999999999997e-06,0.387529945782373,,,,,,,,,,,,,,,,,,,,,
16,e_indep_qiskit_48,,,,,,,,,,,,,,,236.0,18.0,4294967296,1.6550000000000002e-05,0.5938323918531,7.500000000000002e-06,0.00235034992785078,,,,,,,
27,e_indep_qiskit_48,,,,,,,,,,,,,,,,,,,,,,114.0,6.0,18014398509481984,4.769999999999993e-05,0.6708395897025166,1.3000000000000004e-05,0.10547395310617079
27,e_indep_qiskit_48,,,,,,,,,,,,,,,114.0,6.0,18014398509481984,4.769999999999993e-05,0.6708395897025166,1.3000000000000004e-05,0.10547395310617079,,,,,,,
16,e_indep_qiskit_48,,,,,,,,,,,,,,,,,,,,,,236.0,18.0,4294967296,1.6550000000000002e-05,0.5938323918531,7.500000000000002e-06,0.00235034992785078
27,e_indep_qiskit_48,,,,,,,,114.0,6.0,18014398509481984,4.769999999999993e-05,0.6708395897025166,1.3000000000000004e-05,0.10547395310617079,,,,,,,,,,,,,,
16,e_indep_qiskit_48,,,,,,,,236.0,18.0,4294967296,1.6550000000000002e-05,0.5938323918531,7.500000000000002e-06,0.00235034992785078,,,,,,,,,,,,,,
65,wstate_indep_qiskit_95,,,,,,,,,,,,,,,,,,,,,,2.0,2.0,32,3.5699999999999994e-05,0.8723655663288226,1.75e-05,0.2931433534952443
46,wstate_indep_qiskit_95,4.0,3.0,272.0,2.1349999999999997e-05,0.8706217667888835,1.59e-05,0.17518749888603385,,,,,,,,,,,,,,,,,,,,,
46,wstate_indep_qiskit_95,,,,,,,,,,,,,,,,,,,,,,4.0,3.0,256,2.5249999999999997e-05,0.8706217667888835,3.7499999999999992e-06,0.20774996192035147
36,wstate_indep_qiskit_95,,,,,,,,,,,,,,,4.0,3.0,256,1.975e-05,0.8706217667888836,1.4750000000000003e-05,0.173295918154879,,,,,,,
65,wstate_indep_qiskit_95,,,,,,,,,,,,,,,2.0,2.0,32,3.5699999999999994e-05,0.8723655663288226,1.75e-05,0.2931433534952443,,,,,,,
71,wstate_indep_qiskit_95,,,,,,,,2.0,2.0,32,3.899999999999999e-05,0.8723655663288226,1.4200000000000003e-05,0.2970049440739781,,,,,,,,,,,,,,
56,wstate_indep_qiskit_95,,,,,,,,2.0,2.0,32,3.0749999999999995e-05,0.8723655663288225,2.2449999999999997e-05,0.29090092465376843,,,,,,,,,,,,,,
27,wstate_indep_qiskit_95,,,,,,,,,,,,,,,,,,,,,,6.0,4.0,256,1.4800000000000002e-05,0.8688814529858343,1.0900000000000004e-05,0.10902365610669902
91,wstate_indep_qiskit_95,,,,,,,,,,,,,,,2.0,2.0,32,4.999999999999999e-05,0.8723655663288227,3.1999999999999994e-06,0.38119190705128214,,,,,,,
51,wstate_indep_qiskit_95,,,,,,,,,,,,,,,,,,,,,,2.0,2.0,32,2.7999999999999996e-05,0.8723655663288223,2.5199999999999996e-05,0.29096461954346975
31,wstate_indep_qiskit_95,,,,,,,,,,,,,,,6.0,4.0,256,1.7e-05,0.868881452985834,4.2999999999999995e-06,0.12197387290346193,,,,,,,
50,wstate_indep_qiskit_95,,,,,,,,2.0,2.0,32,2.7449999999999996e-05,0.8723655663288223,2.5749999999999996e-05,0.29107708180240965,,,,,,,,,,,,,,
76,wstate_indep_qiskit_95,,,,,,,,2.0,2.0,32,4.174999999999999e-05,0.8723655663288226,1.1450000000000004e-05,0.3027078456279811,,,,,,,,,,,,,,
16,wstate_indep_qiskit_95,,,,,,,,,,,,,,,,,,,,,,12.0,7.0,256,8.750000000000004e-06,0.8636813563901199,5.9500000000000015e-06,0.03538780998921773
86,wstate_indep_qiskit_95,2.0,2.0,32.0,2.7449999999999996e-05,0.8723655663288223,2.5749999999999996e-05,0.29107708180240965,,,,,,,,,,,,,,,,,,,,,
81,wstate_indep_qiskit_95,,,,,,,,,,,,,,,,,,,,,,2.0,2.0,32,4.449999999999999e-05,0.8723655663288227,8.700000000000005e-06,0.3126388649724242
51,wstate_indep_qiskit_95,,,,,,,,2.0,2.0,32,2.7999999999999996e-05,0.8723655663288223,2.5199999999999996e-05,0.29096461954346975,,,,,,,,,,,,,,
16,wstate_indep_qiskit_95,,,,,,,,,,,,,,,12.0,7.0,256,8.750000000000004e-06,0.8636813563901199,5.9500000000000015e-06,0.03538780998921773,,,,,,,
36,wstate_indep_qiskit_95,,,,,,,,,,,,,,,,,,,,,,4.0,3.0,256,1.975e-05,0.8706217667888836,1.4750000000000003e-05,0.173295918154879
71,wstate_indep_qiskit_95,,,,,,,,,,,,,,,,,,,,,,2.0,2.0,32,3.899999999999999e-05,0.8723655663288226,1.4200000000000003e-05,0.2970049440739781
61,wstate_indep_qiskit_95,,,,,,,,2.0,2.0,32,3.3499999999999994e-05,0.8723655663288226,1.9699999999999998e-05,0.29172485192687925,,,,,,,,,,,,,,
27,wstate_indep_qiskit_95,,,,,,,,,,,,,,,6.0,4.0,256,1.4800000000000002e-05,0.8688814529858343,1.0900000000000004e-05,0.10902365610669902,,,,,,,
46,wstate_indep_qiskit_95,,,,,,,,4.0,3.0,256,2.5249999999999997e-05,0.8706217667888835,3.7499999999999992e-06,0.20774996192035147,,,,,,,,,,,,,,
41,wstate_indep_qiskit_95,6.0,4.0,272.0,1.8049999999999998e-05,0.8688814513342659,9.850000000000004e-06,0.11161645926055799,,,,,,,,,,,,,,,,,,,,,
81,wstate_indep_qiskit_95,,,,,,,,,,,,,,,2.0,2.0,32,4.449999999999999e-05,0.8723655663288227,8.700000000000005e-06,0.3126388649724242,,,,,,,
66,wstate_indep_qiskit_95,,,,,,,,,,,,,,,,,,,,,,2.0,2.0,32,3.6249999999999993e-05,0.8723655663288226,1.695e-05,0.2936245123227711
76,wstate_indep_qiskit_95,2.0,2.0,32.0,3.4049999999999994e-05,0.8723655663288226,1.9149999999999998e-05,0.29200970921696634,,,,,,,,,,,,,,,,,,,,,
66,wstate_indep_qiskit_95,,,,,,,,2.0,2.0,32,3.6249999999999993e-05,0.8723655663288226,1.695e-05,0.2936245123227711,,,,,,,,,,,,,,
86,wstate_indep_qiskit_95,,,,,,,,,,,,,,,2.0,2.0,32,4.724999999999999e-05,0.8723655663288226,5.9500000000000015e-06,0.3320007354597934,,,,,,,
41,wstate_indep_qiskit_95,,,,,,,,4.0,3.0,256,2.2499999999999998e-05,0.8706217667888835,9.250000000000005e-06,0.17836874683495282,,,,,,,,,,,,,,
81,wstate_indep_qiskit_95,2.0,2.0,32.0,3.4049999999999994e-05,0.8723655663288226,1.9149999999999998e-05,0.29200970921696634,,,,,,,,,,,,,,,,,,,,,
86,wstate_indep_qiskit_95,,,,,,,,2.0,2.0,32,4.724999999999999e-05,0.8723655663288226,5.9500000000000015e-06,0.3320007354597934,,,,,,,,,,,,,,
41,wstate_indep_qiskit_95,,,,,,,,,,,,,,,4.0,3.0,256,2.2499999999999998e-05,0.8706217667888835,9.250000000000005e-06,0.17836874683495282,,,,,,,
31,wstate_indep_qiskit_95,,,,,,,,,,,,,,,,,,,,,,6.0,4.0,256,1.7e-05,0.868881452985834,4.2999999999999995e-06,0.12197387290346193
61,wstate_indep_qiskit_95,2.0,2.0,32.0,3.344999999999999e-05,0.8723655663288222,1.975e-05,0.2964651733045155,,,,,,,,,,,,,,,,,,,,,
76,wstate_indep_qiskit_95,,,,,,,,,,,,,,,,,,,,,,2.0,2.0,32,4.174999999999999e-05,0.8723655663288226,1.1450000000000004e-05,0.3027078456279811
50,wstate_indep_qiskit_95,,,,,,,,,,,,,,,,,,,,,,2.0,2.0,32,2.7449999999999996e-05,0.8723655663288223,2.5749999999999996e-05,0.29107708180240965
66,wstate_indep_qiskit_95,,,,,,,,,,,,,,,2.0,2.0,32,3.6249999999999993e-05,0.8723655663288226,1.695e-05,0.2936245123227711,,,,,,,
27,wstate_indep_qiskit_95,,,,,,,,6.0,4.0,256,1.4800000000000002e-05,0.8688814529858343,1.0900000000000004e-05,0.10902365610669902,,,,,,,,,,,,,,
46,wstate_indep_qiskit_95,,,,,,,,,,,,,,,4.0,3.0,256,2.5249999999999997e-05,0.8706217667888835,3.7499999999999992e-06,0.20774996192035147,,,,,,,
81,wstate_indep_qiskit_95,,,,,,,,2.0,2.0,32,4.449999999999999e-05,0.8723655663288227,8.700000000000005e-06,0.3126388649724242,,,,,,,,,,,,,,
61,wstate_indep_qiskit_95,,,,,,,,,,,,,,,,,,,,,,2.0,2.0,32,3.3499999999999994e-05,0.8723655663288226,1.9699999999999998e-05,0.29172485192687925
56,wstate_indep_qiskit_95,2.0,2.0,32.0,2.7449999999999996e-05,0.8723655663288223,2.5749999999999996e-05,0.29107708180240965,,,,,,,,,,,,,,,,,,,,,
61,wstate_indep_qiskit_95,,,,,,,,,,,,,,,2.0,2.0,32,3.3499999999999994e-05,0.8723655663288226,1.9699999999999998e-05,0.29172485192687925,,,,,,,
91,wstate_indep_qiskit_95,,,,,,,,,,,,,,,,,,,,,,2.0,2.0,32,4.999999999999999e-05,0.8723655663288227,3.1999999999999994e-06,0.38119190705128214
51,wstate_indep_qiskit_95,,,,,,,,,,,,,,,2.0,2.0,32,2.7999999999999996e-05,0.8723655663288223,2.5199999999999996e-05,0.29096461954346975,,,,,,,
41,wstate_indep_qiskit_95,,,,,,,,,,,,,,,,,,,,,,4.0,3.0,256,2.2499999999999998e-05,0.8706217667888835,9.250000000000005e-06,0.17836874683495282
91,wstate_indep_qiskit_95,2.0,2.0,32.0,3.1299999999999995e-05,0.8723655663288225,2.1899999999999997e-05,0.2909909009799655,,,,,,,,,,,,,,,,,,,,,
16,wstate_indep_qiskit_95,,,,,,,,12.0,7.0,256,8.750000000000004e-06,0.8636813563901199,5.9500000000000015e-06,0.03538780998921773,,,,,,,,,,,,,,
31,wstate_indep_qiskit_95,,,,,,,,6.0,4.0,256,1.7e-05,0.868881452985834,4.2999999999999995e-06,0.12197387290346193,,,,,,,,,,,,,,
50,wstate_indep_qiskit_95,,,,,,,,,,,,,,,2.0,2.0,32,2.7449999999999996e-05,0.8723655663288223,2.5749999999999996e-05,0.29107708180240965,,,,,,,
66,wstate_indep_qiskit_95,2.0,2.0,32.0,2.6899999999999997e-05,0.8723655663288223,2.6299999999999996e-05,0.29122257497709825,,,,,,,,,,,,,,,,,,,,,
27,wstate_indep_qiskit_95,6.0,4.0,288.0,1.4250000000000002e-05,0.868881451334266,1.2050000000000003e-05,0.10910634525461546,,,,,,,,,,,,,,,,,,,,,
76,wstate_indep_qiskit_95,,,,,,,,,,,,,,,2.0,2.0,32,4.174999999999999e-05,0.8723655663288226,1.1450000000000004e-05,0.3027078456279811,,,,,,,
56,wstate_indep_qiskit_95,,,,,,,,,,,,,,,2.0,2.0,32,3.0749999999999995e-05,0.8723655663288225,2.2449999999999997e-05,0.29090092465376843,,,,,,,
86,wstate_indep_qiskit_95,,,,,,,,,,,,,,,,,,,,,,2.0,2.0,32,4.724999999999999e-05,0.8723655663288226,5.9500000000000015e-06,0.3320007354597934
56,wstate_indep_qiskit_95,,,,,,,,,,,,,,,,,,,,,,2.0,2.0,32,3.0749999999999995e-05,0.8723655663288225,2.2449999999999997e-05,0.29090092465376843
51,wstate_indep_qiskit_95,2.0,2.0,32.0,2.7999999999999996e-05,0.8723655663288223,2.5199999999999996e-05,0.29096461954346975,,,,,,,,,,,,,,,,,,,,,
91,wstate_indep_qiskit_95,,,,,,,,2.0,2.0,32,4.999999999999999e-05,0.8723655663288227,3.1999999999999994e-06,0.38119190705128214,,,,,,,,,,,,,,
50,wstate_indep_qiskit_95,2.0,2.0,32.0,2.7399999999999995e-05,0.8723655663288223,2.5799999999999997e-05,0.2916137490654696,,,,,,,,,,,,,,,,,,,,,
65,wstate_indep_qiskit_95,2.0,2.0,32.0,2.7449999999999996e-05,0.8723655663288223,2.5749999999999996e-05,0.29107708180240965,,,,,,,,,,,,,,,,,,,,,
36,wstate_indep_qiskit_95,,,,,,,,4.0,3.0,256,1.975e-05,0.8706217667888836,1.4750000000000003e-05,0.173295918154879,,,,,,,,,,,,,,
71,wstate_indep_qiskit_95,,,,,,,,,,,,,,,2.0,2.0,32,3.899999999999999e-05,0.8723655663288226,1.4200000000000003e-05,0.2970049440739781,,,,,,,
65,wstate_indep_qiskit_95,,,,,,,,2.0,2.0,32,3.5699999999999994e-05,0.8723655663288226,1.75e-05,0.2931433534952443,,,,,,,,,,,,,,
16,e_indep_qiskit_23,,,,,,,,,,,,,,,38.0,4.0,4294967296,2.1299999999999993e-05,0.8896240462422013,7.500000000000002e-06,0.2520137943510352,,,,,,,
10,e_indep_qiskit_23,,,,,,,,,,,,,,,84.0,11.0,1048576,1.2000000000000004e-05,0.8496219102138935,3.4999999999999995e-06,0.02455946026280929,,,,,,,
5,e_indep_qiskit_23,,,,,,,,,,,,,,,,,,,,,,184.0,42.0,1024,4.8e-06,0.76873993192293,2e-06,4.681803843165366e-05
5,e_indep_qiskit_23,,,,,,,,,,,,,,,184.0,42.0,1024,4.8e-06,0.76873993192293,2e-06,4.681803843165366e-05,,,,,,,
10,e_indep_qiskit_23,,,,,,,,,,,,,,,,,,,,,,84.0,11.0,1048576,1.2000000000000004e-05,0.8496219102138935,3.4999999999999995e-06,0.02455946026280929
5,e_indep_qiskit_23,,,,,,,,184.0,42.0,1024,4.8e-06,0.7687398365508576,1e-06,4.38580947528839e-05,,,,,,,,,,,,,,
16,e_indep_qiskit_23,,,,,,,,,,,,,,,,,,,,,,38.0,4.0,4294967296,2.1299999999999993e-05,0.8896240462422013,7.500000000000002e-06,0.2520137943510352
10,e_indep_qiskit_23,,,,,,,,84.0,11.0,1048576,1.2000000000000004e-05,0.8496219102138935,3.4999999999999995e-06,0.02455946026280929,,,,,,,,,,,,,,
16,e_indep_qiskit_23,,,,,,,,38.0,4.0,4294967296,2.1299999999999993e-05,0.8896240462422013,7.500000000000002e-06,0.2520137943510352,,,,,,,,,,,,,,
27,graphstate_nativegates_ibm_qiskit_opt3_90,,,,,,,,4.0,4.0,51,4.9000000000000005e-06,0.8915895837302789,1.7999999999999997e-06,0.07583581618491682,,,,,,,,,,,,,,
50,graphstate_nativegates_ibm_qiskit_opt3_90,,,,,,,,,,,,,,,,,,,,,,2.0,2.0,35,4.9000000000000005e-06,0.8933754180042085,1.7999999999999997e-06,0.10107735388522628
65,graphstate_nativegates_ibm_qiskit_opt3_90,,,,,,,,,,,,,,,2.0,2.0,35,5.550000000000002e-06,0.8933754180042083,1.7999999999999997e-06,0.0916322644867804,,,,,,,
16,graphstate_nativegates_ibm_qiskit_opt3_90,,,,,,,,5.0,7.0,51,4.3e-06,0.8906980057282866,1.7999999999999997e-06,0.039982004341137176,,,,,,,,,,,,,,
65,graphstate_nativegates_ibm_qiskit_opt3_90,,,,,,,,,,,,,,,,,,,,,,2.0,2.0,35,4.9000000000000005e-06,0.8933754180042085,1.7999999999999997e-06,0.10107735388522628
50,graphstate_nativegates_ibm_qiskit_opt3_90,2.0,2.0,32.0,4.900000000000001e-06,0.8933754180042079,4.3e-06,0.201366533324293,,,,,,,,,,,,,,,,,,,,,
16,graphstate_nativegates_ibm_qiskit_opt3_90,,,,,,,,,,,,,,,,,,,,,,5.0,6.0,51,4.3e-06,0.8906980057282866,1.7999999999999997e-06,0.04036609624936282
50,graphstate_nativegates_ibm_qiskit_opt3_90,,,,,,,,,,,,,,,2.0,2.0,35,5.550000000000002e-06,0.8933754180042083,1.7999999999999997e-06,0.0916322644867804,,,,,,,
65,graphstate_nativegates_ibm_qiskit_opt3_90,2.0,2.0,32.0,5.550000000000002e-06,0.8933754181829241,4.3e-06,0.1857472551205305,,,,,,,,,,,,,,,,,,,,,
27,graphstate_nativegates_ibm_qiskit_opt3_90,,,,,,,,,,,,,,,,,,,,,,4.0,4.0,51,4.9000000000000005e-06,0.8915895837302789,1.7999999999999997e-06,0.07668180363485697
50,graphstate_nativegates_ibm_qiskit_opt3_90,,,,,,,,2.0,2.0,35,4.9000000000000005e-06,0.8933754180042085,1.7999999999999997e-06,0.10107735388522628,,,,,,,,,,,,,,
65,graphstate_nativegates_ibm_qiskit_opt3_90,,,,,,,,2.0,2.0,35,4.9000000000000005e-06,0.8933754180042085,1.7999999999999997e-06,0.10107735388522628,,,,,,,,,,,,,,
16,graphstate_nativegates_ibm_qiskit_opt3_90,,,,,,,,,,,,,,,5.0,6.0,51,4.3e-06,0.8906980057282867,1.7999999999999997e-06,0.039565094541312136,,,,,,,
16,graphstate_nativegates_ibm_qiskit_opt3_90,6.0,6.0,48.0,4.900000000000001e-06,0.8898073196487191,2.0999999999999994e-06,0.040132866696663015,,,,,,,,,,,,,,,,,,,,,
27,graphstate_nativegates_ibm_qiskit_opt3_90,4.0,4.0,48.0,5.550000000000002e-06,0.8915895840869965,3.249999999999999e-06,0.06748991647706455,,,,,,,,,,,,,,,,,,,,,
27,graphstate_nativegates_ibm_qiskit_opt3_90,,,,,,,,,,,,,,,4.0,4.0,51,5.550000000000002e-06,0.8915895837302794,1.7999999999999997e-06,0.0462463450532973,,,,,,,
27,ghz_nativegates_ibm_qiskit_opt3_44,,,,,,,,1.0,2.0,8,1.3150000000000005e-05,0.9477605826482381,8.500000000000002e-06,0.3012877685459011,,,,,,,,,,,,,,
16,ghz_nativegates_ibm_qiskit_opt3_44,,,,,,,,2.0,3.0,24,7.650000000000001e-06,0.946812831535612,6.500000000000001e-06,0.1835609243697478,,,,,,,,,,,,,,
10,ghz_nativegates_ibm_qiskit_opt3_44,4.0,5.0,40.0,4.6499999999999995e-06,0.9449201715875559,3.4999999999999995e-06,0.08274193548387099,,,,,,,,,,,,,,,,,,,,,
16,ghz_nativegates_ibm_qiskit_opt3_44,2.0,3.0,24.0,7.500000000000002e-06,0.9468128315356121,6.650000000000001e-06,0.183862278464017,,,,,,,,,,,,,,,,,,,,,
10,ghz_nativegates_ibm_qiskit_opt3_44,,,,,,,,4.0,5.0,52,4.6499999999999995e-06,0.9449201715875557,3.4999999999999995e-06,0.08274193548387097,,,,,,,,,,,,,,
27,ghz_nativegates_ibm_qiskit_opt3_44,,,,,,,,,,,,,,,,,,,,,,1.0,2.0,8,1.3150000000000005e-05,0.9477605826482381,8.500000000000002e-06,0.3012877685459011
10,ghz_nativegates_ibm_qiskit_opt3_44,,,,,,,,,,,,,,,4.0,5.0,52,4.6499999999999995e-06,0.9449201715875557,3.4999999999999995e-06,0.08274193548387097,,,,,,,
10,ghz_nativegates_ibm_qiskit_opt3_44,,,,,,,,,,,,,,,,,,,,,,4.0,5.0,52,4.6499999999999995e-06,0.9449201715875557,3.4999999999999995e-06,0.08274193548387097
16,ghz_nativegates_ibm_qiskit_opt3_44,,,,,,,,,,,,,,,,,,,,,,2.0,3.0,24,7.650000000000001e-06,0.946812831535612,6.500000000000001e-06,0.1835609243697478
27,ghz_nativegates_ibm_qiskit_opt3_44,1.0,2.0,8.0,1.3000000000000004e-05,0.947760582648238,8.650000000000002e-06,0.3024929232379456,,,,,,,,,,,,,,,,,,,,,
27,ghz_nativegates_ibm_qiskit_opt3_44,,,,,,,,,,,,,,,1.0,2.0,8,1.3150000000000005e-05,0.9477605826482381,8.500000000000002e-06,0.3012877685459011,,,,,,,
16,ghz_nativegates_ibm_qiskit_opt3_44,,,,,,,,,,,,,,,2.0,3.0,24,7.650000000000001e-06,0.946812831535612,6.500000000000001e-06,0.1835609243697478,,,,,,,
50,ghz_nativegates_ibm_qiskit_opt3_81,,,,,,,,,,,,,,,1.0,2.0,8,2.464999999999998e-05,0.9065830734480618,1.5500000000000004e-05,0.2778017241379312,,,,,,,
27,ghz_nativegates_ibm_qiskit_opt3_81,,,,,,,,3.0,4.0,40,1.3150000000000005e-05,0.9047708319832749,1e-06,0.13034105624850967,,,,,,,,,,,,,,
16,ghz_nativegates_ibm_qiskit_opt3_81,,,,,,,,5.0,6.0,52,7.650000000000001e-06,0.902962213152997,2.4999999999999998e-06,0.038114884320427325,,,,,,,,,,,,,,
65,ghz_nativegates_ibm_qiskit_opt3_81,,,,,,,,,,,,,,,1.0,2.0,8,3.214999999999996e-05,0.9065830734480619,8.000000000000001e-06,0.2892725698964837,,,,,,,
65,ghz_nativegates_ibm_qiskit_opt3_81,,,,,,,,,,,,,,,,,,,,,,1.0,2.0,8,3.214999999999996e-05,0.9065830734480619,8.000000000000001e-06,0.2892725698964837
50,ghz_nativegates_ibm_qiskit_opt3_81,,,,,,,,,,,,,,,,,,,,,,1.0,2.0,8,2.464999999999998e-05,0.9065830734480618,1.5500000000000004e-05,0.2778017241379312
27,ghz_nativegates_ibm_qiskit_opt3_81,3.0,4.0,40.0,1.2000000000000004e-05,0.904770831983275,8.150000000000002e-06,0.09194990697209657,,,,,,,,,,,,,,,,,,,,,
50,ghz_nativegates_ibm_qiskit_opt3_81,1.0,2.0,8.0,2.399999999999998e-05,0.9065830734480618,1.6150000000000003e-05,0.2782443120788987,,,,,,,,,,,,,,,,,,,,,
16,ghz_nativegates_ibm_qiskit_opt3_81,5.0,6.0,52.0,7.650000000000001e-06,0.902962213152997,5.500000000000001e-06,0.03500600961538458,,,,,,,,,,,,,,,,,,,,,
65,ghz_nativegates_ibm_qiskit_opt3_81,,,,,,,,1.0,2.0,8,3.214999999999996e-05,0.9065830734480619,8.000000000000001e-06,0.2892725698964837,,,,,,,,,,,,,,
65,ghz_nativegates_ibm_qiskit_opt3_81,1.0,2.0,8.0,2.2499999999999984e-05,0.9065830734480618,1.765e-05,0.2774561727634769,,,,,,,,,,,,,,,,,,,,,
27,ghz_nativegates_ibm_qiskit_opt3_81,,,,,,,,,,,,,,,,,,,,,,3.0,4.0,40,1.3150000000000005e-05,0.9047708319832749,1e-06,0.13034105624850967
27,ghz_nativegates_ibm_qiskit_opt3_81,,,,,,,,,,,,,,,3.0,4.0,40,1.3150000000000005e-05,0.9047708319832749,1e-06,0.13034105624850967,,,,,,,
16,ghz_nativegates_ibm_qiskit_opt3_81,,,,,,,,,,,,,,,5.0,6.0,52,7.650000000000001e-06,0.902962213152997,2.4999999999999998e-06,0.038114884320427325,,,,,,,
16,ghz_nativegates_ibm_qiskit_opt3_81,,,,,,,,,,,,,,,,,,,,,,5.0,6.0,52,7.650000000000001e-06,0.902962213152997,2.4999999999999998e-06,0.038114884320427325
50,ghz_nativegates_ibm_qiskit_opt3_81,,,,,,,,1.0,2.0,8,2.464999999999998e-05,0.9065830734480618,1.5500000000000004e-05,0.2778017241379312,,,,,,,,,,,,,,
16,graphstate_nativegates_ibm_qiskit_opt3_55,,,,,,,,2.0,4.0,34,3.749999999999999e-06,0.9326922821893429,2.5999999999999992e-06,0.13800942414142453,,,,,,,,,,,,,,
16,graphstate_nativegates_ibm_qiskit_opt3_55,,,,,,,,,,,,,,,,,,,,,,2.0,4.0,34,4.4e-06,0.9326922821893427,2.4499999999999994e-06,0.12853915976496616
27,graphstate_nativegates_ibm_qiskit_opt3_55,,,,,,,,0.0,3.0,3,4.4e-06,0.9345604442618447,3.099999999999999e-06,0.1703426322781161,,,,,,,,,,,,,,
10,graphstate_nativegates_ibm_qiskit_opt3_55,,,,,,,,,,,,,,,8.0,7.0,48,2.749999999999999e-06,0.9271101725718043,1.1499999999999998e-06,0.055417113985351873,,,,,,,
50,graphstate_nativegates_ibm_qiskit_opt3_55,,,,,,,,,,,,,,,0.0,2.0,3,4.4e-06,0.9345604442618447,3.099999999999999e-06,0.1703426322781161,,,,,,,
10,graphstate_nativegates_ibm_qiskit_opt3_55,7.0,7.0,48.0,3.749999999999999e-06,0.9280381990866156,1.9499999999999995e-06,0.04738431464965871,,,,,,,,,,,,,,,,,,,,,
50,graphstate_nativegates_ibm_qiskit_opt3_55,,,,,,,,,,,,,,,,,,,,,,0.0,2.0,3,4.4e-06,0.9345604442618447,3.099999999999999e-06,0.1703426322781161
16,graphstate_nativegates_ibm_qiskit_opt3_55,4.0,4.0,48.0,3.749999999999999e-06,0.9308278550829621,2.4499999999999994e-06,0.13654015531187938,,,,,,,,,,,,,,,,,,,,,
50,graphstate_nativegates_ibm_qiskit_opt3_55,,,,,,,,0.0,2.0,3,4.4e-06,0.9345604442618447,3.099999999999999e-06,0.1703426322781161,,,,,,,,,,,,,,
27,graphstate_nativegates_ibm_qiskit_opt3_55,,,,,,,,,,,,,,,0.0,3.0,3,4.4e-06,0.9345604442618447,3.099999999999999e-06,0.1703426322781161,,,,,,,
10,graphstate_nativegates_ibm_qiskit_opt3_55,,,,,,,,8.0,7.0,48,2.749999999999999e-06,0.9271101725718043,1.1499999999999998e-06,0.055417113985351873,,,,,,,,,,,,,,
27,graphstate_nativegates_ibm_qiskit_opt3_55,,,,,,,,,,,,,,,,,,,,,,0.0,3.0,3,4.4e-06,0.9345604442618447,3.099999999999999e-06,0.1703426322781161
10,graphstate_nativegates_ibm_qiskit_opt3_55,,,,,,,,,,,,,,,,,,,,,,8.0,7.0,48,2.749999999999999e-06,0.9271101725718043,1.1499999999999998e-06,0.055417113985351873
16,graphstate_nativegates_ibm_qiskit_opt3_55,,,,,,,,,,,,,,,2.0,4.0,34,4.4e-06,0.9326922821893427,2.4499999999999994e-06,0.12853915976496616,,,,,,,
27,peexact_indep_qiskit_38,,,,,,,,,,,,,,,104.0,6.0,18014398509481984,1.9649999999999997e-05,0.7504215184967699,1.2050000000000003e-05,0.09623158904032421,,,,,,,
16,peexact_indep_qiskit_38,,,,,,,,,,,,,,,169.0,13.0,4294967296,1.3550000000000004e-05,0.7031926482765184,4.049999999999999e-06,0.00863186351369341,,,,,,,
16,peexact_indep_qiskit_38,,,,,,,,,,,,,,,,,,,,,,169.0,13.0,4294967296,1.3550000000000004e-05,0.7031926482765184,4.049999999999999e-06,0.00863186351369341
27,peexact_indep_qiskit_38,,,,,,,,,,,,,,,,,,,,,,104.0,6.0,18014398509481984,1.9649999999999997e-05,0.7504215184967699,1.2050000000000003e-05,0.09623158904032421
16,peexact_indep_qiskit_38,,,,,,,,169.0,13.0,4294967296,1.3550000000000004e-05,0.7031926482765184,4.049999999999999e-06,0.00863186351369341,,,,,,,,,,,,,,
27,peexact_indep_qiskit_38,,,,,,,,104.0,6.0,18014398509481984,1.9649999999999997e-05,0.7504215184967699,1.2050000000000003e-05,0.09623158904032421,,,,,,,,,,,,,,
50,graphstate_nativegates_ibm_qiskit_opt3_99,,,,,,,,2.0,3.0,33,4.4e-06,0.8835361010642734,3.3999999999999988e-06,0.15101841205160613,,,,,,,,,,,,,,
27,graphstate_nativegates_ibm_qiskit_opt3_99,,,,,,,,,,,,,,,3.0,4.0,48,4.4e-06,0.8826525764403322,2.5999999999999992e-06,0.11250902253201939,,,,,,,
27,graphstate_nativegates_ibm_qiskit_opt3_99,,,,,,,,,,,,,,,,,,,,,,3.0,4.0,48,4.4e-06,0.8826525764403322,2.5999999999999992e-06,0.11250902253201939
65,graphstate_nativegates_ibm_qiskit_opt3_99,,,,,,,,2.0,2.0,33,4.4e-06,0.8835361010642735,3.3999999999999988e-06,0.14500252468727037,,,,,,,,,,,,,,
65,graphstate_nativegates_ibm_qiskit_opt3_99,,,,,,,,,,,,,,,2.0,2.0,33,4.4e-06,0.8835361010642734,3.599999999999999e-06,0.15033085384806988,,,,,,,
50,graphstate_nativegates_ibm_qiskit_opt3_99,3.0,3.0,48.0,4.4e-06,0.8826525769700451,3.3999999999999988e-06,0.11931495573162415,,,,,,,,,,,,,,,,,,,,,
27,graphstate_nativegates_ibm_qiskit_opt3_99,,,,,,,,3.0,4.0,48,4.4e-06,0.8826525764403321,2.5999999999999992e-06,0.10262910373612465,,,,,,,,,,,,,,
65,graphstate_nativegates_ibm_qiskit_opt3_99,,,,,,,,,,,,,,,,,,,,,,2.0,2.0,33,4.4e-06,0.8835361010642734,3.599999999999999e-06,0.15033085384806988
50,graphstate_nativegates_ibm_qiskit_opt3_99,,,,,,,,,,,,,,,2.0,3.0,33,4.4e-06,0.8835361010642734,3.3999999999999988e-06,0.15101841205160613,,,,,,,
50,graphstate_nativegates_ibm_qiskit_opt3_99,,,,,,,,,,,,,,,,,,,,,,2.0,3.0,33,4.4e-06,0.8835361010642734,3.3999999999999988e-06,0.15101841205160613
65,graphstate_nativegates_ibm_qiskit_opt3_99,2.0,2.0,32.0,4.4e-06,0.883536101241021,4.25e-06,0.22109211275111998,,,,,,,,,,,,,,,,,,,,,
5,realamprandom_nativegates_ibm_qiskit_opt3_15,,,,,,,,,,,,,,,213.0,46.0,16384,3.9e-06,0.7456310856370527,1.6999999999999998e-06,3.676888158860087e-05,,,,,,,
10,realamprandom_nativegates_ibm_qiskit_opt3_15,,,,,,,,,,,,,,,75.0,9.0,1048576,8.700000000000001e-06,0.85601215575101,4.700000000000002e-06,0.06449924986966982,,,,,,,
10,realamprandom_nativegates_ibm_qiskit_opt3_15,,,,,,,,,,,,,,,,,,,,,,75.0,9.0,1048576,8.700000000000001e-06,0.85601215575101,4.700000000000002e-06,0.06449924986966982
5,realamprandom_nativegates_ibm_qiskit_opt3_15,,,,,,,,,,,,,,,,,,,,,,213.0,46.0,16384,3.9e-06,0.7456310856370527,1.6999999999999998e-06,3.676888158860087e-05
10,realamprandom_nativegates_ibm_qiskit_opt3_15,,,,,,,,75.0,9.0,1048576,8.700000000000001e-06,0.85601215575101,4.700000000000002e-06,0.06449924986966982,,,,,,,,,,,,,,
5,realamprandom_nativegates_ibm_qiskit_opt3_15,,,,,,,,214.0,46.0,16384,3.9e-06,0.7448854873449776,2e-06,3.4993688218378494e-05,,,,,,,,,,,,,,
16,hor_15_4_indep_qiskit_18,,,,,,,,,,,,,,,22.0,3.0,4294967296,0.0021833000000001206,0.16947116953253988,5.050000000000001e-06,0.6033811728118128,,,,,,,
16,hor_15_4_indep_qiskit_18,,,,,,,,,,,,,,,,,,,,,,22.0,3.0,4294967296,0.0021833000000001206,0.16947116953253988,5.050000000000001e-06,0.6033811728118128
16,hor_15_4_indep_qiskit_18,,,,,,,,22.0,3.0,4294967296,0.0021833000000001206,0.16947116953253988,5.050000000000001e-06,0.6033811728118128,,,,,,,,,,,,,,
65,ghz_nativegates_ibm_qiskit_opt3_86,,,,,,,,1.0,2.0,8,3.214999999999996e-05,0.9011575163869358,1.0500000000000003e-05,0.282352173487477,,,,,,,,,,,,,,
65,ghz_nativegates_ibm_qiskit_opt3_86,1.0,2.0,8.0,2.6999999999999972e-05,0.9011575163869354,1.5650000000000004e-05,0.27761218414173705,,,,,,,,,,,,,,,,,,,,,
16,ghz_nativegates_ibm_qiskit_opt3_86,5.0,6.0,40.0,7.650000000000001e-06,0.8975583255722709,6.500000000000001e-06,0.03343431122448976,,,,,,,,,,,,,,,,,,,,,
16,ghz_nativegates_ibm_qiskit_opt3_86,,,,,,,,,,,,,,,,,,,,,,5.0,6.0,52,7.650000000000001e-06,0.8975583255722709,5e-06,0.0337836474658333
16,ghz_nativegates_ibm_qiskit_opt3_86,,,,,,,,,,,,,,,5.0,6.0,52,7.650000000000001e-06,0.8975583255722709,5e-06,0.0337836474658333,,,,,,,
27,ghz_nativegates_ibm_qiskit_opt3_86,,,,,,,,,,,,,,,3.0,4.0,40,1.3150000000000005e-05,0.8993561205023983,3.4999999999999995e-06,0.09775579218638225,,,,,,,
50,ghz_nativegates_ibm_qiskit_opt3_86,,,,,,,,1.0,2.0,8,2.464999999999998e-05,0.9011575163869355,1.7999999999999997e-05,0.2755934433419223,,,,,,,,,,,,,,
50,ghz_nativegates_ibm_qiskit_opt3_86,1.0,2.0,8.0,2.399999999999998e-05,0.9011575163869355,1.8649999999999996e-05,0.27588168045544753,,,,,,,,,,,,,,,,,,,,,
27,ghz_nativegates_ibm_qiskit_opt3_86,,,,,,,,,,,,,,,,,,,,,,3.0,4.0,40,1.3150000000000005e-05,0.8993561205023983,3.4999999999999995e-06,0.09775579218638225
27,ghz_nativegates_ibm_qiskit_opt3_86,3.0,4.0,40.0,1.2500000000000004e-05,0.8993561205023981,9.000000000000002e-06,0.089979879345939,,,,,,,,,,,,,,,,,,,,,
50,ghz_nativegates_ibm_qiskit_opt3_86,,,,,,,,,,,,,,,1.0,2.0,8,2.464999999999998e-05,0.9011575163869355,1.7999999999999997e-05,0.2755934433419223,,,,,,,
16,ghz_nativegates_ibm_qiskit_opt3_86,,,,,,,,5.0,6.0,52,7.650000000000001e-06,0.8975583255722709,5e-06,0.0337836474658333,,,,,,,,,,,,,,
27,ghz_nativegates_ibm_qiskit_opt3_86,,,,,,,,3.0,4.0,40,1.3150000000000005e-05,0.8993561205023983,3.4999999999999995e-06,0.09775579218638225,,,,,,,,,,,,,,
65,ghz_nativegates_ibm_qiskit_opt3_86,,,,,,,,,,,,,,,1.0,2.0,8,3.214999999999996e-05,0.9011575163869358,1.0500000000000003e-05,0.282352173487477,,,,,,,
50,ghz_nativegates_ibm_qiskit_opt3_86,,,,,,,,,,,,,,,,,,,,,,1.0,2.0,8,2.464999999999998e-05,0.9011575163869355,1.7999999999999997e-05,0.2755934433419223
65,ghz_nativegates_ibm_qiskit_opt3_86,,,,,,,,,,,,,,,,,,,,,,1.0,2.0,8,3.214999999999996e-05,0.9011575163869358,1.0500000000000003e-05,0.282352173487477
50,e_indep_qiskit_56,,,,,,,,,,,,,,,,,,,,,,105.0,4.0,1267650600228229401496703205376,5.41999999999999e-05,0.6169321927086612,7.550000000000002e-06,0.17658365032419412
50,e_indep_qiskit_56,,,,,,,,,,,,,,,105.0,4.0,1267650600228229401496703205376,5.41999999999999e-05,0.6169321927086612,7.550000000000002e-06,0.17658365032419412,,,,,,,
27,e_indep_qiskit_56,,,,,,,,,,,,,,,232.0,11.0,18014398509481984,2.865e-05,0.5435394905724483,1.05e-06,0.009112476387007,,,,,,,
27,e_indep_qiskit_56,,,,,,,,,,,,,,,,,,,,,,232.0,11.0,18014398509481984,2.865e-05,0.5435394905724483,1.05e-06,0.009112476387007
27,e_indep_qiskit_56,,,,,,,,217.0,11.0,18014398509481984,2.865e-05,0.5517577948100953,6.500000000000001e-06,0.011955274426753612,,,,,,,,,,,,,,
50,e_indep_qiskit_56,,,,,,,,105.0,4.0,1267650600228229401496703205376,5.41999999999999e-05,0.6169321927086612,7.550000000000002e-06,0.17658365032419412,,,,,,,,,,,,,,
50,realamprandom_nativegates_ibm_qiskit_opt3_56,,,,,,,,,,,,,,,168.0,5.0,1267650600228229401496703205376,4.8699999999999917e-05,0.31373703660380503,2.0199999999999996e-05,0.24558120590242996,,,,,,,
50,realamprandom_nativegates_ibm_qiskit_opt3_56,,,,,,,,,,,,,,,,,,,,,,168.0,5.0,1267650600228229401496703205376,4.8699999999999917e-05,0.31373703660380503,2.0199999999999996e-05,0.24558120590242996
50,realamprandom_nativegates_ibm_qiskit_opt3_56,,,,,,,,168.0,5.0,1267650600228229401496703205376,4.8699999999999917e-05,0.31373703660380503,2.0199999999999996e-05,0.24558120590242996,,,,,,,,,,,,,,
65,peexact_indep_qiskit_72,,,,,,,,,,,,,,,143.0,4.0,1361129467683753853853498429727072845824,5.9649999999999885e-05,0.47906050806471384,1.6050000000000004e-05,0.2391448757785399,,,,,,,
50,peexact_indep_qiskit_72,,,,,,,,195.0,6.0,1267650600228229401496703205376,3.714999999999995e-05,0.45500064331999324,2.449999999999998e-05,0.09022754010883885,,,,,,,,,,,,,,
50,peexact_indep_qiskit_72,,,,,,,,,,,,,,,,,,,,,,168.0,5.0,1267650600228229401496703205376,4.4049999999999926e-05,0.46738908827541037,2.1499999999999987e-05,0.13524565618256001
65,peexact_indep_qiskit_72,,,,,,,,,,,,,,,,,,,,,,143.0,4.0,1361129467683753853853498429727072845824,5.9649999999999885e-05,0.47906050806471384,1.6050000000000004e-05,0.2391448757785399
65,peexact_indep_qiskit_72,,,,,,,,143.0,4.0,1361129467683753853853498429727072845824,5.9649999999999885e-05,0.47906050806471384,1.6050000000000004e-05,0.2391448757785399,,,,,,,,,,,,,,
50,peexact_indep_qiskit_72,,,,,,,,,,,,,,,168.0,5.0,1267650600228229401496703205376,4.4049999999999926e-05,0.46738908827541037,2.1499999999999987e-05,0.13524565618256001,,,,,,,
65,peexact_indep_qiskit_86,,,,,,,,247.0,6.0,1361129467683753853853498429727072845824,5.2649999999999904e-05,0.3410891128490226,1.8049999999999998e-05,0.07800474372152813,,,,,,,,,,,,,,
65,peexact_indep_qiskit_86,,,,,,,,,,,,,,,,,,,,,,247.0,6.0,1361129467683753853853498429727072845824,5.2649999999999904e-05,0.3410891128490226,1.8049999999999998e-05,0.07800474372152813
65,peexact_indep_qiskit_86,,,,,,,,,,,,,,,247.0,6.0,1361129467683753853853498429727072845824,5.2649999999999904e-05,0.3410891128490226,1.8049999999999998e-05,0.07800474372152813,,,,,,,
50,e_indep_qiskit_67,,,,,,,,116.0,4.0,1267650600228229401496703205376,6.629999999999988e-05,0.5262146833382942,2.404999999999998e-05,0.21153898181751313,,,,,,,,,,,,,,
65,e_indep_qiskit_67,,,,,,,,,,,,,,,131.0,4.0,1361129467683753853853498429727072845824,7.044999999999999e-05,0.5181066475321436,1.55e-06,0.17901526500245224,,,,,,,
65,e_indep_qiskit_67,,,,,,,,131.0,4.0,1361129467683753853853498429727072845824,7.044999999999999e-05,0.5181066475321436,1.55e-06,0.17901526500245224,,,,,,,,,,,,,,
50,e_indep_qiskit_67,,,,,,,,,,,,,,,116.0,4.0,1267650600228229401496703205376,6.629999999999988e-05,0.5262146833382942,2.404999999999998e-05,0.21153898181751313,,,,,,,
65,e_indep_qiskit_67,,,,,,,,,,,,,,,,,,,,,,131.0,4.0,1361129467683753853853498429727072845824,7.044999999999999e-05,0.5181066475321436,1.55e-06,0.17901526500245224
50,e_indep_qiskit_67,,,,,,,,,,,,,,,,,,,,,,116.0,4.0,1267650600228229401496703205376,6.629999999999988e-05,0.5262146833382942,2.404999999999998e-05,0.21153898181751313
50,e_indep_qiskit_58,,,,,,,,,,,,,,,,,,,,,,107.0,4.0,1267650600228229401496703205376,5.6399999999999894e-05,0.6004324198562891,1.0550000000000002e-05,0.18335272066304192
27,e_indep_qiskit_58,,,,,,,,,,,,,,,221.0,11.0,18014398509481984,3.0099999999999966e-05,0.5359319719565677,8.500000000000002e-06,0.015479420804823762,,,,,,,
50,e_indep_qiskit_58,,,,,,,,,,,,,,,107.0,4.0,1267650600228229401496703205376,5.6399999999999894e-05,0.6004324198562891,1.0550000000000002e-05,0.18335272066304192,,,,,,,
50,e_indep_qiskit_58,,,,,,,,107.0,4.0,1267650600228229401496703205376,5.6399999999999894e-05,0.6004324198562891,1.0550000000000002e-05,0.18335272066304192,,,,,,,,,,,,,,
27,e_indep_qiskit_58,,,,,,,,221.0,11.0,18014398509481984,3.0099999999999966e-05,0.5359319719565677,8.500000000000002e-06,0.015479420804823762,,,,,,,,,,,,,,
27,e_indep_qiskit_58,,,,,,,,,,,,,,,,,,,,,,221.0,11.0,18014398509481984,3.0099999999999966e-05,0.5359319719565677,8.500000000000002e-06,0.015479420804823762
50,graphstate_nativegates_ibm_qiskit_opt3_108,,,,,,,,,,,,,,,,,,,,,,3.0,3.0,49,4.25e-06,0.8729313570375775,1.7999999999999997e-06,0.15416147168837963
65,graphstate_nativegates_ibm_qiskit_opt3_108,,,,,,,,,,,,,,,,,,,,,,2.0,2.0,33,4.25e-06,0.8738051508376972,1.7999999999999997e-06,0.2403247707351674
50,graphstate_nativegates_ibm_qiskit_opt3_108,,,,,,,,3.0,3.0,49,4.25e-06,0.8729313570375777,1.7999999999999997e-06,0.15852251357089486,,,,,,,,,,,,,,
65,graphstate_nativegates_ibm_qiskit_opt3_108,,,,,,,,2.0,2.0,33,4.4e-06,0.8738051508376973,1.7999999999999997e-06,0.24058349146110034,,,,,,,,,,,,,,
50,graphstate_nativegates_ibm_qiskit_opt3_108,3.0,3.0,48.0,4.4e-06,0.8729313572122038,4.25e-06,0.1252619336684629,,,,,,,,,,,,,,,,,,,,,
27,graphstate_nativegates_ibm_qiskit_opt3_108,,,,,,,,,,,,,,,6.0,5.0,49,4.4e-06,0.8703152148377055,1.7999999999999997e-06,0.04795367636392294,,,,,,,
50,graphstate_nativegates_ibm_qiskit_opt3_108,,,,,,,,,,,,,,,3.0,3.0,49,4.4e-06,0.8729313570375775,1.7999999999999997e-06,0.14122649366960033,,,,,,,
27,graphstate_nativegates_ibm_qiskit_opt3_108,,,,,,,,6.0,5.0,49,4.25e-06,0.8703152148377057,1.7999999999999997e-06,0.04313826985076969,,,,,,,,,,,,,,
65,graphstate_nativegates_ibm_qiskit_opt3_108,,,,,,,,,,,,,,,2.0,2.0,33,4.25e-06,0.8738051508376972,1.7999999999999997e-06,0.2403247707351674,,,,,,,
27,graphstate_nativegates_ibm_qiskit_opt3_108,5.0,5.0,48.0,4.4e-06,0.8711863902594699,3.2999999999999993e-06,0.03634392796565729,,,,,,,,,,,,,,,,,,,,,
27,graphstate_nativegates_ibm_qiskit_opt3_108,,,,,,,,,,,,,,,,,,,,,,6.0,5.0,49,3.749999999999999e-06,0.8703152148377057,1.7999999999999997e-06,0.05546466808967026
65,graphstate_nativegates_ibm_qiskit_opt3_108,2.0,2.0,32.0,4.25e-06,0.873805151187299,3.649999999999999e-06,0.29485154651955603,,,,,,,,,,,,,,,,,,,,,
10,hhl_indep_qiskit_11,,,,,,,,19.0,3.0,1048576,0.00048550000000000643,0.5219442244550341,6.459999999999994e-05,0.8425646321317267,,,,,,,,,,,,,,
10,hhl_indep_qiskit_11,,,,,,,,,,,,,,,,,,,,,,19.0,3.0,1048576,0.00048550000000000643,0.5219442244550341,6.459999999999994e-05,0.8425646321317267
10,hhl_indep_qiskit_11,,,,,,,,,,,,,,,19.0,3.0,1048576,0.00048550000000000643,0.5219442244550341,6.459999999999994e-05,0.8425646321317267,,,,,,,
50,peexact_indep_qiskit_75,,,,,,,,,,,,,,,174.0,5.0,1267650600228229401496703205376,4.8099999999999916e-05,0.4430281074516094,1.2550000000000004e-05,0.12361083538729904,,,,,,,
65,peexact_indep_qiskit_75,,,,,,,,149.0,4.0,1361129467683753853853498429727072845824,5.814999999999989e-05,0.4542150877447735,2.3549999999999983e-05,0.23561421178572314,,,,,,,,,,,,,,
50,peexact_indep_qiskit_75,,,,,,,,,,,,,,,,,,,,,,174.0,5.0,1267650600228229401496703205376,4.8099999999999916e-05,0.4430281074516094,1.2550000000000004e-05,0.12361083538729904
50,peexact_indep_qiskit_75,,,,,,,,174.0,5.0,1267650600228229401496703205376,4.8099999999999916e-05,0.4430281074516094,1.2550000000000004e-05,0.12361083538729904,,,,,,,,,,,,,,
65,peexact_indep_qiskit_75,,,,,,,,,,,,,,,149.0,4.0,1361129467683753853853498429727072845824,5.814999999999989e-05,0.4542150877447735,2.3549999999999983e-05,0.23561421178572314,,,,,,,
65,peexact_indep_qiskit_75,,,,,,,,,,,,,,,,,,,,,,149.0,4.0,1361129467683753853853498429727072845824,5.814999999999989e-05,0.4542150877447735,2.3549999999999983e-05,0.23561421178572314
16,wstate_indep_qiskit_71,,,,,,,,8.0,5.0,256,8.750000000000004e-06,0.8972189206546247,8.150000000000003e-06,0.08865327565296428,,,,,,,,,,,,,,
16,wstate_indep_qiskit_71,,,,,,,,,,,,,,,,,,,,,,8.0,5.0,256,8.750000000000004e-06,0.8972189206546247,8.150000000000003e-06,0.08865327565296428
50,wstate_indep_qiskit_71,,,,,,,,,,,,,,,2.0,2.0,32,2.7449999999999996e-05,0.9026209419213654,1.2550000000000004e-05,0.3085928180838065,,,,,,,
27,wstate_indep_qiskit_71,,,,,,,,,,,,,,,,,,,,,,4.0,3.0,256,1.4800000000000002e-05,0.9008166639397327,1.1450000000000004e-05,0.19015482620869226
65,wstate_indep_qiskit_71,,,,,,,,,,,,,,,,,,,,,,2.0,2.0,32,3.5699999999999994e-05,0.9026209419213653,4.2999999999999995e-06,0.36132180063438607
65,wstate_indep_qiskit_71,,,,,,,,2.0,2.0,32,3.5699999999999994e-05,0.9026209419213653,4.2999999999999995e-06,0.36132180063438607,,,,,,,,,,,,,,
27,wstate_indep_qiskit_71,4.0,3.0,272.0,1.4250000000000002e-05,0.9008166639397327,1.2050000000000003e-05,0.19156491239669515,,,,,,,,,,,,,,,,,,,,,
27,wstate_indep_qiskit_71,,,,,,,,4.0,3.0,256,1.4800000000000002e-05,0.9008166639397327,1.1450000000000004e-05,0.19015482620869226,,,,,,,,,,,,,,
50,wstate_indep_qiskit_71,2.0,2.0,32.0,2.4149999999999997e-05,0.9026209419213653,1.585e-05,0.30501087692050594,,,,,,,,,,,,,,,,,,,,,
65,wstate_indep_qiskit_71,2.0,2.0,32.0,2.2499999999999998e-05,0.9026209419213653,1.75e-05,0.30450711382113826,,,,,,,,,,,,,,,,,,,,,
27,wstate_indep_qiskit_71,,,,,,,,,,,,,,,4.0,3.0,256,1.4800000000000002e-05,0.9008166639397327,1.1450000000000004e-05,0.19015482620869226,,,,,,,
50,wstate_indep_qiskit_71,,,,,,,,,,,,,,,,,,,,,,2.0,2.0,32,2.7449999999999996e-05,0.9026209419213654,1.2550000000000004e-05,0.3085928180838065
65,wstate_indep_qiskit_71,,,,,,,,,,,,,,,2.0,2.0,32,3.5699999999999994e-05,0.9026209419213653,4.2999999999999995e-06,0.36132180063438607,,,,,,,
50,wstate_indep_qiskit_71,,,,,,,,2.0,2.0,32,2.7449999999999996e-05,0.9026209419213654,1.2550000000000004e-05,0.3085928180838065,,,,,,,,,,,,,,
16,wstate_indep_qiskit_71,,,,,,,,,,,,,,,8.0,5.0,256,8.750000000000004e-06,0.8972189206546247,8.150000000000003e-06,0.08865327565296428,,,,,,,
37,ghz_nativegates_ibm_qiskit_opt3_98,2.0,3.0,24.0,1.665e-05,0.8873800274915519,1.5500000000000004e-05,0.1500894276629571,,,,,,,,,,,,,,,,,,,,,
57,ghz_nativegates_ibm_qiskit_opt3_98,,,,,,,,,,,,,,,1.0,2.0,8,2.814999999999997e-05,0.8882682869028798,2.049999999999999e-05,0.2724410196598664,,,,,,,
72,ghz_nativegates_ibm_qiskit_opt3_98,,,,,,,,,,,,,,,1.0,2.0,8,3.564999999999995e-05,0.8882682869028798,1.3000000000000004e-05,0.27707579404244526,,,,,,,
92,ghz_nativegates_ibm_qiskit_opt3_98,,,,,,,,,,,,,,,,,,,,,,1.0,2.0,8,4.5649999999999924e-05,0.8882682869028801,2.9999999999999997e-06,0.329449361534223
82,ghz_nativegates_ibm_qiskit_opt3_98,1.0,2.0,8.0,3.0499999999999962e-05,0.8882682869028796,1.8149999999999997e-05,0.27403142945664966,,,,,,,,,,,,,,,,,,,,,
65,ghz_nativegates_ibm_qiskit_opt3_98,,,,,,,,1.0,2.0,8,3.214999999999996e-05,0.8882682869028798,1.65e-05,0.2740476977966688,,,,,,,,,,,,,,
87,ghz_nativegates_ibm_qiskit_opt3_98,,,,,,,,,,,,,,,1.0,2.0,8,4.314999999999993e-05,0.88826828690288,5.500000000000001e-06,0.29936224433167746,,,,,,,
65,ghz_nativegates_ibm_qiskit_opt3_98,,,,,,,,,,,,,,,,,,,,,,1.0,2.0,8,3.214999999999996e-05,0.8882682869028798,1.65e-05,0.2740476977966688
37,ghz_nativegates_ibm_qiskit_opt3_98,,,,,,,,,,,,,,,2.0,3.0,24,1.8149999999999997e-05,0.8873800274915519,1.2500000000000004e-05,0.15067099710834364,,,,,,,
50,ghz_nativegates_ibm_qiskit_opt3_98,,,,,,,,,,,,,,,,,,,,,,1.0,2.0,8,2.464999999999998e-05,0.8882682869028798,2.399999999999998e-05,0.2721323011963409
92,ghz_nativegates_ibm_qiskit_opt3_98,,,,,,,,1.0,2.0,8,4.5649999999999924e-05,0.8882682869028801,2.9999999999999997e-06,0.329449361534223,,,,,,,,,,,,,,
77,ghz_nativegates_ibm_qiskit_opt3_98,1.0,2.0,8.0,3.0499999999999962e-05,0.8882682869028796,1.8149999999999997e-05,0.27403142945664966,,,,,,,,,,,,,,,,,,,,,
50,ghz_nativegates_ibm_qiskit_opt3_98,1.0,2.0,8.0,2.464999999999998e-05,0.8882682869028798,2.399999999999998e-05,0.2721323011963409,,,,,,,,,,,,,,,,,,,,,
42,ghz_nativegates_ibm_qiskit_opt3_98,,,,,,,,2.0,3.0,24,2.064999999999999e-05,0.8873800274915519,7.500000000000002e-06,0.15535590749617048,,,,,,,,,,,,,,
52,ghz_nativegates_ibm_qiskit_opt3_98,,,,,,,,,,,,,,,,,,,,,,1.0,2.0,8,2.5649999999999976e-05,0.8882682869028797,2.2999999999999983e-05,0.27212842526392395
67,ghz_nativegates_ibm_qiskit_opt3_98,,,,,,,,1.0,2.0,8,3.314999999999996e-05,0.8882682869028798,1.5500000000000004e-05,0.27472014925373145,,,,,,,,,,,,,,
67,ghz_nativegates_ibm_qiskit_opt3_98,,,,,,,,,,,,,,,,,,,,,,1.0,2.0,8,3.314999999999996e-05,0.8882682869028798,1.5500000000000004e-05,0.27472014925373145
57,ghz_nativegates_ibm_qiskit_opt3_98,1.0,2.0,8.0,2.814999999999997e-05,0.8882682869028798,2.049999999999999e-05,0.2724410196598664,,,,,,,,,,,,,,,,,,,,,
97,ghz_nativegates_ibm_qiskit_opt3_98,1.0,2.0,8.0,3.0499999999999962e-05,0.8882682869028796,1.8149999999999997e-05,0.27403142945664966,,,,,,,,,,,,,,,,,,,,,
62,ghz_nativegates_ibm_qiskit_opt3_98,,,,,,,,,,,,,,,1.0,2.0,8,3.0649999999999966e-05,0.8882682869028798,1.7999999999999997e-05,0.27326197428286597,,,,,,,
47,ghz_nativegates_ibm_qiskit_opt3_98,,,,,,,,,,,,,,,2.0,3.0,24,2.3149999999999983e-05,0.8873800274915521,2.4999999999999998e-06,0.1822308176414246,,,,,,,
42,ghz_nativegates_ibm_qiskit_opt3_98,,,,,,,,,,,,,,,,,,,,,,2.0,3.0,24,2.064999999999999e-05,0.8873800274915519,7.500000000000002e-06,0.15535590749617048
50,ghz_nativegates_ibm_qiskit_opt3_98,,,,,,,,1.0,2.0,8,2.464999999999998e-05,0.8882682869028798,2.399999999999998e-05,0.2721323011963409,,,,,,,,,,,,,,
77,ghz_nativegates_ibm_qiskit_opt3_98,,,,,,,,,,,,,,,,,,,,,,1.0,2.0,8,3.8149999999999945e-05,0.8882682869028801,1.0500000000000003e-05,0.28085556764217573
97,ghz_nativegates_ibm_qiskit_opt3_98,,,,,,,,,,,,,,,1.0,2.0,8,4.814999999999992e-05,0.88826828690288,5e-07,0.5118347946173367,,,,,,,
32,ghz_nativegates_ibm_qiskit_opt3_98,,,,,,,,3.0,4.0,40,1.5650000000000004e-05,0.8864926563307609,2e-06,0.10584059645192692,,,,,,,,,,,,,,
82,ghz_nativegates_ibm_qiskit_opt3_98,,,,,,,,1.0,2.0,8,4.064999999999994e-05,0.88826828690288,8.000000000000001e-06,0.2872325782081352,,,,,,,,,,,,,,
27,ghz_nativegates_ibm_qiskit_opt3_98,,,,,,,,,,,,,,,3.0,4.0,40,1.3150000000000005e-05,0.8864926563307606,9.500000000000002e-06,0.08602509712401635,,,,,,,
65,ghz_nativegates_ibm_qiskit_opt3_98,1.0,2.0,8.0,3.0499999999999962e-05,0.8882682869028796,1.8149999999999997e-05,0.27403142945664966,,,,,,,,,,,,,,,,,,,,,
42,ghz_nativegates_ibm_qiskit_opt3_98,2.0,3.0,24.0,1.8499999999999996e-05,0.8873800274915521,1.2150000000000004e-05,0.15136188820399357,,,,,,,,,,,,,,,,,,,,,
82,ghz_nativegates_ibm_qiskit_opt3_98,,,,,,,,,,,,,,,,,,,,,,1.0,2.0,8,4.064999999999994e-05,0.88826828690288,8.000000000000001e-06,0.2872325782081352
77,ghz_nativegates_ibm_qiskit_opt3_98,,,,,,,,1.0,2.0,8,3.8149999999999945e-05,0.8882682869028801,1.0500000000000003e-05,0.28085556764217573,,,,,,,,,,,,,,
32,ghz_nativegates_ibm_qiskit_opt3_98,,,,,,,,,,,,,,,,,,,,,,3.0,4.0,40,1.5650000000000004e-05,0.8864926563307609,2e-06,0.10584059645192692
52,ghz_nativegates_ibm_qiskit_opt3_98,,,,,,,,1.0,2.0,8,2.5649999999999976e-05,0.8882682869028797,2.2999999999999983e-05,0.27212842526392395,,,,,,,,,,,,,,
62,ghz_nativegates_ibm_qiskit_opt3_98,1.0,2.0,8.0,2.8649999999999968e-05,0.8882682869028797,1.999999999999999e-05,0.27256174619879475,,,,,,,,,,,,,,,,,,,,,
77,ghz_nativegates_ibm_qiskit_opt3_98,,,,,,,,,,,,,,,1.0,2.0,8,3.8149999999999945e-05,0.8882682869028801,1.0500000000000003e-05,0.28085556764217573,,,,,,,
32,ghz_nativegates_ibm_qiskit_opt3_98,3.0,4.0,40.0,1.5500000000000004e-05,0.8864926563307607,9.150000000000002e-06,0.086745653580673,,,,,,,,,,,,,,,,,,,,,
52,ghz_nativegates_ibm_qiskit_opt3_98,,,,,,,,,,,,,,,1.0,2.0,8,2.5649999999999976e-05,0.8882682869028797,2.2999999999999983e-05,0.27212842526392395,,,,,,,
82,ghz_nativegates_ibm_qiskit_opt3_98,,,,,,,,,,,,,,,1.0,2.0,8,4.064999999999994e-05,0.88826828690288,8.000000000000001e-06,0.2872325782081352,,,,,,,
62,ghz_nativegates_ibm_qiskit_opt3_98,,,,,,,,,,,,,,,,,,,,,,1.0,2.0,8,3.0649999999999966e-05,0.8882682869028798,1.7999999999999997e-05,0.27326197428286597
87,ghz_nativegates_ibm_qiskit_opt3_98,1.0,2.0,8.0,3.0499999999999962e-05,0.8882682869028796,1.8149999999999997e-05,0.27403142945664966,,,,,,,,,,,,,,,,,,,,,
57,ghz_nativegates_ibm_qiskit_opt3_98,,,,,,,,,,,,,,,,,,,,,,1.0,2.0,8,2.814999999999997e-05,0.8882682869028798,2.049999999999999e-05,0.2724410196598664
27,ghz_nativegates_ibm_qiskit_opt3_98,,,,,,,,3.0,4.0,40,1.3150000000000005e-05,0.8864926563307606,9.500000000000002e-06,0.08602509712401635,,,,,,,,,,,,,,
50,ghz_nativegates_ibm_qiskit_opt3_98,,,,,,,,,,,,,,,1.0,2.0,8,2.464999999999998e-05,0.8882682869028798,2.399999999999998e-05,0.2721323011963409,,,,,,,
97,ghz_nativegates_ibm_qiskit_opt3_98,,,,,,,,,,,,,,,,,,,,,,1.0,2.0,8,4.814999999999992e-05,0.88826828690288,5e-07,0.5118347946173367
72,ghz_nativegates_ibm_qiskit_opt3_98,1.0,2.0,8.0,3.0499999999999962e-05,0.8882682869028796,1.8149999999999997e-05,0.27403142945664966,,,,,,,,,,,,,,,,,,,,,
97,ghz_nativegates_ibm_qiskit_opt3_98,,,,,,,,1.0,2.0,8,4.814999999999992e-05,0.88826828690288,5e-07,0.5118347946173367,,,,,,,,,,,,,,
32,ghz_nativegates_ibm_qiskit_opt3_98,,,,,,,,,,,,,,,3.0,4.0,40,1.5650000000000004e-05,0.8864926563307609,2e-06,0.10584059645192692,,,,,,,
27,ghz_nativegates_ibm_qiskit_opt3_98,,,,,,,,,,,,,,,,,,,,,,3.0,4.0,40,1.3150000000000005e-05,0.8864926563307606,9.500000000000002e-06,0.08602509712401635
62,ghz_nativegates_ibm_qiskit_opt3_98,,,,,,,,1.0,2.0,8,3.0649999999999966e-05,0.8882682869028798,1.7999999999999997e-05,0.27326197428286597,,,,,,,,,,,,,,
52,ghz_nativegates_ibm_qiskit_opt3_98,1.0,2.0,8.0,2.5649999999999976e-05,0.8882682869028797,2.2999999999999983e-05,0.27212842526392395,,,,,,,,,,,,,,,,,,,,,
47,ghz_nativegates_ibm_qiskit_opt3_98,,,,,,,,2.0,3.0,24,2.3149999999999983e-05,0.8873800274915521,2.4999999999999998e-06,0.1822308176414246,,,,,,,,,,,,,,
42,ghz_nativegates_ibm_qiskit_opt3_98,,,,,,,,,,,,,,,2.0,3.0,24,2.064999999999999e-05,0.8873800274915519,7.500000000000002e-06,0.15535590749617048,,,,,,,
92,ghz_nativegates_ibm_qiskit_opt3_98,1.0,2.0,8.0,3.0499999999999962e-05,0.8882682869028796,1.8149999999999997e-05,0.27403142945664966,,,,,,,,,,,,,,,,,,,,,
67,ghz_nativegates_ibm_qiskit_opt3_98,,,,,,,,,,,,,,,1.0,2.0,8,3.314999999999996e-05,0.8882682869028798,1.5500000000000004e-05,0.27472014925373145,,,,,,,
87,ghz_nativegates_ibm_qiskit_opt3_98,,,,,,,,,,,,,,,,,,,,,,1.0,2.0,8,4.314999999999993e-05,0.88826828690288,5.500000000000001e-06,0.29936224433167746
37,ghz_nativegates_ibm_qiskit_opt3_98,,,,,,,,2.0,3.0,24,1.8149999999999997e-05,0.8873800274915519,1.2500000000000004e-05,0.15067099710834364,,,,,,,,,,,,,,
27,ghz_nativegates_ibm_qiskit_opt3_98,3.0,4.0,40.0,1.2500000000000004e-05,0.8864926563307607,1.2000000000000004e-05,0.08567999999999999,,,,,,,,,,,,,,,,,,,,,
37,ghz_nativegates_ibm_qiskit_opt3_98,,,,,,,,,,,,,,,,,,,,,,2.0,3.0,24,1.8149999999999997e-05,0.8873800274915519,1.2500000000000004e-05,0.15067099710834364
92,ghz_nativegates_ibm_qiskit_opt3_98,,,,,,,,,,,,,,,1.0,2.0,8,4.5649999999999924e-05,0.8882682869028801,2.9999999999999997e-06,0.329449361534223,,,,,,,
65,ghz_nativegates_ibm_qiskit_opt3_98,,,,,,,,,,,,,,,1.0,2.0,8,3.214999999999996e-05,0.8882682869028798,1.65e-05,0.2740476977966688,,,,,,,
47,ghz_nativegates_ibm_qiskit_opt3_98,2.0,3.0,24.0,1.8499999999999996e-05,0.8873800274915521,1.2150000000000004e-05,0.15136188820399357,,,,,,,,,,,,,,,,,,,,,
87,ghz_nativegates_ibm_qiskit_opt3_98,,,,,,,,1.0,2.0,8,4.314999999999993e-05,0.88826828690288,5.500000000000001e-06,0.29936224433167746,,,,,,,,,,,,,,
72,ghz_nativegates_ibm_qiskit_opt3_98,,,,,,,,,,,,,,,,,,,,,,1.0,2.0,8,3.564999999999995e-05,0.8882682869028798,1.3000000000000004e-05,0.27707579404244526
47,ghz_nativegates_ibm_qiskit_opt3_98,,,,,,,,,,,,,,,,,,,,,,2.0,3.0,24,2.3149999999999983e-05,0.8873800274915521,2.4999999999999998e-06,0.1822308176414246
67,ghz_nativegates_ibm_qiskit_opt3_98,1.0,2.0,8.0,3.0499999999999962e-05,0.8882682869028796,1.8149999999999997e-05,0.27403142945664966,,,,,,,,,,,,,,,,,,,,,
57,ghz_nativegates_ibm_qiskit_opt3_98,,,,,,,,1.0,2.0,8,2.814999999999997e-05,0.8882682869028798,2.049999999999999e-05,0.2724410196598664,,,,,,,,,,,,,,
72,ghz_nativegates_ibm_qiskit_opt3_98,,,,,,,,1.0,2.0,8,3.564999999999995e-05,0.8882682869028798,1.3000000000000004e-05,0.27707579404244526,,,,,,,,,,,,,,
50,dj_nativegates_ibm_qiskit_opt3_111,,,,,,,,,,,,,,,2.0,3.0,24,2.474999999999998e-05,0.8688257142601277,6.250000000000001e-06,0.1631950851327261,,,,,,,
50,dj_nativegates_ibm_qiskit_opt3_111,2.0,3.0,24.0,2.174999999999999e-05,0.8688294377071742,1.6250000000000005e-05,0.15161329179403277,,,,,,,,,,,,,,,,,,,,,
50,dj_nativegates_ibm_qiskit_opt3_111,,,,,,,,,,,,,,,,,,,,,,2.0,3.0,24,2.474999999999998e-05,0.8688257142601277,6.250000000000001e-06,0.1631950851327261
65,dj_nativegates_ibm_qiskit_opt3_111,,,,,,,,,,,,,,,,,,,,,,1.0,2.0,8,3.2249999999999964e-05,0.8696898292207582,2.3249999999999986e-05,0.27321591881876656
27,dj_nativegates_ibm_qiskit_opt3_111,,,,,,,,4.0,5.0,52,1.3250000000000004e-05,0.8670986043212742,3.2499999999999994e-06,0.05896399281321917,,,,,,,,,,,,,,
65,dj_nativegates_ibm_qiskit_opt3_111,,,,,,,,,,,,,,,1.0,2.0,8,3.2249999999999964e-05,0.8696898292207582,2.3249999999999986e-05,0.27321591881876656,,,,,,,
65,dj_nativegates_ibm_qiskit_opt3_111,1.0,2.0,8.0,3.2249999999999964e-05,0.869689876706371,2.3249999999999986e-05,0.27321591881876656,,,,,,,,,,,,,,,,,,,,,
65,dj_nativegates_ibm_qiskit_opt3_111,,,,,,,,1.0,2.0,8,3.2249999999999964e-05,0.8696898292207582,2.3249999999999986e-05,0.27321591881876656,,,,,,,,,,,,,,
27,dj_nativegates_ibm_qiskit_opt3_111,,,,,,,,,,,,,,,,,,,,,,4.0,5.0,52,1.3250000000000004e-05,0.8670986043212742,3.2499999999999994e-06,0.05896399281321917
27,dj_nativegates_ibm_qiskit_opt3_111,,,,,,,,,,,,,,,4.0,5.0,52,1.3250000000000004e-05,0.8670986043212742,3.2499999999999994e-06,0.05896399281321917,,,,,,,
27,dj_nativegates_ibm_qiskit_opt3_111,4.0,5.0,40.0,1.3250000000000004e-05,0.8670997963703109,9.250000000000001e-06,0.05222577377409381,,,,,,,,,,,,,,,,,,,,,
50,dj_nativegates_ibm_qiskit_opt3_111,,,,,,,,2.0,3.0,24,2.474999999999998e-05,0.8688257142601277,6.250000000000001e-06,0.1631950851327261,,,,,,,,,,,,,,
50,ghz_nativegates_ibm_qiskit_opt3_91,,,,,,,,,,,,,,,1.0,2.0,8,2.464999999999998e-05,0.8957644292342881,2.049999999999999e-05,0.27391094368782026,,,,,,,
27,ghz_nativegates_ibm_qiskit_opt3_91,,,,,,,,3.0,4.0,40,1.3150000000000005e-05,0.8939738140233016,6.000000000000001e-06,0.09023611586435282,,,,,,,,,,,,,,
16,ghz_nativegates_ibm_qiskit_opt3_91,,,,,,,,5.0,6.0,52,7.650000000000001e-06,0.8921867782163734,7.500000000000002e-06,0.03215943364536054,,,,,,,,,,,,,,
65,ghz_nativegates_ibm_qiskit_opt3_91,,,,,,,,,,,,,,,1.0,2.0,8,3.214999999999996e-05,0.8957644292342881,1.3000000000000004e-05,0.2779948868595838,,,,,,,
27,ghz_nativegates_ibm_qiskit_opt3_91,3.0,4.0,40.0,1.2650000000000004e-05,0.8939738140233014,1.0000000000000003e-05,0.08768782545956456,,,,,,,,,,,,,,,,,,,,,
27,ghz_nativegates_ibm_qiskit_opt3_91,,,,,,,,,,,,,,,,,,,,,,3.0,4.0,40,1.3150000000000005e-05,0.8939738140233016,6.000000000000001e-06,0.09023611586435282
16,ghz_nativegates_ibm_qiskit_opt3_91,,,,,,,,,,,,,,,,,,,,,,5.0,6.0,52,7.650000000000001e-06,0.8921867782163734,7.500000000000002e-06,0.03215943364536054
50,ghz_nativegates_ibm_qiskit_opt3_91,1.0,2.0,8.0,2.449999999999998e-05,0.895764429234288,2.064999999999999e-05,0.27417963795687794,,,,,,,,,,,,,,,,,,,,,
65,ghz_nativegates_ibm_qiskit_opt3_91,,,,,,,,1.0,2.0,8,3.214999999999996e-05,0.8957644292342881,1.3000000000000004e-05,0.2779948868595838,,,,,,,,,,,,,,
27,ghz_nativegates_ibm_qiskit_opt3_91,,,,,,,,,,,,,,,3.0,4.0,40,1.3150000000000005e-05,0.8939738140233016,6.000000000000001e-06,0.09023611586435282,,,,,,,
16,ghz_nativegates_ibm_qiskit_opt3_91,,,,,,,,,,,,,,,5.0,6.0,52,7.650000000000001e-06,0.8921867782163734,7.500000000000002e-06,0.03215943364536054,,,,,,,
50,ghz_nativegates_ibm_qiskit_opt3_91,,,,,,,,,,,,,,,,,,,,,,1.0,2.0,8,2.464999999999998e-05,0.8957644292342881,2.049999999999999e-05,0.27391094368782026
65,ghz_nativegates_ibm_qiskit_opt3_91,,,,,,,,,,,,,,,,,,,,,,1.0,2.0,8,3.214999999999996e-05,0.8957644292342881,1.3000000000000004e-05,0.2779948868595838
65,ghz_nativegates_ibm_qiskit_opt3_91,1.0,2.0,8.0,2.8499999999999968e-05,0.895764429234288,1.665e-05,0.27602653363302476,,,,,,,,,,,,,,,,,,,,,
50,ghz_nativegates_ibm_qiskit_opt3_91,,,,,,,,1.0,2.0,8,2.464999999999998e-05,0.8957644292342881,2.049999999999999e-05,0.27391094368782026,,,,,,,,,,,,,,
65,wstate_indep_qiskit_115,,,,,,,,,,,,,,,,,,,,,,2.0,2.0,32,3.5699999999999994e-05,0.8479289037276013,2.8499999999999995e-05,0.2837617233128069
108,wstate_indep_qiskit_115,,,,,,,,2.0,2.0,32,5.9349999999999986e-05,0.8479289037276017,4.85e-06,0.3422950188280208,,,,,,,,,,,,,,
27,wstate_indep_qiskit_115,,,,,,,,,,,,,,,8.0,5.0,256,1.4800000000000002e-05,0.8428542043074111,8.150000000000003e-06,0.0646590590706982,,,,,,,
113,wstate_indep_qiskit_115,,,,,,,,,,,,,,,2.0,2.0,32,6.209999999999999e-05,0.8479289037276018,2.1e-06,0.4252217987789362,,,,,,,
108,wstate_indep_qiskit_115,,,,,,,,,,,,,,,,,,,,,,2.0,2.0,32,5.9349999999999986e-05,0.8479289037276017,4.85e-06,0.3422950188280208
50,wstate_indep_qiskit_115,,,,,,,,,,,,,,,,,,,,,,4.0,3.0,256,2.7449999999999996e-05,0.8462339514171344,1.0350000000000004e-05,0.16995624727573821
103,wstate_indep_qiskit_115,,,,,,,,2.0,2.0,32,5.659999999999999e-05,0.8479289037276018,7.6000000000000035e-06,0.3153740313896683,,,,,,,,,,,,,,
65,wstate_indep_qiskit_115,,,,,,,,2.0,2.0,32,3.5699999999999994e-05,0.8479289037276013,2.8499999999999995e-05,0.2837617233128069,,,,,,,,,,,,,,
50,wstate_indep_qiskit_115,,,,,,,,,,,,,,,4.0,3.0,256,2.7449999999999996e-05,0.8462339514171344,1.0350000000000004e-05,0.16995624727573821,,,,,,,
103,wstate_indep_qiskit_115,,,,,,,,,,,,,,,,,,,,,,2.0,2.0,32,5.659999999999999e-05,0.8479289037276018,7.6000000000000035e-06,0.3153740313896683
65,wstate_indep_qiskit_115,,,,,,,,,,,,,,,2.0,2.0,32,3.5699999999999994e-05,0.8479289037276013,2.8499999999999995e-05,0.2837617233128069,,,,,,,
50,wstate_indep_qiskit_115,,,,,,,,4.0,3.0,256,2.7449999999999996e-05,0.8462339514171344,1.0350000000000004e-05,0.16995624727573821,,,,,,,,,,,,,,
103,wstate_indep_qiskit_115,,,,,,,,,,,,,,,2.0,2.0,32,5.659999999999999e-05,0.8479289037276018,7.6000000000000035e-06,0.3153740313896683,,,,,,,
65,wstate_indep_qiskit_115,2.0,2.0,32.0,3.5149999999999994e-05,0.8479289037276013,2.9049999999999995e-05,0.2837736295990864,,,,,,,,,,,,,,,,,,,,,
50,wstate_indep_qiskit_115,4.0,3.0,272.0,2.6899999999999997e-05,0.8462339514171343,1.645e-05,0.16560068426661048,,,,,,,,,,,,,,,,,,,,,
113,wstate_indep_qiskit_115,,,,,,,,,,,,,,,,,,,,,,2.0,2.0,32,6.209999999999999e-05,0.8479289037276018,2.1e-06,0.4252217987789362
108,wstate_indep_qiskit_115,2.0,2.0,32.0,4.009999999999999e-05,0.8479289037276014,2.4099999999999996e-05,0.28439162663145223,,,,,,,,,,,,,,,,,,,,,
113,wstate_indep_qiskit_115,,,,,,,,2.0,2.0,32,6.209999999999999e-05,0.8479289037276018,2.1e-06,0.4252217987789362,,,,,,,,,,,,,,
113,wstate_indep_qiskit_115,2.0,2.0,32.0,3.674999999999999e-05,0.8479289037276014,2.7449999999999996e-05,0.2859747543091946,,,,,,,,,,,,,,,,,,,,,
27,wstate_indep_qiskit_115,,,,,,,,8.0,5.0,256,1.4800000000000002e-05,0.8428542043074111,8.150000000000003e-06,0.0646590590706982,,,,,,,,,,,,,,
108,wstate_indep_qiskit_115,,,,,,,,,,,,,,,2.0,2.0,32,5.9349999999999986e-05,0.8479289037276017,4.85e-06,0.3422950188280208,,,,,,,
103,wstate_indep_qiskit_115,2.0,2.0,32.0,4.119999999999999e-05,0.8479289037276014,2.2999999999999997e-05,0.2847714024402501,,,,,,,,,,,,,,,,,,,,,
27,wstate_indep_qiskit_115,10.0,5.0,1040.0,1.4200000000000003e-05,0.8411693641631165,1.0950000000000004e-05,0.059957307136704906,,,,,,,,,,,,,,,,,,,,,
27,wstate_indep_qiskit_115,,,,,,,,,,,,,,,,,,,,,,8.0,5.0,256,1.4800000000000002e-05,0.8428542043074111,8.150000000000003e-06,0.0646590590706982
65,dj_indep_qiskit_103,,,,,,,,1.0,2.0,8,3.209999999999996e-05,0.8811471509924933,1.9099999999999997e-05,0.27293724654111773,,,,,,,,,,,,,,
50,dj_indep_qiskit_103,,,,,,,,2.0,3.0,24,2.459999999999998e-05,0.8802692190837432,2.1e-06,0.19326764609280844,,,,,,,,,,,,,,
50,dj_indep_qiskit_103,2.0,3.0,24.0,2.109999999999999e-05,0.8802745699051753,1.2600000000000003e-05,0.15104463552133177,,,,,,,,,,,,,,,,,,,,,
27,dj_indep_qiskit_103,3.0,4.0,40.0,1.3100000000000003e-05,0.8793987645559422,1.2600000000000003e-05,0.08578908823555413,,,,,,,,,,,,,,,,,,,,,
27,dj_indep_qiskit_103,,,,,,,,,,,,,,,3.0,4.0,40,1.3100000000000003e-05,0.8793987548339096,1.2100000000000003e-05,0.08580769312528659,,,,,,,
27,dj_indep_qiskit_103,,,,,,,,,,,,,,,,,,,,,,3.0,4.0,40,1.3100000000000003e-05,0.8793987548339096,1.2100000000000003e-05,0.08580769312528659
27,dj_indep_qiskit_103,,,,,,,,3.0,4.0,40,1.3100000000000003e-05,0.8793987548339096,1.2100000000000003e-05,0.08580769312528659,,,,,,,,,,,,,,
65,dj_indep_qiskit_103,1.0,2.0,8.0,3.209999999999996e-05,0.8811471741380719,1.9099999999999997e-05,0.27293724654111773,,,,,,,,,,,,,,,,,,,,,
50,dj_indep_qiskit_103,,,,,,,,,,,,,,,,,,,,,,2.0,3.0,24,2.459999999999998e-05,0.8802692190837432,2.1e-06,0.19326764609280844
65,dj_indep_qiskit_103,,,,,,,,,,,,,,,,,,,,,,1.0,2.0,8,3.209999999999996e-05,0.8811471509924933,1.9099999999999997e-05,0.27293724654111773
65,dj_indep_qiskit_103,,,,,,,,,,,,,,,1.0,2.0,8,3.209999999999996e-05,0.8811471509924933,1.9099999999999997e-05,0.27293724654111773,,,,,,,
50,dj_indep_qiskit_103,,,,,,,,,,,,,,,2.0,3.0,24,2.459999999999998e-05,0.8802692190837432,2.1e-06,0.19326764609280844,,,,,,,
10,peexact_nativegates_ibm_qiskit_opt3_35,,,,,,,,,,,,,,,,,,,,,,198.0,24.0,1048576,1.7250000000000003e-05,0.6453504220292494,3.2999999999999993e-06,0.00032621153106275543
10,peexact_nativegates_ibm_qiskit_opt3_35,,,,,,,,,,,,,,,198.0,24.0,1048576,1.7250000000000003e-05,0.6453504220292494,3.2999999999999993e-06,0.00032621153106275543,,,,,,,
27,peexact_nativegates_ibm_qiskit_opt3_35,,,,,,,,69.0,4.0,18014398509481984,4.539999999999998e-05,0.734098176053082,2.8699999999999993e-05,0.14489105440122657,,,,,,,,,,,,,,
16,peexact_nativegates_ibm_qiskit_opt3_35,,,,,,,,136.0,12.0,4294967296,2.5049999999999996e-05,0.6866146016716366,9.100000000000003e-06,0.012188512666383421,,,,,,,,,,,,,,
27,peexact_nativegates_ibm_qiskit_opt3_35,,,,,,,,,,,,,,,,,,,,,,69.0,4.0,18014398509481984,4.539999999999998e-05,0.734098176053082,2.8699999999999993e-05,0.14489105440122657
16,peexact_nativegates_ibm_qiskit_opt3_35,,,,,,,,,,,,,,,125.0,11.0,4294967296,2.5749999999999996e-05,0.6941957241991443,9.100000000000003e-06,0.017590918683816906,,,,,,,
27,peexact_nativegates_ibm_qiskit_opt3_35,,,,,,,,,,,,,,,69.0,4.0,18014398509481984,4.539999999999998e-05,0.734098176053082,2.8699999999999993e-05,0.14489105440122657,,,,,,,
10,peexact_nativegates_ibm_qiskit_opt3_35,,,,,,,,202.0,25.0,1048576,1.7250000000000003e-05,0.6427753044047648,5.9500000000000015e-06,0.0002746288211808726,,,,,,,,,,,,,,
16,peexact_nativegates_ibm_qiskit_opt3_35,,,,,,,,,,,,,,,,,,,,,,125.0,11.0,4294967296,2.5749999999999996e-05,0.6941957241991443,9.100000000000003e-06,0.017590918683816906
65,peexact_indep_qiskit_87,,,,,,,,,,,,,,,248.0,6.0,1361129467683753853853498429727072845824,5.2149999999999906e-05,0.33452670291897263,2.054999999999999e-05,0.08047420160010872,,,,,,,
65,peexact_indep_qiskit_87,,,,,,,,,,,,,,,,,,,,,,248.0,6.0,1361129467683753853853498429727072845824,5.2149999999999906e-05,0.33452670291897263,2.054999999999999e-05,0.08047420160010872
65,peexact_indep_qiskit_87,,,,,,,,248.0,6.0,1361129467683753853853498429727072845824,5.2149999999999906e-05,0.33452670291897263,2.054999999999999e-05,0.08047420160010872,,,,,,,,,,,,,,
50,graphstate_nativegates_ibm_qiskit_opt3_107,,,,,,,,,,,,,,,,,,,,,,2.0,3.0,35,4.750000000000002e-06,0.8748810533106268,2.0999999999999994e-06,0.07737531274755091
50,graphstate_nativegates_ibm_qiskit_opt3_107,,,,,,,,,,,,,,,2.0,3.0,35,4.1000000000000006e-06,0.8748810533106268,2.0999999999999994e-06,0.07148261799955048,,,,,,,
50,graphstate_nativegates_ibm_qiskit_opt3_107,3.0,3.0,48.0,4.05e-06,0.8740061839716926,3.599999999999999e-06,0.11179720810422113,,,,,,,,,,,,,,,,,,,,,
27,graphstate_nativegates_ibm_qiskit_opt3_107,,,,,,,,5.0,5.0,48,4.750000000000002e-06,0.8722590679449025,2.0999999999999994e-06,0.03379778656879444,,,,,,,,,,,,,,
65,graphstate_nativegates_ibm_qiskit_opt3_107,,,,,,,,,,,,,,,0.0,2.0,4,4.750000000000002e-06,0.8766334207665996,2.0999999999999994e-06,0.11942763362298742,,,,,,,
65,graphstate_nativegates_ibm_qiskit_opt3_107,,,,,,,,,,,,,,,,,,,,,,0.0,2.0,4,4.750000000000002e-06,0.8766334207665996,2.0999999999999994e-06,0.11942763362298742
27,graphstate_nativegates_ibm_qiskit_opt3_107,5.0,5.0,48.0,4.05e-06,0.8722590684683776,2.4499999999999994e-06,0.058993000975203644,,,,,,,,,,,,,,,,,,,,,
50,graphstate_nativegates_ibm_qiskit_opt3_107,,,,,,,,2.0,3.0,35,4.750000000000002e-06,0.8748810533106268,2.0999999999999994e-06,0.07737531274755091,,,,,,,,,,,,,,
65,graphstate_nativegates_ibm_qiskit_opt3_107,,,,,,,,0.0,2.0,4,4.750000000000002e-06,0.8766334207665996,2.0999999999999994e-06,0.11942763362298742,,,,,,,,,,,,,,
27,graphstate_nativegates_ibm_qiskit_opt3_107,,,,,,,,,,,,,,,5.0,5.0,48,4.1000000000000006e-06,0.8722590679449023,2.0999999999999994e-06,0.031101209304298175,,,,,,,
27,graphstate_nativegates_ibm_qiskit_opt3_107,,,,,,,,,,,,,,,,,,,,,,5.0,5.0,48,4.1000000000000006e-06,0.8722590679449023,2.0999999999999994e-06,0.03487548554244863
5,wstate_indep_qiskit_12,,,,,,,,6.0,4.0,256,2.6999999999999996e-06,0.9776146251445484,1.55e-06,0.48795695564718083,,,,,,,,,,,,,,
5,wstate_indep_qiskit_12,6.0,4.0,288.0,2.6499999999999996e-06,0.9776146214280521,1.6e-06,0.45048924967090836,,,,,,,,,,,,,,,,,,,,,
10,wstate_indep_qiskit_12,,,,,,,,2.0,2.0,32,5.450000000000001e-06,0.9815347458331208,2.1e-06,0.5783147662734817,,,,,,,,,,,,,,
5,wstate_indep_qiskit_12,,,,,,,,,,,,,,,,,,,,,,6.0,4.0,256,2.6999999999999996e-06,0.9776146251445484,1.55e-06,0.48795695564718083
10,wstate_indep_qiskit_12,,,,,,,,,,,,,,,2.0,2.0,32,5.450000000000001e-06,0.9815347458331208,2.1e-06,0.5783147662734817,,,,,,,
10,wstate_indep_qiskit_12,2.0,2.0,32.0,3.799999999999999e-06,0.9815347458331207,3.7499999999999992e-06,0.5397243107769423,,,,,,,,,,,,,,,,,,,,,
10,wstate_indep_qiskit_12,,,,,,,,,,,,,,,,,,,,,,2.0,2.0,32,5.450000000000001e-06,0.9815347458331208,2.1e-06,0.5783147662734817
5,wstate_indep_qiskit_12,,,,,,,,,,,,,,,6.0,4.0,256,2.6999999999999996e-06,0.9776146251445484,1.55e-06,0.48795695564718083,,,,,,,
65,peexact_indep_qiskit_89,,,,,,,,,,,,,,,250.0,6.0,1361129467683753853853498429727072845824,5.114999999999991e-05,0.32164454334838594,2.5549999999999977e-05,0.08403756641789512,,,,,,,
65,peexact_indep_qiskit_89,,,,,,,,,,,,,,,,,,,,,,250.0,6.0,1361129467683753853853498429727072845824,5.114999999999991e-05,0.32164454334838594,2.5549999999999977e-05,0.08403756641789512
65,peexact_indep_qiskit_89,,,,,,,,250.0,6.0,1361129467683753853853498429727072845824,5.114999999999991e-05,0.32164454334838594,2.5549999999999977e-05,0.08403756641789512,,,,,,,,,,,,,,
27,dj_nativegates_ibm_qiskit_opt3_121,,,,,,,,,,,,,,,,,,,,,,4.0,5.0,52,1.3250000000000004e-05,0.8563220085748195,8.25e-06,0.05060067491244843
90,dj_nativegates_ibm_qiskit_opt3_121,1.0,2.0,8.0,3.824999999999995e-05,0.8588755377487933,2.224999999999999e-05,0.272256987143967,,,,,,,,,,,,,,,,,,,,,
110,dj_nativegates_ibm_qiskit_opt3_121,,,,,,,,1.0,2.0,8,5.47499999999999e-05,0.8588567216637759,5.750000000000001e-06,0.3067895392278956,,,,,,,,,,,,,,
80,dj_nativegates_ibm_qiskit_opt3_121,,,,,,,,,,,,,,,1.0,2.0,8,3.974999999999994e-05,0.8588745337026767,2.0749999999999993e-05,0.27294051678411796,,,,,,,
95,dj_nativegates_ibm_qiskit_opt3_121,,,,,,,,,,,,,,,,,,,,,,1.0,2.0,8,4.724999999999992e-05,0.8588675836172197,1.3250000000000004e-05,0.27988892800368037
110,dj_nativegates_ibm_qiskit_opt3_121,,,,,,,,,,,,,,,,,,,,,,1.0,2.0,8,5.47499999999999e-05,0.8588567216637759,5.750000000000001e-06,0.3067895392278956
75,dj_nativegates_ibm_qiskit_opt3_121,,,,,,,,,,,,,,,1.0,2.0,8,3.724999999999995e-05,0.8588759810938318,2.3249999999999986e-05,0.27188437029291623,,,,,,,
50,dj_nativegates_ibm_qiskit_opt3_121,,,,,,,,,,,,,,,2.0,3.0,24,2.474999999999998e-05,0.8580271371440427,1.1250000000000002e-05,0.1523509431967064,,,,,,,
60,dj_nativegates_ibm_qiskit_opt3_121,,,,,,,,2.0,3.0,24,2.9749999999999968e-05,0.8580198563161039,1.2499999999999999e-06,0.22772367375185407,,,,,,,,,,,,,,
45,dj_nativegates_ibm_qiskit_opt3_121,,,,,,,,2.0,3.0,24,2.224999999999999e-05,0.8580288356034306,1.6250000000000005e-05,0.14951364482461682,,,,,,,,,,,,,,
45,dj_nativegates_ibm_qiskit_opt3_121,2.0,3.0,24.0,2.0749999999999993e-05,0.85802923250327,1.9249999999999997e-05,0.1490257067771297,,,,,,,,,,,,,,,,,,,,,
27,dj_nativegates_ibm_qiskit_opt3_121,,,,,,,,4.0,5.0,52,1.3250000000000004e-05,0.8563220085748195,8.25e-06,0.05060067491244843,,,,,,,,,,,,,,
55,dj_nativegates_ibm_qiskit_opt3_121,,,,,,,,,,,,,,,,,,,,,,2.0,3.0,24,2.7249999999999975e-05,0.8580241436140496,6.250000000000001e-06,0.16180965582573942
105,dj_nativegates_ibm_qiskit_opt3_121,,,,,,,,,,,,,,,1.0,2.0,8,5.224999999999991e-05,0.8588607769669225,8.25e-06,0.29251313017595043,,,,,,,
95,dj_nativegates_ibm_qiskit_opt3_121,,,,,,,,1.0,2.0,8,4.724999999999992e-05,0.8588675836172197,1.3250000000000004e-05,0.27988892800368037,,,,,,,,,,,,,,
105,dj_nativegates_ibm_qiskit_opt3_121,1.0,2.0,8.0,3.824999999999995e-05,0.8588755377487933,2.224999999999999e-05,0.272256987143967,,,,,,,,,,,,,,,,,,,,,
120,dj_nativegates_ibm_qiskit_opt3_121,,,,,,,,,,,,,,,1.0,2.0,8,5.974999999999989e-05,0.8588473071014874,7.499999999999998e-07,0.4763514644351468,,,,,,,
60,dj_nativegates_ibm_qiskit_opt3_121,,,,,,,,,,,,,,,,,,,,,,2.0,3.0,24,2.9749999999999968e-05,0.8580198563161039,1.2499999999999999e-06,0.22772367375185407
65,dj_nativegates_ibm_qiskit_opt3_121,1.0,2.0,8.0,3.2249999999999964e-05,0.8588775927834426,2.8249999999999972e-05,0.27083776088947203,,,,,,,,,,,,,,,,,,,,,
100,dj_nativegates_ibm_qiskit_opt3_121,,,,,,,,1.0,2.0,8,4.9749999999999915e-05,0.8588643976180704,1.0750000000000002e-05,0.2847141925271177,,,,,,,,,,,,,,
90,dj_nativegates_ibm_qiskit_opt3_121,,,,,,,,,,,,,,,1.0,2.0,8,4.474999999999993e-05,0.8588703349643708,1.5750000000000007e-05,0.2766866483402798,,,,,,,
45,dj_nativegates_ibm_qiskit_opt3_121,,,,,,,,,,,,,,,,,,,,,,2.0,3.0,24,2.224999999999999e-05,0.8580288356034306,1.6250000000000005e-05,0.14951364482461682
70,dj_nativegates_ibm_qiskit_opt3_121,,,,,,,,,,,,,,,,,,,,,,1.0,2.0,8,3.474999999999996e-05,0.8588769938329884,2.574999999999998e-05,0.27120395871502984
85,dj_nativegates_ibm_qiskit_opt3_121,1.0,2.0,8.0,3.824999999999995e-05,0.8588755377487933,2.224999999999999e-05,0.272256987143967,,,,,,,,,,,,,,,,,,,,,
40,dj_nativegates_ibm_qiskit_opt3_121,,,,,,,,,,,,,,,3.0,4.0,40,1.9749999999999996e-05,0.8571722155720914,1.7499999999999998e-06,0.11542495776880023,,,,,,,
65,dj_nativegates_ibm_qiskit_opt3_121,,,,,,,,,,,,,,,1.0,2.0,8,3.2249999999999964e-05,0.8588775719201466,2.8249999999999972e-05,0.27083776088947203,,,,,,,
55,dj_nativegates_ibm_qiskit_opt3_121,,,,,,,,2.0,3.0,24,2.7249999999999975e-05,0.8580241436140496,6.250000000000001e-06,0.16180965582573942,,,,,,,,,,,,,,
70,dj_nativegates_ibm_qiskit_opt3_121,,,,,,,,1.0,2.0,8,3.474999999999996e-05,0.8588769938329884,2.574999999999998e-05,0.27120395871502984,,,,,,,,,,,,,,
110,dj_nativegates_ibm_qiskit_opt3_121,1.0,2.0,8.0,3.824999999999995e-05,0.8588755377487933,2.224999999999999e-05,0.272256987143967,,,,,,,,,,,,,,,,,,,,,
85,dj_nativegates_ibm_qiskit_opt3_121,,,,,,,,,,,,,,,,,,,,,,1.0,2.0,8,4.2249999999999936e-05,0.8588726516595229,1.825e-05,0.27447980965913177
70,dj_nativegates_ibm_qiskit_opt3_121,1.0,2.0,8.0,3.474999999999996e-05,0.8588770407754044,2.574999999999998e-05,0.27120395871502984,,,,,,,,,,,,,,,,,,,,,
100,dj_nativegates_ibm_qiskit_opt3_121,,,,,,,,,,,,,,,,,,,,,,1.0,2.0,8,4.9749999999999915e-05,0.8588643976180704,1.0750000000000002e-05,0.2847141925271177
115,dj_nativegates_ibm_qiskit_opt3_121,,,,,,,,,,,,,,,1.0,2.0,8,5.7249999999999894e-05,0.8588522317086309,3.2499999999999994e-06,0.3401763666369705,,,,,,,
85,dj_nativegates_ibm_qiskit_opt3_121,,,,,,,,1.0,2.0,8,4.2249999999999936e-05,0.8588726516595229,1.825e-05,0.27447980965913177,,,,,,,,,,,,,,
50,dj_nativegates_ibm_qiskit_opt3_121,2.0,3.0,24.0,2.0749999999999993e-05,0.85802923250327,1.9249999999999997e-05,0.1490257067771297,,,,,,,,,,,,,,,,,,,,,
85,dj_nativegates_ibm_qiskit_opt3_121,,,,,,,,,,,,,,,1.0,2.0,8,4.2249999999999936e-05,0.8588726516595229,1.825e-05,0.27447980965913177,,,,,,,
95,dj_nativegates_ibm_qiskit_opt3_121,1.0,2.0,8.0,3.824999999999995e-05,0.8588755377487933,2.224999999999999e-05,0.272256987143967,,,,,,,,,,,,,,,,,,,,,
27,dj_nativegates_ibm_qiskit_opt3_121,4.0,5.0,40.0,1.3250000000000004e-05,0.8563222089530178,9.750000000000002e-06,0.05015740523234048,,,,,,,,,,,,,,,,,,,,,
115,dj_nativegates_ibm_qiskit_opt3_121,,,,,,,,1.0,2.0,8,5.7249999999999894e-05,0.8588522317086309,3.2499999999999994e-06,0.3401763666369705,,,,,,,,,,,,,,
55,dj_nativegates_ibm_qiskit_opt3_121,,,,,,,,,,,,,,,2.0,3.0,24,2.7249999999999975e-05,0.8580241436140496,6.250000000000001e-06,0.16180965582573942,,,,,,,
65,dj_nativegates_ibm_qiskit_opt3_121,,,,,,,,,,,,,,,,,,,,,,1.0,2.0,8,3.2249999999999964e-05,0.8588775719201466,2.8249999999999972e-05,0.27083776088947203
50,dj_nativegates_ibm_qiskit_opt3_121,,,,,,,,,,,,,,,,,,,,,,2.0,3.0,24,2.474999999999998e-05,0.8580271371440427,1.1250000000000002e-05,0.1523509431967064
70,dj_nativegates_ibm_qiskit_opt3_121,,,,,,,,,,,,,,,1.0,2.0,8,3.474999999999996e-05,0.8588769938329884,2.574999999999998e-05,0.27120395871502984,,,,,,,
120,dj_nativegates_ibm_qiskit_opt3_121,1.0,2.0,8.0,3.824999999999995e-05,0.8588755377487933,2.224999999999999e-05,0.272256987143967,,,,,,,,,,,,,,,,,,,,,
40,dj_nativegates_ibm_qiskit_opt3_121,3.0,4.0,40.0,1.6750000000000004e-05,0.8571763058214963,1.3250000000000004e-05,0.08504061793283108,,,,,,,,,,,,,,,,,,,,,
90,dj_nativegates_ibm_qiskit_opt3_121,,,,,,,,,,,,,,,,,,,,,,1.0,2.0,8,4.474999999999993e-05,0.8588703349643708,1.5750000000000007e-05,0.2766866483402798
40,dj_nativegates_ibm_qiskit_opt3_121,,,,,,,,3.0,4.0,40,1.9749999999999996e-05,0.8571722155720914,1.7499999999999998e-06,0.11542495776880023,,,,,,,,,,,,,,
65,dj_nativegates_ibm_qiskit_opt3_121,,,,,,,,1.0,2.0,8,3.2249999999999964e-05,0.8588775719201466,2.8249999999999972e-05,0.27083776088947203,,,,,,,,,,,,,,
120,dj_nativegates_ibm_qiskit_opt3_121,,,,,,,,,,,,,,,,,,,,,,1.0,2.0,8,5.974999999999989e-05,0.8588473071014874,7.499999999999998e-07,0.4763514644351468
100,dj_nativegates_ibm_qiskit_opt3_121,1.0,2.0,8.0,3.824999999999995e-05,0.8588755377487933,2.224999999999999e-05,0.272256987143967,,,,,,,,,,,,,,,,,,,,,
115,dj_nativegates_ibm_qiskit_opt3_121,,,,,,,,,,,,,,,,,,,,,,1.0,2.0,8,5.7249999999999894e-05,0.8588522317086309,3.2499999999999994e-06,0.3401763666369705
60,dj_nativegates_ibm_qiskit_opt3_121,2.0,3.0,24.0,2.0749999999999993e-05,0.85802923250327,1.9249999999999997e-05,0.1490257067771297,,,,,,,,,,,,,,,,,,,,,
90,dj_nativegates_ibm_qiskit_opt3_121,,,,,,,,1.0,2.0,8,4.474999999999993e-05,0.8588703349643708,1.5750000000000007e-05,0.2766866483402798,,,,,,,,,,,,,,
100,dj_nativegates_ibm_qiskit_opt3_121,,,,,,,,,,,,,,,1.0,2.0,8,4.9749999999999915e-05,0.8588643976180704,1.0750000000000002e-05,0.2847141925271177,,,,,,,
95,dj_nativegates_ibm_qiskit_opt3_121,,,,,,,,,,,,,,,1.0,2.0,8,4.724999999999992e-05,0.8588675836172197,1.3250000000000004e-05,0.27988892800368037,,,,,,,
105,dj_nativegates_ibm_qiskit_opt3_121,,,,,,,,1.0,2.0,8,5.224999999999991e-05,0.8588607769669225,8.25e-06,0.29251313017595043,,,,,,,,,,,,,,
120,dj_nativegates_ibm_qiskit_opt3_121,,,,,,,,1.0,2.0,8,5.974999999999989e-05,0.8588473071014874,7.499999999999998e-07,0.4763514644351468,,,,,,,,,,,,,,
80,dj_nativegates_ibm_qiskit_opt3_121,,,,,,,,,,,,,,,,,,,,,,1.0,2.0,8,3.974999999999994e-05,0.8588745337026767,2.0749999999999993e-05,0.27294051678411796
60,dj_nativegates_ibm_qiskit_opt3_121,,,,,,,,,,,,,,,2.0,3.0,24,2.9749999999999968e-05,0.8580198563161039,1.2499999999999999e-06,0.22772367375185407,,,,,,,
105,dj_nativegates_ibm_qiskit_opt3_121,,,,,,,,,,,,,,,,,,,,,,1.0,2.0,8,5.224999999999991e-05,0.8588607769669225,8.25e-06,0.29251313017595043
45,dj_nativegates_ibm_qiskit_opt3_121,,,,,,,,,,,,,,,2.0,3.0,24,2.224999999999999e-05,0.8580288356034306,1.6250000000000005e-05,0.14951364482461682,,,,,,,
80,dj_nativegates_ibm_qiskit_opt3_121,1.0,2.0,8.0,3.824999999999995e-05,0.8588755377487933,2.224999999999999e-05,0.272256987143967,,,,,,,,,,,,,,,,,,,,,
27,dj_nativegates_ibm_qiskit_opt3_121,,,,,,,,,,,,,,,4.0,5.0,52,1.3250000000000004e-05,0.8563220085748195,8.25e-06,0.05060067491244843,,,,,,,
115,dj_nativegates_ibm_qiskit_opt3_121,1.0,2.0,8.0,3.824999999999995e-05,0.8588755377487933,2.224999999999999e-05,0.272256987143967,,,,,,,,,,,,,,,,,,,,,
75,dj_nativegates_ibm_qiskit_opt3_121,,,,,,,,1.0,2.0,8,3.724999999999995e-05,0.8588759810938318,2.3249999999999986e-05,0.27188437029291623,,,,,,,,,,,,,,
75,dj_nativegates_ibm_qiskit_opt3_121,1.0,2.0,8.0,3.674999999999995e-05,0.858876218413823,2.3749999999999984e-05,0.2717207303974225,,,,,,,,,,,,,,,,,,,,,
50,dj_nativegates_ibm_qiskit_opt3_121,,,,,,,,2.0,3.0,24,2.474999999999998e-05,0.8580271371440427,1.1250000000000002e-05,0.1523509431967064,,,,,,,,,,,,,,
75,dj_nativegates_ibm_qiskit_opt3_121,,,,,,,,,,,,,,,,,,,,,,1.0,2.0,8,3.724999999999995e-05,0.8588759810938318,2.3249999999999986e-05,0.27188437029291623
40,dj_nativegates_ibm_qiskit_opt3_121,,,,,,,,,,,,,,,,,,,,,,3.0,4.0,40,1.9749999999999996e-05,0.8571722155720914,1.7499999999999998e-06,0.11542495776880023
55,dj_nativegates_ibm_qiskit_opt3_121,2.0,3.0,24.0,2.0749999999999993e-05,0.85802923250327,1.9249999999999997e-05,0.1490257067771297,,,,,,,,,,,,,,,,,,,,,
80,dj_nativegates_ibm_qiskit_opt3_121,,,,,,,,1.0,2.0,8,3.974999999999994e-05,0.8588745337026767,2.0749999999999993e-05,0.27294051678411796,,,,,,,,,,,,,,
110,dj_nativegates_ibm_qiskit_opt3_121,,,,,,,,,,,,,,,1.0,2.0,8,5.47499999999999e-05,0.8588567216637759,5.750000000000001e-06,0.3067895392278956,,,,,,,
27,wstate_nativegates_ibm_qiskit_opt3_110,10.0,5.0,4112.0,1.6749999999999994e-05,0.8434782890028133,1.27e-05,0.05691594127433094,,,,,,,,,,,,,,,,,,,,,
65,wstate_nativegates_ibm_qiskit_opt3_110,,,,,,,,2.0,2.0,32,4.210000000000008e-05,0.8502563054840769,3.0250000000000037e-05,0.2849054509354886,,,,,,,,,,,,,,
50,wstate_nativegates_ibm_qiskit_opt3_110,,,,,,,,,,,,,,,4.0,3.0,256,3.235000000000005e-05,0.8485567144409775,8.800000000000007e-06,0.17704815280922584,,,,,,,
27,wstate_nativegates_ibm_qiskit_opt3_110,,,,,,,,8.0,5.0,256,1.7399999999999996e-05,0.8451677175836279,6.2000000000000025e-06,0.06873820570994403,,,,,,,,,,,,,,
50,wstate_nativegates_ibm_qiskit_opt3_110,,,,,,,,,,,,,,,,,,,,,,4.0,3.0,256,3.235000000000005e-05,0.8485567144409775,8.800000000000007e-06,0.17704815280922584
27,wstate_nativegates_ibm_qiskit_opt3_110,,,,,,,,,,,,,,,,,,,,,,8.0,5.0,256,1.7399999999999996e-05,0.8451677175836279,6.2000000000000025e-06,0.06873820570994403
50,wstate_nativegates_ibm_qiskit_opt3_110,4.0,3.0,272.0,3.2200000000000044e-05,0.8485567118941358,2.0000000000000005e-05,0.1689232645293186,,,,,,,,,,,,,,,,,,,,,
65,wstate_nativegates_ibm_qiskit_opt3_110,2.0,2.0,32.0,4.195000000000008e-05,0.8502563042081058,3.040000000000004e-05,0.2872474461113814,,,,,,,,,,,,,,,,,,,,,
27,wstate_nativegates_ibm_qiskit_opt3_110,,,,,,,,,,,,,,,8.0,5.0,256,1.7399999999999996e-05,0.8451677175836279,6.2000000000000025e-06,0.06873820570994403,,,,,,,
65,wstate_nativegates_ibm_qiskit_opt3_110,,,,,,,,,,,,,,,,,,,,,,2.0,2.0,32,4.210000000000008e-05,0.8502563054840769,3.0250000000000037e-05,0.2849054509354886
65,wstate_nativegates_ibm_qiskit_opt3_110,,,,,,,,,,,,,,,2.0,2.0,32,4.210000000000008e-05,0.8502563054840769,3.0250000000000037e-05,0.2849054509354886,,,,,,,
50,wstate_nativegates_ibm_qiskit_opt3_110,,,,,,,,4.0,3.0,256,3.235000000000005e-05,0.8485567144409775,8.800000000000007e-06,0.17704815280922584,,,,,,,,,,,,,,
50,dj_nativegates_ibm_qiskit_opt3_126,,,,,,,,,,,,,,,,,,,,,,2.0,3.0,24,2.474999999999998e-05,0.8526779628247009,1.3750000000000004e-05,0.14977871530670755
65,dj_nativegates_ibm_qiskit_opt3_126,,,,,,,,1.0,2.0,8,3.2249999999999964e-05,0.8535216326483658,3.074999999999997e-05,0.26993412768451674,,,,,,,,,,,,,,
65,dj_nativegates_ibm_qiskit_opt3_126,,,,,,,,,,,,,,,,,,,,,,1.0,2.0,8,3.2249999999999964e-05,0.8535216326483658,3.074999999999997e-05,0.26993412768451674
27,dj_nativegates_ibm_qiskit_opt3_126,,,,,,,,,,,,,,,4.0,5.0,52,1.3250000000000004e-05,0.8509837208867388,1.0750000000000002e-05,0.04919487630145249,,,,,,,
27,dj_nativegates_ibm_qiskit_opt3_126,4.0,5.0,40.0,1.3250000000000004e-05,0.8509837576527387,1.1250000000000002e-05,0.04913958489056935,,,,,,,,,,,,,,,,,,,,,
50,dj_nativegates_ibm_qiskit_opt3_126,,,,,,,,2.0,3.0,24,2.474999999999998e-05,0.8526779628247009,1.3750000000000004e-05,0.14977871530670755,,,,,,,,,,,,,,
50,dj_nativegates_ibm_qiskit_opt3_126,,,,,,,,,,,,,,,2.0,3.0,24,2.474999999999998e-05,0.8526779628247009,1.3750000000000004e-05,0.14977871530670755,,,,,,,
50,dj_nativegates_ibm_qiskit_opt3_126,2.0,3.0,24.0,2.474999999999998e-05,0.8526787369840767,1.6250000000000005e-05,0.14874184029107518,,,,,,,,,,,,,,,,,,,,,
27,dj_nativegates_ibm_qiskit_opt3_126,,,,,,,,,,,,,,,,,,,,,,4.0,5.0,52,1.3250000000000004e-05,0.8509837208867388,1.0750000000000002e-05,0.04919487630145249
27,dj_nativegates_ibm_qiskit_opt3_126,,,,,,,,4.0,5.0,52,1.3250000000000004e-05,0.8509837208867388,1.0750000000000002e-05,0.04919487630145249,,,,,,,,,,,,,,
65,dj_nativegates_ibm_qiskit_opt3_126,,,,,,,,,,,,,,,1.0,2.0,8,3.2249999999999964e-05,0.8535216326483658,3.074999999999997e-05,0.26993412768451674,,,,,,,
65,dj_nativegates_ibm_qiskit_opt3_126,1.0,2.0,8.0,3.1749999999999965e-05,0.8535216551206244,3.124999999999997e-05,0.2699243869516314,,,,,,,,,,,,,,,,,,,,,
27,wstate_indep_qiskit_114,,,,,,,,8.0,5.0,256,1.4800000000000002e-05,0.844052404219393,7.6000000000000035e-06,0.06536798436976303,,,,,,,,,,,,,,
108,wstate_indep_qiskit_114,,,,,,,,,,,,,,,2.0,2.0,32,5.9349999999999986e-05,0.8491343178224962,4.2999999999999995e-06,0.3515696259434136,,,,,,,
50,wstate_indep_qiskit_114,,,,,,,,,,,,,,,,,,,,,,4.0,3.0,256,2.7449999999999996e-05,0.8474369559710918,9.800000000000004e-06,0.17116341200031854
113,wstate_indep_qiskit_114,,,,,,,,2.0,2.0,32,6.209999999999999e-05,0.8491343178224963,1.55e-06,0.4653710668058619,,,,,,,,,,,,,,
65,wstate_indep_qiskit_114,,,,,,,,,,,,,,,,,,,,,,2.0,2.0,32,3.5699999999999994e-05,0.8491343178224959,2.7949999999999995e-05,0.2840582192452501
50,wstate_indep_qiskit_114,,,,,,,,4.0,3.0,256,2.7449999999999996e-05,0.8474369559710918,9.800000000000004e-06,0.17116341200031854,,,,,,,,,,,,,,
65,wstate_indep_qiskit_114,,,,,,,,,,,,,,,2.0,2.0,32,3.5699999999999994e-05,0.8491343178224959,2.7949999999999995e-05,0.2840582192452501,,,,,,,
108,wstate_indep_qiskit_114,,,,,,,,,,,,,,,,,,,,,,2.0,2.0,32,5.9349999999999986e-05,0.8491343178224962,4.2999999999999995e-06,0.3515696259434136
103,wstate_indep_qiskit_114,,,,,,,,,,,,,,,2.0,2.0,32,5.659999999999999e-05,0.8491343178224962,7.050000000000003e-06,0.3192926098215356,,,,,,,
103,wstate_indep_qiskit_114,,,,,,,,2.0,2.0,32,5.659999999999999e-05,0.8491343178224962,7.050000000000003e-06,0.3192926098215356,,,,,,,,,,,,,,
50,wstate_indep_qiskit_114,,,,,,,,,,,,,,,4.0,3.0,256,2.7449999999999996e-05,0.8474369559710918,9.800000000000004e-06,0.17116341200031854,,,,,,,
65,wstate_indep_qiskit_114,,,,,,,,2.0,2.0,32,3.5699999999999994e-05,0.8491343178224959,2.7949999999999995e-05,0.2840582192452501,,,,,,,,,,,,,,
113,wstate_indep_qiskit_114,2.0,2.0,32.0,4.064999999999999e-05,0.8491343178224959,2.2999999999999997e-05,0.28499877453030037,,,,,,,,,,,,,,,,,,,,,
27,wstate_indep_qiskit_114,,,,,,,,,,,,,,,,,,,,,,8.0,5.0,256,1.4800000000000002e-05,0.844052404219393,7.6000000000000035e-06,0.06536798436976303
27,wstate_indep_qiskit_114,10.0,5.0,4096.0,1.4250000000000002e-05,0.8423651959647576,8.200000000000004e-06,0.05610192176450501,,,,,,,,,,,,,,,,,,,,,
103,wstate_indep_qiskit_114,2.0,2.0,32.0,3.5699999999999994e-05,0.8491343178224959,2.7949999999999995e-05,0.2840582192452501,,,,,,,,,,,,,,,,,,,,,
113,wstate_indep_qiskit_114,,,,,,,,,,,,,,,2.0,2.0,32,6.209999999999999e-05,0.8491343178224963,1.55e-06,0.4653710668058619,,,,,,,
103,wstate_indep_qiskit_114,,,,,,,,,,,,,,,,,,,,,,2.0,2.0,32,5.659999999999999e-05,0.8491343178224962,7.050000000000003e-06,0.3192926098215356
65,wstate_indep_qiskit_114,2.0,2.0,32.0,3.1849999999999995e-05,0.8491343178224959,3.1799999999999994e-05,0.2844757968110992,,,,,,,,,,,,,,,,,,,,,
108,wstate_indep_qiskit_114,2.0,2.0,32.0,3.894999999999999e-05,0.8491343178224958,2.4699999999999997e-05,0.28796149050376274,,,,,,,,,,,,,,,,,,,,,
50,wstate_indep_qiskit_114,4.0,3.0,288.0,2.6299999999999996e-05,0.8474369543602851,1.645e-05,0.16800469194678364,,,,,,,,,,,,,,,,,,,,,
113,wstate_indep_qiskit_114,,,,,,,,,,,,,,,,,,,,,,2.0,2.0,32,6.209999999999999e-05,0.8491343178224963,1.55e-06,0.4653710668058619
108,wstate_indep_qiskit_114,,,,,,,,2.0,2.0,32,5.9349999999999986e-05,0.8491343178224962,4.2999999999999995e-06,0.3515696259434136,,,,,,,,,,,,,,
27,wstate_indep_qiskit_114,,,,,,,,,,,,,,,8.0,5.0,256,1.4800000000000002e-05,0.844052404219393,7.6000000000000035e-06,0.06536798436976303,,,,,,,
10,ghz_nativegates_ibm_qiskit_opt3_52,,,,,,,,5.0,6.0,52,4.6499999999999995e-06,0.9349525659462059,2.9999999999999997e-06,0.05106359447004609,,,,,,,,,,,,,,
50,ghz_nativegates_ibm_qiskit_opt3_52,,,,,,,,,,,,,,,1.0,2.0,8,2.464999999999998e-05,0.9387017069118977,1e-06,0.4357674104124411,,,,,,,
27,ghz_nativegates_ibm_qiskit_opt3_52,1.0,2.0,8.0,1.3150000000000005e-05,0.9387017069118975,1.2500000000000004e-05,0.2920173756675657,,,,,,,,,,,,,,,,,,,,,
50,ghz_nativegates_ibm_qiskit_opt3_52,,,,,,,,,,,,,,,,,,,,,,1.0,2.0,8,2.464999999999998e-05,0.9387017069118977,1e-06,0.4357674104124411
16,ghz_nativegates_ibm_qiskit_opt3_52,,,,,,,,3.0,4.0,40,7.650000000000001e-06,0.9368252609400336,2.9999999999999997e-06,0.116159647452731,,,,,,,,,,,,,,
27,ghz_nativegates_ibm_qiskit_opt3_52,,,,,,,,1.0,2.0,8,1.3150000000000005e-05,0.9387017069118975,1.2500000000000004e-05,0.2920173756675657,,,,,,,,,,,,,,
16,ghz_nativegates_ibm_qiskit_opt3_52,,,,,,,,,,,,,,,3.0,4.0,40,7.650000000000001e-06,0.9368252609400336,2.9999999999999997e-06,0.116159647452731,,,,,,,
27,ghz_nativegates_ibm_qiskit_opt3_52,,,,,,,,,,,,,,,1.0,2.0,8,1.3150000000000005e-05,0.9387017069118975,1.2500000000000004e-05,0.2920173756675657,,,,,,,
50,ghz_nativegates_ibm_qiskit_opt3_52,1.0,2.0,8.0,1.6150000000000003e-05,0.9387017069118976,9.500000000000002e-06,0.2940660474716202,,,,,,,,,,,,,,,,,,,,,
16,ghz_nativegates_ibm_qiskit_opt3_52,3.0,4.0,40.0,7.500000000000002e-06,0.9368252609400336,5.500000000000001e-06,0.11052037241887899,,,,,,,,,,,,,,,,,,,,,
10,ghz_nativegates_ibm_qiskit_opt3_52,5.0,6.0,52.0,4.5e-06,0.9349525659462057,3.6499999999999994e-06,0.05072054794520546,,,,,,,,,,,,,,,,,,,,,
50,ghz_nativegates_ibm_qiskit_opt3_52,,,,,,,,1.0,2.0,8,2.464999999999998e-05,0.9387017069118977,1e-06,0.4357674104124411,,,,,,,,,,,,,,
16,ghz_nativegates_ibm_qiskit_opt3_52,,,,,,,,,,,,,,,,,,,,,,3.0,4.0,40,7.650000000000001e-06,0.9368252609400336,2.9999999999999997e-06,0.116159647452731
27,ghz_nativegates_ibm_qiskit_opt3_52,,,,,,,,,,,,,,,,,,,,,,1.0,2.0,8,1.3150000000000005e-05,0.9387017069118975,1.2500000000000004e-05,0.2920173756675657
10,ghz_nativegates_ibm_qiskit_opt3_52,,,,,,,,,,,,,,,5.0,6.0,52,4.6499999999999995e-06,0.9349525659462059,2.9999999999999997e-06,0.05106359447004609,,,,,,,
10,ghz_nativegates_ibm_qiskit_opt3_52,,,,,,,,,,,,,,,,,,,,,,5.0,6.0,52,4.6499999999999995e-06,0.9349525659462059,2.9999999999999997e-06,0.05106359447004609
35,graphstate_nativegates_ibm_qiskit_opt3_75,4.0,4.0,48.0,3.899999999999999e-06,0.9081992755500563,2.749999999999999e-06,0.11146577895957555,,,,,,,,,,,,,,,,,,,,,
16,graphstate_nativegates_ibm_qiskit_opt3_75,,,,,,,,4.0,6.0,49,3.249999999999999e-06,0.9081992751866929,2.749999999999999e-06,0.0735716651030409,,,,,,,,,,,,,,
65,graphstate_nativegates_ibm_qiskit_opt3_75,,,,,,,,,,,,,,,0.0,2.0,3,3.899999999999999e-06,0.9118411250493681,2.749999999999999e-06,0.22226847253850615,,,,,,,
35,graphstate_nativegates_ibm_qiskit_opt3_75,,,,,,,,2.0,3.0,34,3.899999999999999e-06,0.9100183783063147,2.749999999999999e-06,0.13687195622893414,,,,,,,,,,,,,,
30,graphstate_nativegates_ibm_qiskit_opt3_75,,,,,,,,,,,,,,,2.0,3.0,34,3.249999999999999e-06,0.9100183783063147,2.749999999999999e-06,0.1610075418942056,,,,,,,
60,graphstate_nativegates_ibm_qiskit_opt3_75,,,,,,,,0.0,2.0,3,3.899999999999999e-06,0.9118411250493681,2.749999999999999e-06,0.22226847253850615,,,,,,,,,,,,,,
27,graphstate_nativegates_ibm_qiskit_opt3_75,,,,,,,,2.0,3.0,34,3.249999999999999e-06,0.9100183783063147,2.749999999999999e-06,0.1610075418942056,,,,,,,,,,,,,,
40,graphstate_nativegates_ibm_qiskit_opt3_75,,,,,,,,2.0,2.0,34,3.899999999999999e-06,0.9100183783063147,2.749999999999999e-06,0.13687195622893414,,,,,,,,,,,,,,
16,graphstate_nativegates_ibm_qiskit_opt3_75,,,,,,,,,,,,,,,,,,,,,,4.0,6.0,50,3.249999999999999e-06,0.9081992751866927,2.749999999999999e-06,0.07153200275536518
30,graphstate_nativegates_ibm_qiskit_opt3_75,4.0,4.0,48.0,3.899999999999999e-06,0.9081992751866931,2.749999999999999e-06,0.11060951779223599,,,,,,,,,,,,,,,,,,,,,
16,graphstate_nativegates_ibm_qiskit_opt3_75,5.0,5.0,48.0,3.899999999999999e-06,0.9072910882535032,2.749999999999999e-06,0.06240944699580029,,,,,,,,,,,,,,,,,,,,,
45,graphstate_nativegates_ibm_qiskit_opt3_75,,,,,,,,,,,,,,,2.0,2.0,34,3.249999999999999e-06,0.9100183783063147,2.749999999999999e-06,0.1610075418942056,,,,,,,
27,graphstate_nativegates_ibm_qiskit_opt3_75,3.0,3.0,48.0,3.899999999999999e-06,0.909108372112862,3.099999999999999e-06,0.16317707238272147,,,,,,,,,,,,,,,,,,,,,
50,graphstate_nativegates_ibm_qiskit_opt3_75,,,,,,,,,,,,,,,2.0,2.0,34,3.249999999999999e-06,0.9100183783063147,2.749999999999999e-06,0.1610075418942056,,,,,,,
50,graphstate_nativegates_ibm_qiskit_opt3_75,,,,,,,,,,,,,,,,,,,,,,2.0,2.0,34,3.899999999999999e-06,0.9100183783063147,2.749999999999999e-06,0.13687195622893414
55,graphstate_nativegates_ibm_qiskit_opt3_75,,,,,,,,,,,,,,,,,,,,,,0.0,2.0,3,3.899999999999999e-06,0.9118411250493681,2.749999999999999e-06,0.22226847253850615
65,graphstate_nativegates_ibm_qiskit_opt3_75,,,,,,,,,,,,,,,,,,,,,,0.0,2.0,3,3.899999999999999e-06,0.9118411250493681,2.749999999999999e-06,0.22226847253850615
60,graphstate_nativegates_ibm_qiskit_opt3_75,,,,,,,,,,,,,,,,,,,,,,0.0,2.0,3,3.899999999999999e-06,0.9118411250493681,2.749999999999999e-06,0.22226847253850615
55,graphstate_nativegates_ibm_qiskit_opt3_75,,,,,,,,0.0,2.0,3,3.899999999999999e-06,0.9118411250493681,2.749999999999999e-06,0.22226847253850615,,,,,,,,,,,,,,
35,graphstate_nativegates_ibm_qiskit_opt3_75,,,,,,,,,,,,,,,,,,,,,,2.0,3.0,34,3.899999999999999e-06,0.9100183783063147,2.749999999999999e-06,0.13687195622893414
30,graphstate_nativegates_ibm_qiskit_opt3_75,,,,,,,,,,,,,,,,,,,,,,2.0,3.0,34,3.899999999999999e-06,0.9100183783063147,2.749999999999999e-06,0.13687195622893414
25,graphstate_nativegates_ibm_qiskit_opt3_75,,,,,,,,,,,,,,,4.0,4.0,49,3.249999999999999e-06,0.9081992751866932,6.499999999999999e-07,0.10378230207222547,,,,,,,
70,graphstate_nativegates_ibm_qiskit_opt3_75,,,,,,,,,,,,,,,0.0,2.0,3,3.899999999999999e-06,0.9118411250493681,2.749999999999999e-06,0.22226847253850615,,,,,,,
45,graphstate_nativegates_ibm_qiskit_opt3_75,2.0,2.0,32.0,3.899999999999999e-06,0.9100183786704052,3.249999999999999e-06,0.28363480380365935,,,,,,,,,,,,,,,,,,,,,
70,graphstate_nativegates_ibm_qiskit_opt3_75,,,,,,,,0.0,2.0,3,3.899999999999999e-06,0.9118411250493681,2.749999999999999e-06,0.22226847253850615,,,,,,,,,,,,,,
25,graphstate_nativegates_ibm_qiskit_opt3_75,,,,,,,,3.0,4.0,49,3.899999999999999e-06,0.9091083717491358,2.749999999999999e-06,0.08522613751448777,,,,,,,,,,,,,,
55,graphstate_nativegates_ibm_qiskit_opt3_75,,,,,,,,,,,,,,,0.0,2.0,3,3.899999999999999e-06,0.9118411250493681,2.749999999999999e-06,0.22226847253850615,,,,,,,
50,graphstate_nativegates_ibm_qiskit_opt3_75,,,,,,,,2.0,2.0,34,3.899999999999999e-06,0.9100183783063147,2.749999999999999e-06,0.13687195622893414,,,,,,,,,,,,,,
40,graphstate_nativegates_ibm_qiskit_opt3_75,2.0,2.0,32.0,3.249999999999999e-06,0.9100183786704055,3.249999999999999e-06,0.34073868543099317,,,,,,,,,,,,,,,,,,,,,
25,graphstate_nativegates_ibm_qiskit_opt3_75,,,,,,,,,,,,,,,,,,,,,,3.0,4.0,50,3.249999999999999e-06,0.9091083717491358,2.749999999999999e-06,0.09947493661599303
45,graphstate_nativegates_ibm_qiskit_opt3_75,,,,,,,,2.0,2.0,34,3.899999999999999e-06,0.9100183783063147,2.749999999999999e-06,0.13687195622893414,,,,,,,,,,,,,,
45,graphstate_nativegates_ibm_qiskit_opt3_75,,,,,,,,,,,,,,,,,,,,,,2.0,2.0,34,3.899999999999999e-06,0.9100183783063147,2.749999999999999e-06,0.13687195622893414
40,graphstate_nativegates_ibm_qiskit_opt3_75,,,,,,,,,,,,,,,,,,,,,,2.0,2.0,34,3.899999999999999e-06,0.9100183783063147,2.749999999999999e-06,0.13687195622893414
27,graphstate_nativegates_ibm_qiskit_opt3_75,,,,,,,,,,,,,,,2.0,3.0,34,3.249999999999999e-06,0.9100183783063147,2.749999999999999e-06,0.1610075418942056,,,,,,,
40,graphstate_nativegates_ibm_qiskit_opt3_75,,,,,,,,,,,,,,,2.0,2.0,34,3.249999999999999e-06,0.9100183783063147,2.749999999999999e-06,0.1610075418942056,,,,,,,
70,graphstate_nativegates_ibm_qiskit_opt3_75,,,,,,,,,,,,,,,,,,,,,,0.0,2.0,3,3.899999999999999e-06,0.9118411250493681,2.749999999999999e-06,0.22226847253850615
60,graphstate_nativegates_ibm_qiskit_opt3_75,,,,,,,,,,,,,,,0.0,2.0,3,3.899999999999999e-06,0.9118411250493681,2.749999999999999e-06,0.22226847253850615,,,,,,,
30,graphstate_nativegates_ibm_qiskit_opt3_75,,,,,,,,2.0,3.0,34,3.899999999999999e-06,0.9100183783063147,2.749999999999999e-06,0.13687195622893414,,,,,,,,,,,,,,
50,graphstate_nativegates_ibm_qiskit_opt3_75,2.0,2.0,32.0,3.899999999999999e-06,0.9100183784883599,3.099999999999999e-06,0.29761166253101745,,,,,,,,,,,,,,,,,,,,,
16,graphstate_nativegates_ibm_qiskit_opt3_75,,,,,,,,,,,,,,,4.0,6.0,50,3.249999999999999e-06,0.9081992751866927,2.749999999999999e-06,0.07153200275536518,,,,,,,
27,graphstate_nativegates_ibm_qiskit_opt3_75,,,,,,,,,,,,,,,,,,,,,,2.0,3.0,34,3.249999999999999e-06,0.9100183783063147,2.749999999999999e-06,0.1610075418942056
35,graphstate_nativegates_ibm_qiskit_opt3_75,,,,,,,,,,,,,,,2.0,3.0,34,3.249999999999999e-06,0.9100183783063147,2.749999999999999e-06,0.1610075418942056,,,,,,,
65,graphstate_nativegates_ibm_qiskit_opt3_75,,,,,,,,0.0,2.0,3,3.899999999999999e-06,0.9118411250493681,2.749999999999999e-06,0.22226847253850615,,,,,,,,,,,,,,
27,realamprandom_nativegates_ibm_qiskit_opt3_32,,,,,,,,,,,,,,,,,,,,,,96.0,5.0,18014398509481984,2.5699999999999978e-05,0.6497595286608373,1.6700000000000006e-05,0.2605015465913593
27,realamprandom_nativegates_ibm_qiskit_opt3_32,,,,,,,,,,,,,,,96.0,5.0,18014398509481984,2.5699999999999978e-05,0.6497595286608373,1.6700000000000006e-05,0.2605015465913593,,,,,,,
27,realamprandom_nativegates_ibm_qiskit_opt3_32,,,,,,,,96.0,5.0,18014398509481984,2.5699999999999978e-05,0.6497595286608373,1.6700000000000006e-05,0.2605015465913593,,,,,,,,,,,,,,
16,e_indep_qiskit_32,,,,,,,,94.0,8.0,4294967296,1.6550000000000002e-05,0.7923310029104177,7.500000000000002e-06,0.05268593535557052,,,,,,,,,,,,,,
10,e_indep_qiskit_32,,,,,,,,183.0,22.0,1048576,1.2000000000000004e-05,0.7248478382957281,2.9999999999999997e-06,0.0006344074545225687,,,,,,,,,,,,,,
27,e_indep_qiskit_32,,,,,,,,58.0,4.0,18014398509481984,3.0099999999999966e-05,0.8213429866545068,6.050000000000001e-06,0.20295859274538566,,,,,,,,,,,,,,
10,e_indep_qiskit_32,,,,,,,,,,,,,,,,,,,,,,183.0,22.0,1048576,1.2000000000000004e-05,0.7248478382957281,2.9999999999999997e-06,0.0006344074545225687
16,e_indep_qiskit_32,,,,,,,,,,,,,,,,,,,,,,94.0,8.0,4294967296,1.6550000000000002e-05,0.7923310029104177,7.500000000000002e-06,0.05268593535557052
27,e_indep_qiskit_32,,,,,,,,,,,,,,,,,,,,,,58.0,4.0,18014398509481984,3.0099999999999966e-05,0.8213429866545068,6.050000000000001e-06,0.20295859274538566
10,e_indep_qiskit_32,,,,,,,,,,,,,,,183.0,22.0,1048576,1.2000000000000004e-05,0.7248478382957281,2.9999999999999997e-06,0.0006344074545225687,,,,,,,
27,e_indep_qiskit_32,,,,,,,,,,,,,,,58.0,4.0,18014398509481984,3.0099999999999966e-05,0.8213429866545068,6.050000000000001e-06,0.20295859274538566,,,,,,,
16,e_indep_qiskit_32,,,,,,,,,,,,,,,94.0,8.0,4294967296,1.6550000000000002e-05,0.7923310029104177,7.500000000000002e-06,0.05268593535557052,,,,,,,
10,pricingcall_nativegates_ibm_qiskit_opt3_13,,,,,,,,31.0,5.0,1048576,5.090000000000012e-05,0.9009907234323671,3.6999999999999993e-06,0.3320898656303142,,,,,,,,,,,,,,
5,pricingcall_nativegates_ibm_qiskit_opt3_13,,,,,,,,,,,,,,,71.0,17.0,1024,2.7300000000000006e-05,0.8656740948704221,5e-07,0.015849278462407586,,,,,,,
5,pricingcall_nativegates_ibm_qiskit_opt3_13,,,,,,,,68.0,17.0,1024,2.7300000000000006e-05,0.8682748654289598,5e-07,0.017436771431647086,,,,,,,,,,,,,,
5,pricingcall_nativegates_ibm_qiskit_opt3_13,,,,,,,,,,,,,,,,,,,,,,68.0,17.0,1024,2.7300000000000006e-05,0.8682748654289598,5e-07,0.017436771431647086
10,pricingcall_nativegates_ibm_qiskit_opt3_13,,,,,,,,,,,,,,,,,,,,,,31.0,5.0,1048576,5.090000000000012e-05,0.9009907234323671,3.6999999999999993e-06,0.3320898656303142
10,pricingcall_nativegates_ibm_qiskit_opt3_13,,,,,,,,,,,,,,,31.0,5.0,1048576,5.090000000000012e-05,0.9009907234323671,3.6999999999999993e-06,0.3320898656303142,,,,,,,
27,wstate_indep_qiskit_70,4.0,3.0,288.0,1.4250000000000002e-05,0.9020972614578822,1.2000000000000004e-05,0.1911699869599944,,,,,,,,,,,,,,,,,,,,,
50,wstate_indep_qiskit_70,,,,,,,,2.0,2.0,32,2.7449999999999996e-05,0.9039041061123202,1.2000000000000004e-05,0.31012771154164614,,,,,,,,,,,,,,
16,wstate_indep_qiskit_70,,,,,,,,,,,,,,,8.0,5.0,256,8.750000000000004e-06,0.8984944053425611,7.6000000000000035e-06,0.0896252747952134,,,,,,,
65,wstate_indep_qiskit_70,,,,,,,,,,,,,,,2.0,2.0,32,3.5699999999999994e-05,0.9039041061123202,3.7499999999999992e-06,0.37328038907870836,,,,,,,
65,wstate_indep_qiskit_70,2.0,2.0,32.0,2.4149999999999997e-05,0.9039041061123201,1.5300000000000003e-05,0.3059901826343187,,,,,,,,,,,,,,,,,,,,,
50,wstate_indep_qiskit_70,2.0,2.0,32.0,2.5199999999999996e-05,0.90390410611232,1.4250000000000002e-05,0.31348909481060533,,,,,,,,,,,,,,,,,,,,,
16,wstate_indep_qiskit_70,,,,,,,,,,,,,,,,,,,,,,8.0,5.0,256,8.750000000000004e-06,0.8984944053425611,7.6000000000000035e-06,0.0896252747952134
65,wstate_indep_qiskit_70,,,,,,,,,,,,,,,,,,,,,,2.0,2.0,32,3.5699999999999994e-05,0.9039041061123202,3.7499999999999992e-06,0.37328038907870836
27,wstate_indep_qiskit_70,,,,,,,,,,,,,,,,,,,,,,4.0,3.0,256,1.4800000000000002e-05,0.9020972631725874,1.0900000000000004e-05,0.19127611348405124
16,wstate_indep_qiskit_70,8.0,5.0,288.0,8.750000000000004e-06,0.8984944036347043,7.100000000000003e-06,0.08991005419296395,,,,,,,,,,,,,,,,,,,,,
27,wstate_indep_qiskit_70,,,,,,,,,,,,,,,4.0,3.0,256,1.4800000000000002e-05,0.9020972631725874,1.0900000000000004e-05,0.19127611348405124,,,,,,,
27,wstate_indep_qiskit_70,,,,,,,,4.0,3.0,256,1.4800000000000002e-05,0.9020972631725874,1.0900000000000004e-05,0.19127611348405124,,,,,,,,,,,,,,
65,wstate_indep_qiskit_70,,,,,,,,2.0,2.0,32,3.5699999999999994e-05,0.9039041061123202,3.7499999999999992e-06,0.37328038907870836,,,,,,,,,,,,,,
16,wstate_indep_qiskit_70,,,,,,,,8.0,5.0,256,8.750000000000004e-06,0.8984944053425611,7.6000000000000035e-06,0.0896252747952134,,,,,,,,,,,,,,
50,wstate_indep_qiskit_70,,,,,,,,,,,,,,,,,,,,,,2.0,2.0,32,2.7449999999999996e-05,0.9039041061123202,1.2000000000000004e-05,0.31012771154164614
50,wstate_indep_qiskit_70,,,,,,,,,,,,,,,2.0,2.0,32,2.7449999999999996e-05,0.9039041061123202,1.2000000000000004e-05,0.31012771154164614,,,,,,,
14,ghz_indep_qiskit_29,,,,,,,,2.0,3.0,24,6.550000000000001e-06,0.9640365776608207,1e-06,0.27366671859583525,,,,,,,,,,,,,,
5,ghz_indep_qiskit_29,,,,,,,,6.0,7.0,52,2.05e-06,0.9601862501295932,2e-06,0.08321514634146346,,,,,,,,,,,,,,
19,ghz_indep_qiskit_29,1.0,2.0,8.0,9.000000000000002e-06,0.9650015695881148,5.05e-06,0.32879340565635506,,,,,,,,,,,,,,,,,,,,,
27,ghz_indep_qiskit_29,,,,,,,,,,,,,,,,,,,,,,1.0,2.0,8,1.3050000000000004e-05,0.9650015695881149,1e-06,0.4490090345773614
16,ghz_indep_qiskit_29,,,,,,,,,,,,,,,1.0,2.0,8,7.550000000000001e-06,0.9650015695881148,6.500000000000001e-06,0.32308420056764414,,,,,,,
24,ghz_indep_qiskit_29,,,,,,,,1.0,2.0,8,1.1550000000000003e-05,0.965001569588115,2.4999999999999998e-06,0.36243386243386244,,,,,,,,,,,,,,
10,ghz_indep_qiskit_29,,,,,,,,,,,,,,,3.0,4.0,40,4.55e-06,0.9630725507158118,5e-07,0.21758241758241761,,,,,,,
27,ghz_indep_qiskit_29,,,,,,,,1.0,2.0,8,1.3050000000000004e-05,0.9650015695881149,1e-06,0.4490090345773614,,,,,,,,,,,,,,
16,ghz_indep_qiskit_29,,,,,,,,,,,,,,,,,,,,,,1.0,2.0,8,7.550000000000001e-06,0.9650015695881148,6.500000000000001e-06,0.32308420056764414
5,ghz_indep_qiskit_29,,,,,,,,,,,,,,,,,,,,,,6.0,7.0,52,2.05e-06,0.9601862501295932,2e-06,0.08321514634146346
9,ghz_indep_qiskit_29,,,,,,,,3.0,4.0,40,4.049999999999999e-06,0.9630725507158122,2e-06,0.16101161747023657,,,,,,,,,,,,,,
19,ghz_indep_qiskit_29,,,,,,,,,,,,,,,1.0,2.0,8,9.050000000000001e-06,0.9650015695881148,5e-06,0.3280155436305479,,,,,,,
24,ghz_indep_qiskit_29,,,,,,,,,,,,,,,,,,,,,,1.0,2.0,8,1.1550000000000003e-05,0.965001569588115,2.4999999999999998e-06,0.36243386243386244
14,ghz_indep_qiskit_29,2.0,3.0,24.0,5.55e-06,0.9640365776608207,3.4999999999999995e-06,0.21682193557193552,,,,,,,,,,,,,,,,,,,,,
24,ghz_indep_qiskit_29,1.0,2.0,8.0,9.050000000000001e-06,0.9650015695881148,5e-06,0.3280155436305479,,,,,,,,,,,,,,,,,,,,,
19,ghz_indep_qiskit_29,,,,,,,,,,,,,,,,,,,,,,1.0,2.0,8,9.050000000000001e-06,0.9650015695881148,5e-06,0.3280155436305479
9,ghz_indep_qiskit_29,,,,,,,,,,,,,,,,,,,,,,3.0,4.0,40,4.049999999999999e-06,0.9630725507158122,2e-06,0.16101161747023657
16,ghz_indep_qiskit_29,1.0,2.0,8.0,7.550000000000001e-06,0.9650015695881148,6.500000000000001e-06,0.32308420056764414,,,,,,,,,,,,,,,,,,,,,
9,ghz_indep_qiskit_29,,,,,,,,,,,,,,,3.0,4.0,40,4.049999999999999e-06,0.9630725507158122,2e-06,0.16101161747023657,,,,,,,
19,ghz_indep_qiskit_29,,,,,,,,1.0,2.0,8,9.050000000000001e-06,0.9650015695881148,5e-06,0.3280155436305479,,,,,,,,,,,,,,
9,ghz_indep_qiskit_29,3.0,4.0,40.0,4.049999999999999e-06,0.963072550715812,2.9999999999999997e-06,0.15554925673973297,,,,,,,,,,,,,,,,,,,,,
27,ghz_indep_qiskit_29,1.0,2.0,8.0,9.050000000000001e-06,0.9650015695881148,5e-06,0.3280155436305479,,,,,,,,,,,,,,,,,,,,,
10,ghz_indep_qiskit_29,3.0,4.0,40.0,4.5e-06,0.9630725507158118,2.5499999999999997e-06,0.15868347338935573,,,,,,,,,,,,,,,,,,,,,
27,ghz_indep_qiskit_29,,,,,,,,,,,,,,,1.0,2.0,8,1.3050000000000004e-05,0.9650015695881149,1e-06,0.4490090345773614,,,,,,,
24,ghz_indep_qiskit_29,,,,,,,,,,,,,,,1.0,2.0,8,1.1550000000000003e-05,0.965001569588115,2.4999999999999998e-06,0.36243386243386244,,,,,,,
10,ghz_indep_qiskit_29,,,,,,,,3.0,4.0,40,4.55e-06,0.9630725507158118,5e-07,0.21758241758241761,,,,,,,,,,,,,,
14,ghz_indep_qiskit_29,,,,,,,,,,,,,,,,,,,,,,2.0,3.0,24,6.550000000000001e-06,0.9640365776608207,1e-06,0.27366671859583525
16,ghz_indep_qiskit_29,,,,,,,,1.0,2.0,8,7.550000000000001e-06,0.9650015695881148,6.500000000000001e-06,0.32308420056764414,,,,,,,,,,,,,,
10,ghz_indep_qiskit_29,,,,,,,,,,,,,,,,,,,,,,3.0,4.0,40,4.55e-06,0.9630725507158118,5e-07,0.21758241758241761
5,ghz_indep_qiskit_29,,,,,,,,,,,,,,,6.0,7.0,52,2.05e-06,0.9601862501295932,2e-06,0.08321514634146346,,,,,,,
5,ghz_indep_qiskit_29,6.0,7.0,40.0,2.05e-06,0.9601862501295932,2e-06,0.08321514634146346,,,,,,,,,,,,,,,,,,,,,
14,ghz_indep_qiskit_29,,,,,,,,,,,,,,,2.0,3.0,24,6.550000000000001e-06,0.9640365776608207,1e-06,0.27366671859583525,,,,,,,
27,e_nativegates_ibm_qiskit_opt3_31,,,,,,,,44.0,3.0,18014398509481984,5.839999999999997e-05,0.7856414123634363,2.4399999999999997e-05,0.2345299419836269,,,,,,,,,,,,,,
27,e_nativegates_ibm_qiskit_opt3_31,18.0,2.0,68719476736.0,5.820000000000004e-05,0.8063643526673422,4.749999999999996e-05,0.6239141642505726,,,,,,,,,,,,,,,,,,,,,
10,e_nativegates_ibm_qiskit_opt3_31,,,,,,,,,,,,,,,141.0,18.0,1048576,2.045e-05,0.7131607754139017,7.550000000000003e-06,0.002303386720859869,,,,,,,
16,e_nativegates_ibm_qiskit_opt3_31,,,,,,,,,,,,,,,80.0,8.0,4294967296,5.014999999999999e-05,0.7579815736007651,8.600000000000002e-06,0.05708526858936531,,,,,,,
10,e_nativegates_ibm_qiskit_opt3_31,,,,,,,,,,,,,,,,,,,,,,141.0,18.0,1048576,2.045e-05,0.7131607754139017,7.550000000000003e-06,0.002303386720859869
16,e_nativegates_ibm_qiskit_opt3_31,,,,,,,,69.0,7.0,4294967296,5.014999999999999e-05,0.766351499136968,1.0750000000000002e-05,0.08371671741843291,,,,,,,,,,,,,,
10,e_nativegates_ibm_qiskit_opt3_31,,,,,,,,131.0,17.0,1048576,2.045e-05,0.7203268368859701,5.400000000000001e-06,0.0034913867100281955,,,,,,,,,,,,,,
27,e_nativegates_ibm_qiskit_opt3_31,,,,,,,,,,,,,,,44.0,3.0,18014398509481984,5.839999999999997e-05,0.7856414123634363,2.4399999999999997e-05,0.2345299419836269,,,,,,,
27,e_nativegates_ibm_qiskit_opt3_31,,,,,,,,,,,,,,,,,,,,,,44.0,3.0,18014398509481984,5.839999999999997e-05,0.7856414123634363,2.4399999999999997e-05,0.2345299419836269
16,e_nativegates_ibm_qiskit_opt3_31,,,,,,,,,,,,,,,,,,,,,,80.0,8.0,4294967296,5.014999999999999e-05,0.7579815736007651,8.600000000000002e-06,0.05708526858936531
50,realamprandom_indep_qiskit_62,,,,,,,,186.0,5.0,95780971304118053647396689196894323976171195136475136,4.854999999999991e-05,0.24961127174893455,3.659999999999995e-05,0.2329283979145415,,,,,,,,,,,,,,
50,realamprandom_indep_qiskit_62,,,,,,,,,,,,,,,186.0,5.0,95780971304118053647396689196894323976171195136475136,4.854999999999991e-05,0.24961127174893455,3.659999999999995e-05,0.2329283979145415,,,,,,,
50,realamprandom_indep_qiskit_62,,,,,,,,,,,,,,,,,,,,,,186.0,5.0,95780971304118053647396689196894323976171195136475136,4.854999999999991e-05,0.24961127174893455,3.659999999999995e-05,0.2329283979145415
65,ghz_indep_qiskit_125,,,,,,,,,,,,,,,,,,,,,,1.0,2.0,8,3.204999999999996e-05,0.8599547534308672,2.9999999999999963e-05,0.26653164487235265
65,ghz_indep_qiskit_125,1.0,2.0,8.0,3.199999999999996e-05,0.8599547534308671,3.0049999999999965e-05,0.2665559502552497,,,,,,,,,,,,,,,,,,,,,
50,ghz_indep_qiskit_125,2.0,3.0,24.0,2.2549999999999986e-05,0.859094807270103,1.7999999999999997e-05,0.14402678731947047,,,,,,,,,,,,,,,,,,,,,
27,ghz_indep_qiskit_125,,,,,,,,4.0,5.0,52,1.3050000000000004e-05,0.85737749390135,1.0000000000000003e-05,0.04570119808229492,,,,,,,,,,,,,,
27,ghz_indep_qiskit_125,,,,,,,,,,,,,,,,,,,,,,4.0,5.0,52,1.3050000000000004e-05,0.85737749390135,1.0000000000000003e-05,0.04570119808229492
65,ghz_indep_qiskit_125,,,,,,,,1.0,2.0,8,3.204999999999996e-05,0.8599547534308672,2.9999999999999963e-05,0.26653164487235265,,,,,,,,,,,,,,
50,ghz_indep_qiskit_125,,,,,,,,2.0,3.0,24,2.454999999999998e-05,0.8590948072701029,1.3000000000000004e-05,0.145487817756657,,,,,,,,,,,,,,
65,ghz_indep_qiskit_125,,,,,,,,,,,,,,,1.0,2.0,8,3.204999999999996e-05,0.8599547534308672,2.9999999999999963e-05,0.26653164487235265,,,,,,,
50,ghz_indep_qiskit_125,,,,,,,,,,,,,,,2.0,3.0,24,2.454999999999998e-05,0.8590948072701029,1.3000000000000004e-05,0.145487817756657,,,,,,,
27,ghz_indep_qiskit_125,,,,,,,,,,,,,,,4.0,5.0,52,1.3050000000000004e-05,0.85737749390135,1.0000000000000003e-05,0.04570119808229492,,,,,,,
50,ghz_indep_qiskit_125,,,,,,,,,,,,,,,,,,,,,,2.0,3.0,24,2.454999999999998e-05,0.8590948072701029,1.3000000000000004e-05,0.145487817756657
27,ghz_indep_qiskit_125,4.0,5.0,40.0,1.3050000000000004e-05,0.8573774939013501,1.1000000000000003e-05,0.045605869333280306,,,,,,,,,,,,,,,,,,,,,
5,graphstate_indep_qiskit_20,,,,,,,,,,,,,,,5.0,6.0,49,1.55e-06,0.9712096773638603,5e-07,0.439892541696399,,,,,,,
5,graphstate_indep_qiskit_20,7.0,6.0,48.0,1.55e-06,0.9692682505471902,1.0500000000000001e-06,0.14279259014701495,,,,,,,,,,,,,,,,,,,,,
10,graphstate_indep_qiskit_20,,,,,,,,,,,,,,,2.0,3.0,33,2.05e-06,0.9741291112276883,1.55e-06,0.38129102857599084,,,,,,,
5,graphstate_indep_qiskit_20,,,,,,,,,,,,,,,,,,,,,,5.0,6.0,49,1.55e-06,0.9712096773638603,5e-07,0.439892541696399
16,graphstate_indep_qiskit_20,,,,,,,,0.0,2.0,2,2.05e-06,0.9760802742605936,1.55e-06,0.6085759244689222,,,,,,,,,,,,,,
16,graphstate_indep_qiskit_20,,,,,,,,,,,,,,,0.0,2.0,2,2.05e-06,0.9760802742605936,1.55e-06,0.6085759244689222,,,,,,,
10,graphstate_indep_qiskit_20,,,,,,,,3.0,3.0,49,2.05e-06,0.9731549928234138,1.55e-06,0.41713952147697503,,,,,,,,,,,,,,
16,graphstate_indep_qiskit_20,,,,,,,,,,,,,,,,,,,,,,0.0,2.0,2,2.05e-06,0.9760802742605936,1.55e-06,0.6085759244689222
10,graphstate_indep_qiskit_20,3.0,3.0,48.0,1.55e-06,0.9731549928234139,1.55e-06,0.3404719546171664,,,,,,,,,,,,,,,,,,,,,
5,graphstate_indep_qiskit_20,,,,,,,,5.0,6.0,49,1.55e-06,0.9712096773638603,5e-07,0.439892541696399,,,,,,,,,,,,,,
10,graphstate_indep_qiskit_20,,,,,,,,,,,,,,,,,,,,,,3.0,3.0,49,1.55e-06,0.9731549928234138,1.55e-06,0.5062869893231089
16,wstate_nativegates_ibm_qiskit_opt3_90,,,,,,,,,,,,,,,,,,,,,,12.0,7.0,256,1.0250000000000004e-05,0.8667454890185528,3.599999999999999e-06,0.03996781277724064
27,wstate_nativegates_ibm_qiskit_opt3_90,,,,,,,,,,,,,,,,,,,,,,6.0,4.0,256,1.7399999999999996e-05,0.8719639924190363,9.450000000000006e-06,0.11243766668422721
50,wstate_nativegates_ibm_qiskit_opt3_90,,,,,,,,,,,,,,,2.0,2.0,32,3.235000000000005e-05,0.8754604383534341,2.7000000000000026e-05,0.29252234570627106,,,,,,,
16,wstate_nativegates_ibm_qiskit_opt3_90,,,,,,,,12.0,7.0,256,1.0250000000000004e-05,0.8667454890185528,3.599999999999999e-06,0.03996781277724064,,,,,,,,,,,,,,
27,wstate_nativegates_ibm_qiskit_opt3_90,6.0,4.0,272.0,1.7399999999999996e-05,0.871963987010371,1.1550000000000001e-05,0.11127144581756584,,,,,,,,,,,,,,,,,,,,,
27,wstate_nativegates_ibm_qiskit_opt3_90,,,,,,,,6.0,4.0,256,1.7399999999999996e-05,0.8719639924190363,9.450000000000006e-06,0.11243766668422721,,,,,,,,,,,,,,
65,wstate_nativegates_ibm_qiskit_opt3_90,,,,,,,,2.0,2.0,32,4.210000000000008e-05,0.8754604383534342,1.7249999999999992e-05,0.2971893938123411,,,,,,,,,,,,,,
65,wstate_nativegates_ibm_qiskit_opt3_90,,,,,,,,,,,,,,,2.0,2.0,32,4.210000000000008e-05,0.8754604383534342,1.7249999999999992e-05,0.2971893938123411,,,,,,,
50,wstate_nativegates_ibm_qiskit_opt3_90,2.0,2.0,32.0,3.040000000000004e-05,0.8754604370396395,2.8950000000000033e-05,0.2927716167217117,,,,,,,,,,,,,,,,,,,,,
65,wstate_nativegates_ibm_qiskit_opt3_90,,,,,,,,,,,,,,,,,,,,,,2.0,2.0,32,4.210000000000008e-05,0.8754604383534342,1.7249999999999992e-05,0.2971893938123411
27,wstate_nativegates_ibm_qiskit_opt3_90,,,,,,,,,,,,,,,6.0,4.0,256,1.7399999999999996e-05,0.8719639924190363,9.450000000000006e-06,0.11243766668422721,,,,,,,
16,wstate_nativegates_ibm_qiskit_opt3_90,,,,,,,,,,,,,,,12.0,7.0,256,1.0250000000000004e-05,0.8667454890185528,3.599999999999999e-06,0.03996781277724064,,,,,,,
50,wstate_nativegates_ibm_qiskit_opt3_90,,,,,,,,,,,,,,,,,,,,,,2.0,2.0,32,3.235000000000005e-05,0.8754604383534341,2.7000000000000026e-05,0.29252234570627106
50,wstate_nativegates_ibm_qiskit_opt3_90,,,,,,,,2.0,2.0,32,3.235000000000005e-05,0.8754604383534341,2.7000000000000026e-05,0.29252234570627106,,,,,,,,,,,,,,
65,wstate_nativegates_ibm_qiskit_opt3_90,2.0,2.0,32.0,3.415000000000005e-05,0.8754604370396395,2.5200000000000023e-05,0.2952280087698189,,,,,,,,,,,,,,,,,,,,,
65,ghz_nativegates_ibm_qiskit_opt3_114,,,,,,,,,,,,,,,,,,,,,,1.0,2.0,8,3.214999999999996e-05,0.8713689640635245,2.449999999999998e-05,0.26917573872472816
65,ghz_nativegates_ibm_qiskit_opt3_114,1.0,2.0,8.0,3.199999999999996e-05,0.8713689640635244,2.464999999999998e-05,0.26950538305507915,,,,,,,,,,,,,,,,,,,,,
50,ghz_nativegates_ibm_qiskit_opt3_114,2.0,3.0,24.0,2.2649999999999985e-05,0.8704976038061781,1.3500000000000005e-05,0.14729516914741722,,,,,,,,,,,,,,,,,,,,,
27,ghz_nativegates_ibm_qiskit_opt3_114,,,,,,,,,,,,,,,4.0,5.0,52,1.3150000000000005e-05,0.868757496474795,4.5e-06,0.050398541749423736,,,,,,,
27,ghz_nativegates_ibm_qiskit_opt3_114,,,,,,,,,,,,,,,,,,,,,,4.0,5.0,52,1.3150000000000005e-05,0.868757496474795,4.5e-06,0.050398541749423736
50,ghz_nativegates_ibm_qiskit_opt3_114,,,,,,,,2.0,3.0,24,2.464999999999998e-05,0.8704976038061781,7.500000000000002e-06,0.15295436105476684,,,,,,,,,,,,,,
65,ghz_nativegates_ibm_qiskit_opt3_114,,,,,,,,1.0,2.0,8,3.214999999999996e-05,0.8713689640635245,2.449999999999998e-05,0.26917573872472816,,,,,,,,,,,,,,
27,ghz_nativegates_ibm_qiskit_opt3_114,4.0,5.0,40.0,1.3150000000000005e-05,0.8687574964747948,8.000000000000001e-06,0.04791232163998759,,,,,,,,,,,,,,,,,,,,,
65,ghz_nativegates_ibm_qiskit_opt3_114,,,,,,,,,,,,,,,1.0,2.0,8,3.214999999999996e-05,0.8713689640635245,2.449999999999998e-05,0.26917573872472816,,,,,,,
50,ghz_nativegates_ibm_qiskit_opt3_114,,,,,,,,,,,,,,,,,,,,,,2.0,3.0,24,2.464999999999998e-05,0.8704976038061781,7.500000000000002e-06,0.15295436105476684
50,ghz_nativegates_ibm_qiskit_opt3_114,,,,,,,,,,,,,,,2.0,3.0,24,2.464999999999998e-05,0.8704976038061781,7.500000000000002e-06,0.15295436105476684,,,,,,,
27,ghz_nativegates_ibm_qiskit_opt3_114,,,,,,,,4.0,5.0,52,1.3150000000000005e-05,0.868757496474795,4.5e-06,0.050398541749423736,,,,,,,,,,,,,,
5,ghz_indep_qiskit_18,,,,,,,,,,,,,,,4.0,5.0,52,2.05e-06,0.9748991020420806,5e-07,0.24260975609756105,,,,,,,
16,ghz_indep_qiskit_18,,,,,,,,1.0,2.0,8,7.550000000000001e-06,0.977829629165697,1e-06,0.4711644591611477,,,,,,,,,,,,,,
10,ghz_indep_qiskit_18,,,,,,,,,,,,,,,,,,,,,,1.0,2.0,8,4.55e-06,0.9778296291656969,4e-06,0.3693528693528694
10,ghz_indep_qiskit_18,,,,,,,,1.0,2.0,8,4.55e-06,0.9778296291656969,4e-06,0.3693528693528694,,,,,,,,,,,,,,
10,ghz_indep_qiskit_18,1.0,2.0,8.0,4.55e-06,0.9778296291656969,4e-06,0.3693528693528694,,,,,,,,,,,,,,,,,,,,,
5,ghz_indep_qiskit_18,,,,,,,,,,,,,,,,,,,,,,4.0,5.0,52,2.05e-06,0.9748991020420806,5e-07,0.24260975609756105
16,ghz_indep_qiskit_18,1.0,2.0,8.0,5e-06,0.9778296291656969,3.5499999999999995e-06,0.37243918053777214,,,,,,,,,,,,,,,,,,,,,
16,ghz_indep_qiskit_18,,,,,,,,,,,,,,,,,,,,,,1.0,2.0,8,7.550000000000001e-06,0.977829629165697,1e-06,0.4711644591611477
10,ghz_indep_qiskit_18,,,,,,,,,,,,,,,1.0,2.0,8,4.55e-06,0.9778296291656969,4e-06,0.3693528693528694,,,,,,,
5,ghz_indep_qiskit_18,4.0,5.0,40.0,2e-06,0.9748991020420807,1.5e-06,0.2089415322580645,,,,,,,,,,,,,,,,,,,,,
16,ghz_indep_qiskit_18,,,,,,,,,,,,,,,1.0,2.0,8,7.550000000000001e-06,0.977829629165697,1e-06,0.4711644591611477,,,,,,,
5,ghz_indep_qiskit_18,,,,,,,,4.0,5.0,52,2.05e-06,0.9748991020420806,5e-07,0.24260975609756105,,,,,,,,,,,,,,
162,u2random_nativegates_ibm_qiskit_opt3_24,,,,,,,,,,,,,,,120.0,9.0,4294967296,1.4700000000000005e-05,0.7307960171473719,7.700000000000003e-06,0.050432663579659,,,,,,,
162,u2random_nativegates_ibm_qiskit_opt3_24,,,,,,,,120.0,9.0,4294967296,1.4700000000000005e-05,0.7307960171473719,7.700000000000003e-06,0.050432663579659,,,,,,,,,,,,,,
162,u2random_nativegates_ibm_qiskit_opt3_24,,,,,,,,,,,,,,,,,,,,,,120.0,9.0,4294967296,1.4700000000000005e-05,0.7307960171473719,7.700000000000003e-06,0.050432663579659
27,wstate_nativegates_ibm_qiskit_opt3_97,,,,,,,,,,,,,,,6.0,4.0,256,1.7399999999999996e-05,0.8630942410458022,1.3999999999999998e-05,0.10679870704183982,,,,,,,
65,wstate_nativegates_ibm_qiskit_opt3_97,2.0,2.0,32.0,3.885000000000007e-05,0.8665551192958387,2.505000000000002e-05,0.2898951384979326,,,,,,,,,,,,,,,,,,,,,
65,wstate_nativegates_ibm_qiskit_opt3_97,,,,,,,,,,,,,,,2.0,2.0,32,4.210000000000008e-05,0.8665551205962692,2.1800000000000008e-05,0.2912727732047495,,,,,,,
65,wstate_nativegates_ibm_qiskit_opt3_97,,,,,,,,,,,,,,,,,,,,,,2.0,2.0,32,4.210000000000008e-05,0.8665551205962692,2.1800000000000008e-05,0.2912727732047495
50,wstate_nativegates_ibm_qiskit_opt3_97,,,,,,,,2.0,2.0,32,3.235000000000005e-05,0.8665551205962692,3.155000000000004e-05,0.2897983318130986,,,,,,,,,,,,,,
50,wstate_nativegates_ibm_qiskit_opt3_97,,,,,,,,,,,,,,,,,,,,,,2.0,2.0,32,3.235000000000005e-05,0.8665551205962692,3.155000000000004e-05,0.2897983318130986
50,wstate_nativegates_ibm_qiskit_opt3_97,2.0,2.0,32.0,3.235000000000005e-05,0.8665551192958386,3.155000000000004e-05,0.2897819395775755,,,,,,,,,,,,,,,,,,,,,
27,wstate_nativegates_ibm_qiskit_opt3_97,,,,,,,,,,,,,,,,,,,,,,6.0,4.0,256,1.7399999999999996e-05,0.8630942410458022,1.3999999999999998e-05,0.10679870704183982
50,wstate_nativegates_ibm_qiskit_opt3_97,,,,,,,,,,,,,,,2.0,2.0,32,3.235000000000005e-05,0.8665551205962692,3.155000000000004e-05,0.2897983318130986,,,,,,,
27,wstate_nativegates_ibm_qiskit_opt3_97,6.0,4.0,272.0,1.7249999999999992e-05,0.8630942356921549,1.5449999999999993e-05,0.10719528583273456,,,,,,,,,,,,,,,,,,,,,
65,wstate_nativegates_ibm_qiskit_opt3_97,,,,,,,,2.0,2.0,32,4.210000000000008e-05,0.8665551205962692,2.1800000000000008e-05,0.2912727732047495,,,,,,,,,,,,,,
27,wstate_nativegates_ibm_qiskit_opt3_97,,,,,,,,6.0,4.0,256,1.7399999999999996e-05,0.8630942410458022,1.3999999999999998e-05,0.10679870704183982,,,,,,,,,,,,,,
16,dj_nativegates_ibm_qiskit_opt3_64,,,,,,,,,,,,,,,,,,,,,,4.0,5.0,52,7.75e-06,0.9195973879309589,1.7499999999999998e-06,0.08480116648809284
50,dj_nativegates_ibm_qiskit_opt3_64,,,,,,,,,,,,,,,,,,,,,,1.0,2.0,8,2.474999999999998e-05,0.922353794514926,7.250000000000002e-06,0.30472716126785104
50,dj_nativegates_ibm_qiskit_opt3_64,1.0,2.0,8.0,2.0249999999999994e-05,0.9223559916188612,1.1750000000000003e-05,0.2921418183448975,,,,,,,,,,,,,,,,,,,,,
50,dj_nativegates_ibm_qiskit_opt3_64,,,,,,,,1.0,2.0,8,2.474999999999998e-05,0.922353794514926,7.250000000000002e-06,0.30472716126785104,,,,,,,,,,,,,,
16,dj_nativegates_ibm_qiskit_opt3_64,,,,,,,,4.0,5.0,52,7.75e-06,0.9195973879309589,1.7499999999999998e-06,0.08480116648809284,,,,,,,,,,,,,,
27,dj_nativegates_ibm_qiskit_opt3_64,2.0,3.0,24.0,1.2750000000000003e-05,0.9214371743720402,7.75e-06,0.17363296552452348,,,,,,,,,,,,,,,,,,,,,
16,dj_nativegates_ibm_qiskit_opt3_64,4.0,5.0,40.0,7.75e-06,0.9195978716849499,5.2500000000000006e-06,0.07138035469215312,,,,,,,,,,,,,,,,,,,,,
27,dj_nativegates_ibm_qiskit_opt3_64,,,,,,,,2.0,3.0,24,1.3250000000000004e-05,0.9214367091256973,5.750000000000001e-06,0.17853734688764944,,,,,,,,,,,,,,
27,dj_nativegates_ibm_qiskit_opt3_64,,,,,,,,,,,,,,,2.0,3.0,24,1.3250000000000004e-05,0.9214367091256973,5.750000000000001e-06,0.17853734688764944,,,,,,,
16,dj_nativegates_ibm_qiskit_opt3_64,,,,,,,,,,,,,,,4.0,5.0,52,7.75e-06,0.9195973879309589,1.7499999999999998e-06,0.08480116648809284,,,,,,,
50,dj_nativegates_ibm_qiskit_opt3_64,,,,,,,,,,,,,,,1.0,2.0,8,2.474999999999998e-05,0.922353794514926,7.250000000000002e-06,0.30472716126785104,,,,,,,
27,dj_nativegates_ibm_qiskit_opt3_64,,,,,,,,,,,,,,,,,,,,,,2.0,3.0,24,1.3250000000000004e-05,0.9214367091256973,5.750000000000001e-06,0.17853734688764944
65,e_nativegates_ibm_qiskit_opt3_116,,,,,,,,,,,,,,,99.0,4.0,1361129467683753853853498429727072845824,0.00020590000000000227,0.3550128647921987,2.225e-05,0.12723011081690017,,,,,,,
50,e_nativegates_ibm_qiskit_opt3_116,,,,,,,,,,,,,,,134.0,5.0,1267650600228229401496703205376,0.00012605000000000006,0.3428723447360661,6.850000000000026e-05,0.06401506122812721,,,,,,,
50,e_nativegates_ibm_qiskit_opt3_116,,,,,,,,,,,,,,,,,,,,,,134.0,5.0,1267650600228229401496703205376,0.00012605000000000006,0.3428723447360661,6.850000000000026e-05,0.06401506122812721
50,e_nativegates_ibm_qiskit_opt3_116,,,,,,,,134.0,5.0,1267650600228229401496703205376,0.00012605000000000006,0.3428723447360661,6.850000000000026e-05,0.06401506122812721,,,,,,,,,,,,,,
65,e_nativegates_ibm_qiskit_opt3_116,,,,,,,,,,,,,,,,,,,,,,99.0,4.0,1361129467683753853853498429727072845824,0.00020590000000000227,0.3550128647921987,2.225e-05,0.12723011081690017
65,e_nativegates_ibm_qiskit_opt3_116,,,,,,,,99.0,4.0,1361129467683753853853498429727072845824,0.00020590000000000227,0.3550128647921987,2.225e-05,0.12723011081690017,,,,,,,,,,,,,,
47,dj_nativegates_ibm_qiskit_opt3_97,2.0,3.0,24.0,1.825e-05,0.8841782808020809,1.2250000000000003e-05,0.1561918708183416,,,,,,,,,,,,,,,,,,,,,
37,dj_nativegates_ibm_qiskit_opt3_97,,,,,,,,,,,,,,,2.0,3.0,24,1.825e-05,0.884178248778843,1.2250000000000003e-05,0.15619187081834157,,,,,,,
27,dj_nativegates_ibm_qiskit_opt3_97,3.0,4.0,40.0,1.3250000000000004e-05,0.8832977366868312,9.250000000000001e-06,0.09157230042367083,,,,,,,,,,,,,,,,,,,,,
42,dj_nativegates_ibm_qiskit_opt3_97,,,,,,,,,,,,,,,,,,,,,,2.0,3.0,24,2.0749999999999993e-05,0.8841765013642359,7.250000000000002e-06,0.1627662983211516
50,dj_nativegates_ibm_qiskit_opt3_97,,,,,,,,,,,,,,,,,,,,,,1.0,2.0,8,2.474999999999998e-05,0.8850568621080734,2.3749999999999984e-05,0.275917320574163
87,dj_nativegates_ibm_qiskit_opt3_97,1.0,2.0,8.0,3.074999999999997e-05,0.8850553983225966,1.775e-05,0.27782720098895697,,,,,,,,,,,,,,,,,,,,,
32,dj_nativegates_ibm_qiskit_opt3_97,,,,,,,,3.0,4.0,40,1.5750000000000007e-05,0.8832953080582155,1.7499999999999998e-06,0.1204574431274777,,,,,,,,,,,,,,
57,dj_nativegates_ibm_qiskit_opt3_97,1.0,2.0,8.0,2.7749999999999973e-05,0.8850564170743936,2.0749999999999993e-05,0.2764357374340166,,,,,,,,,,,,,,,,,,,,,
92,dj_nativegates_ibm_qiskit_opt3_97,,,,,,,,1.0,2.0,8,4.5749999999999926e-05,0.8850402350063744,2.7499999999999995e-06,0.3547947039892872,,,,,,,,,,,,,,
62,dj_nativegates_ibm_qiskit_opt3_97,,,,,,,,,,,,,,,,,,,,,,1.0,2.0,8,3.074999999999997e-05,0.8850553286185264,1.775e-05,0.27782720098895697
37,dj_nativegates_ibm_qiskit_opt3_97,2.0,3.0,24.0,1.825e-05,0.8841782808020809,1.2250000000000003e-05,0.1561918708183416,,,,,,,,,,,,,,,,,,,,,
87,dj_nativegates_ibm_qiskit_opt3_97,,,,,,,,1.0,2.0,8,4.324999999999993e-05,0.8850438676608088,5.2500000000000006e-06,0.3130275849988827,,,,,,,,,,,,,,
82,dj_nativegates_ibm_qiskit_opt3_97,,,,,,,,,,,,,,,1.0,2.0,8,4.074999999999994e-05,0.8850470534942796,7.75e-06,0.2966312212498735,,,,,,,
65,dj_nativegates_ibm_qiskit_opt3_97,1.0,2.0,8.0,3.074999999999997e-05,0.8850553983225966,1.775e-05,0.27782720098895697,,,,,,,,,,,,,,,,,,,,,
27,dj_nativegates_ibm_qiskit_opt3_97,,,,,,,,3.0,4.0,40,1.3250000000000004e-05,0.8832977153934573,9.250000000000001e-06,0.09157230042367084,,,,,,,,,,,,,,
72,dj_nativegates_ibm_qiskit_opt3_97,1.0,2.0,8.0,3.074999999999997e-05,0.8850553983225966,1.775e-05,0.27782720098895697,,,,,,,,,,,,,,,,,,,,,
77,dj_nativegates_ibm_qiskit_opt3_97,,,,,,,,,,,,,,,1.0,2.0,8,3.824999999999995e-05,0.8850497925067866,1.0250000000000002e-05,0.2881010852234466,,,,,,,
72,dj_nativegates_ibm_qiskit_opt3_97,,,,,,,,1.0,2.0,8,3.5749999999999954e-05,0.8850520846983303,1.2750000000000003e-05,0.283043874175096,,,,,,,,,,,,,,
37,dj_nativegates_ibm_qiskit_opt3_97,,,,,,,,,,,,,,,,,,,,,,2.0,3.0,24,1.825e-05,0.884178248778843,1.2250000000000003e-05,0.15619187081834157
62,dj_nativegates_ibm_qiskit_opt3_97,1.0,2.0,8.0,3.0249999999999966e-05,0.8850556190521526,1.825e-05,0.277525375222944,,,,,,,,,,,,,,,,,,,,,
42,dj_nativegates_ibm_qiskit_opt3_97,,,,,,,,,,,,,,,2.0,3.0,24,2.0749999999999993e-05,0.8841765013642359,7.250000000000002e-06,0.1627662983211516,,,,,,,
47,dj_nativegates_ibm_qiskit_opt3_97,,,,,,,,2.0,3.0,24,2.3249999999999986e-05,0.8841734215495952,2.2499999999999996e-06,0.20068998672055968,,,,,,,,,,,,,,
57,dj_nativegates_ibm_qiskit_opt3_97,,,,,,,,,,,,,,,1.0,2.0,8,2.8249999999999972e-05,0.8850562803471788,2.0249999999999994e-05,0.2766020189933311,,,,,,,
65,dj_nativegates_ibm_qiskit_opt3_97,,,,,,,,1.0,2.0,8,3.2249999999999964e-05,0.885054543107272,1.6250000000000005e-05,0.27893114494330956,,,,,,,,,,,,,,
57,dj_nativegates_ibm_qiskit_opt3_97,,,,,,,,,,,,,,,,,,,,,,1.0,2.0,8,2.8249999999999972e-05,0.8850562803471788,2.0249999999999994e-05,0.2766020189933311
52,dj_nativegates_ibm_qiskit_opt3_97,,,,,,,,1.0,2.0,8,2.574999999999998e-05,0.8850567852548678,2.2749999999999987e-05,0.27600230791710517,,,,,,,,,,,,,,
82,dj_nativegates_ibm_qiskit_opt3_97,,,,,,,,,,,,,,,,,,,,,,1.0,2.0,8,4.074999999999994e-05,0.8850470534942796,7.75e-06,0.2966312212498735
50,dj_nativegates_ibm_qiskit_opt3_97,1.0,2.0,8.0,2.474999999999998e-05,0.8850568621080734,2.3749999999999984e-05,0.275917320574163,,,,,,,,,,,,,,,,,,,,,
62,dj_nativegates_ibm_qiskit_opt3_97,,,,,,,,,,,,,,,1.0,2.0,8,3.074999999999997e-05,0.8850553286185264,1.775e-05,0.27782720098895697,,,,,,,
50,dj_nativegates_ibm_qiskit_opt3_97,,,,,,,,1.0,2.0,8,2.474999999999998e-05,0.8850568621080734,2.3749999999999984e-05,0.275917320574163,,,,,,,,,,,,,,
67,dj_nativegates_ibm_qiskit_opt3_97,,,,,,,,1.0,2.0,8,3.324999999999996e-05,0.88505393006891,1.5250000000000005e-05,0.27985686530192433,,,,,,,,,,,,,,
77,dj_nativegates_ibm_qiskit_opt3_97,,,,,,,,,,,,,,,,,,,,,,1.0,2.0,8,3.824999999999995e-05,0.8850497925067866,1.0250000000000002e-05,0.2881010852234466
65,dj_nativegates_ibm_qiskit_opt3_97,,,,,,,,,,,,,,,,,,,,,,1.0,2.0,8,3.2249999999999964e-05,0.885054543107272,1.6250000000000005e-05,0.27893114494330956
77,dj_nativegates_ibm_qiskit_opt3_97,1.0,2.0,8.0,3.074999999999997e-05,0.8850553983225966,1.775e-05,0.27782720098895697,,,,,,,,,,,,,,,,,,,,,
62,dj_nativegates_ibm_qiskit_opt3_97,,,,,,,,1.0,2.0,8,3.074999999999997e-05,0.8850553286185264,1.775e-05,0.27782720098895697,,,,,,,,,,,,,,
50,dj_nativegates_ibm_qiskit_opt3_97,,,,,,,,,,,,,,,1.0,2.0,8,2.474999999999998e-05,0.8850568621080734,2.3749999999999984e-05,0.275917320574163,,,,,,,
52,dj_nativegates_ibm_qiskit_opt3_97,,,,,,,,,,,,,,,,,,,,,,1.0,2.0,8,2.574999999999998e-05,0.8850567852548678,2.2749999999999987e-05,0.27600230791710517
67,dj_nativegates_ibm_qiskit_opt3_97,,,,,,,,,,,,,,,1.0,2.0,8,3.324999999999996e-05,0.88505393006891,1.5250000000000005e-05,0.27985686530192433,,,,,,,
67,dj_nativegates_ibm_qiskit_opt3_97,1.0,2.0,8.0,3.074999999999997e-05,0.8850553983225966,1.775e-05,0.27782720098895697,,,,,,,,,,,,,,,,,,,,,
87,dj_nativegates_ibm_qiskit_opt3_97,,,,,,,,,,,,,,,,,,,,,,1.0,2.0,8,4.324999999999993e-05,0.8850438676608088,5.2500000000000006e-06,0.3130275849988827
57,dj_nativegates_ibm_qiskit_opt3_97,,,,,,,,1.0,2.0,8,2.8249999999999972e-05,0.8850562803471788,2.0249999999999994e-05,0.2766020189933311,,,,,,,,,,,,,,
72,dj_nativegates_ibm_qiskit_opt3_97,,,,,,,,,,,,,,,,,,,,,,1.0,2.0,8,3.5749999999999954e-05,0.8850520846983303,1.2750000000000003e-05,0.283043874175096
65,dj_nativegates_ibm_qiskit_opt3_97,,,,,,,,,,,,,,,1.0,2.0,8,3.2249999999999964e-05,0.885054543107272,1.6250000000000005e-05,0.27893114494330956,,,,,,,
52,dj_nativegates_ibm_qiskit_opt3_97,,,,,,,,,,,,,,,1.0,2.0,8,2.574999999999998e-05,0.8850567852548678,2.2749999999999987e-05,0.27600230791710517,,,,,,,
42,dj_nativegates_ibm_qiskit_opt3_97,,,,,,,,2.0,3.0,24,2.0749999999999993e-05,0.8841765013642359,7.250000000000002e-06,0.1627662983211516,,,,,,,,,,,,,,
47,dj_nativegates_ibm_qiskit_opt3_97,,,,,,,,,,,,,,,2.0,3.0,24,2.3249999999999986e-05,0.8841734215495952,2.2499999999999996e-06,0.20068998672055968,,,,,,,
77,dj_nativegates_ibm_qiskit_opt3_97,,,,,,,,1.0,2.0,8,3.824999999999995e-05,0.8850497925067866,1.0250000000000002e-05,0.2881010852234466,,,,,,,,,,,,,,
32,dj_nativegates_ibm_qiskit_opt3_97,,,,,,,,,,,,,,,,,,,,,,3.0,4.0,40,1.5750000000000007e-05,0.8832953080582155,1.7499999999999998e-06,0.1204574431274777
72,dj_nativegates_ibm_qiskit_opt3_97,,,,,,,,,,,,,,,1.0,2.0,8,3.5749999999999954e-05,0.8850520846983303,1.2750000000000003e-05,0.283043874175096,,,,,,,
82,dj_nativegates_ibm_qiskit_opt3_97,1.0,2.0,8.0,3.074999999999997e-05,0.8850553983225966,1.775e-05,0.27782720098895697,,,,,,,,,,,,,,,,,,,,,
42,dj_nativegates_ibm_qiskit_opt3_97,2.0,3.0,24.0,1.825e-05,0.8841782808020809,1.2250000000000003e-05,0.1561918708183416,,,,,,,,,,,,,,,,,,,,,
27,dj_nativegates_ibm_qiskit_opt3_97,,,,,,,,,,,,,,,3.0,4.0,40,1.3250000000000004e-05,0.8832977153934573,9.250000000000001e-06,0.09157230042367084,,,,,,,
87,dj_nativegates_ibm_qiskit_opt3_97,,,,,,,,,,,,,,,1.0,2.0,8,4.324999999999993e-05,0.8850438676608088,5.2500000000000006e-06,0.3130275849988827,,,,,,,
92,dj_nativegates_ibm_qiskit_opt3_97,1.0,2.0,8.0,3.074999999999997e-05,0.8850553983225966,1.775e-05,0.27782720098895697,,,,,,,,,,,,,,,,,,,,,
52,dj_nativegates_ibm_qiskit_opt3_97,1.0,2.0,8.0,2.574999999999998e-05,0.8850567852548678,2.2749999999999987e-05,0.27600230791710517,,,,,,,,,,,,,,,,,,,,,
32,dj_nativegates_ibm_qiskit_opt3_97,3.0,4.0,40.0,1.3750000000000004e-05,0.8832976594983505,8.750000000000001e-06,0.09186513865681788,,,,,,,,,,,,,,,,,,,,,
27,dj_nativegates_ibm_qiskit_opt3_97,,,,,,,,,,,,,,,,,,,,,,3.0,4.0,40,1.3250000000000004e-05,0.8832977153934573,9.250000000000001e-06,0.09157230042367084
82,dj_nativegates_ibm_qiskit_opt3_97,,,,,,,,1.0,2.0,8,4.074999999999994e-05,0.8850470534942796,7.75e-06,0.2966312212498735,,,,,,,,,,,,,,
47,dj_nativegates_ibm_qiskit_opt3_97,,,,,,,,,,,,,,,,,,,,,,2.0,3.0,24,2.3249999999999986e-05,0.8841734215495952,2.2499999999999996e-06,0.20068998672055968
92,dj_nativegates_ibm_qiskit_opt3_97,,,,,,,,,,,,,,,1.0,2.0,8,4.5749999999999926e-05,0.8850402350063744,2.7499999999999995e-06,0.3547947039892872,,,,,,,
37,dj_nativegates_ibm_qiskit_opt3_97,,,,,,,,2.0,3.0,24,1.825e-05,0.884178248778843,1.2250000000000003e-05,0.15619187081834157,,,,,,,,,,,,,,
67,dj_nativegates_ibm_qiskit_opt3_97,,,,,,,,,,,,,,,,,,,,,,1.0,2.0,8,3.324999999999996e-05,0.88505393006891,1.5250000000000005e-05,0.27985686530192433
92,dj_nativegates_ibm_qiskit_opt3_97,,,,,,,,,,,,,,,,,,,,,,1.0,2.0,8,4.5749999999999926e-05,0.8850402350063744,2.7499999999999995e-06,0.3547947039892872
32,dj_nativegates_ibm_qiskit_opt3_97,,,,,,,,,,,,,,,3.0,4.0,40,1.5750000000000007e-05,0.8832953080582155,1.7499999999999998e-06,0.1204574431274777,,,,,,,
65,graphstate_indep_qiskit_80,,,,,,,,2.0,2.0,34,3.0499999999999996e-06,0.9058851295114381,1.55e-06,0.23272534820379767,,,,,,,,,,,,,,
50,graphstate_indep_qiskit_80,,,,,,,,2.0,2.0,34,3.0499999999999996e-06,0.9058851295114381,1.55e-06,0.23272534820379767,,,,,,,,,,,,,,
27,graphstate_indep_qiskit_80,,,,,,,,,,,,,,,,,,,,,,3.0,4.0,49,3.0499999999999996e-06,0.9049792543387898,1.55e-06,0.12687491312330132
16,graphstate_indep_qiskit_80,,,,,,,,6.0,6.0,48,3.5499999999999995e-06,0.9022670603896235,1.55e-06,0.05843668327127067,,,,,,,,,,,,,,
16,graphstate_indep_qiskit_80,6.0,6.0,48.0,3.5499999999999995e-06,0.902267060389623,2.05e-06,0.032685756708660765,,,,,,,,,,,,,,,,,,,,,
65,graphstate_indep_qiskit_80,,,,,,,,,,,,,,,,,,,,,,2.0,2.0,34,3.0499999999999996e-06,0.9058851295114381,1.55e-06,0.23272534820379767
27,graphstate_indep_qiskit_80,,,,,,,,,,,,,,,3.0,4.0,49,3.0499999999999996e-06,0.9049792543387896,1.55e-06,0.13925313157560268,,,,,,,
65,graphstate_indep_qiskit_80,2.0,2.0,32.0,3.5499999999999995e-06,0.9058851295114383,2.5499999999999997e-06,0.31644467104284824,,,,,,,,,,,,,,,,,,,,,
27,graphstate_indep_qiskit_80,4.0,4.0,48.0,3.5499999999999995e-06,0.9040742850313567,2.5499999999999997e-06,0.08744777900915561,,,,,,,,,,,,,,,,,,,,,
27,graphstate_indep_qiskit_80,,,,,,,,3.0,4.0,49,3.0499999999999996e-06,0.9049792543387898,1.55e-06,0.12687491312330132,,,,,,,,,,,,,,
16,graphstate_indep_qiskit_80,,,,,,,,,,,,,,,,,,,,,,6.0,6.0,49,3.5499999999999995e-06,0.9022670603896235,1.55e-06,0.051613410477588155
16,graphstate_indep_qiskit_80,,,,,,,,,,,,,,,6.0,6.0,48,3.5499999999999995e-06,0.9022670603896238,1.55e-06,0.03937091288765985,,,,,,,
50,graphstate_indep_qiskit_80,,,,,,,,,,,,,,,2.0,2.0,34,3.5499999999999995e-06,0.9058851295114384,1.55e-06,0.23976997935269903,,,,,,,
50,graphstate_indep_qiskit_80,,,,,,,,,,,,,,,,,,,,,,2.0,2.0,34,3.0499999999999996e-06,0.9058851295114381,1.55e-06,0.23272534820379767
65,graphstate_indep_qiskit_80,,,,,,,,,,,,,,,2.0,2.0,34,3.5499999999999995e-06,0.9058851295114384,1.55e-06,0.23976997935269903,,,,,,,
50,graphstate_indep_qiskit_80,2.0,2.0,32.0,3.5499999999999995e-06,0.9058851295114382,3.5499999999999995e-06,0.24471250638382278,,,,,,,,,,,,,,,,,,,,,
49,ghz_indep_qiskit_73,,,,,,,,,,,,,,,,,,,,,,1.0,2.0,8,2.404999999999998e-05,0.9153502995591337,1.2000000000000004e-05,0.2815588272731132
29,ghz_indep_qiskit_73,,,,,,,,2.0,3.0,24,1.4050000000000004e-05,0.9144349584057531,8.000000000000001e-06,0.16013494357251357,,,,,,,,,,,,,,
65,ghz_indep_qiskit_73,1.0,2.0,8.0,2.2999999999999983e-05,0.9153502995591335,1.3050000000000004e-05,0.28086948120371136,,,,,,,,,,,,,,,,,,,,,
64,ghz_indep_qiskit_73,,,,,,,,,,,,,,,1.0,2.0,8,3.154999999999996e-05,0.9153502995591338,4.5e-06,0.30983557844690984,,,,,,,
64,ghz_indep_qiskit_73,,,,,,,,,,,,,,,,,,,,,,1.0,2.0,8,3.154999999999996e-05,0.9153502995591338,4.5e-06,0.30983557844690984
65,ghz_indep_qiskit_73,,,,,,,,1.0,2.0,8,3.204999999999996e-05,0.9153502995591337,4e-06,0.3154192834380044,,,,,,,,,,,,,,
59,ghz_indep_qiskit_73,,,,,,,,,,,,,,,,,,,,,,1.0,2.0,8,2.9049999999999968e-05,0.9153502995591337,7.000000000000002e-06,0.29340898703773954
50,ghz_indep_qiskit_73,,,,,,,,1.0,2.0,8,2.454999999999998e-05,0.9153502995591337,1.1500000000000003e-05,0.2821961982348949,,,,,,,,,,,,,,
39,ghz_indep_qiskit_73,,,,,,,,1.0,2.0,8,1.9049999999999995e-05,0.9153502995591336,1.7e-05,0.27849691865439913,,,,,,,,,,,,,,
64,ghz_indep_qiskit_73,1.0,2.0,8.0,2.2999999999999983e-05,0.9153502995591335,1.3050000000000004e-05,0.28086948120371136,,,,,,,,,,,,,,,,,,,,,
54,ghz_indep_qiskit_73,1.0,2.0,8.0,2.2999999999999983e-05,0.9153502995591335,1.3050000000000004e-05,0.28086948120371136,,,,,,,,,,,,,,,,,,,,,
39,ghz_indep_qiskit_73,,,,,,,,,,,,,,,,,,,,,,1.0,2.0,8,1.9049999999999995e-05,0.9153502995591336,1.7e-05,0.27849691865439913
44,ghz_indep_qiskit_73,1.0,2.0,8.0,2.154999999999999e-05,0.9153502995591336,1.4500000000000005e-05,0.2793784714898405,,,,,,,,,,,,,,,,,,,,,
44,ghz_indep_qiskit_73,,,,,,,,,,,,,,,1.0,2.0,8,2.154999999999999e-05,0.9153502995591336,1.4500000000000005e-05,0.2793784714898405,,,,,,,
24,ghz_indep_qiskit_73,3.0,4.0,40.0,1.0500000000000003e-05,0.91352053258438,7.050000000000001e-06,0.09445688689809628,,,,,,,,,,,,,,,,,,,,,
54,ghz_indep_qiskit_73,,,,,,,,,,,,,,,1.0,2.0,8,2.6549999999999974e-05,0.9153502995591337,9.500000000000002e-06,0.2856838948176049,,,,,,,
29,ghz_indep_qiskit_73,,,,,,,,,,,,,,,,,,,,,,2.0,3.0,24,1.4050000000000004e-05,0.9144349584057531,8.000000000000001e-06,0.16013494357251357
34,ghz_indep_qiskit_73,2.0,3.0,24.0,1.4000000000000005e-05,0.9144349584057528,9.050000000000001e-06,0.15933518572367067,,,,,,,,,,,,,,,,,,,,,
39,ghz_indep_qiskit_73,1.0,2.0,8.0,1.9049999999999995e-05,0.9153502995591336,1.7e-05,0.27849691865439913,,,,,,,,,,,,,,,,,,,,,
49,ghz_indep_qiskit_73,,,,,,,,1.0,2.0,8,2.404999999999998e-05,0.9153502995591337,1.2000000000000004e-05,0.2815588272731132,,,,,,,,,,,,,,
29,ghz_indep_qiskit_73,2.0,3.0,24.0,1.4000000000000005e-05,0.9144349584057528,9.050000000000001e-06,0.15933518572367067,,,,,,,,,,,,,,,,,,,,,
69,ghz_indep_qiskit_73,1.0,2.0,8.0,2.2999999999999983e-05,0.9153502995591335,1.3050000000000004e-05,0.28086948120371136,,,,,,,,,,,,,,,,,,,,,
16,ghz_indep_qiskit_73,,,,,,,,4.0,5.0,52,7.550000000000001e-06,0.912607021179691,6.000000000000001e-06,0.05805495073160092,,,,,,,,,,,,,,
49,ghz_indep_qiskit_73,1.0,2.0,8.0,2.2999999999999983e-05,0.9153502995591335,1.3050000000000004e-05,0.28086948120371136,,,,,,,,,,,,,,,,,,,,,
59,ghz_indep_qiskit_73,1.0,2.0,8.0,2.2999999999999983e-05,0.9153502995591335,1.3050000000000004e-05,0.28086948120371136,,,,,,,,,,,,,,,,,,,,,
59,ghz_indep_qiskit_73,,,,,,,,1.0,2.0,8,2.9049999999999968e-05,0.9153502995591337,7.000000000000002e-06,0.29340898703773954,,,,,,,,,,,,,,
24,ghz_indep_qiskit_73,,,,,,,,,,,,,,,3.0,4.0,40,1.1550000000000003e-05,0.9135205325843798,1.5e-06,0.11963148974867722,,,,,,,
27,ghz_indep_qiskit_73,,,,,,,,,,,,,,,2.0,3.0,24,1.3050000000000004e-05,0.9144349584057531,1.0000000000000003e-05,0.15845980214978836,,,,,,,
34,ghz_indep_qiskit_73,,,,,,,,,,,,,,,2.0,3.0,24,1.6550000000000002e-05,0.9144349584057532,2.9999999999999997e-06,0.18066181510812965,,,,,,,
69,ghz_indep_qiskit_73,,,,,,,,1.0,2.0,8,3.4049999999999954e-05,0.9153502995591339,2e-06,0.36064398050607616,,,,,,,,,,,,,,
27,ghz_indep_qiskit_73,,,,,,,,2.0,3.0,24,1.3050000000000004e-05,0.9144349584057531,1.0000000000000003e-05,0.15845980214978836,,,,,,,,,,,,,,
69,ghz_indep_qiskit_73,,,,,,,,,,,,,,,,,,,,,,1.0,2.0,8,3.4049999999999954e-05,0.9153502995591339,2e-06,0.36064398050607616
34,ghz_indep_qiskit_73,,,,,,,,2.0,3.0,24,1.6550000000000002e-05,0.9144349584057532,2.9999999999999997e-06,0.18066181510812965,,,,,,,,,,,,,,
69,ghz_indep_qiskit_73,,,,,,,,,,,,,,,1.0,2.0,8,3.4049999999999954e-05,0.9153502995591339,2e-06,0.36064398050607616,,,,,,,
54,ghz_indep_qiskit_73,,,,,,,,,,,,,,,,,,,,,,1.0,2.0,8,2.6549999999999974e-05,0.9153502995591337,9.500000000000002e-06,0.2856838948176049
50,ghz_indep_qiskit_73,,,,,,,,,,,,,,,,,,,,,,1.0,2.0,8,2.454999999999998e-05,0.9153502995591337,1.1500000000000003e-05,0.2821961982348949
44,ghz_indep_qiskit_73,,,,,,,,,,,,,,,,,,,,,,1.0,2.0,8,2.154999999999999e-05,0.9153502995591336,1.4500000000000005e-05,0.2793784714898405
24,ghz_indep_qiskit_73,,,,,,,,3.0,4.0,40,1.1550000000000003e-05,0.9135205325843798,1.5e-06,0.11963148974867722,,,,,,,,,,,,,,
24,ghz_indep_qiskit_73,,,,,,,,,,,,,,,,,,,,,,3.0,4.0,40,1.1550000000000003e-05,0.9135205325843798,1.5e-06,0.11963148974867722
65,ghz_indep_qiskit_73,,,,,,,,,,,,,,,,,,,,,,1.0,2.0,8,3.204999999999996e-05,0.9153502995591337,4e-06,0.3154192834380044
16,ghz_indep_qiskit_73,,,,,,,,,,,,,,,4.0,5.0,52,7.550000000000001e-06,0.912607021179691,6.000000000000001e-06,0.05805495073160092,,,,,,,
59,ghz_indep_qiskit_73,,,,,,,,,,,,,,,1.0,2.0,8,2.9049999999999968e-05,0.9153502995591337,7.000000000000002e-06,0.29340898703773954,,,,,,,
49,ghz_indep_qiskit_73,,,,,,,,,,,,,,,1.0,2.0,8,2.404999999999998e-05,0.9153502995591337,1.2000000000000004e-05,0.2815588272731132,,,,,,,
34,ghz_indep_qiskit_73,,,,,,,,,,,,,,,,,,,,,,2.0,3.0,24,1.6550000000000002e-05,0.9144349584057532,2.9999999999999997e-06,0.18066181510812965
27,ghz_indep_qiskit_73,,,,,,,,,,,,,,,,,,,,,,2.0,3.0,24,1.3050000000000004e-05,0.9144349584057531,1.0000000000000003e-05,0.15845980214978836
54,ghz_indep_qiskit_73,,,,,,,,1.0,2.0,8,2.6549999999999974e-05,0.9153502995591337,9.500000000000002e-06,0.2856838948176049,,,,,,,,,,,,,,
16,ghz_indep_qiskit_73,4.0,5.0,40.0,7.500000000000002e-06,0.9126070211796912,6.0500000000000005e-06,0.058107496141553666,,,,,,,,,,,,,,,,,,,,,
44,ghz_indep_qiskit_73,,,,,,,,1.0,2.0,8,2.154999999999999e-05,0.9153502995591336,1.4500000000000005e-05,0.2793784714898405,,,,,,,,,,,,,,
64,ghz_indep_qiskit_73,,,,,,,,1.0,2.0,8,3.154999999999996e-05,0.9153502995591338,4.5e-06,0.30983557844690984,,,,,,,,,,,,,,
50,ghz_indep_qiskit_73,1.0,2.0,8.0,2.2999999999999983e-05,0.9153502995591335,1.3050000000000004e-05,0.28086948120371136,,,,,,,,,,,,,,,,,,,,,
65,ghz_indep_qiskit_73,,,,,,,,,,,,,,,1.0,2.0,8,3.204999999999996e-05,0.9153502995591337,4e-06,0.3154192834380044,,,,,,,
39,ghz_indep_qiskit_73,,,,,,,,,,,,,,,1.0,2.0,8,1.9049999999999995e-05,0.9153502995591336,1.7e-05,0.27849691865439913,,,,,,,
50,ghz_indep_qiskit_73,,,,,,,,,,,,,,,1.0,2.0,8,2.454999999999998e-05,0.9153502995591337,1.1500000000000003e-05,0.2821961982348949,,,,,,,
16,ghz_indep_qiskit_73,,,,,,,,,,,,,,,,,,,,,,4.0,5.0,52,7.550000000000001e-06,0.912607021179691,6.000000000000001e-06,0.05805495073160092
29,ghz_indep_qiskit_73,,,,,,,,,,,,,,,2.0,3.0,24,1.4050000000000004e-05,0.9144349584057531,8.000000000000001e-06,0.16013494357251357,,,,,,,
27,ghz_indep_qiskit_73,2.0,3.0,24.0,1.3050000000000004e-05,0.914434958405753,1.0000000000000003e-05,0.15845980214978833,,,,,,,,,,,,,,,,,,,,,
16,graphstate_indep_qiskit_45,,,,,,,,4.0,4.0,48,2.5499999999999997e-06,0.9432013818207822,1.0500000000000001e-06,0.2907933255528652,,,,,,,,,,,,,,
10,graphstate_indep_qiskit_45,,,,,,,,,,,,,,,6.0,6.0,48,3.0499999999999996e-06,0.9413159429718225,1.55e-06,0.15482113168107425,,,,,,,
27,graphstate_indep_qiskit_45,,,,,,,,,,,,,,,3.0,3.0,48,2.5499999999999997e-06,0.9441455169603482,2.5499999999999997e-06,0.25894149533146105,,,,,,,
27,graphstate_indep_qiskit_45,,,,,,,,,,,,,,,,,,,,,,3.0,3.0,48,2.5499999999999997e-06,0.9441455169603482,2.05e-06,0.3113610213588867
10,graphstate_indep_qiskit_45,,,,,,,,,,,,,,,,,,,,,,6.0,6.0,48,2.5499999999999997e-06,0.9413159429718225,1.55e-06,0.14787526421941902
27,graphstate_indep_qiskit_45,,,,,,,,3.0,3.0,48,3.0499999999999996e-06,0.9441455169603482,2.5499999999999997e-06,0.22175183832859155,,,,,,,,,,,,,,
10,graphstate_indep_qiskit_45,5.0,5.0,48.0,2.5499999999999997e-06,0.9422581908059785,1.55e-06,0.11601532767524002,,,,,,,,,,,,,,,,,,,,,
10,graphstate_indep_qiskit_45,,,,,,,,7.0,6.0,48,2.5499999999999997e-06,0.9403746373751444,5e-07,0.1619696658834277,,,,,,,,,,,,,,
16,graphstate_indep_qiskit_45,,,,,,,,,,,,,,,,,,,,,,4.0,4.0,48,2.5499999999999997e-06,0.9432013818207822,1.0500000000000001e-06,0.2907933255528652
16,graphstate_indep_qiskit_45,3.0,3.0,48.0,3.0499999999999996e-06,0.944145516960348,2.5499999999999997e-06,0.19266500195385142,,,,,,,,,,,,,,,,,,,,,
27,graphstate_indep_qiskit_45,2.0,2.0,32.0,3.0499999999999996e-06,0.945090597169736,2.5499999999999997e-06,0.3056775837232283,,,,,,,,,,,,,,,,,,,,,
16,graphstate_indep_qiskit_45,,,,,,,,,,,,,,,4.0,4.0,48,3.0499999999999996e-06,0.9432013818207821,5.5e-07,0.3128603239286198,,,,,,,
27,dj_nativegates_ibm_qiskit_opt3_52,,,,,,,,1.0,2.0,8,1.3250000000000004e-05,0.9363052946098875,1.2750000000000003e-05,0.29849885059651976,,,,,,,,,,,,,,
10,dj_nativegates_ibm_qiskit_opt3_52,,,,,,,,5.0,6.0,52,4.75e-06,0.9325697544289733,3.2499999999999994e-06,0.0604922635746387,,,,,,,,,,,,,,
17,dj_nativegates_ibm_qiskit_opt3_52,,,,,,,,,,,,,,,,,,,,,,3.0,4.0,40,8.25e-06,0.934436103218086,1.7499999999999998e-06,0.1439785150575689
22,dj_nativegates_ibm_qiskit_opt3_52,,,,,,,,,,,,,,,2.0,3.0,24,1.0750000000000002e-05,0.9353705885474355,4.75e-06,0.19106544981228454,,,,,,,
17,dj_nativegates_ibm_qiskit_opt3_52,4.0,4.0,84.0,7.250000000000002e-06,0.9335026546734492,4.75e-06,0.11084467446600581,,,,,,,,,,,,,,,,,,,,,
17,dj_nativegates_ibm_qiskit_opt3_52,,,,,,,,,,,,,,,3.0,4.0,40,8.25e-06,0.934436103218086,1.7499999999999998e-06,0.1439785150575689,,,,,,,
37,dj_nativegates_ibm_qiskit_opt3_52,,,,,,,,,,,,,,,,,,,,,,1.0,2.0,8,1.825e-05,0.9363042311362774,7.75e-06,0.30711098637302797
32,dj_nativegates_ibm_qiskit_opt3_52,,,,,,,,1.0,2.0,8,1.5750000000000007e-05,0.9363049981548546,1.0250000000000002e-05,0.30057989049278244,,,,,,,,,,,,,,
16,dj_nativegates_ibm_qiskit_opt3_52,,,,,,,,3.0,4.0,40,7.75e-06,0.9344364150100328,3.2499999999999994e-06,0.12713373663445074,,,,,,,,,,,,,,
37,dj_nativegates_ibm_qiskit_opt3_52,,,,,,,,,,,,,,,1.0,2.0,8,1.825e-05,0.9363042311362774,7.75e-06,0.30711098637302797,,,,,,,
50,dj_nativegates_ibm_qiskit_opt3_52,,,,,,,,1.0,2.0,8,2.474999999999998e-05,0.936300034650589,1.2499999999999999e-06,0.44080484848484874,,,,,,,,,,,,,,
32,dj_nativegates_ibm_qiskit_opt3_52,1.0,2.0,8.0,1.5750000000000007e-05,0.9363049981548546,1.0250000000000002e-05,0.30057989049278244,,,,,,,,,,,,,,,,,,,,,
50,dj_nativegates_ibm_qiskit_opt3_52,,,,,,,,,,,,,,,,,,,,,,1.0,2.0,8,2.474999999999998e-05,0.936300034650589,1.2499999999999999e-06,0.44080484848484874
42,dj_nativegates_ibm_qiskit_opt3_52,,,,,,,,,,,,,,,,,,,,,,1.0,2.0,8,2.0749999999999993e-05,0.9363029935541557,5.2500000000000006e-06,0.3222430352206601
16,dj_nativegates_ibm_qiskit_opt3_52,,,,,,,,,,,,,,,,,,,,,,3.0,4.0,40,7.75e-06,0.9344364150100328,3.2499999999999994e-06,0.12713373663445074
22,dj_nativegates_ibm_qiskit_opt3_52,2.0,3.0,24.0,9.750000000000002e-06,0.9353710070281558,7.75e-06,0.18336489660876756,,,,,,,,,,,,,,,,,,,,,
42,dj_nativegates_ibm_qiskit_opt3_52,1.0,2.0,8.0,1.6250000000000005e-05,0.9363048823962228,9.750000000000002e-06,0.3014630087860857,,,,,,,,,,,,,,,,,,,,,
10,dj_nativegates_ibm_qiskit_opt3_52,,,,,,,,,,,,,,,,,,,,,,5.0,6.0,52,4.75e-06,0.9325697544289733,3.2499999999999994e-06,0.0604922635746387
47,dj_nativegates_ibm_qiskit_opt3_52,,,,,,,,1.0,2.0,8,2.3249999999999986e-05,0.9363012854084898,2.7499999999999995e-06,0.3636480106486971,,,,,,,,,,,,,,
42,dj_nativegates_ibm_qiskit_opt3_52,,,,,,,,,,,,,,,1.0,2.0,8,2.0749999999999993e-05,0.9363029935541557,5.2500000000000006e-06,0.3222430352206601,,,,,,,
22,dj_nativegates_ibm_qiskit_opt3_52,,,,,,,,,,,,,,,,,,,,,,2.0,3.0,24,1.0750000000000002e-05,0.9353705885474355,4.75e-06,0.19106544981228454
10,dj_nativegates_ibm_qiskit_opt3_52,5.0,6.0,52.0,4.75e-06,0.9325697787129278,3.7499999999999992e-06,0.059921276143161145,,,,,,,,,,,,,,,,,,,,,
37,dj_nativegates_ibm_qiskit_opt3_52,1.0,2.0,8.0,1.6250000000000005e-05,0.9363048823962228,9.750000000000002e-06,0.3014630087860857,,,,,,,,,,,,,,,,,,,,,
27,dj_nativegates_ibm_qiskit_opt3_52,1.0,2.0,8.0,1.3250000000000004e-05,0.9363052946098875,1.2750000000000003e-05,0.29849885059651976,,,,,,,,,,,,,,,,,,,,,
47,dj_nativegates_ibm_qiskit_opt3_52,1.0,2.0,8.0,1.6250000000000005e-05,0.9363048823962228,9.750000000000002e-06,0.3014630087860857,,,,,,,,,,,,,,,,,,,,,
47,dj_nativegates_ibm_qiskit_opt3_52,,,,,,,,,,,,,,,1.0,2.0,8,2.3249999999999986e-05,0.9363012854084898,2.7499999999999995e-06,0.3636480106486971,,,,,,,
27,dj_nativegates_ibm_qiskit_opt3_52,,,,,,,,,,,,,,,,,,,,,,1.0,2.0,8,1.3250000000000004e-05,0.9363052946098875,1.2750000000000003e-05,0.29849885059651976
16,dj_nativegates_ibm_qiskit_opt3_52,3.0,4.0,40.0,7.75e-06,0.934436651004311,5.750000000000001e-06,0.12037134593993322,,,,,,,,,,,,,,,,,,,,,
42,dj_nativegates_ibm_qiskit_opt3_52,,,,,,,,1.0,2.0,8,2.0749999999999993e-05,0.9363029935541557,5.2500000000000006e-06,0.3222430352206601,,,,,,,,,,,,,,
47,dj_nativegates_ibm_qiskit_opt3_52,,,,,,,,,,,,,,,,,,,,,,1.0,2.0,8,2.3249999999999986e-05,0.9363012854084898,2.7499999999999995e-06,0.3636480106486971
50,dj_nativegates_ibm_qiskit_opt3_52,,,,,,,,,,,,,,,1.0,2.0,8,2.474999999999998e-05,0.936300034650589,1.2499999999999999e-06,0.44080484848484874,,,,,,,
32,dj_nativegates_ibm_qiskit_opt3_52,,,,,,,,,,,,,,,1.0,2.0,8,1.5750000000000007e-05,0.9363049981548546,1.0250000000000002e-05,0.30057989049278244,,,,,,,
37,dj_nativegates_ibm_qiskit_opt3_52,,,,,,,,1.0,2.0,8,1.825e-05,0.9363042311362774,7.75e-06,0.30711098637302797,,,,,,,,,,,,,,
16,dj_nativegates_ibm_qiskit_opt3_52,,,,,,,,,,,,,,,3.0,4.0,40,7.75e-06,0.9344364150100328,3.2499999999999994e-06,0.12713373663445074,,,,,,,
50,dj_nativegates_ibm_qiskit_opt3_52,1.0,2.0,8.0,1.6250000000000005e-05,0.9363048823962228,9.750000000000002e-06,0.3014630087860857,,,,,,,,,,,,,,,,,,,,,
17,dj_nativegates_ibm_qiskit_opt3_52,,,,,,,,3.0,4.0,40,8.25e-06,0.934436103218086,1.7499999999999998e-06,0.1439785150575689,,,,,,,,,,,,,,
27,dj_nativegates_ibm_qiskit_opt3_52,,,,,,,,,,,,,,,1.0,2.0,8,1.3250000000000004e-05,0.9363052946098875,1.2750000000000003e-05,0.29849885059651976,,,,,,,
10,dj_nativegates_ibm_qiskit_opt3_52,,,,,,,,,,,,,,,5.0,6.0,52,4.75e-06,0.9325697544289733,3.2499999999999994e-06,0.0604922635746387,,,,,,,
22,dj_nativegates_ibm_qiskit_opt3_52,,,,,,,,2.0,3.0,24,1.0750000000000002e-05,0.9353705885474355,4.75e-06,0.19106544981228454,,,,,,,,,,,,,,
32,dj_nativegates_ibm_qiskit_opt3_52,,,,,,,,,,,,,,,,,,,,,,1.0,2.0,8,1.5750000000000007e-05,0.9363049981548546,1.0250000000000002e-05,0.30057989049278244
10,graphstate_indep_qiskit_26,,,,,,,,,,,,,,,,,,,,,,2.0,3.0,34,3.0499999999999996e-06,0.9670795127288588,1.55e-06,0.312345649975304
10,graphstate_indep_qiskit_26,3.0,3.0,48.0,2.5499999999999997e-06,0.9661124438455989,2.05e-06,0.2477637848273908,,,,,,,,,,,,,,,,,,,,,
16,graphstate_indep_qiskit_26,,,,,,,,2.0,2.0,34,3.0499999999999996e-06,0.9670795127288587,1.0500000000000001e-06,0.32363779285731575,,,,,,,,,,,,,,
10,graphstate_indep_qiskit_26,,,,,,,,,,,,,,,3.0,3.0,50,2.5499999999999997e-06,0.9661124438455989,1.55e-06,0.3259291557403933,,,,,,,
16,graphstate_indep_qiskit_26,,,,,,,,,,,,,,,,,,,,,,2.0,2.0,34,3.0499999999999996e-06,0.9670795127288587,1.0500000000000001e-06,0.32363779285731575
5,graphstate_indep_qiskit_26,,,,,,,,,,,,,,,7.0,7.0,49,2.05e-06,0.9622538292294563,5e-07,0.18868490197755092,,,,,,,
16,graphstate_indep_qiskit_26,2.0,2.0,32.0,3.5499999999999995e-06,0.9670795127288588,2.5499999999999997e-06,0.33673230939179577,,,,,,,,,,,,,,,,,,,,,
5,graphstate_indep_qiskit_26,7.0,7.0,48.0,2.05e-06,0.9622538292294563,1.0500000000000001e-06,0.09379171599431785,,,,,,,,,,,,,,,,,,,,,
5,graphstate_indep_qiskit_26,,,,,,,,7.0,7.0,49,2.05e-06,0.9622538292294563,5e-07,0.18868490197755092,,,,,,,,,,,,,,
5,graphstate_indep_qiskit_26,,,,,,,,,,,,,,,,,,,,,,7.0,7.0,49,2.05e-06,0.9622538292294563,5e-07,0.18868490197755092
10,graphstate_indep_qiskit_26,,,,,,,,2.0,3.0,34,3.0499999999999996e-06,0.9670795127288588,1.55e-06,0.312345649975304,,,,,,,,,,,,,,
16,graphstate_indep_qiskit_26,,,,,,,,,,,,,,,2.0,2.0,34,3.0499999999999996e-06,0.9670795127288587,1.0500000000000001e-06,0.32363779285731575,,,,,,,
16,wstate_nativegates_ibm_qiskit_opt3_62,,,,,,,,,,,,,,,8.0,5.0,256,1.0250000000000004e-05,0.9065481869994975,3.599999999999999e-06,0.10649116222041209,,,,,,,
27,wstate_nativegates_ibm_qiskit_opt3_62,,,,,,,,,,,,,,,4.0,3.0,256,1.7399999999999996e-05,0.9101833104109325,7.500000000000005e-06,0.20555976555475827,,,,,,,
27,wstate_nativegates_ibm_qiskit_opt3_62,4.0,3.0,288.0,1.5449999999999993e-05,0.9101833061311021,1.1400000000000003e-05,0.19901453444439254,,,,,,,,,,,,,,,,,,,,,
27,wstate_nativegates_ibm_qiskit_opt3_62,,,,,,,,,,,,,,,,,,,,,,4.0,3.0,256,1.7399999999999996e-05,0.9101833104109325,7.500000000000005e-06,0.20555976555475827
16,wstate_nativegates_ibm_qiskit_opt3_62,,,,,,,,,,,,,,,,,,,,,,8.0,5.0,256,1.0250000000000004e-05,0.9065481869994975,3.599999999999999e-06,0.10649116222041209
50,wstate_nativegates_ibm_qiskit_opt3_62,,,,,,,,2.0,2.0,32,3.235000000000005e-05,0.9120063345831851,8.800000000000007e-06,0.3295805064332882,,,,,,,,,,,,,,
50,wstate_nativegates_ibm_qiskit_opt3_62,,,,,,,,,,,,,,,2.0,2.0,32,3.235000000000005e-05,0.9120063345831851,8.800000000000007e-06,0.3295805064332882,,,,,,,
50,wstate_nativegates_ibm_qiskit_opt3_62,,,,,,,,,,,,,,,,,,,,,,2.0,2.0,32,3.235000000000005e-05,0.9120063345831851,8.800000000000007e-06,0.3295805064332882
50,wstate_nativegates_ibm_qiskit_opt3_62,2.0,2.0,32.0,2.570000000000002e-05,0.9120063332145462,1.5449999999999993e-05,0.3189785585588422,,,,,,,,,,,,,,,,,,,,,
16,wstate_nativegates_ibm_qiskit_opt3_62,8.0,5.0,272.0,9.600000000000005e-06,0.9065481800158643,7.650000000000006e-06,0.09794337521425774,,,,,,,,,,,,,,,,,,,,,
27,wstate_nativegates_ibm_qiskit_opt3_62,,,,,,,,4.0,3.0,256,1.7399999999999996e-05,0.9101833104109325,7.500000000000005e-06,0.20555976555475827,,,,,,,,,,,,,,
16,wstate_nativegates_ibm_qiskit_opt3_62,,,,,,,,8.0,5.0,256,1.0250000000000004e-05,0.9065481869994975,3.599999999999999e-06,0.10649116222041209,,,,,,,,,,,,,,
502,u2random_indep_qiskit_59,,,,,,,,,,,,,,,177.0,5.0,1267650600228229401496703205376,4.854999999999991e-05,0.2815612623997574,3.054999999999996e-05,0.24539026106470646,,,,,,,
502,u2random_indep_qiskit_59,,,,,,,,,,,,,,,,,,,,,,177.0,5.0,1267650600228229401496703205376,4.854999999999991e-05,0.2815612623997574,3.054999999999996e-05,0.24539026106470646
502,u2random_indep_qiskit_59,,,,,,,,177.0,5.0,1267650600228229401496703205376,4.854999999999991e-05,0.2815612623997574,3.054999999999996e-05,0.24539026106470646,,,,,,,,,,,,,,
27,ghz_indep_qiskit_124,,,,,,,,,,,,,,,,,,,,,,4.0,5.0,52,1.3050000000000004e-05,0.8584074111132034,9.500000000000002e-06,0.04589989894352229
27,ghz_indep_qiskit_124,,,,,,,,,,,,,,,4.0,5.0,52,1.3050000000000004e-05,0.8584074111132034,9.500000000000002e-06,0.04589989894352229,,,,,,,
65,ghz_indep_qiskit_124,,,,,,,,,,,,,,,,,,,,,,1.0,2.0,8,3.204999999999996e-05,0.8609877665531778,2.9499999999999965e-05,0.2666726669066767
50,ghz_indep_qiskit_124,,,,,,,,,,,,,,,2.0,3.0,24,2.454999999999998e-05,0.860126787389613,1.2500000000000004e-05,0.1458737270875765,,,,,,,
65,ghz_indep_qiskit_124,,,,,,,,,,,,,,,1.0,2.0,8,3.204999999999996e-05,0.8609877665531778,2.9499999999999965e-05,0.2666726669066767,,,,,,,
50,ghz_indep_qiskit_124,2.0,3.0,24.0,2.449999999999998e-05,0.8601267873896131,1.5500000000000004e-05,0.1447093176545034,,,,,,,,,,,,,,,,,,,,,
65,ghz_indep_qiskit_124,1.0,2.0,8.0,3.149999999999996e-05,0.8609877665531777,3.0049999999999965e-05,0.2666802767245851,,,,,,,,,,,,,,,,,,,,,
50,ghz_indep_qiskit_124,,,,,,,,,,,,,,,,,,,,,,2.0,3.0,24,2.454999999999998e-05,0.860126787389613,1.2500000000000004e-05,0.1458737270875765
50,ghz_indep_qiskit_124,,,,,,,,2.0,3.0,24,2.454999999999998e-05,0.860126787389613,1.2500000000000004e-05,0.1458737270875765,,,,,,,,,,,,,,
65,ghz_indep_qiskit_124,,,,,,,,1.0,2.0,8,3.204999999999996e-05,0.8609877665531778,2.9499999999999965e-05,0.2666726669066767,,,,,,,,,,,,,,
27,ghz_indep_qiskit_124,4.0,5.0,40.0,1.3000000000000004e-05,0.8584074111132033,1.0500000000000003e-05,0.04576747654011249,,,,,,,,,,,,,,,,,,,,,
27,ghz_indep_qiskit_124,,,,,,,,4.0,5.0,52,1.3050000000000004e-05,0.8584074111132034,9.500000000000002e-06,0.04589989894352229,,,,,,,,,,,,,,
27,ghz_nativegates_ibm_qiskit_opt3_123,,,,,,,,,,,,,,,,,,,,,,4.0,5.0,52,1.3150000000000005e-05,0.8594213748418124,9.000000000000002e-06,0.046419709506048186
65,ghz_nativegates_ibm_qiskit_opt3_123,,,,,,,,,,,,,,,,,,,,,,1.0,2.0,8,3.214999999999996e-05,0.8620047782363933,2.8999999999999966e-05,0.267596480805222
65,ghz_nativegates_ibm_qiskit_opt3_123,,,,,,,,,,,,,,,1.0,2.0,8,3.214999999999996e-05,0.8620047782363933,2.8999999999999966e-05,0.267596480805222,,,,,,,
50,ghz_nativegates_ibm_qiskit_opt3_123,,,,,,,,,,,,,,,2.0,3.0,24,2.464999999999998e-05,0.8611427820713075,1.2000000000000004e-05,0.14683618661257625,,,,,,,
27,ghz_nativegates_ibm_qiskit_opt3_123,,,,,,,,4.0,5.0,52,1.3150000000000005e-05,0.8594213748418124,9.000000000000002e-06,0.046419709506048186,,,,,,,,,,,,,,
65,ghz_nativegates_ibm_qiskit_opt3_123,1.0,2.0,8.0,3.149999999999996e-05,0.8620047782363932,2.9649999999999965e-05,0.2676670531197306,,,,,,,,,,,,,,,,,,,,,
27,ghz_nativegates_ibm_qiskit_opt3_123,,,,,,,,,,,,,,,4.0,5.0,52,1.3150000000000005e-05,0.8594213748418124,9.000000000000002e-06,0.046419709506048186,,,,,,,
50,ghz_nativegates_ibm_qiskit_opt3_123,2.0,3.0,24.0,2.099999999999999e-05,0.8611427820713077,1.999999999999999e-05,0.14485905087217693,,,,,,,,,,,,,,,,,,,,,
50,ghz_nativegates_ibm_qiskit_opt3_123,,,,,,,,,,,,,,,,,,,,,,2.0,3.0,24,2.464999999999998e-05,0.8611427820713075,1.2000000000000004e-05,0.14683618661257625
50,ghz_nativegates_ibm_qiskit_opt3_123,,,,,,,,2.0,3.0,24,2.464999999999998e-05,0.8611427820713075,1.2000000000000004e-05,0.14683618661257625,,,,,,,,,,,,,,
65,ghz_nativegates_ibm_qiskit_opt3_123,,,,,,,,1.0,2.0,8,3.214999999999996e-05,0.8620047782363933,2.8999999999999966e-05,0.267596480805222,,,,,,,,,,,,,,
27,ghz_nativegates_ibm_qiskit_opt3_123,4.0,5.0,40.0,1.3000000000000004e-05,0.8594213748418125,1.1500000000000003e-05,0.04615534979423867,,,,,,,,,,,,,,,,,,,,,
16,graphstate_indep_qiskit_17,,,,,,,,,,,,,,,0.0,2.0,3,3.0499999999999996e-06,0.9796314195386306,1.55e-06,0.516929168078074,,,,,,,
10,graphstate_indep_qiskit_17,,,,,,,,0.0,2.0,3,3.0499999999999996e-06,0.9796314195386306,1.55e-06,0.516929168078074,,,,,,,,,,,,,,
5,graphstate_indep_qiskit_17,,,,,,,,,,,,,,,,,,,,,,4.0,5.0,49,1.55e-06,0.9757188106720914,1.0500000000000001e-06,0.4400053346558084
15,graphstate_indep_qiskit_17,,,,,,,,,,,,,,,0.0,2.0,3,3.0499999999999996e-06,0.9796314195386306,1.55e-06,0.516929168078074,,,,,,,
5,graphstate_indep_qiskit_17,,,,,,,,5.0,5.0,48,1.55e-06,0.9747431025858455,5e-07,0.37016321804377517,,,,,,,,,,,,,,
15,graphstate_indep_qiskit_17,,,,,,,,0.0,2.0,3,3.0499999999999996e-06,0.9796314195386306,1.55e-06,0.516929168078074,,,,,,,,,,,,,,
5,graphstate_indep_qiskit_17,,,,,,,,,,,,,,,4.0,5.0,49,1.55e-06,0.9757188106720914,1.0500000000000001e-06,0.4400053346558084,,,,,,,
5,graphstate_indep_qiskit_17,5.0,5.0,48.0,2.05e-06,0.9747431025858453,1.0500000000000001e-06,0.21192090788583987,,,,,,,,,,,,,,,,,,,,,
16,graphstate_indep_qiskit_17,,,,,,,,,,,,,,,,,,,,,,0.0,2.0,3,3.0499999999999996e-06,0.9796314195386306,1.55e-06,0.516929168078074
15,graphstate_indep_qiskit_17,,,,,,,,,,,,,,,,,,,,,,0.0,2.0,3,3.0499999999999996e-06,0.9796314195386306,1.55e-06,0.516929168078074
10,graphstate_indep_qiskit_17,,,,,,,,,,,,,,,0.0,2.0,3,3.0499999999999996e-06,0.9796314195386306,1.55e-06,0.516929168078074,,,,,,,
10,graphstate_indep_qiskit_17,,,,,,,,,,,,,,,,,,,,,,0.0,2.0,3,3.0499999999999996e-06,0.9796314195386306,1.55e-06,0.516929168078074
16,graphstate_indep_qiskit_17,,,,,,,,0.0,2.0,3,3.0499999999999996e-06,0.9796314195386306,1.55e-06,0.516929168078074,,,,,,,,,,,,,,
27,e_nativegates_ibm_qiskit_opt3_30,,,,,,,,,,,,,,,44.0,3.0,18014398509481984,5.699999999999997e-05,0.7924924652962586,2.225e-05,0.2290593141136792,,,,,,,
16,e_nativegates_ibm_qiskit_opt3_30,,,,,,,,68.0,7.0,4294967296,4.8749999999999986e-05,0.7738045005960271,7.550000000000003e-06,0.08230287732181595,,,,,,,,,,,,,,
10,e_nativegates_ibm_qiskit_opt3_30,,,,,,,,129.0,17.0,1048576,1.9050000000000002e-05,0.7280593626474058,5.400000000000001e-06,0.0034304705175183872,,,,,,,,,,,,,,
27,e_nativegates_ibm_qiskit_opt3_30,22.0,2.0,17592186044416.0,6.170000000000006e-05,0.8101652145100815,3.684999999999999e-05,0.5616268671420541,,,,,,,,,,,,,,,,,,,,,
16,e_nativegates_ibm_qiskit_opt3_30,,,,,,,,,,,,,,,,,,,,,,79.0,7.0,4294967296,4.8749999999999986e-05,0.7653526526276689,5.400000000000001e-06,0.05541269168788896
27,e_nativegates_ibm_qiskit_opt3_30,,,,,,,,,,,,,,,,,,,,,,44.0,3.0,18014398509481984,5.699999999999997e-05,0.7924924652962586,2.225e-05,0.2290593141136792
10,e_nativegates_ibm_qiskit_opt3_30,,,,,,,,,,,,,,,,,,,,,,139.0,17.0,1048576,1.9050000000000002e-05,0.7208131982692396,1.15e-06,0.0022807680919510924
10,e_nativegates_ibm_qiskit_opt3_30,,,,,,,,,,,,,,,139.0,17.0,1048576,1.9050000000000002e-05,0.7208131982692396,1.15e-06,0.0022807680919510924,,,,,,,
16,e_nativegates_ibm_qiskit_opt3_30,,,,,,,,,,,,,,,79.0,7.0,4294967296,4.8749999999999986e-05,0.7653526526276689,5.400000000000001e-06,0.05541269168788896,,,,,,,
27,e_nativegates_ibm_qiskit_opt3_30,,,,,,,,44.0,3.0,18014398509481984,5.699999999999997e-05,0.7924924652962586,2.225e-05,0.2290593141136792,,,,,,,,,,,,,,
50,e_nativegates_ibm_qiskit_opt3_126,,,,,,,,,,,,,,,,,,,,,,151.0,6.0,1267650600228229401496703205376,0.00014005000000000048,0.3090443054653678,3.7299999999999985e-05,0.04069949958747189
50,e_nativegates_ibm_qiskit_opt3_126,,,,,,,,,,,,,,,151.0,6.0,1267650600228229401496703205376,0.00014005000000000048,0.3090443054653678,3.7299999999999985e-05,0.04069949958747189,,,,,,,
65,e_nativegates_ibm_qiskit_opt3_126,,,,,,,,,,,,,,,99.0,4.0,1361129467683753853853498429727072845824,0.0002199000000000027,0.32545643183851486,4.374999999999998e-05,0.13478149646691548,,,,,,,
65,e_nativegates_ibm_qiskit_opt3_126,,,,,,,,,,,,,,,,,,,,,,99.0,4.0,1361129467683753853853498429727072845824,0.0002199000000000027,0.32545643183851486,4.374999999999998e-05,0.13478149646691548
65,e_nativegates_ibm_qiskit_opt3_126,,,,,,,,99.0,4.0,1361129467683753853853498429727072845824,0.0002199000000000027,0.32545643183851486,4.374999999999998e-05,0.13478149646691548,,,,,,,,,,,,,,
50,e_nativegates_ibm_qiskit_opt3_126,,,,,,,,151.0,6.0,1267650600228229401496703205376,0.00014005000000000048,0.3090443054653678,3.7299999999999985e-05,0.04069949958747189,,,,,,,,,,,,,,
27,dj_nativegates_ibm_qiskit_opt3_53,,,,,,,,,,,,,,,1.0,2.0,8,1.3250000000000004e-05,0.9351349267053298,1.3250000000000004e-05,0.29756224481274907,,,,,,,
16,dj_nativegates_ibm_qiskit_opt3_53,,,,,,,,,,,,,,,,,,,,,,3.0,4.0,40,7.75e-06,0.9332685610675653,3.7499999999999992e-06,0.12345538979893256
10,dj_nativegates_ibm_qiskit_opt3_53,,,,,,,,,,,,,,,5.0,6.0,52,4.75e-06,0.9314042334295332,3.7499999999999992e-06,0.05874204736780374,,,,,,,
50,dj_nativegates_ibm_qiskit_opt3_53,,,,,,,,,,,,,,,,,,,,,,1.0,2.0,8,2.474999999999998e-05,0.9351298890045302,1.7499999999999998e-06,0.4048207792207794
16,dj_nativegates_ibm_qiskit_opt3_53,,,,,,,,,,,,,,,3.0,4.0,40,7.75e-06,0.9332685610675653,3.7499999999999992e-06,0.12345538979893256,,,,,,,
10,dj_nativegates_ibm_qiskit_opt3_53,,,,,,,,,,,,,,,,,,,,,,5.0,6.0,52,4.75e-06,0.9314042334295332,3.7499999999999992e-06,0.05874204736780374
10,dj_nativegates_ibm_qiskit_opt3_53,5.0,6.0,40.0,4.75e-06,0.9314042427584959,4.25e-06,0.05850409617373525,,,,,,,,,,,,,,,,,,,,,
50,dj_nativegates_ibm_qiskit_opt3_53,,,,,,,,,,,,,,,1.0,2.0,8,2.474999999999998e-05,0.9351298890045302,1.7499999999999998e-06,0.4048207792207794,,,,,,,
50,dj_nativegates_ibm_qiskit_opt3_53,,,,,,,,1.0,2.0,8,2.474999999999998e-05,0.9351298890045302,1.7499999999999998e-06,0.4048207792207794,,,,,,,,,,,,,,
50,dj_nativegates_ibm_qiskit_opt3_53,1.0,2.0,8.0,1.6250000000000005e-05,0.9351346052099625,1.0250000000000002e-05,0.29993830559684215,,,,,,,,,,,,,,,,,,,,,
27,dj_nativegates_ibm_qiskit_opt3_53,,,,,,,,,,,,,,,,,,,,,,1.0,2.0,8,1.3250000000000004e-05,0.9351349267053298,1.3250000000000004e-05,0.29756224481274907
16,dj_nativegates_ibm_qiskit_opt3_53,,,,,,,,3.0,4.0,40,7.75e-06,0.9332685610675653,3.7499999999999992e-06,0.12345538979893256,,,,,,,,,,,,,,
16,dj_nativegates_ibm_qiskit_opt3_53,3.0,4.0,40.0,7.75e-06,0.93326872194835,5.750000000000001e-06,0.11935910509885535,,,,,,,,,,,,,,,,,,,,,
27,dj_nativegates_ibm_qiskit_opt3_53,1.0,2.0,8.0,1.3250000000000004e-05,0.9351349267053298,1.3250000000000004e-05,0.29756224481274907,,,,,,,,,,,,,,,,,,,,,
27,dj_nativegates_ibm_qiskit_opt3_53,,,,,,,,1.0,2.0,8,1.3250000000000004e-05,0.9351349267053298,1.3250000000000004e-05,0.29756224481274907,,,,,,,,,,,,,,
10,dj_nativegates_ibm_qiskit_opt3_53,,,,,,,,5.0,6.0,52,4.75e-06,0.9314042334295332,3.7499999999999992e-06,0.05874204736780374,,,,,,,,,,,,,,
16,e_nativegates_ibm_qiskit_opt3_64,,,,,,,,,,,,,,,,,,,,,,246.0,21.0,4294967296,3.334999999999999e-05,0.4821521593777346,1.6050000000000004e-05,0.0002385705356663509
27,e_nativegates_ibm_qiskit_opt3_64,,,,,,,,,,,,,,,,,,,,,,122.0,7.0,18014398509481984,6.819999999999995e-05,0.5456116548517573,3.084999999999999e-05,0.030539031805667513
16,e_nativegates_ibm_qiskit_opt3_64,,,,,,,,,,,,,,,246.0,21.0,4294967296,3.334999999999999e-05,0.4821521593777346,1.6050000000000004e-05,0.0002385705356663509,,,,,,,
50,e_nativegates_ibm_qiskit_opt3_64,,,,,,,,,,,,,,,67.0,3.0,1267650600228229401496703205376,0.00012184999999999993,0.5762498236220387,4.589999999999998e-05,0.21932131278924702,,,,,,,
27,e_nativegates_ibm_qiskit_opt3_64,,,,,,,,122.0,7.0,18014398509481984,6.819999999999995e-05,0.5456116548517573,3.084999999999999e-05,0.030539031805667513,,,,,,,,,,,,,,
50,e_nativegates_ibm_qiskit_opt3_64,,,,,,,,67.0,3.0,1267650600228229401496703205376,0.00012184999999999993,0.5762498236220387,4.589999999999998e-05,0.21932131278924702,,,,,,,,,,,,,,
27,e_nativegates_ibm_qiskit_opt3_64,,,,,,,,,,,,,,,122.0,7.0,18014398509481984,6.819999999999995e-05,0.5456116548517573,3.084999999999999e-05,0.030539031805667513,,,,,,,
16,e_nativegates_ibm_qiskit_opt3_64,,,,,,,,221.0,19.0,4294967296,3.334999999999999e-05,0.4943241831964266,5.300000000000001e-06,0.0003517938923495499,,,,,,,,,,,,,,
50,e_nativegates_ibm_qiskit_opt3_64,,,,,,,,,,,,,,,,,,,,,,67.0,3.0,1267650600228229401496703205376,0.00012184999999999993,0.5762498236220387,4.589999999999998e-05,0.21932131278924702
34,ghz_indep_qiskit_43,,,,,,,,,,,,,,,,,,,,,,1.0,2.0,8,1.6550000000000002e-05,0.9489180522034227,4.5e-06,0.3185000888572952
39,ghz_indep_qiskit_43,,,,,,,,1.0,2.0,8,1.9049999999999995e-05,0.9489180522034228,2e-06,0.3688202436233934,,,,,,,,,,,,,,
19,ghz_indep_qiskit_43,,,,,,,,,,,,,,,,,,,,,,2.0,3.0,24,9.050000000000001e-06,0.9479691436328067,2.9999999999999997e-06,0.1972077256240339
29,ghz_indep_qiskit_43,,,,,,,,1.0,2.0,8,1.4050000000000004e-05,0.9489180522034226,7.000000000000002e-06,0.3038123287110893,,,,,,,,,,,,,,
24,ghz_indep_qiskit_43,,,,,,,,,,,,,,,,,,,,,,1.0,2.0,8,1.1550000000000003e-05,0.9489180522034226,9.500000000000002e-06,0.2990079365079364
39,ghz_indep_qiskit_43,1.0,2.0,8.0,1.3000000000000004e-05,0.9489180522034225,8.050000000000001e-06,0.3015805355958807,,,,,,,,,,,,,,,,,,,,,
29,ghz_indep_qiskit_43,1.0,2.0,8.0,1.3000000000000004e-05,0.9489180522034225,8.050000000000001e-06,0.3015805355958807,,,,,,,,,,,,,,,,,,,,,
19,ghz_indep_qiskit_43,2.0,3.0,24.0,8.000000000000001e-06,0.9479691436328066,6.500000000000001e-06,0.183517681881913,,,,,,,,,,,,,,,,,,,,,
19,ghz_indep_qiskit_43,,,,,,,,2.0,3.0,24,9.050000000000001e-06,0.9479691436328067,2.9999999999999997e-06,0.1972077256240339,,,,,,,,,,,,,,
16,ghz_indep_qiskit_43,,,,,,,,2.0,3.0,24,7.550000000000001e-06,0.9479691436328066,6.000000000000001e-06,0.18348231342333146,,,,,,,,,,,,,,
24,ghz_indep_qiskit_43,1.0,2.0,8.0,1.1550000000000003e-05,0.9489180522034226,9.500000000000002e-06,0.2990079365079364,,,,,,,,,,,,,,,,,,,,,
34,ghz_indep_qiskit_43,1.0,2.0,8.0,1.3000000000000004e-05,0.9489180522034225,8.050000000000001e-06,0.3015805355958807,,,,,,,,,,,,,,,,,,,,,
16,ghz_indep_qiskit_43,,,,,,,,,,,,,,,,,,,,,,2.0,3.0,24,7.550000000000001e-06,0.9479691436328066,6.000000000000001e-06,0.18348231342333146
14,ghz_indep_qiskit_43,,,,,,,,,,,,,,,3.0,4.0,40,6.550000000000001e-06,0.9470211839612801,1.5e-06,0.14074288384928668,,,,,,,
14,ghz_indep_qiskit_43,3.0,4.0,40.0,6.000000000000001e-06,0.94702118396128,4e-06,0.1207417353250686,,,,,,,,,,,,,,,,,,,,,
34,ghz_indep_qiskit_43,,,,,,,,,,,,,,,1.0,2.0,8,1.6550000000000002e-05,0.9489180522034227,4.5e-06,0.3185000888572952,,,,,,,
27,ghz_indep_qiskit_43,,,,,,,,,,,,,,,1.0,2.0,8,1.3050000000000004e-05,0.9489180522034226,8.000000000000001e-06,0.3011001761283482,,,,,,,
24,ghz_indep_qiskit_43,,,,,,,,,,,,,,,1.0,2.0,8,1.1550000000000003e-05,0.9489180522034226,9.500000000000002e-06,0.2990079365079364,,,,,,,
10,ghz_indep_qiskit_43,,,,,,,,4.0,5.0,52,4.55e-06,0.9460741722399528,2.9999999999999997e-06,0.08392464678178965,,,,,,,,,,,,,,
27,ghz_indep_qiskit_43,,,,,,,,,,,,,,,,,,,,,,1.0,2.0,8,1.3050000000000004e-05,0.9489180522034226,8.000000000000001e-06,0.3011001761283482
14,ghz_indep_qiskit_43,,,,,,,,,,,,,,,,,,,,,,3.0,4.0,40,6.550000000000001e-06,0.9470211839612801,1.5e-06,0.14074288384928668
24,ghz_indep_qiskit_43,,,,,,,,1.0,2.0,8,1.1550000000000003e-05,0.9489180522034226,9.500000000000002e-06,0.2990079365079364,,,,,,,,,,,,,,
29,ghz_indep_qiskit_43,,,,,,,,,,,,,,,,,,,,,,1.0,2.0,8,1.4050000000000004e-05,0.9489180522034226,7.000000000000002e-06,0.3038123287110893
10,ghz_indep_qiskit_43,,,,,,,,,,,,,,,4.0,5.0,52,4.55e-06,0.9460741722399528,2.9999999999999997e-06,0.08392464678178965,,,,,,,
10,ghz_indep_qiskit_43,4.0,5.0,40.0,4.55e-06,0.9460741722399527,3.4999999999999995e-06,0.0831043956043956,,,,,,,,,,,,,,,,,,,,,
39,ghz_indep_qiskit_43,,,,,,,,,,,,,,,,,,,,,,1.0,2.0,8,1.9049999999999995e-05,0.9489180522034228,2e-06,0.3688202436233934
34,ghz_indep_qiskit_43,,,,,,,,1.0,2.0,8,1.6550000000000002e-05,0.9489180522034227,4.5e-06,0.3185000888572952,,,,,,,,,,,,,,
10,ghz_indep_qiskit_43,,,,,,,,,,,,,,,,,,,,,,4.0,5.0,52,4.55e-06,0.9460741722399528,2.9999999999999997e-06,0.08392464678178965
27,ghz_indep_qiskit_43,,,,,,,,1.0,2.0,8,1.3050000000000004e-05,0.9489180522034226,8.000000000000001e-06,0.3011001761283482,,,,,,,,,,,,,,
27,ghz_indep_qiskit_43,1.0,2.0,8.0,1.3000000000000004e-05,0.9489180522034225,8.050000000000001e-06,0.3015805355958807,,,,,,,,,,,,,,,,,,,,,
14,ghz_indep_qiskit_43,,,,,,,,3.0,4.0,40,6.550000000000001e-06,0.9470211839612801,1.5e-06,0.14074288384928668,,,,,,,,,,,,,,
16,ghz_indep_qiskit_43,,,,,,,,,,,,,,,2.0,3.0,24,7.550000000000001e-06,0.9479691436328066,6.000000000000001e-06,0.18348231342333146,,,,,,,
16,ghz_indep_qiskit_43,2.0,3.0,24.0,7.500000000000002e-06,0.9479691436328066,6.500000000000001e-06,0.1831306990881458,,,,,,,,,,,,,,,,,,,,,
19,ghz_indep_qiskit_43,,,,,,,,,,,,,,,2.0,3.0,24,9.050000000000001e-06,0.9479691436328067,2.9999999999999997e-06,0.1972077256240339,,,,,,,
29,ghz_indep_qiskit_43,,,,,,,,,,,,,,,1.0,2.0,8,1.4050000000000004e-05,0.9489180522034226,7.000000000000002e-06,0.3038123287110893,,,,,,,
39,ghz_indep_qiskit_43,,,,,,,,,,,,,,,1.0,2.0,8,1.9049999999999995e-05,0.9489180522034228,2e-06,0.3688202436233934,,,,,,,
10,pricingcall_indep_qiskit_15,,,,,,,,40.0,6.0,268435456,7.259999999999998e-05,0.9038308951199552,1.5e-06,0.16338880571463163,,,,,,,,,,,,,,
10,pricingcall_indep_qiskit_15,,,,,,,,,,,,,,,,,,,,,,40.0,6.0,268435456,7.259999999999998e-05,0.9038308951199552,1.5e-06,0.16338880571463163
10,pricingcall_indep_qiskit_15,,,,,,,,,,,,,,,40.0,6.0,268435456,7.259999999999998e-05,0.9038308951199552,1.5e-06,0.16338880571463163,,,,,,,
50,e_nativegates_ibm_qiskit_opt3_117,,,,,,,,151.0,6.0,1267650600228229401496703205376,0.0001274500000000001,0.33417668890795427,1.7950000000000003e-05,0.0357143711173068,,,,,,,,,,,,,,
65,e_nativegates_ibm_qiskit_opt3_117,,,,,,,,99.0,4.0,1361129467683753853853498429727072845824,0.0002073000000000023,0.35194231426395545,2.4399999999999997e-05,0.12944438947508655,,,,,,,,,,,,,,
65,e_nativegates_ibm_qiskit_opt3_117,,,,,,,,,,,,,,,,,,,,,,99.0,4.0,1361129467683753853853498429727072845824,0.0002073000000000023,0.35194231426395545,2.4399999999999997e-05,0.12944438947508655
65,e_nativegates_ibm_qiskit_opt3_117,,,,,,,,,,,,,,,99.0,4.0,1361129467683753853853498429727072845824,0.0002073000000000023,0.35194231426395545,2.4399999999999997e-05,0.12944438947508655,,,,,,,
50,e_nativegates_ibm_qiskit_opt3_117,,,,,,,,,,,,,,,151.0,6.0,1267650600228229401496703205376,0.0001274500000000001,0.33417668890795427,1.7950000000000003e-05,0.0357143711173068,,,,,,,
50,e_nativegates_ibm_qiskit_opt3_117,,,,,,,,,,,,,,,,,,,,,,151.0,6.0,1267650600228229401496703205376,0.0001274500000000001,0.33417668890795427,1.7950000000000003e-05,0.0357143711173068
65,graphstate_indep_qiskit_72,,,,,,,,,,,,,,,,,,,,,,2.0,2.0,32,4.049999999999999e-06,0.9147004992589021,2.05e-06,0.3149379978648272
27,graphstate_indep_qiskit_72,,,,,,,,5.0,4.0,48,4.55e-06,0.9119591710488958,2.05e-06,0.12652826623041466,,,,,,,,,,,,,,
16,graphstate_indep_qiskit_72,5.0,5.0,48.0,4.55e-06,0.9119591710488958,2.05e-06,0.1027106417331277,,,,,,,,,,,,,,,,,,,,,
65,graphstate_indep_qiskit_72,,,,,,,,,,,,,,,2.0,2.0,32,4.049999999999999e-06,0.9147004992589021,2.05e-06,0.3149379978648272,,,,,,,
50,graphstate_indep_qiskit_72,,,,,,,,,,,,,,,2.0,2.0,32,4.049999999999999e-06,0.9147004992589021,2.05e-06,0.3149379978648272,,,,,,,
27,graphstate_indep_qiskit_72,3.0,3.0,48.0,2.5499999999999997e-06,0.9137858088133983,2.05e-06,0.26885105592169495,,,,,,,,,,,,,,,,,,,,,
65,graphstate_indep_qiskit_72,2.0,2.0,32.0,4.55e-06,0.9147004992589022,2.5499999999999997e-06,0.2305182942742314,,,,,,,,,,,,,,,,,,,,,
16,graphstate_indep_qiskit_72,,,,,,,,,,,,,,,6.0,6.0,48,2.5499999999999997e-06,0.9110472219014707,1.55e-06,0.17672959938229704,,,,,,,
27,graphstate_indep_qiskit_72,,,,,,,,,,,,,,,,,,,,,,4.0,4.0,48,4.55e-06,0.9128720330482863,2.05e-06,0.1752778595616965
16,graphstate_indep_qiskit_72,,,,,,,,5.0,5.0,48,3.0499999999999996e-06,0.9119591710488953,2.05e-06,0.11781291185026428,,,,,,,,,,,,,,
50,graphstate_indep_qiskit_72,,,,,,,,2.0,2.0,32,4.55e-06,0.914700499258902,2.05e-06,0.28516491840230657,,,,,,,,,,,,,,
65,graphstate_indep_qiskit_72,,,,,,,,2.0,2.0,32,4.55e-06,0.914700499258902,2.05e-06,0.28516491840230657,,,,,,,,,,,,,,
50,graphstate_indep_qiskit_72,,,,,,,,,,,,,,,,,,,,,,2.0,2.0,32,4.049999999999999e-06,0.9147004992589021,2.05e-06,0.3149379978648272
16,graphstate_indep_qiskit_72,,,,,,,,,,,,,,,,,,,,,,6.0,6.0,48,2.5499999999999997e-06,0.9110472219014708,1.55e-06,0.1358944547945966
27,graphstate_indep_qiskit_72,,,,,,,,,,,,,,,5.0,4.0,48,4.049999999999999e-06,0.911959171048896,2.05e-06,0.17414345363918013,,,,,,,
50,graphstate_indep_qiskit_72,2.0,2.0,32.0,4.55e-06,0.9147004992589024,2.5499999999999997e-06,0.23702483474779487,,,,,,,,,,,,,,,,,,,,,
10,wstate_nativegates_ibm_qiskit_opt3_36,,,,,,,,8.0,5.0,256,6.350000000000004e-06,0.9416370906845789,2.2999999999999996e-06,0.17831158500684754,,,,,,,,,,,,,,
27,wstate_nativegates_ibm_qiskit_opt3_36,,,,,,,,2.0,2.0,32,1.7399999999999996e-05,0.9473065016270258,6.850000000000004e-06,0.36787746299869795,,,,,,,,,,,,,,
27,wstate_nativegates_ibm_qiskit_opt3_36,2.0,2.0,32.0,1.5299999999999996e-05,0.9473065002054121,8.950000000000006e-06,0.36722541282186366,,,,,,,,,,,,,,,,,,,,,
16,wstate_nativegates_ibm_qiskit_opt3_36,,,,,,,,4.0,3.0,256,1.0250000000000004e-05,0.9454129153815009,4.9e-06,0.26339677880608225,,,,,,,,,,,,,,
16,wstate_nativegates_ibm_qiskit_opt3_36,,,,,,,,,,,,,,,4.0,3.0,256,1.0250000000000004e-05,0.9454129153815009,4.9e-06,0.26339677880608225,,,,,,,
10,wstate_nativegates_ibm_qiskit_opt3_36,8.0,5.0,272.0,6.2000000000000025e-06,0.9416370818291168,3.749999999999999e-06,0.16409066503645234,,,,,,,,,,,,,,,,,,,,,
27,wstate_nativegates_ibm_qiskit_opt3_36,,,,,,,,,,,,,,,2.0,2.0,32,1.7399999999999996e-05,0.9473065016270258,6.850000000000004e-06,0.36787746299869795,,,,,,,
16,wstate_nativegates_ibm_qiskit_opt3_36,4.0,3.0,288.0,9.600000000000005e-06,0.9454129109360154,6.2000000000000025e-06,0.2563488266154061,,,,,,,,,,,,,,,,,,,,,
27,wstate_nativegates_ibm_qiskit_opt3_36,,,,,,,,,,,,,,,,,,,,,,2.0,2.0,32,1.7399999999999996e-05,0.9473065016270258,6.850000000000004e-06,0.36787746299869795
16,wstate_nativegates_ibm_qiskit_opt3_36,,,,,,,,,,,,,,,,,,,,,,4.0,3.0,256,1.0250000000000004e-05,0.9454129153815009,4.9e-06,0.26339677880608225
10,wstate_nativegates_ibm_qiskit_opt3_36,,,,,,,,,,,,,,,8.0,5.0,256,6.350000000000004e-06,0.9416370906845789,2.2999999999999996e-06,0.17831158500684754,,,,,,,
10,wstate_nativegates_ibm_qiskit_opt3_36,,,,,,,,,,,,,,,,,,,,,,8.0,5.0,256,6.350000000000004e-06,0.9416370906845789,2.2999999999999996e-06,0.17831158500684754
27,e_nativegates_ibm_qiskit_opt3_52,,,,,,,,78.0,5.0,18014398509481984,8.780000000000005e-05,0.6327789470904254,2.6549999999999995e-05,0.09858551715745183,,,,,,,,,,,,,,
50,e_nativegates_ibm_qiskit_opt3_52,,,,,,,,,,,,,,,67.0,3.0,1267650600228229401496703205376,0.00010504999999999992,0.6395758942844337,2.01e-05,0.19295272784671877,,,,,,,
17,e_nativegates_ibm_qiskit_opt3_52,,,,,,,,,,,,,,,187.0,16.0,17179869184,3.549999999999999e-05,0.5675977115338455,1.3950000000000004e-05,0.0019305926524581399,,,,,,,
47,e_nativegates_ibm_qiskit_opt3_52,,,,,,,,64.0,3.0,19807040628566084398385987584,0.00010279999999999994,0.6415322144512968,2.6549999999999995e-05,0.20936942383363086,,,,,,,,,,,,,,
16,e_nativegates_ibm_qiskit_opt3_52,,,,,,,,,,,,,,,184.0,16.0,4294967296,3.7549999999999984e-05,0.5693055378479105,1.6050000000000004e-05,0.0018954217200510249,,,,,,,
37,e_nativegates_ibm_qiskit_opt3_52,,,,,,,,,,,,,,,,,,,,,,54.0,3.0,18889465931478580854784,9.529999999999996e-05,0.6480362783689378,4.8049999999999975e-05,0.2368668873534106
37,e_nativegates_ibm_qiskit_opt3_52,,,,,,,,,,,,,,,54.0,3.0,18889465931478580854784,9.529999999999996e-05,0.6480362783689378,4.8049999999999975e-05,0.2368668873534106,,,,,,,
32,e_nativegates_ibm_qiskit_opt3_52,,,,,,,,66.0,4.0,18446744073709551616,9.155e-05,0.6403545864837343,2.6549999999999995e-05,0.15115863066277174,,,,,,,,,,,,,,
47,e_nativegates_ibm_qiskit_opt3_52,,,,,,,,,,,,,,,,,,,,,,64.0,3.0,19807040628566084398385987584,0.00010279999999999994,0.6415322144512968,2.6549999999999995e-05,0.20936942383363086
42,e_nativegates_ibm_qiskit_opt3_52,,,,,,,,,,,,,,,59.0,3.0,19342813113834066795298816,9.904999999999993e-05,0.6447865550615837,3.7299999999999985e-05,0.22508240288901976,,,,,,,
22,e_nativegates_ibm_qiskit_opt3_52,,,,,,,,,,,,,,,123.0,8.0,17592186044416,5.464999999999996e-05,0.6050175804461431,2.245e-05,0.023932648655078246,,,,,,,
27,e_nativegates_ibm_qiskit_opt3_52,,,,,,,,,,,,,,,,,,,,,,78.0,5.0,18014398509481984,8.780000000000005e-05,0.6327789470904254,2.6549999999999995e-05,0.09858551715745183
16,e_nativegates_ibm_qiskit_opt3_52,,,,,,,,,,,,,,,,,,,,,,184.0,16.0,4294967296,3.7549999999999984e-05,0.5693055378479105,1.6050000000000004e-05,0.0018954217200510249
22,e_nativegates_ibm_qiskit_opt3_52,,,,,,,,123.0,8.0,17592186044416,5.464999999999996e-05,0.6050175804461431,2.245e-05,0.023932648655078246,,,,,,,,,,,,,,
42,e_nativegates_ibm_qiskit_opt3_52,,,,,,,,59.0,3.0,19342813113834066795298816,9.904999999999993e-05,0.6447865550615837,3.7299999999999985e-05,0.22508240288901976,,,,,,,,,,,,,,
50,e_nativegates_ibm_qiskit_opt3_52,,,,,,,,,,,,,,,,,,,,,,67.0,3.0,1267650600228229401496703205376,0.00010504999999999992,0.6395758942844337,2.01e-05,0.19295272784671877
32,e_nativegates_ibm_qiskit_opt3_52,,,,,,,,,,,,,,,66.0,4.0,18446744073709551616,9.155e-05,0.6403545864837343,2.6549999999999995e-05,0.15115863066277174,,,,,,,
32,e_nativegates_ibm_qiskit_opt3_52,,,,,,,,,,,,,,,,,,,,,,66.0,4.0,18446744073709551616,9.155e-05,0.6403545864837343,2.6549999999999995e-05,0.15115863066277174
17,e_nativegates_ibm_qiskit_opt3_52,,,,,,,,,,,,,,,,,,,,,,187.0,16.0,17179869184,3.549999999999999e-05,0.5675977115338455,1.3950000000000004e-05,0.0019305926524581399
16,e_nativegates_ibm_qiskit_opt3_52,,,,,,,,166.0,15.0,4294967296,3.7549999999999984e-05,0.5796179335678847,9.700000000000002e-06,0.0028606548450442427,,,,,,,,,,,,,,
37,e_nativegates_ibm_qiskit_opt3_52,,,,,,,,54.0,3.0,18889465931478580854784,9.529999999999996e-05,0.6480362783689378,4.8049999999999975e-05,0.2368668873534106,,,,,,,,,,,,,,
17,e_nativegates_ibm_qiskit_opt3_52,,,,,,,,169.0,14.0,17179869184,3.549999999999999e-05,0.577856351592369,1.15e-06,0.0026847784011549214,,,,,,,,,,,,,,
42,e_nativegates_ibm_qiskit_opt3_52,,,,,,,,,,,,,,,,,,,,,,59.0,3.0,19342813113834066795298816,9.904999999999993e-05,0.6447865550615837,3.7299999999999985e-05,0.22508240288901976
47,e_nativegates_ibm_qiskit_opt3_52,,,,,,,,,,,,,,,64.0,3.0,19807040628566084398385987584,0.00010279999999999994,0.6415322144512968,2.6549999999999995e-05,0.20936942383363086,,,,,,,
27,e_nativegates_ibm_qiskit_opt3_52,,,,,,,,,,,,,,,78.0,5.0,18014398509481984,8.780000000000005e-05,0.6327789470904254,2.6549999999999995e-05,0.09858551715745183,,,,,,,
50,e_nativegates_ibm_qiskit_opt3_52,,,,,,,,67.0,3.0,1267650600228229401496703205376,0.00010504999999999992,0.6395758942844337,2.01e-05,0.19295272784671877,,,,,,,,,,,,,,
22,e_nativegates_ibm_qiskit_opt3_52,,,,,,,,,,,,,,,,,,,,,,123.0,8.0,17592186044416,5.464999999999996e-05,0.6050175804461431,2.245e-05,0.023932648655078246
27,ghz_indep_qiskit_75,,,,,,,,,,,,,,,2.0,3.0,24,1.3050000000000004e-05,0.9122419966270107,1.1000000000000003e-05,0.15726161839062175,,,,,,,
35,ghz_indep_qiskit_75,,,,,,,,2.0,3.0,24,1.705e-05,0.9122419966270107,2.9999999999999997e-06,0.18007617793661246,,,,,,,,,,,,,,
16,ghz_indep_qiskit_75,,,,,,,,,,,,,,,,,,,,,,4.0,5.0,52,7.550000000000001e-06,0.9104184430877639,7.000000000000002e-06,0.0570228627185947
25,ghz_indep_qiskit_75,,,,,,,,3.0,4.0,40,1.2050000000000003e-05,0.911329763745504,1e-06,0.1316838174273859,,,,,,,,,,,,,,
16,ghz_indep_qiskit_75,,,,,,,,4.0,5.0,52,7.550000000000001e-06,0.9104184430877639,7.000000000000002e-06,0.0570228627185947,,,,,,,,,,,,,,
30,ghz_indep_qiskit_75,,,,,,,,2.0,3.0,24,1.4550000000000005e-05,0.9122419966270106,8.000000000000001e-06,0.159432203580172,,,,,,,,,,,,,,
27,ghz_indep_qiskit_75,,,,,,,,,,,,,,,,,,,,,,2.0,3.0,24,1.3050000000000004e-05,0.9122419966270107,1.1000000000000003e-05,0.15726161839062175
40,ghz_indep_qiskit_75,1.0,2.0,8.0,1.9549999999999994e-05,0.9131551426454114,1.75e-05,0.27772449559533974,,,,,,,,,,,,,,,,,,,,,
55,ghz_indep_qiskit_75,,,,,,,,1.0,2.0,8,2.7049999999999973e-05,0.9131551426454115,1.0000000000000003e-05,0.28425394691568456,,,,,,,,,,,,,,
50,ghz_indep_qiskit_75,1.0,2.0,8.0,2.3549999999999983e-05,0.9131551426454115,1.3500000000000005e-05,0.27956286017591764,,,,,,,,,,,,,,,,,,,,,
60,ghz_indep_qiskit_75,1.0,2.0,8.0,2.3549999999999983e-05,0.9131551426454115,1.3500000000000005e-05,0.27956286017591764,,,,,,,,,,,,,,,,,,,,,
60,ghz_indep_qiskit_75,,,,,,,,1.0,2.0,8,2.9549999999999966e-05,0.9131551426454115,7.500000000000002e-06,0.2910850253807108,,,,,,,,,,,,,,
70,ghz_indep_qiskit_75,1.0,2.0,8.0,2.3549999999999983e-05,0.9131551426454115,1.3500000000000005e-05,0.27956286017591764,,,,,,,,,,,,,,,,,,,,,
70,ghz_indep_qiskit_75,,,,,,,,1.0,2.0,8,3.454999999999995e-05,0.9131551426454118,2.4999999999999998e-06,0.34332575287712797,,,,,,,,,,,,,,
30,ghz_indep_qiskit_75,,,,,,,,,,,,,,,,,,,,,,2.0,3.0,24,1.4550000000000005e-05,0.9122419966270106,8.000000000000001e-06,0.159432203580172
65,ghz_indep_qiskit_75,,,,,,,,,,,,,,,,,,,,,,1.0,2.0,8,3.204999999999996e-05,0.9131551426454115,5e-06,0.3049921996879877
27,ghz_indep_qiskit_75,2.0,3.0,24.0,1.3000000000000004e-05,0.9122419966270103,1.1550000000000003e-05,0.15720955998733774,,,,,,,,,,,,,,,,,,,,,
30,ghz_indep_qiskit_75,2.0,3.0,24.0,1.4000000000000005e-05,0.9122419966270103,1.0050000000000002e-05,0.1578329691928364,,,,,,,,,,,,,,,,,,,,,
45,ghz_indep_qiskit_75,,,,,,,,1.0,2.0,8,2.2049999999999987e-05,0.9131551426454114,1.5000000000000005e-05,0.27853363567649303,,,,,,,,,,,,,,
50,ghz_indep_qiskit_75,,,,,,,,,,,,,,,,,,,,,,1.0,2.0,8,2.454999999999998e-05,0.9131551426454114,1.2500000000000004e-05,0.2805263982453393
65,ghz_indep_qiskit_75,,,,,,,,1.0,2.0,8,3.204999999999996e-05,0.9131551426454115,5e-06,0.3049921996879877,,,,,,,,,,,,,,
50,ghz_indep_qiskit_75,,,,,,,,1.0,2.0,8,2.454999999999998e-05,0.9131551426454114,1.2500000000000004e-05,0.2805263982453393,,,,,,,,,,,,,,
40,ghz_indep_qiskit_75,,,,,,,,1.0,2.0,8,1.9549999999999994e-05,0.9131551426454114,1.75e-05,0.27772449559533974,,,,,,,,,,,,,,
40,ghz_indep_qiskit_75,,,,,,,,,,,,,,,,,,,,,,1.0,2.0,8,1.9549999999999994e-05,0.9131551426454114,1.75e-05,0.27772449559533974
16,ghz_indep_qiskit_75,4.0,5.0,40.0,7.550000000000001e-06,0.9104184430877639,7.000000000000002e-06,0.0570228627185947,,,,,,,,,,,,,,,,,,,,,
40,ghz_indep_qiskit_75,,,,,,,,,,,,,,,1.0,2.0,8,1.9549999999999994e-05,0.9131551426454114,1.75e-05,0.27772449559533974,,,,,,,
65,ghz_indep_qiskit_75,,,,,,,,,,,,,,,1.0,2.0,8,3.204999999999996e-05,0.9131551426454115,5e-06,0.3049921996879877,,,,,,,
50,ghz_indep_qiskit_75,,,,,,,,,,,,,,,1.0,2.0,8,2.454999999999998e-05,0.9131551426454114,1.2500000000000004e-05,0.2805263982453393,,,,,,,
45,ghz_indep_qiskit_75,1.0,2.0,8.0,2.2049999999999987e-05,0.9131551426454114,1.5000000000000005e-05,0.27853363567649303,,,,,,,,,,,,,,,,,,,,,
70,ghz_indep_qiskit_75,,,,,,,,,,,,,,,1.0,2.0,8,3.454999999999995e-05,0.9131551426454118,2.4999999999999998e-06,0.34332575287712797,,,,,,,
55,ghz_indep_qiskit_75,1.0,2.0,8.0,2.3549999999999983e-05,0.9131551426454115,1.3500000000000005e-05,0.27956286017591764,,,,,,,,,,,,,,,,,,,,,
65,ghz_indep_qiskit_75,1.0,2.0,8.0,2.3549999999999983e-05,0.9131551426454115,1.3500000000000005e-05,0.27956286017591764,,,,,,,,,,,,,,,,,,,,,
45,ghz_indep_qiskit_75,,,,,,,,,,,,,,,1.0,2.0,8,2.2049999999999987e-05,0.9131551426454114,1.5000000000000005e-05,0.27853363567649303,,,,,,,
55,ghz_indep_qiskit_75,,,,,,,,,,,,,,,1.0,2.0,8,2.7049999999999973e-05,0.9131551426454115,1.0000000000000003e-05,0.28425394691568456,,,,,,,
35,ghz_indep_qiskit_75,2.0,3.0,24.0,1.3550000000000004e-05,0.9122419966270106,1.1500000000000003e-05,0.1571975487612019,,,,,,,,,,,,,,,,,,,,,
25,ghz_indep_qiskit_75,3.0,4.0,40.0,1.1500000000000003e-05,0.9113297637455042,7.000000000000002e-06,0.09371221850667177,,,,,,,,,,,,,,,,,,,,,
60,ghz_indep_qiskit_75,,,,,,,,,,,,,,,1.0,2.0,8,2.9549999999999966e-05,0.9131551426454115,7.500000000000002e-06,0.2910850253807108,,,,,,,
55,ghz_indep_qiskit_75,,,,,,,,,,,,,,,,,,,,,,1.0,2.0,8,2.7049999999999973e-05,0.9131551426454115,1.0000000000000003e-05,0.28425394691568456
16,ghz_indep_qiskit_75,,,,,,,,,,,,,,,4.0,5.0,52,7.550000000000001e-06,0.9104184430877639,7.000000000000002e-06,0.0570228627185947,,,,,,,
45,ghz_indep_qiskit_75,,,,,,,,,,,,,,,,,,,,,,1.0,2.0,8,2.2049999999999987e-05,0.9131551426454114,1.5000000000000005e-05,0.27853363567649303
30,ghz_indep_qiskit_75,,,,,,,,,,,,,,,2.0,3.0,24,1.4550000000000005e-05,0.9122419966270106,8.000000000000001e-06,0.159432203580172,,,,,,,
70,ghz_indep_qiskit_75,,,,,,,,,,,,,,,,,,,,,,1.0,2.0,8,3.454999999999995e-05,0.9131551426454118,2.4999999999999998e-06,0.34332575287712797
25,ghz_indep_qiskit_75,,,,,,,,,,,,,,,,,,,,,,3.0,4.0,40,1.2050000000000003e-05,0.911329763745504,1e-06,0.1316838174273859
25,ghz_indep_qiskit_75,,,,,,,,,,,,,,,3.0,4.0,40,1.2050000000000003e-05,0.911329763745504,1e-06,0.1316838174273859,,,,,,,
35,ghz_indep_qiskit_75,,,,,,,,,,,,,,,2.0,3.0,24,1.705e-05,0.9122419966270107,2.9999999999999997e-06,0.18007617793661246,,,,,,,
27,ghz_indep_qiskit_75,,,,,,,,2.0,3.0,24,1.3050000000000004e-05,0.9122419966270107,1.1000000000000003e-05,0.15726161839062175,,,,,,,,,,,,,,
60,ghz_indep_qiskit_75,,,,,,,,,,,,,,,,,,,,,,1.0,2.0,8,2.9549999999999966e-05,0.9131551426454115,7.500000000000002e-06,0.2910850253807108
35,ghz_indep_qiskit_75,,,,,,,,,,,,,,,,,,,,,,2.0,3.0,24,1.705e-05,0.9122419966270107,2.9999999999999997e-06,0.18007617793661246
26,graphstate_indep_qiskit_50,2.0,2.0,32.0,3.0499999999999996e-06,0.9393876069468644,2.5499999999999997e-06,0.3362072736748206,,,,,,,,,,,,,,,,,,,,,
27,graphstate_indep_qiskit_50,,,,,,,,,,,,,,,2.0,2.0,33,2.5499999999999997e-06,0.9393876069468645,1.55e-06,0.3615636018728369,,,,,,,
10,graphstate_indep_qiskit_50,,,,,,,,,,,,,,,,,,,,,,6.0,7.0,48,2.5499999999999997e-06,0.9356357302647257,1.55e-06,0.13661099237250843
31,graphstate_indep_qiskit_50,,,,,,,,,,,,,,,2.0,2.0,33,2.5499999999999997e-06,0.9393876069468645,1.55e-06,0.3615636018728369,,,,,,,
31,graphstate_indep_qiskit_50,2.0,2.0,32.0,3.0499999999999996e-06,0.9393876069468647,2.5499999999999997e-06,0.3241044323011537,,,,,,,,,,,,,,,,,,,,,
31,graphstate_indep_qiskit_50,,,,,,,,,,,,,,,,,,,,,,2.0,2.0,33,3.0499999999999996e-06,0.9393876069468646,1.55e-06,0.30415225709072874
36,graphstate_indep_qiskit_50,,,,,,,,2.0,2.0,33,3.0499999999999996e-06,0.9393876069468646,1.55e-06,0.30415225709072874,,,,,,,,,,,,,,
26,graphstate_indep_qiskit_50,,,,,,,,,,,,,,,2.0,3.0,33,2.5499999999999997e-06,0.9393876069468645,1.55e-06,0.3615636018728369,,,,,,,
21,graphstate_indep_qiskit_50,,,,,,,,3.0,3.0,49,2.5499999999999997e-06,0.9384482296650164,1.55e-06,0.22600304115132733,,,,,,,,,,,,,,
16,graphstate_indep_qiskit_50,,,,,,,,,,,,,,,,,,,,,,4.0,4.0,49,2.05e-06,0.9375097917501249,1.55e-06,0.27781655543409367
16,graphstate_indep_qiskit_50,,,,,,,,4.0,4.0,49,2.5499999999999997e-06,0.937509791750125,1.55e-06,0.23585598044809272,,,,,,,,,,,,,,
36,graphstate_indep_qiskit_50,,,,,,,,,,,,,,,,,,,,,,2.0,2.0,33,3.0499999999999996e-06,0.9393876069468646,1.55e-06,0.30415225709072874
41,graphstate_indep_qiskit_50,2.0,2.0,32.0,3.0499999999999996e-06,0.9393876069468647,2.5499999999999997e-06,0.310364980567488,,,,,,,,,,,,,,,,,,,,,
10,graphstate_indep_qiskit_50,,,,,,,,,,,,,,,6.0,6.0,48,3.0499999999999996e-06,0.9356357302647257,1.55e-06,0.1430056357860076,,,,,,,
41,graphstate_indep_qiskit_50,,,,,,,,,,,,,,,2.0,2.0,33,2.5499999999999997e-06,0.9393876069468645,1.55e-06,0.3615636018728369,,,,,,,
46,graphstate_indep_qiskit_50,,,,,,,,0.0,2.0,2,3.0499999999999996e-06,0.9412691833735604,1.55e-06,0.468075322465684,,,,,,,,,,,,,,
16,graphstate_indep_qiskit_50,4.0,4.0,48.0,2.5499999999999997e-06,0.9375097917501247,2.05e-06,0.17273480587274648,,,,,,,,,,,,,,,,,,,,,
10,graphstate_indep_qiskit_50,,,,,,,,6.0,7.0,48,2.5499999999999997e-06,0.9356357302647257,1.55e-06,0.13785427090687533,,,,,,,,,,,,,,
41,graphstate_indep_qiskit_50,,,,,,,,,,,,,,,,,,,,,,2.0,2.0,33,3.0499999999999996e-06,0.9393876069468646,1.55e-06,0.30415225709072874
41,graphstate_indep_qiskit_50,,,,,,,,2.0,2.0,33,3.0499999999999996e-06,0.9393876069468646,1.55e-06,0.30415225709072874,,,,,,,,,,,,,,
46,graphstate_indep_qiskit_50,,,,,,,,,,,,,,,0.0,2.0,2,3.0499999999999996e-06,0.9412691833735604,1.55e-06,0.468075322465684,,,,,,,
21,graphstate_indep_qiskit_50,,,,,,,,,,,,,,,,,,,,,,3.0,3.0,49,2.5499999999999997e-06,0.9384482296650162,1.55e-06,0.2645941826810901
27,graphstate_indep_qiskit_50,2.0,2.0,32.0,2.5499999999999997e-06,0.9393876069468644,2.5499999999999997e-06,0.3821350762527236,,,,,,,,,,,,,,,,,,,,,
16,graphstate_indep_qiskit_50,,,,,,,,,,,,,,,4.0,4.0,49,2.5499999999999997e-06,0.9375097917501248,1.55e-06,0.22480477079327257,,,,,,,
26,graphstate_indep_qiskit_50,,,,,,,,2.0,3.0,33,3.0499999999999996e-06,0.9393876069468646,1.55e-06,0.30415225709072874,,,,,,,,,,,,,,
21,graphstate_indep_qiskit_50,3.0,3.0,48.0,2.5499999999999997e-06,0.9384482296650161,2.05e-06,0.2318050165274802,,,,,,,,,,,,,,,,,,,,,
21,graphstate_indep_qiskit_50,,,,,,,,,,,,,,,3.0,3.0,49,3.0499999999999996e-06,0.9384482296650163,1.55e-06,0.22414178463461543,,,,,,,
31,graphstate_indep_qiskit_50,,,,,,,,2.0,2.0,33,3.0499999999999996e-06,0.9393876069468646,1.55e-06,0.30415225709072874,,,,,,,,,,,,,,
26,graphstate_indep_qiskit_50,,,,,,,,,,,,,,,,,,,,,,2.0,3.0,33,3.0499999999999996e-06,0.9393876069468646,1.55e-06,0.30415225709072874
36,graphstate_indep_qiskit_50,,,,,,,,,,,,,,,2.0,2.0,33,2.5499999999999997e-06,0.9393876069468645,1.55e-06,0.3615636018728369,,,,,,,
27,graphstate_indep_qiskit_50,,,,,,,,2.0,2.0,33,3.0499999999999996e-06,0.9393876069468646,1.55e-06,0.30415225709072874,,,,,,,,,,,,,,
36,graphstate_indep_qiskit_50,2.0,2.0,32.0,3.0499999999999996e-06,0.9393876069468647,2.5499999999999997e-06,0.30959598522913767,,,,,,,,,,,,,,,,,,,,,
46,graphstate_indep_qiskit_50,,,,,,,,,,,,,,,,,,,,,,0.0,2.0,2,3.0499999999999996e-06,0.9412691833735604,1.55e-06,0.468075322465684
10,graphstate_indep_qiskit_50,6.0,6.0,48.0,2.5499999999999997e-06,0.9356357302647256,1.55e-06,0.06773240284401114,,,,,,,,,,,,,,,,,,,,,
27,graphstate_indep_qiskit_50,,,,,,,,,,,,,,,,,,,,,,2.0,2.0,33,3.0499999999999996e-06,0.9393876069468646,1.55e-06,0.30415225709072874
10,realamprandom_indep_qiskit_23,,,,,,,,225.0,25.0,1073741824,8.550000000000001e-06,0.6697202158313456,4.5e-06,0.0009809077627641522,,,,,,,,,,,,,,
16,realamprandom_indep_qiskit_23,,,,,,,,111.0,9.0,4294967296,1.4550000000000005e-05,0.7505973446209595,3.5499999999999995e-06,0.05664282041881289,,,,,,,,,,,,,,
10,realamprandom_indep_qiskit_23,,,,,,,,,,,,,,,,,,,,,,225.0,25.0,1073741824,8.550000000000001e-06,0.6697202158313456,4.5e-06,0.0009809077627641522
16,realamprandom_indep_qiskit_23,,,,,,,,,,,,,,,,,,,,,,111.0,9.0,4294967296,1.4550000000000005e-05,0.7505973446209595,3.5499999999999995e-06,0.05664282041881289
16,realamprandom_indep_qiskit_23,,,,,,,,,,,,,,,111.0,9.0,4294967296,1.4550000000000005e-05,0.7505973446209595,3.5499999999999995e-06,0.05664282041881289,,,,,,,
10,realamprandom_indep_qiskit_23,,,,,,,,,,,,,,,225.0,25.0,1073741824,8.550000000000001e-06,0.6697202158313456,4.5e-06,0.0009809077627641522,,,,,,,
5,wstate_nativegates_ibm_qiskit_opt3_14,,,,,,,,6.0,4.0,256,3.099999999999999e-06,0.974334036933664,2.4499999999999994e-06,0.43043010628203254,,,,,,,,,,,,,,
10,wstate_nativegates_ibm_qiskit_opt3_14,,,,,,,,,,,,,,,2.0,2.0,32,6.350000000000004e-06,0.9782409715224784,3.599999999999999e-06,0.5145195392242634,,,,,,,
10,wstate_nativegates_ibm_qiskit_opt3_14,2.0,2.0,32.0,5.050000000000001e-06,0.9782409700544419,4.9e-06,0.5052235931501312,,,,,,,,,,,,,,,,,,,,,
5,wstate_nativegates_ibm_qiskit_opt3_14,,,,,,,,,,,,,,,,,,,,,,6.0,4.0,256,3.099999999999999e-06,0.974334036933664,2.4499999999999994e-06,0.43043010628203254
10,wstate_nativegates_ibm_qiskit_opt3_14,,,,,,,,,,,,,,,,,,,,,,2.0,2.0,32,6.350000000000004e-06,0.9782409715224784,3.599999999999999e-06,0.5145195392242634
5,wstate_nativegates_ibm_qiskit_opt3_14,6.0,4.0,272.0,3.099999999999999e-06,0.9743340325471435,2.4499999999999994e-06,0.4245009725991246,,,,,,,,,,,,,,,,,,,,,
10,wstate_nativegates_ibm_qiskit_opt3_14,,,,,,,,2.0,2.0,32,6.350000000000004e-06,0.9782409715224784,3.599999999999999e-06,0.5145195392242634,,,,,,,,,,,,,,
5,wstate_nativegates_ibm_qiskit_opt3_14,,,,,,,,,,,,,,,6.0,4.0,256,3.099999999999999e-06,0.974334036933664,2.4499999999999994e-06,0.43043010628203254,,,,,,,
502,u2random_nativegates_ibm_qiskit_opt3_54,,,,,,,,162.0,5.0,1267650600228229401496703205376,4.8699999999999917e-05,0.33777998368497186,1.3200000000000002e-05,0.23563694857741188,,,,,,,,,,,,,,
502,u2random_nativegates_ibm_qiskit_opt3_54,,,,,,,,,,,,,,,,,,,,,,162.0,5.0,1267650600228229401496703205376,4.8699999999999917e-05,0.33777998368497186,1.3200000000000002e-05,0.23563694857741188
502,u2random_nativegates_ibm_qiskit_opt3_54,,,,,,,,,,,,,,,162.0,5.0,1267650600228229401496703205376,4.8699999999999917e-05,0.33777998368497186,1.3200000000000002e-05,0.23563694857741188,,,,,,,
65,dj_indep_qiskit_90,1.0,2.0,8.0,2.859999999999997e-05,0.8952451914444308,1.6100000000000005e-05,0.27663880971602134,,,,,,,,,,,,,,,,,,,,,
16,dj_indep_qiskit_90,6.0,7.0,40.0,7.600000000000002e-06,0.8907918094753603,4.6e-06,0.022405001123219626,,,,,,,,,,,,,,,,,,,,,
16,dj_indep_qiskit_90,,,,,,,,5.0,6.0,52,7.600000000000002e-06,0.8916828141461302,7.1000000000000015e-06,0.033788945790405894,,,,,,,,,,,,,,
27,dj_indep_qiskit_90,,,,,,,,3.0,4.0,40,1.3100000000000003e-05,0.8934651392905314,5.600000000000001e-06,0.09313043815842924,,,,,,,,,,,,,,
50,dj_indep_qiskit_90,,,,,,,,,,,,,,,1.0,2.0,8,2.459999999999998e-05,0.8952464045452553,2.0099999999999994e-05,0.2748880991631179,,,,,,,
65,dj_indep_qiskit_90,,,,,,,,,,,,,,,1.0,2.0,8,3.209999999999996e-05,0.8952431391994026,1.2600000000000003e-05,0.28012921824028963,,,,,,,
27,dj_indep_qiskit_90,3.0,4.0,40.0,1.3100000000000003e-05,0.8934657034352419,8.6e-06,0.0901254134882563,,,,,,,,,,,,,,,,,,,,,
50,dj_indep_qiskit_90,,,,,,,,1.0,2.0,8,2.459999999999998e-05,0.8952464045452553,2.0099999999999994e-05,0.2748880991631179,,,,,,,,,,,,,,
65,dj_indep_qiskit_90,,,,,,,,1.0,2.0,8,3.209999999999996e-05,0.8952431391994026,1.2600000000000003e-05,0.28012921824028963,,,,,,,,,,,,,,
16,dj_indep_qiskit_90,,,,,,,,,,,,,,,,,,,,,,5.0,6.0,52,7.600000000000002e-06,0.8916828141461302,7.1000000000000015e-06,0.033788945790405894
27,dj_indep_qiskit_90,,,,,,,,,,,,,,,3.0,4.0,40,1.3100000000000003e-05,0.8934651392905314,5.600000000000001e-06,0.09313043815842924,,,,,,,
50,dj_indep_qiskit_90,1.0,2.0,8.0,2.4099999999999983e-05,0.895246484033619,2.0599999999999993e-05,0.27479225168811355,,,,,,,,,,,,,,,,,,,,,
16,dj_indep_qiskit_90,,,,,,,,,,,,,,,5.0,6.0,52,7.600000000000002e-06,0.8916828141461302,7.1000000000000015e-06,0.033788945790405894,,,,,,,
65,dj_indep_qiskit_90,,,,,,,,,,,,,,,,,,,,,,1.0,2.0,8,3.209999999999996e-05,0.8952431391994026,1.2600000000000003e-05,0.28012921824028963
50,dj_indep_qiskit_90,,,,,,,,,,,,,,,,,,,,,,1.0,2.0,8,2.459999999999998e-05,0.8952464045452553,2.0099999999999994e-05,0.2748880991631179
27,dj_indep_qiskit_90,,,,,,,,,,,,,,,,,,,,,,3.0,4.0,40,1.3100000000000003e-05,0.8934651392905314,5.600000000000001e-06,0.09313043815842924
162,u2random_indep_qiskit_21,,,,,,,,83.0,7.0,4294967296,1.4550000000000005e-05,0.79375704613393,5.050000000000001e-06,0.11856367250620913,,,,,,,,,,,,,,
102,u2random_indep_qiskit_21,,,,,,,,186.0,21.0,1073741824,8.600000000000002e-06,0.7160632960178825,4.05e-06,0.003126942736263214,,,,,,,,,,,,,,
162,u2random_indep_qiskit_21,,,,,,,,,,,,,,,,,,,,,,83.0,7.0,4294967296,1.4550000000000005e-05,0.79375704613393,5.050000000000001e-06,0.11856367250620913
102,u2random_indep_qiskit_21,,,,,,,,,,,,,,,,,,,,,,186.0,21.0,1073741824,8.600000000000002e-06,0.7160632960178825,4.05e-06,0.003126942736263214
102,u2random_indep_qiskit_21,,,,,,,,,,,,,,,186.0,21.0,1073741824,8.600000000000002e-06,0.7160632960178825,4.05e-06,0.003126942736263214,,,,,,,
162,u2random_indep_qiskit_21,,,,,,,,,,,,,,,83.0,7.0,4294967296,1.4550000000000005e-05,0.79375704613393,5.050000000000001e-06,0.11856367250620913,,,,,,,
27,ghz_indep_qiskit_92,,,,,,,,3.0,4.0,40,1.3050000000000004e-05,0.8929190845875662,6.500000000000001e-06,0.0887987297071278,,,,,,,,,,,,,,
50,ghz_indep_qiskit_92,1.0,2.0,8.0,2.449999999999998e-05,0.8947075871924097,2.104999999999999e-05,0.2726818759321662,,,,,,,,,,,,,,,,,,,,,
27,ghz_indep_qiskit_92,3.0,4.0,40.0,1.3000000000000004e-05,0.8929190845875662,8.550000000000001e-06,0.0874873369527917,,,,,,,,,,,,,,,,,,,,,
16,ghz_indep_qiskit_92,,,,,,,,,,,,,,,6.0,7.0,52,7.550000000000001e-06,0.8902430319107704,5e-07,0.03183951204186236,,,,,,,
16,ghz_indep_qiskit_92,6.0,7.0,40.0,7.550000000000001e-06,0.8902430319107704,5e-06,0.020383593463380936,,,,,,,,,,,,,,,,,,,,,
50,ghz_indep_qiskit_92,,,,,,,,,,,,,,,1.0,2.0,8,2.454999999999998e-05,0.8947075871924098,2.099999999999999e-05,0.2726045564344246,,,,,,,
65,ghz_indep_qiskit_92,,,,,,,,,,,,,,,1.0,2.0,8,3.204999999999996e-05,0.89470758719241,1.3500000000000005e-05,0.27650391729954926,,,,,,,
50,ghz_indep_qiskit_92,,,,,,,,1.0,2.0,8,2.454999999999998e-05,0.8947075871924098,2.099999999999999e-05,0.2726045564344246,,,,,,,,,,,,,,
65,ghz_indep_qiskit_92,,,,,,,,1.0,2.0,8,3.204999999999996e-05,0.89470758719241,1.3500000000000005e-05,0.27650391729954926,,,,,,,,,,,,,,
65,ghz_indep_qiskit_92,,,,,,,,,,,,,,,,,,,,,,1.0,2.0,8,3.204999999999996e-05,0.89470758719241,1.3500000000000005e-05,0.27650391729954926
50,ghz_indep_qiskit_92,,,,,,,,,,,,,,,,,,,,,,1.0,2.0,8,2.454999999999998e-05,0.8947075871924098,2.099999999999999e-05,0.2726045564344246
16,ghz_indep_qiskit_92,,,,,,,,,,,,,,,,,,,,,,6.0,7.0,52,7.550000000000001e-06,0.8902430319107704,5e-07,0.03183951204186236
16,ghz_indep_qiskit_92,,,,,,,,6.0,7.0,52,7.550000000000001e-06,0.8902430319107704,5e-07,0.03183951204186236,,,,,,,,,,,,,,
65,ghz_indep_qiskit_92,1.0,2.0,8.0,2.8499999999999968e-05,0.8947075871924097,1.705e-05,0.27411409502621975,,,,,,,,,,,,,,,,,,,,,
27,ghz_indep_qiskit_92,,,,,,,,,,,,,,,3.0,4.0,40,1.3050000000000004e-05,0.8929190845875662,6.500000000000001e-06,0.0887987297071278,,,,,,,
27,ghz_indep_qiskit_92,,,,,,,,,,,,,,,,,,,,,,3.0,4.0,40,1.3050000000000004e-05,0.8929190845875662,6.500000000000001e-06,0.0887987297071278
27,ghz_indep_qiskit_59,,,,,,,,2.0,3.0,24,1.3050000000000004e-05,0.9299340107386058,2.9999999999999997e-06,0.1860180286106212,,,,,,,,,,,,,,
10,ghz_indep_qiskit_59,,,,,,,,,,,,,,,6.0,7.0,52,4.55e-06,0.9262198876371153,2e-06,0.032898461538461536,,,,,,,
10,ghz_indep_qiskit_59,,,,,,,,,,,,,,,,,,,,,,6.0,7.0,52,4.55e-06,0.9262198876371153,2e-06,0.032898461538461536
16,ghz_indep_qiskit_59,,,,,,,,,,,,,,,3.0,4.0,40,7.550000000000001e-06,0.9290040860197659,6.500000000000001e-06,0.10222586033585608,,,,,,,
50,ghz_indep_qiskit_59,,,,,,,,,,,,,,,1.0,2.0,8,2.454999999999998e-05,0.9308648663037092,4.5e-06,0.3125865580448067,,,,,,,
50,ghz_indep_qiskit_59,,,,,,,,1.0,2.0,8,2.454999999999998e-05,0.9308648663037092,4.5e-06,0.3125865580448067,,,,,,,,,,,,,,
50,ghz_indep_qiskit_59,,,,,,,,,,,,,,,,,,,,,,1.0,2.0,8,2.454999999999998e-05,0.9308648663037092,4.5e-06,0.3125865580448067
16,ghz_indep_qiskit_59,3.0,4.0,40.0,7.550000000000001e-06,0.9290040860197659,6.500000000000001e-06,0.10222586033585608,,,,,,,,,,,,,,,,,,,,,
16,ghz_indep_qiskit_59,,,,,,,,,,,,,,,,,,,,,,3.0,4.0,40,7.550000000000001e-06,0.9290040860197659,6.500000000000001e-06,0.10222586033585608
16,ghz_indep_qiskit_59,,,,,,,,3.0,4.0,40,7.550000000000001e-06,0.9290040860197659,6.500000000000001e-06,0.10222586033585608,,,,,,,,,,,,,,
27,ghz_indep_qiskit_59,2.0,3.0,24.0,1.1000000000000003e-05,0.9299340107386057,7.550000000000001e-06,0.16760791037353082,,,,,,,,,,,,,,,,,,,,,
10,ghz_indep_qiskit_59,,,,,,,,6.0,7.0,52,4.55e-06,0.9262198876371153,2e-06,0.032898461538461536,,,,,,,,,,,,,,
10,ghz_indep_qiskit_59,6.0,7.0,40.0,4.55e-06,0.926219887637115,2.9999999999999997e-06,0.03134222919937205,,,,,,,,,,,,,,,,,,,,,
50,ghz_indep_qiskit_59,1.0,2.0,8.0,1.8499999999999996e-05,0.9308648663037089,1.0550000000000002e-05,0.2882151522710267,,,,,,,,,,,,,,,,,,,,,
27,ghz_indep_qiskit_59,,,,,,,,,,,,,,,2.0,3.0,24,1.3050000000000004e-05,0.9299340107386058,2.9999999999999997e-06,0.1860180286106212,,,,,,,
27,ghz_indep_qiskit_59,,,,,,,,,,,,,,,,,,,,,,2.0,3.0,24,1.3050000000000004e-05,0.9299340107386058,2.9999999999999997e-06,0.1860180286106212
27,e_nativegates_ibm_qiskit_opt3_79,,,,,,,,,,,,,,,,,,,,,,156.0,9.0,18014398509481984,8.920000000000005e-05,0.4629426003966391,2.01e-05,0.011468441258063254
27,e_nativegates_ibm_qiskit_opt3_79,,,,,,,,156.0,9.0,18014398509481984,8.920000000000005e-05,0.4629426003966391,2.01e-05,0.011468441258063254,,,,,,,,,,,,,,
50,e_nativegates_ibm_qiskit_opt3_79,,,,,,,,,,,,,,,67.0,3.0,1267650600228229401496703205376,0.00014285000000000057,0.505754693569353,6.850000000000026e-05,0.22491613124034182,,,,,,,
27,e_nativegates_ibm_qiskit_opt3_79,,,,,,,,,,,,,,,156.0,9.0,18014398509481984,8.920000000000005e-05,0.4629426003966391,2.01e-05,0.011468441258063254,,,,,,,
50,e_nativegates_ibm_qiskit_opt3_79,,,,,,,,67.0,3.0,1267650600228229401496703205376,0.00014285000000000057,0.505754693569353,6.850000000000026e-05,0.22491613124034182,,,,,,,,,,,,,,
50,e_nativegates_ibm_qiskit_opt3_79,,,,,,,,,,,,,,,,,,,,,,67.0,3.0,1267650600228229401496703205376,0.00014285000000000057,0.505754693569353,6.850000000000026e-05,0.22491613124034182
27,dj_nativegates_ibm_qiskit_opt3_71,2.0,3.0,24.0,1.3250000000000004e-05,0.9134051315549984,9.250000000000001e-06,0.16787081976207147,,,,,,,,,,,,,,,,,,,,,
16,dj_nativegates_ibm_qiskit_opt3_71,4.0,5.0,40.0,7.75e-06,0.9115823686921632,5.750000000000001e-06,0.06651581542099613,,,,,,,,,,,,,,,,,,,,,
16,dj_nativegates_ibm_qiskit_opt3_71,,,,,,,,4.0,5.0,52,7.75e-06,0.9115823321375383,5.2500000000000006e-06,0.06690821553437627,,,,,,,,,,,,,,
27,dj_nativegates_ibm_qiskit_opt3_71,,,,,,,,2.0,3.0,24,1.3250000000000004e-05,0.9134051095358352,9.250000000000001e-06,0.1678708197620715,,,,,,,,,,,,,,
65,dj_nativegates_ibm_qiskit_opt3_71,1.0,2.0,8.0,2.2749999999999987e-05,0.9143149588738017,1.2750000000000003e-05,0.2883243217533992,,,,,,,,,,,,,,,,,,,,,
27,dj_nativegates_ibm_qiskit_opt3_71,,,,,,,,,,,,,,,,,,,,,,2.0,3.0,24,1.3250000000000004e-05,0.9134051095358352,9.250000000000001e-06,0.1678708197620715
50,dj_nativegates_ibm_qiskit_opt3_71,,,,,,,,1.0,2.0,8,2.474999999999998e-05,0.9143140086313783,1.0750000000000002e-05,0.2915622525466079,,,,,,,,,,,,,,
50,dj_nativegates_ibm_qiskit_opt3_71,1.0,2.0,8.0,2.2749999999999987e-05,0.9143149588738017,1.2750000000000003e-05,0.2883243217533992,,,,,,,,,,,,,,,,,,,,,
65,dj_nativegates_ibm_qiskit_opt3_71,,,,,,,,1.0,2.0,8,3.2249999999999964e-05,0.9143080281812435,3.2499999999999994e-06,0.34568212467318016,,,,,,,,,,,,,,
65,dj_nativegates_ibm_qiskit_opt3_71,,,,,,,,,,,,,,,1.0,2.0,8,3.2249999999999964e-05,0.9143080281812435,3.2499999999999994e-06,0.34568212467318016,,,,,,,
50,dj_nativegates_ibm_qiskit_opt3_71,,,,,,,,,,,,,,,,,,,,,,1.0,2.0,8,2.474999999999998e-05,0.9143140086313783,1.0750000000000002e-05,0.2915622525466079
16,dj_nativegates_ibm_qiskit_opt3_71,,,,,,,,,,,,,,,,,,,,,,4.0,5.0,52,7.75e-06,0.9115823321375383,5.2500000000000006e-06,0.06690821553437627
50,dj_nativegates_ibm_qiskit_opt3_71,,,,,,,,,,,,,,,1.0,2.0,8,2.474999999999998e-05,0.9143140086313783,1.0750000000000002e-05,0.2915622525466079,,,,,,,
27,dj_nativegates_ibm_qiskit_opt3_71,,,,,,,,,,,,,,,2.0,3.0,24,1.3250000000000004e-05,0.9134051095358352,9.250000000000001e-06,0.1678708197620715,,,,,,,
65,dj_nativegates_ibm_qiskit_opt3_71,,,,,,,,,,,,,,,,,,,,,,1.0,2.0,8,3.2249999999999964e-05,0.9143080281812435,3.2499999999999994e-06,0.34568212467318016
16,dj_nativegates_ibm_qiskit_opt3_71,,,,,,,,,,,,,,,4.0,5.0,52,7.75e-06,0.9115823321375383,5.2500000000000006e-06,0.06690821553437627,,,,,,,
5,realamprandom_indep_qiskit_15,,,,,,,,,,,,,,,,,,,,,,220.0,48.0,1024,3.5499999999999995e-06,0.7417618980832626,1.05e-06,1.776562753107986e-05
5,realamprandom_indep_qiskit_15,,,,,,,,,,,,,,,220.0,48.0,1024,3.5499999999999995e-06,0.7417618980832626,1.05e-06,1.776562753107986e-05,,,,,,,
10,realamprandom_indep_qiskit_15,,,,,,,,,,,,,,,,,,,,,,75.0,9.0,1073741824,8.550000000000001e-06,0.8575555367146107,4.5500000000000005e-06,0.06365041908836597
10,realamprandom_indep_qiskit_15,,,,,,,,75.0,9.0,1073741824,8.550000000000001e-06,0.8575555367146107,4.5500000000000005e-06,0.06365041908836597,,,,,,,,,,,,,,
10,realamprandom_indep_qiskit_15,,,,,,,,,,,,,,,75.0,9.0,1073741824,8.550000000000001e-06,0.8575555367146107,4.5500000000000005e-06,0.06365041908836597,,,,,,,
5,realamprandom_indep_qiskit_15,,,,,,,,224.0,49.0,1024,3.5999999999999994e-06,0.7387992943870461,5.5e-07,1.461264625708828e-05,,,,,,,,,,,,,,
102,u2random_indep_qiskit_19,,,,,,,,148.0,17.0,1073741824,8.550000000000001e-06,0.7630128858753519,3.0499999999999996e-06,0.005700929635132686,,,,,,,,,,,,,,
112,u2random_indep_qiskit_19,,,,,,,,,,,,,,,129.0,14.0,17179869184,9.550000000000002e-06,0.7776540505695305,5e-06,0.02022689645073368,,,,,,,
162,u2random_indep_qiskit_19,,,,,,,,57.0,5.0,4294967296,1.4550000000000005e-05,0.8357128350314461,9.550000000000002e-06,0.28025406581917855,,,,,,,,,,,,,,
162,u2random_indep_qiskit_19,,,,,,,,,,,,,,,,,,,,,,57.0,5.0,4294967296,1.4550000000000005e-05,0.8357128350314461,9.550000000000002e-06,0.28025406581917855
162,u2random_indep_qiskit_19,,,,,,,,,,,,,,,57.0,5.0,4294967296,1.4550000000000005e-05,0.8357128350314461,9.550000000000002e-06,0.28025406581917855,,,,,,,
112,u2random_indep_qiskit_19,,,,,,,,,,,,,,,,,,,,,,129.0,14.0,17179869184,9.550000000000002e-06,0.7776540505695305,5e-06,0.02022689645073368
102,u2random_indep_qiskit_19,,,,,,,,,,,,,,,,,,,,,,148.0,17.0,1073741824,8.550000000000001e-06,0.7630128858753519,3.0499999999999996e-06,0.005700929635132686
112,u2random_indep_qiskit_19,,,,,,,,122.0,13.0,17179869184,9.550000000000002e-06,0.7831180874286593,5e-06,0.026913399705212972,,,,,,,,,,,,,,
102,u2random_indep_qiskit_19,,,,,,,,,,,,,,,148.0,17.0,1073741824,8.550000000000001e-06,0.7630128858753519,3.0499999999999996e-06,0.005700929635132686,,,,,,,
272,u2random_nativegates_ibm_qiskit_opt3_31,,,,,,,,,,,,,,,,,,,,,,93.0,5.0,18014398509481984,2.5699999999999978e-05,0.6647351579345576,1.3200000000000002e-05,0.2641938535688733
272,u2random_nativegates_ibm_qiskit_opt3_31,,,,,,,,,,,,,,,93.0,5.0,18014398509481984,2.5699999999999978e-05,0.6647351579345576,1.3200000000000002e-05,0.2641938535688733,,,,,,,
162,u2random_nativegates_ibm_qiskit_opt3_31,,,,,,,,,,,,,,,,,,,,,,241.0,17.0,4294967296,1.4700000000000005e-05,0.5733475730526352,7.500000000000002e-06,0.004316845233151771
162,u2random_nativegates_ibm_qiskit_opt3_31,,,,,,,,,,,,,,,241.0,17.0,4294967296,1.4700000000000005e-05,0.5733475730526352,7.500000000000002e-06,0.004316845233151771,,,,,,,
272,u2random_nativegates_ibm_qiskit_opt3_31,,,,,,,,93.0,5.0,18014398509481984,2.5699999999999978e-05,0.6647351579345576,1.3200000000000002e-05,0.2641938535688733,,,,,,,,,,,,,,
162,u2random_nativegates_ibm_qiskit_opt3_31,,,,,,,,241.0,17.0,4294967296,1.4700000000000005e-05,0.5733475730526352,7.500000000000002e-06,0.004316845233151771,,,,,,,,,,,,,,
50,ghz_nativegates_ibm_qiskit_opt3_106,,,,,,,,,,,,,,,2.0,3.0,24,2.464999999999998e-05,0.878898280574525,3.4999999999999995e-06,0.1699492900608521,,,,,,,
27,ghz_nativegates_ibm_qiskit_opt3_106,,,,,,,,,,,,,,,,,,,,,,4.0,5.0,52,1.3150000000000005e-05,0.8771413804579926,5e-07,0.0839975695823729
65,ghz_nativegates_ibm_qiskit_opt3_106,,,,,,,,,,,,,,,,,,,,,,1.0,2.0,8,3.214999999999996e-05,0.879778049833618,2.049999999999999e-05,0.27114772215860894
27,ghz_nativegates_ibm_qiskit_opt3_106,,,,,,,,4.0,5.0,52,1.3150000000000005e-05,0.8771413804579926,5e-07,0.0839975695823729,,,,,,,,,,,,,,
65,ghz_nativegates_ibm_qiskit_opt3_106,,,,,,,,,,,,,,,1.0,2.0,8,3.214999999999996e-05,0.879778049833618,2.049999999999999e-05,0.27114772215860894,,,,,,,
50,ghz_nativegates_ibm_qiskit_opt3_106,,,,,,,,,,,,,,,,,,,,,,2.0,3.0,24,2.464999999999998e-05,0.878898280574525,3.4999999999999995e-06,0.1699492900608521
65,ghz_nativegates_ibm_qiskit_opt3_106,,,,,,,,1.0,2.0,8,3.214999999999996e-05,0.879778049833618,2.049999999999999e-05,0.27114772215860894,,,,,,,,,,,,,,
50,ghz_nativegates_ibm_qiskit_opt3_106,2.0,3.0,24.0,1.999999999999999e-05,0.8788982805745249,1.6000000000000003e-05,0.14840081375232034,,,,,,,,,,,,,,,,,,,,,
65,ghz_nativegates_ibm_qiskit_opt3_106,1.0,2.0,8.0,3.149999999999996e-05,0.8797780498336177,2.114999999999999e-05,0.2715471919841666,,,,,,,,,,,,,,,,,,,,,
27,ghz_nativegates_ibm_qiskit_opt3_106,,,,,,,,,,,,,,,4.0,5.0,52,1.3150000000000005e-05,0.8771413804579926,5e-07,0.0839975695823729,,,,,,,
50,ghz_nativegates_ibm_qiskit_opt3_106,,,,,,,,2.0,3.0,24,2.464999999999998e-05,0.878898280574525,3.4999999999999995e-06,0.1699492900608521,,,,,,,,,,,,,,
27,ghz_nativegates_ibm_qiskit_opt3_106,4.0,5.0,40.0,1.3000000000000004e-05,0.8771413804579931,8.650000000000002e-06,0.04939029189232007,,,,,,,,,,,,,,,,,,,,,
10,oa_nativegates_ibm_qiskit_opt3_12,,,,,,,,7.0,2.0,4096,6.9500000000000055e-06,0.9701023445093786,2.3499999999999995e-06,0.49746546461685,,,,,,,,,,,,,,
5,oa_nativegates_ibm_qiskit_opt3_12,,,,,,,,,,,,,,,,,,,,,,8.0,4.0,256,4.850000000000002e-06,0.9691324327112292,4.850000000000002e-06,0.3975442493427677
5,oa_nativegates_ibm_qiskit_opt3_12,,,,,,,,,,,,,,,12.0,6.0,256,4.850000000000002e-06,0.9652622210622963,2.3499999999999995e-06,0.2691416789634994,,,,,,,
10,oa_nativegates_ibm_qiskit_opt3_12,,,,,,,,,,,,,,,,,,,,,,4.0,2.0,256,6.900000000000003e-06,0.973018028055379,4.850000000000002e-06,0.6914176502813882
5,oa_nativegates_ibm_qiskit_opt3_12,8.0,4.0,16384.0,4.850000000000002e-06,0.9642967109569542,4.850000000000002e-06,0.21334922291844083,,,,,,,,,,,,,,,,,,,,,
5,oa_nativegates_ibm_qiskit_opt3_12,,,,,,,,12.0,6.0,64,4.850000000000002e-06,0.965262207249346,2.3499999999999995e-06,0.27192677416920386,,,,,,,,,,,,,,
10,oa_nativegates_ibm_qiskit_opt3_12,4.0,2.0,256.0,6.9500000000000055e-06,0.9730179957045121,5.900000000000003e-06,0.5494604316546761,,,,,,,,,,,,,,,,,,,,,
10,oa_nativegates_ibm_qiskit_opt3_12,,,,,,,,,,,,,,,4.0,2.0,256,6.900000000000003e-06,0.973018028055379,4.850000000000002e-06,0.6914176502813882,,,,,,,
10,vqe_nativegates_ibm_qiskit_opt3_16,,,,,,,,2.0,2.0,32,5.600000000000003e-06,0.9745584119573619,4.600000000000001e-06,0.5219671972049685,,,,,,,,,,,,,,
5,vqe_nativegates_ibm_qiskit_opt3_16,8.0,5.0,288.0,2.9999999999999992e-06,0.968725959681537,2.5999999999999992e-06,0.3465846153846155,,,,,,,,,,,,,,,,,,,,,
5,vqe_nativegates_ibm_qiskit_opt3_16,,,,,,,,8.0,5.0,256,3.099999999999999e-06,0.9687259600694154,2.3999999999999995e-06,0.3523807277419354,,,,,,,,,,,,,,
5,vqe_nativegates_ibm_qiskit_opt3_16,,,,,,,,,,,,,,,,,,,,,,8.0,5.0,256,3.099999999999999e-06,0.9687259600694154,2.3999999999999995e-06,0.3523807277419354
5,vqe_nativegates_ibm_qiskit_opt3_16,,,,,,,,,,,,,,,8.0,5.0,256,3.099999999999999e-06,0.9687259600694154,2.3999999999999995e-06,0.3523807277419354,,,,,,,
10,vqe_nativegates_ibm_qiskit_opt3_16,,,,,,,,,,,,,,,,,,,,,,2.0,2.0,32,5.600000000000003e-06,0.9745584119573619,4.600000000000001e-06,0.5219671972049685
10,vqe_nativegates_ibm_qiskit_opt3_16,2.0,2.0,32.0,5.100000000000003e-06,0.9745584072771418,5.100000000000001e-06,0.5193491582060078,,,,,,,,,,,,,,,,,,,,,
10,vqe_nativegates_ibm_qiskit_opt3_16,,,,,,,,,,,,,,,2.0,2.0,32,5.600000000000003e-06,0.9745584119573619,4.600000000000001e-06,0.5219671972049685,,,,,,,
31,ghz_indep_qiskit_35,,,,,,,,,,,,,,,1.0,2.0,8,1.5050000000000005e-05,0.9580755200716344,2e-06,0.3736684171042761,,,,,,,
16,ghz_indep_qiskit_35,,,,,,,,2.0,3.0,24,7.550000000000001e-06,0.9571174541246514,2e-06,0.22262520695364227,,,,,,,,,,,,,,
21,ghz_indep_qiskit_35,,,,,,,,,,,,,,,1.0,2.0,8,1.0050000000000002e-05,0.9580755200716342,7.000000000000002e-06,0.31159282950327716,,,,,,,
27,ghz_indep_qiskit_35,,,,,,,,,,,,,,,1.0,2.0,8,1.3050000000000004e-05,0.9580755200716342,4e-06,0.3292732920233984,,,,,,,
26,ghz_indep_qiskit_35,,,,,,,,1.0,2.0,8,1.2550000000000004e-05,0.9580755200716343,4.5e-06,0.3241802022678517,,,,,,,,,,,,,,
11,ghz_indep_qiskit_35,,,,,,,,,,,,,,,,,,,,,,3.0,4.0,40,5.05e-06,0.956160346234043,2e-06,0.14542088506371292
10,ghz_indep_qiskit_35,,,,,,,,3.0,4.0,40,4.55e-06,0.9561603462340428,3.4999999999999995e-06,0.135989010989011,,,,,,,,,,,,,,
11,ghz_indep_qiskit_35,,,,,,,,,,,,,,,3.0,4.0,40,5.05e-06,0.956160346234043,2e-06,0.14542088506371292,,,,,,,
31,ghz_indep_qiskit_35,1.0,2.0,8.0,1.0500000000000003e-05,0.9580755200716343,6.550000000000001e-06,0.3134727867552295,,,,,,,,,,,,,,,,,,,,,
26,ghz_indep_qiskit_35,1.0,2.0,8.0,1.0500000000000003e-05,0.9580755200716343,6.550000000000001e-06,0.3134727867552295,,,,,,,,,,,,,,,,,,,,,
21,ghz_indep_qiskit_35,1.0,2.0,8.0,1.0050000000000002e-05,0.9580755200716342,7.000000000000002e-06,0.31159282950327716,,,,,,,,,,,,,,,,,,,,,
16,ghz_indep_qiskit_35,,,,,,,,,,,,,,,,,,,,,,2.0,3.0,24,7.550000000000001e-06,0.9571174541246514,2e-06,0.22262520695364227
11,ghz_indep_qiskit_35,3.0,4.0,40.0,5e-06,0.9561603462340428,4e-06,0.13591889786448538,,,,,,,,,,,,,,,,,,,,,
16,ghz_indep_qiskit_35,2.0,3.0,24.0,7.000000000000002e-06,0.9571174541246513,5e-06,0.19922128576494008,,,,,,,,,,,,,,,,,,,,,
27,ghz_indep_qiskit_35,,,,,,,,,,,,,,,,,,,,,,1.0,2.0,8,1.3050000000000004e-05,0.9580755200716342,4e-06,0.3292732920233984
10,ghz_indep_qiskit_35,3.0,4.0,40.0,4.5e-06,0.9561603462340428,4e-06,0.1355006858710562,,,,,,,,,,,,,,,,,,,,,
27,ghz_indep_qiskit_35,1.0,2.0,8.0,1.0500000000000003e-05,0.9580755200716343,6.550000000000001e-06,0.3134727867552295,,,,,,,,,,,,,,,,,,,,,
10,ghz_indep_qiskit_35,,,,,,,,,,,,,,,,,,,,,,3.0,4.0,40,4.55e-06,0.9561603462340428,3.4999999999999995e-06,0.135989010989011
21,ghz_indep_qiskit_35,,,,,,,,,,,,,,,,,,,,,,1.0,2.0,8,1.0050000000000002e-05,0.9580755200716342,7.000000000000002e-06,0.31159282950327716
31,ghz_indep_qiskit_35,,,,,,,,,,,,,,,,,,,,,,1.0,2.0,8,1.5050000000000005e-05,0.9580755200716344,2e-06,0.3736684171042761
10,ghz_indep_qiskit_35,,,,,,,,,,,,,,,3.0,4.0,40,4.55e-06,0.9561603462340428,3.4999999999999995e-06,0.135989010989011,,,,,,,
11,ghz_indep_qiskit_35,,,,,,,,3.0,4.0,40,5.05e-06,0.956160346234043,2e-06,0.14542088506371292,,,,,,,,,,,,,,
26,ghz_indep_qiskit_35,,,,,,,,,,,,,,,,,,,,,,1.0,2.0,8,1.2550000000000004e-05,0.9580755200716343,4.5e-06,0.3241802022678517
27,ghz_indep_qiskit_35,,,,,,,,1.0,2.0,8,1.3050000000000004e-05,0.9580755200716342,4e-06,0.3292732920233984,,,,,,,,,,,,,,
26,ghz_indep_qiskit_35,,,,,,,,,,,,,,,1.0,2.0,8,1.2550000000000004e-05,0.9580755200716343,4.5e-06,0.3241802022678517,,,,,,,
21,ghz_indep_qiskit_35,,,,,,,,1.0,2.0,8,1.0050000000000002e-05,0.9580755200716342,7.000000000000002e-06,0.31159282950327716,,,,,,,,,,,,,,
31,ghz_indep_qiskit_35,,,,,,,,1.0,2.0,8,1.5050000000000005e-05,0.9580755200716344,2e-06,0.3736684171042761,,,,,,,,,,,,,,
16,ghz_indep_qiskit_35,,,,,,,,,,,,,,,2.0,3.0,24,7.550000000000001e-06,0.9571174541246514,2e-06,0.22262520695364227,,,,,,,
27,ghz_nativegates_ibm_qiskit_opt3_101,3.0,4.0,40.0,1.3000000000000004e-05,0.8833056415043024,1.2000000000000004e-05,0.08493743714479501,,,,,,,,,,,,,,,,,,,,,
65,ghz_nativegates_ibm_qiskit_opt3_101,,,,,,,,1.0,2.0,8,3.214999999999996e-05,0.885074888536841,1.7999999999999997e-05,0.27281324870749474,,,,,,,,,,,,,,
48,ghz_nativegates_ibm_qiskit_opt3_101,,,,,,,,2.0,3.0,24,2.3649999999999982e-05,0.8841898224919709,2.9999999999999997e-06,0.17540372055270328,,,,,,,,,,,,,,
98,ghz_nativegates_ibm_qiskit_opt3_101,,,,,,,,,,,,,,,1.0,2.0,8,4.8649999999999915e-05,0.8850748885368412,1.5e-06,0.38378568282400344,,,,,,,
68,ghz_nativegates_ibm_qiskit_opt3_101,,,,,,,,1.0,2.0,8,3.364999999999996e-05,0.885074888536841,1.65e-05,0.27363661136161505,,,,,,,,,,,,,,
58,ghz_nativegates_ibm_qiskit_opt3_101,1.0,2.0,8.0,2.8649999999999968e-05,0.885074888536841,2.1499999999999987e-05,0.2716973854814624,,,,,,,,,,,,,,,,,,,,,
50,ghz_nativegates_ibm_qiskit_opt3_101,,,,,,,,,,,,,,,,,,,,,,2.0,3.0,24,2.464999999999998e-05,0.8841898224919709,1e-06,0.22659905341446945
38,ghz_nativegates_ibm_qiskit_opt3_101,,,,,,,,,,,,,,,,,,,,,,2.0,3.0,24,1.8649999999999996e-05,0.8841898224919708,1.3000000000000004e-05,0.14984056412765773
63,ghz_nativegates_ibm_qiskit_opt3_101,,,,,,,,1.0,2.0,8,3.1149999999999964e-05,0.885074888536841,1.8999999999999994e-05,0.2723894321005078,,,,,,,,,,,,,,
83,ghz_nativegates_ibm_qiskit_opt3_101,1.0,2.0,8.0,3.149999999999996e-05,0.8850748885368408,1.8649999999999996e-05,0.27334600324537917,,,,,,,,,,,,,,,,,,,,,
33,ghz_nativegates_ibm_qiskit_opt3_101,,,,,,,,,,,,,,,,,,,,,,3.0,4.0,40,1.6150000000000003e-05,0.8833056415043028,2e-06,0.10525153840342036
93,ghz_nativegates_ibm_qiskit_opt3_101,,,,,,,,,,,,,,,1.0,2.0,8,4.614999999999992e-05,0.8850748885368411,4e-06,0.31309842327561554,,,,,,,
78,ghz_nativegates_ibm_qiskit_opt3_101,1.0,2.0,8.0,3.149999999999996e-05,0.8850748885368408,1.8649999999999996e-05,0.27334600324537917,,,,,,,,,,,,,,,,,,,,,
43,ghz_nativegates_ibm_qiskit_opt3_101,,,,,,,,2.0,3.0,24,2.114999999999999e-05,0.8841898224919708,8.000000000000001e-06,0.1539926869105583,,,,,,,,,,,,,,
50,ghz_nativegates_ibm_qiskit_opt3_101,2.0,3.0,24.0,1.9499999999999993e-05,0.884189822491971,1.2650000000000004e-05,0.1505007477833566,,,,,,,,,,,,,,,,,,,,,
53,ghz_nativegates_ibm_qiskit_opt3_101,,,,,,,,,,,,,,,1.0,2.0,8,2.6149999999999975e-05,0.885074888536841,2.399999999999998e-05,0.2714593467532404,,,,,,,
38,ghz_nativegates_ibm_qiskit_opt3_101,,,,,,,,,,,,,,,2.0,3.0,24,1.8649999999999996e-05,0.8841898224919708,1.3000000000000004e-05,0.14984056412765773,,,,,,,
43,ghz_nativegates_ibm_qiskit_opt3_101,2.0,3.0,24.0,1.9499999999999993e-05,0.8841898224919709,1.4500000000000005e-05,0.14970635144009767,,,,,,,,,,,,,,,,,,,,,
83,ghz_nativegates_ibm_qiskit_opt3_101,,,,,,,,1.0,2.0,8,4.1149999999999936e-05,0.8850748885368411,9.000000000000002e-06,0.2839569572014478,,,,,,,,,,,,,,
65,ghz_nativegates_ibm_qiskit_opt3_101,1.0,2.0,8.0,3.199999999999996e-05,0.8850748885368408,1.8149999999999997e-05,0.2736361918180103,,,,,,,,,,,,,,,,,,,,,
27,ghz_nativegates_ibm_qiskit_opt3_101,,,,,,,,,,,,,,,3.0,4.0,40,1.3150000000000005e-05,0.8833056415043026,1.1000000000000003e-05,0.08500503668381065,,,,,,,
73,ghz_nativegates_ibm_qiskit_opt3_101,,,,,,,,,,,,,,,1.0,2.0,8,3.614999999999995e-05,0.885074888536841,1.4000000000000005e-05,0.2756415659049349,,,,,,,
98,ghz_nativegates_ibm_qiskit_opt3_101,1.0,2.0,8.0,3.149999999999996e-05,0.8850748885368408,1.8649999999999996e-05,0.27334600324537917,,,,,,,,,,,,,,,,,,,,,
78,ghz_nativegates_ibm_qiskit_opt3_101,,,,,,,,,,,,,,,1.0,2.0,8,3.864999999999994e-05,0.8850748885368411,1.1500000000000003e-05,0.27880192611757965,,,,,,,
63,ghz_nativegates_ibm_qiskit_opt3_101,1.0,2.0,8.0,3.1149999999999964e-05,0.885074888536841,1.8999999999999994e-05,0.2723894321005078,,,,,,,,,,,,,,,,,,,,,
88,ghz_nativegates_ibm_qiskit_opt3_101,,,,,,,,1.0,2.0,8,4.364999999999993e-05,0.8850748885368411,6.500000000000001e-06,0.29316731378587063,,,,,,,,,,,,,,
38,ghz_nativegates_ibm_qiskit_opt3_101,2.0,3.0,24.0,1.7999999999999997e-05,0.884189822491971,1.5150000000000006e-05,0.14956198384815447,,,,,,,,,,,,,,,,,,,,,
33,ghz_nativegates_ibm_qiskit_opt3_101,,,,,,,,,,,,,,,3.0,4.0,40,1.6150000000000003e-05,0.8833056415043028,2e-06,0.10525153840342036,,,,,,,
50,ghz_nativegates_ibm_qiskit_opt3_101,,,,,,,,2.0,3.0,24,2.464999999999998e-05,0.8841898224919709,1e-06,0.22659905341446945,,,,,,,,,,,,,,
58,ghz_nativegates_ibm_qiskit_opt3_101,,,,,,,,,,,,,,,1.0,2.0,8,2.8649999999999968e-05,0.885074888536841,2.1499999999999987e-05,0.2716973854814624,,,,,,,
27,ghz_nativegates_ibm_qiskit_opt3_101,,,,,,,,,,,,,,,,,,,,,,3.0,4.0,40,1.3150000000000005e-05,0.8833056415043026,1.1000000000000003e-05,0.08500503668381065
53,ghz_nativegates_ibm_qiskit_opt3_101,,,,,,,,,,,,,,,,,,,,,,1.0,2.0,8,2.6149999999999975e-05,0.885074888536841,2.399999999999998e-05,0.2714593467532404
88,ghz_nativegates_ibm_qiskit_opt3_101,,,,,,,,,,,,,,,1.0,2.0,8,4.364999999999993e-05,0.8850748885368411,6.500000000000001e-06,0.29316731378587063,,,,,,,
53,ghz_nativegates_ibm_qiskit_opt3_101,1.0,2.0,8.0,2.5999999999999975e-05,0.8850748885368409,2.414999999999998e-05,0.27156872358693906,,,,,,,,,,,,,,,,,,,,,
33,ghz_nativegates_ibm_qiskit_opt3_101,,,,,,,,3.0,4.0,40,1.6150000000000003e-05,0.8833056415043028,2e-06,0.10525153840342036,,,,,,,,,,,,,,
58,ghz_nativegates_ibm_qiskit_opt3_101,,,,,,,,1.0,2.0,8,2.8649999999999968e-05,0.885074888536841,2.1499999999999987e-05,0.2716973854814624,,,,,,,,,,,,,,
50,ghz_nativegates_ibm_qiskit_opt3_101,,,,,,,,,,,,,,,2.0,3.0,24,2.464999999999998e-05,0.8841898224919709,1e-06,0.22659905341446945,,,,,,,
78,ghz_nativegates_ibm_qiskit_opt3_101,,,,,,,,1.0,2.0,8,3.864999999999994e-05,0.8850748885368411,1.1500000000000003e-05,0.27880192611757965,,,,,,,,,,,,,,
58,ghz_nativegates_ibm_qiskit_opt3_101,,,,,,,,,,,,,,,,,,,,,,1.0,2.0,8,2.8649999999999968e-05,0.885074888536841,2.1499999999999987e-05,0.2716973854814624
65,ghz_nativegates_ibm_qiskit_opt3_101,,,,,,,,,,,,,,,,,,,,,,1.0,2.0,8,3.214999999999996e-05,0.885074888536841,1.7999999999999997e-05,0.27281324870749474
27,ghz_nativegates_ibm_qiskit_opt3_101,,,,,,,,3.0,4.0,40,1.3150000000000005e-05,0.8833056415043026,1.1000000000000003e-05,0.08500503668381065,,,,,,,,,,,,,,
88,ghz_nativegates_ibm_qiskit_opt3_101,1.0,2.0,8.0,3.149999999999996e-05,0.8850748885368408,1.8649999999999996e-05,0.27334600324537917,,,,,,,,,,,,,,,,,,,,,
73,ghz_nativegates_ibm_qiskit_opt3_101,,,,,,,,1.0,2.0,8,3.614999999999995e-05,0.885074888536841,1.4000000000000005e-05,0.2756415659049349,,,,,,,,,,,,,,
73,ghz_nativegates_ibm_qiskit_opt3_101,1.0,2.0,8.0,3.149999999999996e-05,0.8850748885368408,1.8649999999999996e-05,0.27334600324537917,,,,,,,,,,,,,,,,,,,,,
48,ghz_nativegates_ibm_qiskit_opt3_101,,,,,,,,,,,,,,,,,,,,,,2.0,3.0,24,2.3649999999999982e-05,0.8841898224919709,2.9999999999999997e-06,0.17540372055270328
53,ghz_nativegates_ibm_qiskit_opt3_101,,,,,,,,1.0,2.0,8,2.6149999999999975e-05,0.885074888536841,2.399999999999998e-05,0.2714593467532404,,,,,,,,,,,,,,
43,ghz_nativegates_ibm_qiskit_opt3_101,,,,,,,,,,,,,,,,,,,,,,2.0,3.0,24,2.114999999999999e-05,0.8841898224919708,8.000000000000001e-06,0.1539926869105583
38,ghz_nativegates_ibm_qiskit_opt3_101,,,,,,,,2.0,3.0,24,1.8649999999999996e-05,0.8841898224919708,1.3000000000000004e-05,0.14984056412765773,,,,,,,,,,,,,,
83,ghz_nativegates_ibm_qiskit_opt3_101,,,,,,,,,,,,,,,1.0,2.0,8,4.1149999999999936e-05,0.8850748885368411,9.000000000000002e-06,0.2839569572014478,,,,,,,
68,ghz_nativegates_ibm_qiskit_opt3_101,,,,,,,,,,,,,,,,,,,,,,1.0,2.0,8,3.364999999999996e-05,0.885074888536841,1.65e-05,0.27363661136161505
93,ghz_nativegates_ibm_qiskit_opt3_101,,,,,,,,1.0,2.0,8,4.614999999999992e-05,0.8850748885368411,4e-06,0.31309842327561554,,,,,,,,,,,,,,
88,ghz_nativegates_ibm_qiskit_opt3_101,,,,,,,,,,,,,,,,,,,,,,1.0,2.0,8,4.364999999999993e-05,0.8850748885368411,6.500000000000001e-06,0.29316731378587063
43,ghz_nativegates_ibm_qiskit_opt3_101,,,,,,,,,,,,,,,2.0,3.0,24,2.114999999999999e-05,0.8841898224919708,8.000000000000001e-06,0.1539926869105583,,,,,,,
83,ghz_nativegates_ibm_qiskit_opt3_101,,,,,,,,,,,,,,,,,,,,,,1.0,2.0,8,4.1149999999999936e-05,0.8850748885368411,9.000000000000002e-06,0.2839569572014478
63,ghz_nativegates_ibm_qiskit_opt3_101,,,,,,,,,,,,,,,,,,,,,,1.0,2.0,8,3.1149999999999964e-05,0.885074888536841,1.8999999999999994e-05,0.2723894321005078
48,ghz_nativegates_ibm_qiskit_opt3_101,2.0,3.0,24.0,1.9499999999999993e-05,0.884189822491971,1.2650000000000004e-05,0.1505007477833566,,,,,,,,,,,,,,,,,,,,,
63,ghz_nativegates_ibm_qiskit_opt3_101,,,,,,,,,,,,,,,1.0,2.0,8,3.1149999999999964e-05,0.885074888536841,1.8999999999999994e-05,0.2723894321005078,,,,,,,
68,ghz_nativegates_ibm_qiskit_opt3_101,,,,,,,,,,,,,,,1.0,2.0,8,3.364999999999996e-05,0.885074888536841,1.65e-05,0.27363661136161505,,,,,,,
33,ghz_nativegates_ibm_qiskit_opt3_101,3.0,4.0,40.0,1.4500000000000005e-05,0.8833056415043025,1.0650000000000003e-05,0.08540637765989874,,,,,,,,,,,,,,,,,,,,,
93,ghz_nativegates_ibm_qiskit_opt3_101,,,,,,,,,,,,,,,,,,,,,,1.0,2.0,8,4.614999999999992e-05,0.8850748885368411,4e-06,0.31309842327561554
73,ghz_nativegates_ibm_qiskit_opt3_101,,,,,,,,,,,,,,,,,,,,,,1.0,2.0,8,3.614999999999995e-05,0.885074888536841,1.4000000000000005e-05,0.2756415659049349
48,ghz_nativegates_ibm_qiskit_opt3_101,,,,,,,,,,,,,,,2.0,3.0,24,2.3649999999999982e-05,0.8841898224919709,2.9999999999999997e-06,0.17540372055270328,,,,,,,
78,ghz_nativegates_ibm_qiskit_opt3_101,,,,,,,,,,,,,,,,,,,,,,1.0,2.0,8,3.864999999999994e-05,0.8850748885368411,1.1500000000000003e-05,0.27880192611757965
65,ghz_nativegates_ibm_qiskit_opt3_101,,,,,,,,,,,,,,,1.0,2.0,8,3.214999999999996e-05,0.885074888536841,1.7999999999999997e-05,0.27281324870749474,,,,,,,
93,ghz_nativegates_ibm_qiskit_opt3_101,1.0,2.0,8.0,3.149999999999996e-05,0.8850748885368408,1.8649999999999996e-05,0.27334600324537917,,,,,,,,,,,,,,,,,,,,,
98,ghz_nativegates_ibm_qiskit_opt3_101,,,,,,,,1.0,2.0,8,4.8649999999999915e-05,0.8850748885368412,1.5e-06,0.38378568282400344,,,,,,,,,,,,,,
98,ghz_nativegates_ibm_qiskit_opt3_101,,,,,,,,,,,,,,,,,,,,,,1.0,2.0,8,4.8649999999999915e-05,0.8850748885368412,1.5e-06,0.38378568282400344
68,ghz_nativegates_ibm_qiskit_opt3_101,1.0,2.0,8.0,3.149999999999996e-05,0.8850748885368408,1.8649999999999996e-05,0.27334600324537917,,,,,,,,,,,,,,,,,,,,,
5,gan_indep_qiskit_12,,,,,,,,,,,,,,,39.0,11.0,1024,3.5499999999999995e-06,0.9375665334299091,5.5e-07,0.0938983611462321,,,,,,,
10,gan_indep_qiskit_12,,,,,,,,12.0,3.0,1048576,8.550000000000001e-06,0.9632357164097505,2.05e-06,0.44032204052017615,,,,,,,,,,,,,,
10,gan_indep_qiskit_12,14.0,3.0,1048576.0,6.0500000000000005e-06,0.9613113745753327,3.5999999999999994e-06,0.3772073230050276,,,,,,,,,,,,,,,,,,,,,
10,gan_indep_qiskit_12,,,,,,,,,,,,,,,,,,,,,,12.0,3.0,1048576,8.550000000000001e-06,0.9632357164097505,2.05e-06,0.44032204052017615
10,gan_indep_qiskit_12,,,,,,,,,,,,,,,12.0,3.0,1048576,8.550000000000001e-06,0.9632357164097505,2.05e-06,0.44032204052017615,,,,,,,
5,gan_indep_qiskit_12,,,,,,,,45.0,12.0,1024,3.5499999999999995e-06,0.931955272212988,1.5e-06,0.04469185001306571,,,,,,,,,,,,,,
5,gan_indep_qiskit_12,,,,,,,,,,,,,,,,,,,,,,39.0,11.0,1024,3.5499999999999995e-06,0.9375665334299091,5.5e-07,0.0938983611462321
16,dj_indep_qiskit_30,,,,,,,,1.0,2.0,8,7.600000000000002e-06,0.9632831885832577,7.1000000000000015e-06,0.32497818600197664,,,,,,,,,,,,,,
5,dj_indep_qiskit_30,,,,,,,,7.0,8.0,52,2.1e-06,0.9575194063917636,6e-07,0.08675318138316147,,,,,,,,,,,,,,
27,dj_indep_qiskit_30,,,,,,,,1.0,2.0,8,1.3100000000000003e-05,0.9632819027141729,1.6e-06,0.4095444144048628,,,,,,,,,,,,,,
10,dj_indep_qiskit_30,,,,,,,,3.0,4.0,40,4.6e-06,0.9613584289119459,1.1e-06,0.18693503153167024,,,,,,,,,,,,,,
5,dj_indep_qiskit_30,,,,,,,,,,,,,,,,,,,,,,7.0,8.0,52,2.1e-06,0.9575194063917636,6e-07,0.08675318138316147
5,dj_indep_qiskit_30,7.0,8.0,52.0,2.1e-06,0.9575194351326731,1.6e-06,0.07825645350081153,,,,,,,,,,,,,,,,,,,,,
16,dj_indep_qiskit_30,1.0,2.0,8.0,7.600000000000002e-06,0.9632831885832577,7.1000000000000015e-06,0.32497818600197664,,,,,,,,,,,,,,,,,,,,,
16,dj_indep_qiskit_30,,,,,,,,,,,,,,,,,,,,,,1.0,2.0,8,7.600000000000002e-06,0.9632831885832577,7.1000000000000015e-06,0.32497818600197664
27,dj_indep_qiskit_30,,,,,,,,,,,,,,,,,,,,,,1.0,2.0,8,1.3100000000000003e-05,0.9632819027141729,1.6e-06,0.4095444144048628
10,dj_indep_qiskit_30,,,,,,,,,,,,,,,3.0,4.0,40,4.6e-06,0.9613584289119459,1.1e-06,0.18693503153167024,,,,,,,
5,dj_indep_qiskit_30,,,,,,,,,,,,,,,7.0,8.0,52,2.1e-06,0.9575194063917636,6e-07,0.08675318138316147,,,,,,,
27,dj_indep_qiskit_30,,,,,,,,,,,,,,,1.0,2.0,8,1.3100000000000003e-05,0.9632819027141729,1.6e-06,0.4095444144048628,,,,,,,
27,dj_indep_qiskit_30,1.0,2.0,8.0,9.100000000000001e-06,0.9632830697538832,5.600000000000001e-06,0.32879911833154307,,,,,,,,,,,,,,,,,,,,,
10,dj_indep_qiskit_30,3.0,4.0,40.0,4.6e-06,0.961358576171588,3.0999999999999995e-06,0.1599842504135608,,,,,,,,,,,,,,,,,,,,,
10,dj_indep_qiskit_30,,,,,,,,,,,,,,,,,,,,,,3.0,4.0,40,4.6e-06,0.9613584289119459,1.1e-06,0.18693503153167024
16,dj_indep_qiskit_30,,,,,,,,,,,,,,,1.0,2.0,8,7.600000000000002e-06,0.9632831885832577,7.1000000000000015e-06,0.32497818600197664,,,,,,,
10,dj_indep_qiskit_39,,,,,,,,,,,,,,,,,,,,,,4.0,5.0,52,4.6e-06,0.9499048683321399,1.1e-06,0.11358335068065614
16,dj_indep_qiskit_39,2.0,3.0,24.0,7.600000000000002e-06,0.9518067022689765,4.6e-06,0.19745957171207057,,,,,,,,,,,,,,,,,,,,,
27,dj_indep_qiskit_39,,,,,,,,,,,,,,,,,,,,,,1.0,2.0,8,1.3100000000000003e-05,0.9527579266254964,6.100000000000001e-06,0.3151938915610545
10,dj_indep_qiskit_39,,,,,,,,,,,,,,,4.0,5.0,52,4.6e-06,0.9499048683321399,1.1e-06,0.11358335068065614,,,,,,,
27,dj_indep_qiskit_39,,,,,,,,,,,,,,,1.0,2.0,8,1.3100000000000003e-05,0.9527579266254964,6.100000000000001e-06,0.3151938915610545,,,,,,,
16,dj_indep_qiskit_39,,,,,,,,,,,,,,,2.0,3.0,24,7.600000000000002e-06,0.951806639304366,4.1e-06,0.19967332695392256,,,,,,,
16,dj_indep_qiskit_39,,,,,,,,,,,,,,,,,,,,,,2.0,3.0,24,7.600000000000002e-06,0.951806639304366,4.1e-06,0.19967332695392256
27,dj_indep_qiskit_39,1.0,2.0,8.0,1.1600000000000002e-05,0.9527582527574909,7.600000000000002e-06,0.3097245804266864,,,,,,,,,,,,,,,,,,,,,
10,dj_indep_qiskit_39,4.0,5.0,40.0,4.6e-06,0.9499050404738419,3.5999999999999994e-06,0.095740339215398,,,,,,,,,,,,,,,,,,,,,
16,dj_indep_qiskit_39,,,,,,,,2.0,3.0,24,7.600000000000002e-06,0.951806639304366,4.1e-06,0.19967332695392256,,,,,,,,,,,,,,
27,dj_indep_qiskit_39,,,,,,,,1.0,2.0,8,1.3100000000000003e-05,0.9527579266254964,6.100000000000001e-06,0.3151938915610545,,,,,,,,,,,,,,
10,dj_indep_qiskit_39,,,,,,,,4.0,5.0,52,4.6e-06,0.9499048683321399,1.1e-06,0.11358335068065614,,,,,,,,,,,,,,
66,ghz_indep_qiskit_94,,,,,,,,,,,,,,,1.0,2.0,8,3.254999999999996e-05,0.8925619348156847,1.4000000000000005e-05,0.27573767228939655,,,,,,,
86,ghz_indep_qiskit_94,,,,,,,,,,,,,,,1.0,2.0,8,4.254999999999993e-05,0.8925619348156848,4e-06,0.313012203305429,,,,,,,
81,ghz_indep_qiskit_94,1.0,2.0,8.0,2.9499999999999965e-05,0.8925619348156846,1.705e-05,0.273809523809524,,,,,,,,,,,,,,,,,,,,,
66,ghz_indep_qiskit_94,,,,,,,,,,,,,,,,,,,,,,1.0,2.0,8,3.254999999999996e-05,0.8925619348156847,1.4000000000000005e-05,0.27573767228939655
27,ghz_indep_qiskit_94,,,,,,,,,,,,,,,,,,,,,,3.0,4.0,40,1.3050000000000004e-05,0.8907777213271063,7.500000000000002e-06,0.08741124955545389
86,ghz_indep_qiskit_94,1.0,2.0,8.0,2.9499999999999965e-05,0.8925619348156846,1.705e-05,0.273809523809524,,,,,,,,,,,,,,,,,,,,,
91,ghz_indep_qiskit_94,1.0,2.0,8.0,2.9499999999999965e-05,0.8925619348156846,1.705e-05,0.273809523809524,,,,,,,,,,,,,,,,,,,,,
41,ghz_indep_qiskit_94,,,,,,,,2.0,3.0,24,2.0049999999999993e-05,0.891669381799346,6.500000000000001e-06,0.1574897633116157,,,,,,,,,,,,,,
51,ghz_indep_qiskit_94,,,,,,,,1.0,2.0,8,2.504999999999998e-05,0.8925619348156847,2.1499999999999987e-05,0.27211441644340584,,,,,,,,,,,,,,
76,ghz_indep_qiskit_94,,,,,,,,,,,,,,,,,,,,,,1.0,2.0,8,3.7549999999999944e-05,0.8925619348156848,9.000000000000002e-06,0.28394550571537136
50,ghz_indep_qiskit_94,,,,,,,,,,,,,,,1.0,2.0,8,2.454999999999998e-05,0.8925619348156847,2.1999999999999986e-05,0.2720660782982578,,,,,,,
65,ghz_indep_qiskit_94,,,,,,,,,,,,,,,1.0,2.0,8,3.204999999999996e-05,0.8925619348156847,1.4500000000000005e-05,0.2752750110004402,,,,,,,
76,ghz_indep_qiskit_94,,,,,,,,,,,,,,,1.0,2.0,8,3.7549999999999944e-05,0.8925619348156848,9.000000000000002e-06,0.28394550571537136,,,,,,,
56,ghz_indep_qiskit_94,,,,,,,,,,,,,,,1.0,2.0,8,2.7549999999999972e-05,0.8925619348156847,1.8999999999999994e-05,0.27266691263968973,,,,,,,
16,ghz_indep_qiskit_94,,,,,,,,,,,,,,,,,,,,,,6.0,7.0,52,7.550000000000001e-06,0.8881080862540823,1.5e-06,0.02387963403139677
81,ghz_indep_qiskit_94,,,,,,,,,,,,,,,,,,,,,,1.0,2.0,8,4.004999999999994e-05,0.8925619348156848,6.500000000000001e-06,0.2931168490885514
91,ghz_indep_qiskit_94,,,,,,,,1.0,2.0,8,4.504999999999992e-05,0.8925619348156849,1.5e-06,0.3836488151138543,,,,,,,,,,,,,,
71,ghz_indep_qiskit_94,,,,,,,,1.0,2.0,8,3.504999999999995e-05,0.8925619348156848,1.1500000000000003e-05,0.27883791096555577,,,,,,,,,,,,,,
81,ghz_indep_qiskit_94,,,,,,,,1.0,2.0,8,4.004999999999994e-05,0.8925619348156848,6.500000000000001e-06,0.2931168490885514,,,,,,,,,,,,,,
61,ghz_indep_qiskit_94,,,,,,,,1.0,2.0,8,3.0049999999999965e-05,0.8925619348156847,1.65e-05,0.2738107654070605,,,,,,,,,,,,,,
91,ghz_indep_qiskit_94,,,,,,,,,,,,,,,,,,,,,,1.0,2.0,8,4.504999999999992e-05,0.8925619348156849,1.5e-06,0.3836488151138543
46,ghz_indep_qiskit_94,,,,,,,,,,,,,,,2.0,3.0,24,2.2549999999999986e-05,0.8916693817993463,1.5e-06,0.2045737470607223,,,,,,,
65,ghz_indep_qiskit_94,1.0,2.0,8.0,2.9499999999999965e-05,0.8925619348156846,1.705e-05,0.273809523809524,,,,,,,,,,,,,,,,,,,,,
31,ghz_indep_qiskit_94,,,,,,,,3.0,4.0,40,1.5050000000000005e-05,0.8907777213271064,1.5e-06,0.1134211683030762,,,,,,,,,,,,,,
16,ghz_indep_qiskit_94,,,,,,,,,,,,,,,6.0,7.0,52,7.550000000000001e-06,0.8881080862540823,1.5e-06,0.02387963403139677,,,,,,,
50,ghz_indep_qiskit_94,,,,,,,,,,,,,,,,,,,,,,1.0,2.0,8,2.454999999999998e-05,0.8925619348156847,2.1999999999999986e-05,0.2720660782982578
86,ghz_indep_qiskit_94,,,,,,,,,,,,,,,,,,,,,,1.0,2.0,8,4.254999999999993e-05,0.8925619348156848,4e-06,0.313012203305429
36,ghz_indep_qiskit_94,,,,,,,,,,,,,,,2.0,3.0,24,1.755e-05,0.891669381799346,1.1500000000000003e-05,0.1512655273586344,,,,,,,
71,ghz_indep_qiskit_94,,,,,,,,,,,,,,,,,,,,,,1.0,2.0,8,3.504999999999995e-05,0.8925619348156848,1.1500000000000003e-05,0.27883791096555577
65,ghz_indep_qiskit_94,,,,,,,,,,,,,,,,,,,,,,1.0,2.0,8,3.204999999999996e-05,0.8925619348156847,1.4500000000000005e-05,0.2752750110004402
61,ghz_indep_qiskit_94,,,,,,,,,,,,,,,,,,,,,,1.0,2.0,8,3.0049999999999965e-05,0.8925619348156847,1.65e-05,0.2738107654070605
27,ghz_indep_qiskit_94,,,,,,,,3.0,4.0,40,1.3050000000000004e-05,0.8907777213271063,7.500000000000002e-06,0.08741124955545389,,,,,,,,,,,,,,
41,ghz_indep_qiskit_94,2.0,3.0,24.0,1.8049999999999998e-05,0.891669381799346,1.1000000000000003e-05,0.1515459967977131,,,,,,,,,,,,,,,,,,,,,
56,ghz_indep_qiskit_94,1.0,2.0,8.0,2.749999999999997e-05,0.8925619348156847,1.9049999999999995e-05,0.27285171084383714,,,,,,,,,,,,,,,,,,,,,
46,ghz_indep_qiskit_94,2.0,3.0,24.0,1.8049999999999998e-05,0.891669381799346,1.1000000000000003e-05,0.1515459967977131,,,,,,,,,,,,,,,,,,,,,
51,ghz_indep_qiskit_94,1.0,2.0,8.0,2.4999999999999977e-05,0.8925619348156846,2.154999999999999e-05,0.272188584355911,,,,,,,,,,,,,,,,,,,,,
61,ghz_indep_qiskit_94,1.0,2.0,8.0,2.9999999999999963e-05,0.8925619348156846,1.6550000000000002e-05,0.2741189289345575,,,,,,,,,,,,,,,,,,,,,
76,ghz_indep_qiskit_94,1.0,2.0,8.0,2.9499999999999965e-05,0.8925619348156846,1.705e-05,0.273809523809524,,,,,,,,,,,,,,,,,,,,,
46,ghz_indep_qiskit_94,,,,,,,,,,,,,,,,,,,,,,2.0,3.0,24,2.2549999999999986e-05,0.8916693817993463,1.5e-06,0.2045737470607223
66,ghz_indep_qiskit_94,1.0,2.0,8.0,2.9499999999999965e-05,0.8925619348156846,1.705e-05,0.273809523809524,,,,,,,,,,,,,,,,,,,,,
71,ghz_indep_qiskit_94,1.0,2.0,8.0,2.9499999999999965e-05,0.8925619348156846,1.705e-05,0.273809523809524,,,,,,,,,,,,,,,,,,,,,
27,ghz_indep_qiskit_94,,,,,,,,,,,,,,,3.0,4.0,40,1.3050000000000004e-05,0.8907777213271063,7.500000000000002e-06,0.08741124955545389,,,,,,,
56,ghz_indep_qiskit_94,,,,,,,,,,,,,,,,,,,,,,1.0,2.0,8,2.7549999999999972e-05,0.8925619348156847,1.8999999999999994e-05,0.27266691263968973
36,ghz_indep_qiskit_94,,,,,,,,2.0,3.0,24,1.755e-05,0.891669381799346,1.1500000000000003e-05,0.1512655273586344,,,,,,,,,,,,,,
16,ghz_indep_qiskit_94,6.0,7.0,40.0,7.500000000000002e-06,0.8881080862540822,5e-06,0.020063803471390307,,,,,,,,,,,,,,,,,,,,,
31,ghz_indep_qiskit_94,3.0,4.0,40.0,1.4500000000000005e-05,0.8907777213271059,9.050000000000001e-06,0.08686337544290436,,,,,,,,,,,,,,,,,,,,,
36,ghz_indep_qiskit_94,2.0,3.0,24.0,1.755e-05,0.8916693817993459,1.2500000000000004e-05,0.15083600830207167,,,,,,,,,,,,,,,,,,,,,
36,ghz_indep_qiskit_94,,,,,,,,,,,,,,,,,,,,,,2.0,3.0,24,1.755e-05,0.891669381799346,1.1500000000000003e-05,0.1512655273586344
31,ghz_indep_qiskit_94,,,,,,,,,,,,,,,3.0,4.0,40,1.5050000000000005e-05,0.8907777213271064,1.5e-06,0.1134211683030762,,,,,,,
16,ghz_indep_qiskit_94,,,,,,,,6.0,7.0,52,7.550000000000001e-06,0.8881080862540823,1.5e-06,0.02387963403139677,,,,,,,,,,,,,,
50,ghz_indep_qiskit_94,1.0,2.0,8.0,2.449999999999998e-05,0.8925619348156846,2.2049999999999987e-05,0.2721189216427315,,,,,,,,,,,,,,,,,,,,,
27,ghz_indep_qiskit_94,3.0,4.0,40.0,1.3050000000000004e-05,0.8907777213271063,9.000000000000002e-06,0.08661804402409773,,,,,,,,,,,,,,,,,,,,,
61,ghz_indep_qiskit_94,,,,,,,,,,,,,,,1.0,2.0,8,3.0049999999999965e-05,0.8925619348156847,1.65e-05,0.2738107654070605,,,,,,,
81,ghz_indep_qiskit_94,,,,,,,,,,,,,,,1.0,2.0,8,4.004999999999994e-05,0.8925619348156848,6.500000000000001e-06,0.2931168490885514,,,,,,,
46,ghz_indep_qiskit_94,,,,,,,,2.0,3.0,24,2.2549999999999986e-05,0.8916693817993463,1.5e-06,0.2045737470607223,,,,,,,,,,,,,,
56,ghz_indep_qiskit_94,,,,,,,,1.0,2.0,8,2.7549999999999972e-05,0.8925619348156847,1.8999999999999994e-05,0.27266691263968973,,,,,,,,,,,,,,
31,ghz_indep_qiskit_94,,,,,,,,,,,,,,,,,,,,,,3.0,4.0,40,1.5050000000000005e-05,0.8907777213271064,1.5e-06,0.1134211683030762
71,ghz_indep_qiskit_94,,,,,,,,,,,,,,,1.0,2.0,8,3.504999999999995e-05,0.8925619348156848,1.1500000000000003e-05,0.27883791096555577,,,,,,,
91,ghz_indep_qiskit_94,,,,,,,,,,,,,,,1.0,2.0,8,4.504999999999992e-05,0.8925619348156849,1.5e-06,0.3836488151138543,,,,,,,
51,ghz_indep_qiskit_94,,,,,,,,,,,,,,,1.0,2.0,8,2.504999999999998e-05,0.8925619348156847,2.1499999999999987e-05,0.27211441644340584,,,,,,,
50,ghz_indep_qiskit_94,,,,,,,,1.0,2.0,8,2.454999999999998e-05,0.8925619348156847,2.1999999999999986e-05,0.2720660782982578,,,,,,,,,,,,,,
51,ghz_indep_qiskit_94,,,,,,,,,,,,,,,,,,,,,,1.0,2.0,8,2.504999999999998e-05,0.8925619348156847,2.1499999999999987e-05,0.27211441644340584
65,ghz_indep_qiskit_94,,,,,,,,1.0,2.0,8,3.204999999999996e-05,0.8925619348156847,1.4500000000000005e-05,0.2752750110004402,,,,,,,,,,,,,,
76,ghz_indep_qiskit_94,,,,,,,,1.0,2.0,8,3.7549999999999944e-05,0.8925619348156848,9.000000000000002e-06,0.28394550571537136,,,,,,,,,,,,,,
41,ghz_indep_qiskit_94,,,,,,,,,,,,,,,,,,,,,,2.0,3.0,24,2.0049999999999993e-05,0.891669381799346,6.500000000000001e-06,0.1574897633116157
86,ghz_indep_qiskit_94,,,,,,,,1.0,2.0,8,4.254999999999993e-05,0.8925619348156848,4e-06,0.313012203305429,,,,,,,,,,,,,,
66,ghz_indep_qiskit_94,,,,,,,,1.0,2.0,8,3.254999999999996e-05,0.8925619348156847,1.4000000000000005e-05,0.27573767228939655,,,,,,,,,,,,,,
41,ghz_indep_qiskit_94,,,,,,,,,,,,,,,2.0,3.0,24,2.0049999999999993e-05,0.891669381799346,6.500000000000001e-06,0.1574897633116157,,,,,,,
27,e_nativegates_ibm_qiskit_opt3_47,,,,,,,,61.0,4.0,18014398509481984,8.080000000000001e-05,0.6721704216083901,3.63500000000001e-05,0.16104105465748914,,,,,,,,,,,,,,
16,e_nativegates_ibm_qiskit_opt3_47,,,,,,,,,,,,,,,179.0,15.0,4294967296,3.054999999999999e-05,0.5975150217249182,2.1999999999999997e-06,0.0017177056257348016,,,,,,,
16,e_nativegates_ibm_qiskit_opt3_47,,,,,,,,144.0,13.0,4294967296,3.054999999999999e-05,0.6187707278370363,8.600000000000002e-06,0.005494990950894602,,,,,,,,,,,,,,
27,e_nativegates_ibm_qiskit_opt3_47,,,,,,,,,,,,,,,61.0,4.0,18014398509481984,8.080000000000001e-05,0.6721704216083901,3.63500000000001e-05,0.16104105465748914,,,,,,,
16,e_nativegates_ibm_qiskit_opt3_47,,,,,,,,,,,,,,,,,,,,,,179.0,15.0,4294967296,3.054999999999999e-05,0.5975150217249182,2.1999999999999997e-06,0.0017177056257348016
27,e_nativegates_ibm_qiskit_opt3_47,,,,,,,,,,,,,,,,,,,,,,61.0,4.0,18014398509481984,8.080000000000001e-05,0.6721704216083901,3.63500000000001e-05,0.16104105465748914
16,graphstate_indep_qiskit_93,,,,,,,,9.0,7.0,48,2.5499999999999997e-06,0.8855175647904927,1.0500000000000001e-06,0.053250973841806444,,,,,,,,,,,,,,
50,graphstate_indep_qiskit_93,2.0,2.0,32.0,3.5499999999999995e-06,0.8917409881272038,2.5499999999999997e-06,0.2695449384761728,,,,,,,,,,,,,,,,,,,,,
50,graphstate_indep_qiskit_93,,,,,,,,2.0,2.0,33,3.5499999999999995e-06,0.8917409881272035,2.05e-06,0.2427737154635127,,,,,,,,,,,,,,
65,graphstate_indep_qiskit_93,,,,,,,,2.0,2.0,33,3.5499999999999995e-06,0.8917409881272033,2.5499999999999997e-06,0.2013978593608173,,,,,,,,,,,,,,
65,graphstate_indep_qiskit_93,,,,,,,,,,,,,,,,,,,,,,2.0,2.0,33,3.0499999999999996e-06,0.8917409881272036,2.5499999999999997e-06,0.23250091444152549
27,graphstate_indep_qiskit_93,,,,,,,,,,,,,,,,,,,,,,5.0,4.0,49,3.0499999999999996e-06,0.8890684688394666,2.05e-06,0.09573880838688778
27,graphstate_indep_qiskit_93,,,,,,,,,,,,,,,5.0,4.0,49,3.0499999999999996e-06,0.8890684688394667,2.05e-06,0.09388101596306754,,,,,,,
27,graphstate_indep_qiskit_93,4.0,4.0,48.0,3.5499999999999995e-06,0.8899584174751344,2.05e-06,0.14206577098485584,,,,,,,,,,,,,,,,,,,,,
50,graphstate_indep_qiskit_93,,,,,,,,,,,,,,,,,,,,,,3.0,3.0,49,3.0499999999999996e-06,0.8908492569404763,2.05e-06,0.17477956972503986
65,graphstate_indep_qiskit_93,2.0,2.0,32.0,3.5499999999999995e-06,0.891740988127203,2.5499999999999997e-06,0.27783179497504235,,,,,,,,,,,,,,,,,,,,,
27,graphstate_indep_qiskit_93,,,,,,,,4.0,4.0,49,3.5499999999999995e-06,0.8899584174751345,2.05e-06,0.1106280235793138,,,,,,,,,,,,,,
16,graphstate_indep_qiskit_93,7.0,7.0,48.0,3.5499999999999995e-06,0.8872912404947632,2.05e-06,0.038180742473273716,,,,,,,,,,,,,,,,,,,,,
65,graphstate_indep_qiskit_93,,,,,,,,,,,,,,,2.0,2.0,33,3.0499999999999996e-06,0.8917409881272036,2.5499999999999997e-06,0.23250091444152549,,,,,,,
50,graphstate_indep_qiskit_93,,,,,,,,,,,,,,,2.0,2.0,33,3.5499999999999995e-06,0.8917409881272036,2.05e-06,0.24995033660743837,,,,,,,
16,graphstate_indep_qiskit_93,,,,,,,,,,,,,,,9.0,7.0,48,3.0499999999999996e-06,0.8855175647904927,5e-07,0.042754385153052805,,,,,,,
16,graphstate_indep_qiskit_93,,,,,,,,,,,,,,,,,,,,,,9.0,7.0,48,2.5499999999999997e-06,0.8855175647904929,1.0500000000000001e-06,0.0792952298822945
16,graphstate_indep_qiskit_69,,,,,,,,,,,,,,,6.0,6.0,48,3.5499999999999995e-06,0.9143617659256038,2.05e-06,0.05974401607972872,,,,,,,
50,graphstate_indep_qiskit_69,,,,,,,,,,,,,,,0.0,2.0,3,3.5499999999999995e-06,0.9198671287139569,2.5499999999999997e-06,0.18612325600251228,,,,,,,
16,graphstate_indep_qiskit_69,,,,,,,,,,,,,,,,,,,,,,5.0,6.0,48,3.0499999999999996e-06,0.9152770328984102,1.55e-06,0.10576350468877463
65,graphstate_indep_qiskit_69,,,,,,,,,,,,,,,0.0,2.0,3,3.5499999999999995e-06,0.9198671287139569,2.5499999999999997e-06,0.18612325600251228,,,,,,,
27,graphstate_indep_qiskit_69,3.0,3.0,48.0,3.5499999999999995e-06,0.9171103162803307,2.5499999999999997e-06,0.15380572632939302,,,,,,,,,,,,,,,,,,,,,
27,graphstate_indep_qiskit_69,,,,,,,,2.0,3.0,34,3.0499999999999996e-06,0.9180283345245227,2.05e-06,0.15880011170189345,,,,,,,,,,,,,,
50,graphstate_indep_qiskit_69,,,,,,,,,,,,,,,,,,,,,,0.0,2.0,3,3.5499999999999995e-06,0.9198671287139569,2.5499999999999997e-06,0.18612325600251228
16,graphstate_indep_qiskit_69,6.0,5.0,256.0,3.5499999999999995e-06,0.9143617659256034,2.05e-06,0.05571255288978766,,,,,,,,,,,,,,,,,,,,,
27,graphstate_indep_qiskit_69,,,,,,,,,,,,,,,,,,,,,,2.0,3.0,34,3.0499999999999996e-06,0.9180283345245227,2.05e-06,0.15880011170189345
27,graphstate_indep_qiskit_69,,,,,,,,,,,,,,,2.0,3.0,34,3.0499999999999996e-06,0.9180283345245227,2.05e-06,0.15880011170189345,,,,,,,
65,graphstate_indep_qiskit_69,,,,,,,,,,,,,,,,,,,,,,0.0,2.0,3,3.5499999999999995e-06,0.9198671287139569,2.5499999999999997e-06,0.18612325600251228
65,graphstate_indep_qiskit_69,,,,,,,,0.0,2.0,3,3.5499999999999995e-06,0.9198671287139569,2.5499999999999997e-06,0.18612325600251228,,,,,,,,,,,,,,
50,graphstate_indep_qiskit_69,,,,,,,,0.0,2.0,3,3.5499999999999995e-06,0.9198671287139569,2.5499999999999997e-06,0.18612325600251228,,,,,,,,,,,,,,
16,graphstate_indep_qiskit_69,,,,,,,,5.0,6.0,48,3.0499999999999996e-06,0.9152770328984102,2.05e-06,0.08222250452281933,,,,,,,,,,,,,,
10,wstate_nativegates_ibm_qiskit_opt3_15,,,,,,,,2.0,2.0,32,6.350000000000004e-06,0.9768131896949025,4.249999999999999e-06,0.49372725468139983,,,,,,,,,,,,,,
5,wstate_nativegates_ibm_qiskit_opt3_15,,,,,,,,,,,,,,,,,,,,,,8.0,5.0,256,3.099999999999999e-06,0.9709671880292626,1.6499999999999999e-06,0.4102589094204676
10,wstate_nativegates_ibm_qiskit_opt3_15,2.0,2.0,32.0,6.2000000000000025e-06,0.9768131882290085,4.399999999999999e-06,0.49812526183493905,,,,,,,,,,,,,,,,,,,,,
5,wstate_nativegates_ibm_qiskit_opt3_15,,,,,,,,,,,,,,,8.0,5.0,256,3.099999999999999e-06,0.9709671880292626,1.6499999999999999e-06,0.4102589094204676,,,,,,,
10,wstate_nativegates_ibm_qiskit_opt3_15,,,,,,,,,,,,,,,,,,,,,,2.0,2.0,32,6.350000000000004e-06,0.9768131896949025,4.249999999999999e-06,0.49372725468139983
5,wstate_nativegates_ibm_qiskit_opt3_15,8.0,5.0,272.0,2.9499999999999993e-06,0.970967180549375,1.7999999999999997e-06,0.378498315371017,,,,,,,,,,,,,,,,,,,,,
5,wstate_nativegates_ibm_qiskit_opt3_15,,,,,,,,8.0,5.0,256,3.099999999999999e-06,0.9709671880292626,1.6499999999999999e-06,0.4102589094204676,,,,,,,,,,,,,,
10,wstate_nativegates_ibm_qiskit_opt3_15,,,,,,,,,,,,,,,2.0,2.0,32,6.350000000000004e-06,0.9768131896949025,4.249999999999999e-06,0.49372725468139983,,,,,,,
65,e_nativegates_ibm_qiskit_opt3_71,,,,,,,,,,,,,,,,,,,,,,82.0,3.0,1361129467683753853853498429727072845824,0.00014290000000000044,0.5340839940521498,2.8699999999999993e-05,0.1976817101814102
50,e_nativegates_ibm_qiskit_opt3_71,,,,,,,,,,,,,,,67.0,3.0,1267650600228229401496703205376,0.00013165000000000022,0.5422087534212197,6.0949999999999964e-05,0.22260653912937284,,,,,,,
27,e_nativegates_ibm_qiskit_opt3_71,,,,,,,,139.0,8.0,18014398509481984,7.8e-05,0.5047701878522546,2.4399999999999997e-05,0.01891760100273176,,,,,,,,,,,,,,
50,e_nativegates_ibm_qiskit_opt3_71,,,,,,,,,,,,,,,,,,,,,,67.0,3.0,1267650600228229401496703205376,0.00013165000000000022,0.5422087534212197,6.0949999999999964e-05,0.22260653912937284
65,e_nativegates_ibm_qiskit_opt3_71,,,,,,,,,,,,,,,82.0,3.0,1361129467683753853853498429727072845824,0.00014290000000000044,0.5340839940521498,2.8699999999999993e-05,0.1976817101814102,,,,,,,
65,e_nativegates_ibm_qiskit_opt3_71,,,,,,,,82.0,3.0,1361129467683753853853498429727072845824,0.00014290000000000044,0.5340839940521498,2.8699999999999993e-05,0.1976817101814102,,,,,,,,,,,,,,
27,e_nativegates_ibm_qiskit_opt3_71,,,,,,,,,,,,,,,,,,,,,,139.0,8.0,18014398509481984,7.8e-05,0.5047701878522546,2.4399999999999997e-05,0.01891760100273176
50,e_nativegates_ibm_qiskit_opt3_71,,,,,,,,67.0,3.0,1267650600228229401496703205376,0.00013165000000000022,0.5422087534212197,6.0949999999999964e-05,0.22260653912937284,,,,,,,,,,,,,,
27,e_nativegates_ibm_qiskit_opt3_71,,,,,,,,,,,,,,,139.0,8.0,18014398509481984,7.8e-05,0.5047701878522546,2.4399999999999997e-05,0.01891760100273176,,,,,,,
27,e_nativegates_ibm_qiskit_opt3_85,,,,,,,,,,,,,,,183.0,10.0,18014398509481984,6.119999999999997e-05,0.42773805867685066,3.299999999999999e-05,0.005894713437633693,,,,,,,
27,e_nativegates_ibm_qiskit_opt3_85,,,,,,,,,,,,,,,,,,,,,,183.0,10.0,18014398509481984,6.119999999999997e-05,0.42773805867685066,3.299999999999999e-05,0.005894713437633693
50,e_nativegates_ibm_qiskit_opt3_85,,,,,,,,84.0,4.0,1267650600228229401496703205376,0.0001512500000000008,0.47195241039623076,2.01e-05,0.13045141769794272,,,,,,,,,,,,,,
65,e_nativegates_ibm_qiskit_opt3_85,,,,,,,,82.0,3.0,1361129467683753853853498429727072845824,0.00016250000000000097,0.4728752004578774,5.8799999999999966e-05,0.20891868622141477,,,,,,,,,,,,,,
65,e_nativegates_ibm_qiskit_opt3_85,,,,,,,,,,,,,,,,,,,,,,82.0,3.0,1361129467683753853853498429727072845824,0.00016250000000000097,0.4728752004578774,5.8799999999999966e-05,0.20891868622141477
65,e_nativegates_ibm_qiskit_opt3_85,,,,,,,,,,,,,,,82.0,3.0,1361129467683753853853498429727072845824,0.00016250000000000097,0.4728752004578774,5.8799999999999966e-05,0.20891868622141477,,,,,,,
50,e_nativegates_ibm_qiskit_opt3_85,,,,,,,,,,,,,,,,,,,,,,84.0,4.0,1267650600228229401496703205376,0.0001512500000000008,0.47195241039623076,2.01e-05,0.13045141769794272
27,e_nativegates_ibm_qiskit_opt3_85,,,,,,,,183.0,10.0,18014398509481984,6.119999999999997e-05,0.42773805867685066,3.299999999999999e-05,0.005894713437633693,,,,,,,,,,,,,,
50,e_nativegates_ibm_qiskit_opt3_85,,,,,,,,,,,,,,,84.0,4.0,1267650600228229401496703205376,0.0001512500000000008,0.47195241039623076,2.01e-05,0.13045141769794272,,,,,,,
10,dj_nativegates_ibm_qiskit_opt3_46,,,,,,,,,,,,,,,4.0,5.0,52,4.75e-06,0.940533908994116,4.75e-06,0.09083821757907794,,,,,,,
27,dj_nativegates_ibm_qiskit_opt3_46,,,,,,,,,,,,,,,,,,,,,,1.0,2.0,8,1.3250000000000004e-05,0.9433581274952928,9.750000000000002e-06,0.30603537063914416
27,dj_nativegates_ibm_qiskit_opt3_46,,,,,,,,,,,,,,,1.0,2.0,8,1.3250000000000004e-05,0.9433581274952928,9.750000000000002e-06,0.30603537063914416,,,,,,,
16,dj_nativegates_ibm_qiskit_opt3_46,,,,,,,,,,,,,,,2.0,3.0,24,7.75e-06,0.9424165108742768,7.75e-06,0.19091039659628745,,,,,,,
10,dj_nativegates_ibm_qiskit_opt3_46,4.0,5.0,40.0,4.75e-06,0.940533908994116,4.75e-06,0.09083821757907794,,,,,,,,,,,,,,,,,,,,,
16,dj_nativegates_ibm_qiskit_opt3_46,2.0,3.0,24.0,7.75e-06,0.9424165108742768,7.75e-06,0.19091039659628745,,,,,,,,,,,,,,,,,,,,,
16,dj_nativegates_ibm_qiskit_opt3_46,,,,,,,,,,,,,,,,,,,,,,2.0,3.0,24,7.75e-06,0.9424165108742768,7.75e-06,0.19091039659628745
27,dj_nativegates_ibm_qiskit_opt3_46,1.0,2.0,8.0,1.3250000000000004e-05,0.9433581274952928,9.750000000000002e-06,0.30603537063914416,,,,,,,,,,,,,,,,,,,,,
16,dj_nativegates_ibm_qiskit_opt3_46,,,,,,,,2.0,3.0,24,7.75e-06,0.9424165108742768,7.75e-06,0.19091039659628745,,,,,,,,,,,,,,
10,dj_nativegates_ibm_qiskit_opt3_46,,,,,,,,4.0,5.0,52,4.75e-06,0.940533908994116,4.75e-06,0.09083821757907794,,,,,,,,,,,,,,
27,dj_nativegates_ibm_qiskit_opt3_46,,,,,,,,1.0,2.0,8,1.3250000000000004e-05,0.9433581274952928,9.750000000000002e-06,0.30603537063914416,,,,,,,,,,,,,,
10,dj_nativegates_ibm_qiskit_opt3_46,,,,,,,,,,,,,,,,,,,,,,4.0,5.0,52,4.75e-06,0.940533908994116,4.75e-06,0.09083821757907794
27,ghz_indep_qiskit_100,,,,,,,,3.0,4.0,40,1.3050000000000004e-05,0.8843843943103195,1.0500000000000003e-05,0.08476242381134927,,,,,,,,,,,,,,
65,ghz_indep_qiskit_100,1.0,2.0,8.0,3.099999999999996e-05,0.886155802067426,1.8549999999999997e-05,0.2721707683404381,,,,,,,,,,,,,,,,,,,,,
50,ghz_indep_qiskit_100,2.0,3.0,24.0,1.75e-05,0.8852696551198257,1.5000000000000005e-05,0.14887146325751946,,,,,,,,,,,,,,,,,,,,,
50,ghz_indep_qiskit_100,,,,,,,,2.0,3.0,24,2.454999999999998e-05,0.8852696551198258,5e-07,0.27090835030549926,,,,,,,,,,,,,,
65,ghz_indep_qiskit_100,,,,,,,,1.0,2.0,8,3.204999999999996e-05,0.8861558020674261,1.75e-05,0.27240756296918567,,,,,,,,,,,,,,
65,ghz_indep_qiskit_100,,,,,,,,,,,,,,,,,,,,,,1.0,2.0,8,3.204999999999996e-05,0.8861558020674261,1.75e-05,0.27240756296918567
27,ghz_indep_qiskit_100,,,,,,,,,,,,,,,,,,,,,,3.0,4.0,40,1.3050000000000004e-05,0.8843843943103195,1.0500000000000003e-05,0.08476242381134927
27,ghz_indep_qiskit_100,3.0,4.0,40.0,1.2550000000000004e-05,0.8843843943103192,1.2000000000000004e-05,0.084593768757469,,,,,,,,,,,,,,,,,,,,,
50,ghz_indep_qiskit_100,,,,,,,,,,,,,,,2.0,3.0,24,2.454999999999998e-05,0.8852696551198258,5e-07,0.27090835030549926,,,,,,,
65,ghz_indep_qiskit_100,,,,,,,,,,,,,,,1.0,2.0,8,3.204999999999996e-05,0.8861558020674261,1.75e-05,0.27240756296918567,,,,,,,
27,ghz_indep_qiskit_100,,,,,,,,,,,,,,,3.0,4.0,40,1.3050000000000004e-05,0.8843843943103195,1.0500000000000003e-05,0.08476242381134927,,,,,,,
50,ghz_indep_qiskit_100,,,,,,,,,,,,,,,,,,,,,,2.0,3.0,24,2.454999999999998e-05,0.8852696551198258,5e-07,0.27090835030549926
5,peexact_nativegates_ibm_qiskit_opt3_9,,,,,,,,25.0,7.0,1024,5.6000000000000014e-06,0.9498303178192756,3.3499999999999993e-06,0.20366063337181217,,,,,,,,,,,,,,
5,peexact_nativegates_ibm_qiskit_opt3_9,,,,,,,,,,,,,,,,,,,,,,25.0,7.0,1024,5.6000000000000014e-06,0.9498303178192756,3.3499999999999993e-06,0.20366063337181217
5,peexact_nativegates_ibm_qiskit_opt3_9,,,,,,,,,,,,,,,25.0,7.0,1024,5.6000000000000014e-06,0.9498303178192756,3.3499999999999993e-06,0.20366063337181217,,,,,,,
272,u2random_nativegates_ibm_qiskit_opt3_37,,,,,,,,,,,,,,,148.0,7.0,18014398509481984,2.5699999999999978e-05,0.5537280942718423,1.4900000000000005e-05,0.11034795551171399,,,,,,,
272,u2random_nativegates_ibm_qiskit_opt3_37,,,,,,,,,,,,,,,,,,,,,,148.0,7.0,18014398509481984,2.5699999999999978e-05,0.5537280942718423,1.4900000000000005e-05,0.11034795551171399
272,u2random_nativegates_ibm_qiskit_opt3_37,,,,,,,,148.0,7.0,18014398509481984,2.5699999999999978e-05,0.5537280942718423,1.4900000000000005e-05,0.11034795551171399,,,,,,,,,,,,,,
50,ghz_nativegates_ibm_qiskit_opt3_100,2.0,3.0,24.0,1.75e-05,0.8852519477789159,1.5000000000000005e-05,0.14964139046006825,,,,,,,,,,,,,,,,,,,,,
65,ghz_nativegates_ibm_qiskit_opt3_100,1.0,2.0,8.0,3.099999999999996e-05,0.8861380770016275,1.8649999999999996e-05,0.27347748280441975,,,,,,,,,,,,,,,,,,,,,
65,ghz_nativegates_ibm_qiskit_opt3_100,,,,,,,,,,,,,,,1.0,2.0,8,3.214999999999996e-05,0.8861380770016276,1.75e-05,0.2732018715689014,,,,,,,
27,ghz_nativegates_ibm_qiskit_opt3_100,,,,,,,,3.0,4.0,40,1.3150000000000005e-05,0.8843667046765735,1.0500000000000003e-05,0.08531414590811542,,,,,,,,,,,,,,
27,ghz_nativegates_ibm_qiskit_opt3_100,3.0,4.0,40.0,1.2650000000000004e-05,0.8843667046765733,1.2000000000000004e-05,0.08516273538655839,,,,,,,,,,,,,,,,,,,,,
50,ghz_nativegates_ibm_qiskit_opt3_100,,,,,,,,,,,,,,,2.0,3.0,24,2.464999999999998e-05,0.885251947778916,5e-07,0.2719188640973634,,,,,,,
50,ghz_nativegates_ibm_qiskit_opt3_100,,,,,,,,,,,,,,,,,,,,,,2.0,3.0,24,2.464999999999998e-05,0.885251947778916,5e-07,0.2719188640973634
50,ghz_nativegates_ibm_qiskit_opt3_100,,,,,,,,2.0,3.0,24,2.464999999999998e-05,0.885251947778916,5e-07,0.2719188640973634,,,,,,,,,,,,,,
27,ghz_nativegates_ibm_qiskit_opt3_100,,,,,,,,,,,,,,,3.0,4.0,40,1.3150000000000005e-05,0.8843667046765735,1.0500000000000003e-05,0.08531414590811542,,,,,,,
65,ghz_nativegates_ibm_qiskit_opt3_100,,,,,,,,,,,,,,,,,,,,,,1.0,2.0,8,3.214999999999996e-05,0.8861380770016276,1.75e-05,0.2732018715689014
27,ghz_nativegates_ibm_qiskit_opt3_100,,,,,,,,,,,,,,,,,,,,,,3.0,4.0,40,1.3150000000000005e-05,0.8843667046765735,1.0500000000000003e-05,0.08531414590811542
65,ghz_nativegates_ibm_qiskit_opt3_100,,,,,,,,1.0,2.0,8,3.214999999999996e-05,0.8861380770016276,1.75e-05,0.2732018715689014,,,,,,,,,,,,,,
10,dj_indep_qiskit_31,,,,,,,,,,,,,,,3.0,4.0,40,4.6e-06,0.9601857754428144,1.6e-06,0.1699940442991126,,,,,,,
27,dj_indep_qiskit_31,,,,,,,,,,,,,,,1.0,2.0,8,1.3100000000000003e-05,0.9621068933879471,2.1e-06,0.3834477698345382,,,,,,,
16,dj_indep_qiskit_31,,,,,,,,,,,,,,,1.0,2.0,8,7.600000000000002e-06,0.9621080716658503,7.600000000000002e-06,0.3224483923238399,,,,,,,
27,dj_indep_qiskit_31,,,,,,,,,,,,,,,,,,,,,,1.0,2.0,8,1.3100000000000003e-05,0.9621068933879471,2.1e-06,0.3834477698345382
10,dj_indep_qiskit_31,,,,,,,,,,,,,,,,,,,,,,3.0,4.0,40,4.6e-06,0.9601857754428144,1.6e-06,0.1699940442991126
10,dj_indep_qiskit_31,3.0,4.0,40.0,4.6e-06,0.9601858648482475,3.0999999999999995e-06,0.1569789331036799,,,,,,,,,,,,,,,,,,,,,
27,dj_indep_qiskit_31,1.0,2.0,8.0,9.600000000000001e-06,0.9621079134041172,5.600000000000001e-06,0.32712847997271816,,,,,,,,,,,,,,,,,,,,,
16,dj_indep_qiskit_31,,,,,,,,1.0,2.0,8,7.600000000000002e-06,0.9621080716658503,7.600000000000002e-06,0.3224483923238399,,,,,,,,,,,,,,
16,dj_indep_qiskit_31,,,,,,,,,,,,,,,,,,,,,,1.0,2.0,8,7.600000000000002e-06,0.9621080716658503,7.600000000000002e-06,0.3224483923238399
16,dj_indep_qiskit_31,1.0,2.0,8.0,7.600000000000002e-06,0.9621080716658503,7.600000000000002e-06,0.3224483923238399,,,,,,,,,,,,,,,,,,,,,
27,dj_indep_qiskit_31,,,,,,,,1.0,2.0,8,1.3100000000000003e-05,0.9621068933879471,2.1e-06,0.3834477698345382,,,,,,,,,,,,,,
10,dj_indep_qiskit_31,,,,,,,,3.0,4.0,40,4.6e-06,0.9601857754428144,1.6e-06,0.1699940442991126,,,,,,,,,,,,,,
10,oa_nativegates_ibm_qiskit_opt3_13,,,,,,,,,,,,,,,6.0,2.0,64,5.9000000000000045e-06,0.9691999710278558,2.3499999999999995e-06,0.5593331871024345,,,,,,,
5,oa_nativegates_ibm_qiskit_opt3_13,,,,,,,,16.0,6.0,4112,4.8000000000000015e-06,0.9595529852047512,1.2e-06,0.279621765916202,,,,,,,,,,,,,,
5,oa_nativegates_ibm_qiskit_opt3_13,,,,,,,,,,,,,,,,,,,,,,12.0,6.0,64,4.850000000000002e-06,0.9634001927860182,2.3499999999999995e-06,0.27719259350175024
5,oa_nativegates_ibm_qiskit_opt3_13,16.0,6.0,4096.0,4.850000000000002e-06,0.9566771605957152,3.549999999999999e-06,0.12281555283419682,,,,,,,,,,,,,,,,,,,,,
10,oa_nativegates_ibm_qiskit_opt3_13,4.0,2.0,4096.0,5.900000000000003e-06,0.9691997666983981,5.900000000000003e-06,0.5630230776596761,,,,,,,,,,,,,,,,,,,,,
5,oa_nativegates_ibm_qiskit_opt3_13,,,,,,,,,,,,,,,12.0,6.0,64,4.850000000000002e-06,0.9634001927860182,2.3499999999999995e-06,0.27719259350175024,,,,,,,
10,oa_nativegates_ibm_qiskit_opt3_13,,,,,,,,,,,,,,,,,,,,,,6.0,2.0,64,5.9000000000000045e-06,0.9691999710278558,2.3499999999999995e-06,0.5593331871024345
10,oa_nativegates_ibm_qiskit_opt3_13,,,,,,,,6.0,2.0,1024,5.900000000000003e-06,0.9691999524966126,1.2999999999999998e-06,0.7016924190609317,,,,,,,,,,,,,,
16,graphstate_nativegates_ibm_qiskit_opt3_68,,,,,,,,5.0,5.0,50,4.1000000000000006e-06,0.9151399649810752,1.7999999999999997e-06,0.07118541290653266,,,,,,,,,,,,,,
65,graphstate_nativegates_ibm_qiskit_opt3_68,,,,,,,,,,,,,,,0.0,2.0,4,4.1000000000000006e-06,0.9197293642033665,1.7999999999999997e-06,0.25220683103350017,,,,,,,
16,graphstate_nativegates_ibm_qiskit_opt3_68,,,,,,,,,,,,,,,,,,,,,,5.0,5.0,50,3.449999999999999e-06,0.9151399649810753,1.7999999999999997e-06,0.08922189960825125
27,graphstate_nativegates_ibm_qiskit_opt3_68,,,,,,,,3.0,3.0,50,4.1000000000000006e-06,0.9169729701492916,1.7999999999999997e-06,0.12666773309148183,,,,,,,,,,,,,,
50,graphstate_nativegates_ibm_qiskit_opt3_68,,,,,,,,,,,,,,,2.0,2.0,35,3.449999999999999e-06,0.9178908490749753,1.7999999999999997e-06,0.19480946175665262,,,,,,,
50,graphstate_nativegates_ibm_qiskit_opt3_68,,,,,,,,,,,,,,,,,,,,,,2.0,2.0,35,3.449999999999999e-06,0.9178908490749753,1.7999999999999997e-06,0.19480946175665262
65,graphstate_nativegates_ibm_qiskit_opt3_68,,,,,,,,,,,,,,,,,,,,,,0.0,2.0,4,4.1000000000000006e-06,0.9197293642033665,1.7999999999999997e-06,0.25220683103350017
50,graphstate_nativegates_ibm_qiskit_opt3_68,2.0,2.0,32.0,4.1000000000000006e-06,0.9178908490749752,3.249999999999999e-06,0.2839333958724202,,,,,,,,,,,,,,,,,,,,,
16,graphstate_nativegates_ibm_qiskit_opt3_68,5.0,5.0,48.0,4.1000000000000006e-06,0.9151399655302851,2.0999999999999994e-06,0.10208519473752552,,,,,,,,,,,,,,,,,,,,,
27,graphstate_nativegates_ibm_qiskit_opt3_68,3.0,3.0,48.0,3.249999999999999e-06,0.916972970699601,2.4499999999999994e-06,0.2277256850212317,,,,,,,,,,,,,,,,,,,,,
50,graphstate_nativegates_ibm_qiskit_opt3_68,,,,,,,,2.0,2.0,35,4.1000000000000006e-06,0.9178908490749756,1.7999999999999997e-06,0.18408810047559854,,,,,,,,,,,,,,
27,graphstate_nativegates_ibm_qiskit_opt3_68,,,,,,,,,,,,,,,,,,,,,,3.0,3.0,50,3.449999999999999e-06,0.9169729701492911,1.7999999999999997e-06,0.13530903022032148
27,graphstate_nativegates_ibm_qiskit_opt3_68,,,,,,,,,,,,,,,3.0,3.0,50,3.449999999999999e-06,0.9169729701492911,1.7999999999999997e-06,0.13064055220170925,,,,,,,
16,graphstate_nativegates_ibm_qiskit_opt3_68,,,,,,,,,,,,,,,5.0,5.0,50,3.449999999999999e-06,0.915139964981075,1.7999999999999997e-06,0.07755630032684642,,,,,,,
65,graphstate_nativegates_ibm_qiskit_opt3_68,,,,,,,,0.0,2.0,4,4.1000000000000006e-06,0.9197293642033665,1.7999999999999997e-06,0.25220683103350017,,,,,,,,,,,,,,
5,hhl_indep_qiskit_8,,,,,,,,,,,,,,,17.0,5.0,65536,0.00011719999999999973,0.8133691020744581,3.354999999999998e-05,0.7087890972124827,,,,,,,
5,hhl_indep_qiskit_8,,,,,,,,17.0,5.0,65536,0.00011719999999999973,0.8133691020744581,3.354999999999998e-05,0.7087890972124827,,,,,,,,,,,,,,
5,hhl_indep_qiskit_8,,,,,,,,,,,,,,,,,,,,,,17.0,5.0,65536,0.00011719999999999973,0.8133691020744581,3.354999999999998e-05,0.7087890972124827
50,ghz_nativegates_ibm_qiskit_opt3_77,,,,,,,,,,,,,,,1.0,2.0,8,2.464999999999998e-05,0.9109470287609018,1.3500000000000005e-05,0.2801361924079978,,,,,,,
16,ghz_nativegates_ibm_qiskit_opt3_77,,,,,,,,5.0,6.0,52,7.650000000000001e-06,0.9073087389847616,5e-07,0.05717232648064098,,,,,,,,,,,,,,
27,ghz_nativegates_ibm_qiskit_opt3_77,,,,,,,,2.0,3.0,24,1.3150000000000005e-05,0.9100360908343218,1.2000000000000004e-05,0.1572722151809604,,,,,,,,,,,,,,
65,ghz_nativegates_ibm_qiskit_opt3_77,,,,,,,,,,,,,,,,,,,,,,1.0,2.0,8,3.214999999999996e-05,0.9109470287609018,6.000000000000001e-06,0.2986417219579082
50,ghz_nativegates_ibm_qiskit_opt3_77,,,,,,,,,,,,,,,,,,,,,,1.0,2.0,8,2.464999999999998e-05,0.9109470287609018,1.3500000000000005e-05,0.2801361924079978
65,ghz_nativegates_ibm_qiskit_opt3_77,,,,,,,,,,,,,,,1.0,2.0,8,3.214999999999996e-05,0.9109470287609018,6.000000000000001e-06,0.2986417219579082,,,,,,,
27,ghz_nativegates_ibm_qiskit_opt3_77,2.0,3.0,24.0,1.3150000000000005e-05,0.9100360908343218,1.2000000000000004e-05,0.1572722151809604,,,,,,,,,,,,,,,,,,,,,
16,ghz_nativegates_ibm_qiskit_opt3_77,5.0,6.0,40.0,7.500000000000002e-06,0.9073087389847617,5e-06,0.0368469967980221,,,,,,,,,,,,,,,,,,,,,
50,ghz_nativegates_ibm_qiskit_opt3_77,1.0,2.0,8.0,2.449999999999998e-05,0.9109470287609016,1.3650000000000005e-05,0.28122448979591846,,,,,,,,,,,,,,,,,,,,,
65,ghz_nativegates_ibm_qiskit_opt3_77,,,,,,,,1.0,2.0,8,3.214999999999996e-05,0.9109470287609018,6.000000000000001e-06,0.2986417219579082,,,,,,,,,,,,,,
27,ghz_nativegates_ibm_qiskit_opt3_77,,,,,,,,,,,,,,,,,,,,,,2.0,3.0,24,1.3150000000000005e-05,0.9100360908343218,1.2000000000000004e-05,0.1572722151809604
16,ghz_nativegates_ibm_qiskit_opt3_77,,,,,,,,,,,,,,,5.0,6.0,52,7.650000000000001e-06,0.9073087389847616,5e-07,0.05717232648064098,,,,,,,
27,ghz_nativegates_ibm_qiskit_opt3_77,,,,,,,,,,,,,,,2.0,3.0,24,1.3150000000000005e-05,0.9100360908343218,1.2000000000000004e-05,0.1572722151809604,,,,,,,
65,ghz_nativegates_ibm_qiskit_opt3_77,1.0,2.0,8.0,2.464999999999998e-05,0.9109470287609018,1.3500000000000005e-05,0.2801361924079978,,,,,,,,,,,,,,,,,,,,,
50,ghz_nativegates_ibm_qiskit_opt3_77,,,,,,,,1.0,2.0,8,2.464999999999998e-05,0.9109470287609018,1.3500000000000005e-05,0.2801361924079978,,,,,,,,,,,,,,
16,ghz_nativegates_ibm_qiskit_opt3_77,,,,,,,,,,,,,,,,,,,,,,5.0,6.0,52,7.650000000000001e-06,0.9073087389847616,5e-07,0.05717232648064098
5,e_indep_qiskit_17,,,,,,,,93.0,22.0,1024,7.0000000000000024e-06,0.8683932037665133,5.5e-07,0.004788591511553097,,,,,,,,,,,,,,
16,e_indep_qiskit_17,23.0,3.0,4294967296.0,1.9049999999999995e-05,0.9313822765992551,7.550000000000002e-06,0.4480693579247575,,,,,,,,,,,,,,,,,,,,,
16,e_indep_qiskit_17,,,,,,,,31.0,3.0,4294967296,1.6550000000000002e-05,0.9239509244679771,7.550000000000002e-06,0.23400716200262484,,,,,,,,,,,,,,
16,e_indep_qiskit_17,,,,,,,,,,,,,,,,,,,,,,31.0,3.0,4294967296,1.6550000000000002e-05,0.9239509244679771,7.550000000000002e-06,0.23400716200262484
10,e_indep_qiskit_17,,,,,,,,42.0,6.0,1048576,1.530000000000001e-05,0.9138466906659307,5.5e-07,0.12422865631925273,,,,,,,,,,,,,,
10,e_indep_qiskit_17,,,,,,,,,,,,,,,,,,,,,,40.0,6.0,1048576,1.530000000000001e-05,0.9156775426475288,4.05e-06,0.1319848640574653
10,e_indep_qiskit_17,,,,,,,,,,,,,,,40.0,6.0,1048576,1.530000000000001e-05,0.9156775426475288,4.05e-06,0.1319848640574653,,,,,,,
5,e_indep_qiskit_17,,,,,,,,,,,,,,,,,,,,,,91.0,22.0,1024,7.0000000000000024e-06,0.8701326702259973,2e-06,0.0056196999111226085
16,e_indep_qiskit_17,,,,,,,,,,,,,,,31.0,3.0,4294967296,1.6550000000000002e-05,0.9239509244679771,7.550000000000002e-06,0.23400716200262484,,,,,,,
5,e_indep_qiskit_17,,,,,,,,,,,,,,,91.0,22.0,1024,7.0000000000000024e-06,0.8701326702259973,2e-06,0.0056196999111226085,,,,,,,
10,vqe_indep_qiskit_14,,,,,,,,,,,,,,,2.0,2.0,32,5.150000000000001e-06,0.9786031340633289,3.1499999999999995e-06,0.5262392767247135,,,,,,,
5,vqe_indep_qiskit_14,,,,,,,,6.0,4.0,256,2.6499999999999996e-06,0.9746947265284882,2.1499999999999997e-06,0.41475827696689216,,,,,,,,,,,,,,
10,vqe_indep_qiskit_14,,,,,,,,,,,,,,,,,,,,,,2.0,2.0,32,5.150000000000001e-06,0.9786031340633289,3.1499999999999995e-06,0.5262392767247135
5,vqe_indep_qiskit_14,,,,,,,,,,,,,,,6.0,4.0,256,2.6499999999999996e-06,0.9746947265284882,2.1499999999999997e-06,0.41475827696689216,,,,,,,
5,vqe_indep_qiskit_14,6.0,4.0,288.0,2.6499999999999996e-06,0.9746947265284882,2.1499999999999997e-06,0.41475827696689216,,,,,,,,,,,,,,,,,,,,,
10,vqe_indep_qiskit_14,,,,,,,,2.0,2.0,32,5.150000000000001e-06,0.9786031340633289,3.1499999999999995e-06,0.5262392767247135,,,,,,,,,,,,,,
10,vqe_indep_qiskit_14,2.0,2.0,32.0,4.15e-06,0.9786031340633289,4.15e-06,0.5158903687037304,,,,,,,,,,,,,,,,,,,,,
5,vqe_indep_qiskit_14,,,,,,,,,,,,,,,,,,,,,,6.0,4.0,256,2.6499999999999996e-06,0.9746947265284882,2.1499999999999997e-06,0.41475827696689216
65,ghz_nativegates_ibm_qiskit_opt3_70,1.0,2.0,8.0,2.1999999999999986e-05,0.9186345581758876,1.2650000000000004e-05,0.2840545927502451,,,,,,,,,,,,,,,,,,,,,
65,ghz_nativegates_ibm_qiskit_opt3_70,,,,,,,,1.0,2.0,8,3.214999999999996e-05,0.9186345581758879,2.4999999999999998e-06,0.34509710092913853,,,,,,,,,,,,,,
27,ghz_nativegates_ibm_qiskit_opt3_70,,,,,,,,,,,,,,,2.0,3.0,24,1.3150000000000005e-05,0.9177159327967067,8.500000000000002e-06,0.1618026905153913,,,,,,,
50,ghz_nativegates_ibm_qiskit_opt3_70,1.0,2.0,8.0,2.1999999999999986e-05,0.9186345581758876,1.2650000000000004e-05,0.2840545927502451,,,,,,,,,,,,,,,,,,,,,
16,ghz_nativegates_ibm_qiskit_opt3_70,,,,,,,,,,,,,,,4.0,5.0,52,7.650000000000001e-06,0.9158814369683388,4.5e-06,0.06098381491268374,,,,,,,
16,ghz_nativegates_ibm_qiskit_opt3_70,,,,,,,,,,,,,,,,,,,,,,4.0,5.0,52,7.650000000000001e-06,0.9158814369683388,4.5e-06,0.06098381491268374
16,ghz_nativegates_ibm_qiskit_opt3_70,4.0,5.0,40.0,7.500000000000002e-06,0.9158814369683387,6.500000000000001e-06,0.05992578849721702,,,,,,,,,,,,,,,,,,,,,
27,ghz_nativegates_ibm_qiskit_opt3_70,,,,,,,,,,,,,,,,,,,,,,2.0,3.0,24,1.3150000000000005e-05,0.9177159327967067,8.500000000000002e-06,0.1618026905153913
50,ghz_nativegates_ibm_qiskit_opt3_70,,,,,,,,1.0,2.0,8,2.464999999999998e-05,0.9186345581758877,1.0000000000000003e-05,0.2863614411281755,,,,,,,,,,,,,,
50,ghz_nativegates_ibm_qiskit_opt3_70,,,,,,,,,,,,,,,1.0,2.0,8,2.464999999999998e-05,0.9186345581758877,1.0000000000000003e-05,0.2863614411281755,,,,,,,
27,ghz_nativegates_ibm_qiskit_opt3_70,2.0,3.0,24.0,1.2500000000000004e-05,0.9177159327967066,9.650000000000002e-06,0.16149553913603332,,,,,,,,,,,,,,,,,,,,,
27,ghz_nativegates_ibm_qiskit_opt3_70,,,,,,,,2.0,3.0,24,1.3150000000000005e-05,0.9177159327967067,8.500000000000002e-06,0.1618026905153913,,,,,,,,,,,,,,
16,ghz_nativegates_ibm_qiskit_opt3_70,,,,,,,,4.0,5.0,52,7.650000000000001e-06,0.9158814369683388,4.5e-06,0.06098381491268374,,,,,,,,,,,,,,
65,ghz_nativegates_ibm_qiskit_opt3_70,,,,,,,,,,,,,,,1.0,2.0,8,3.214999999999996e-05,0.9186345581758879,2.4999999999999998e-06,0.34509710092913853,,,,,,,
50,ghz_nativegates_ibm_qiskit_opt3_70,,,,,,,,,,,,,,,,,,,,,,1.0,2.0,8,2.464999999999998e-05,0.9186345581758877,1.0000000000000003e-05,0.2863614411281755
65,ghz_nativegates_ibm_qiskit_opt3_70,,,,,,,,,,,,,,,,,,,,,,1.0,2.0,8,3.214999999999996e-05,0.9186345581758879,2.4999999999999998e-06,0.34509710092913853
16,graphstate_nativegates_ibm_qiskit_opt3_59,,,,,,,,,,,,,,,5.0,5.0,48,3.899999999999999e-06,0.9253312318110368,1.7999999999999997e-06,0.08595354537947376,,,,,,,
10,graphstate_nativegates_ibm_qiskit_opt3_59,,,,,,,,,,,,,,,,,,,,,,8.0,7.0,49,4.399999999999999e-06,0.9225580491720076,6.499999999999999e-07,0.05824046704092725
10,graphstate_nativegates_ibm_qiskit_opt3_59,,,,,,,,8.0,7.0,49,4.399999999999999e-06,0.9225580491720076,6.499999999999999e-07,0.06040585068973489,,,,,,,,,,,,,,
27,graphstate_nativegates_ibm_qiskit_opt3_59,,,,,,,,,,,,,,,2.0,3.0,34,5.050000000000001e-06,0.9281127505563478,1.7999999999999997e-06,0.1759473365682927,,,,,,,
27,graphstate_nativegates_ibm_qiskit_opt3_59,,,,,,,,,,,,,,,,,,,,,,2.0,3.0,34,5.050000000000001e-06,0.9281127505563478,1.7999999999999997e-06,0.1759473365682927
50,graphstate_nativegates_ibm_qiskit_opt3_59,,,,,,,,0.0,2.0,3,5.050000000000001e-06,0.9299717399279813,1.7999999999999997e-06,0.22239403871182964,,,,,,,,,,,,,,
27,graphstate_nativegates_ibm_qiskit_opt3_59,3.0,3.0,48.0,5.050000000000001e-06,0.9271846498619642,2.749999999999999e-06,0.15828406840684062,,,,,,,,,,,,,,,,,,,,,
16,graphstate_nativegates_ibm_qiskit_opt3_59,5.0,4.0,272.0,5.050000000000001e-06,0.9253312319961452,2.749999999999999e-06,0.08114376930079459,,,,,,,,,,,,,,,,,,,,,
50,graphstate_nativegates_ibm_qiskit_opt3_59,,,,,,,,,,,,,,,,,,,,,,0.0,2.0,3,5.050000000000001e-06,0.9299717399279813,1.7999999999999997e-06,0.22239403871182964
10,graphstate_nativegates_ibm_qiskit_opt3_59,7.0,7.0,48.0,4.4e-06,0.9234815192489048,1.7999999999999997e-06,0.042141335945161,,,,,,,,,,,,,,,,,,,,,
50,graphstate_nativegates_ibm_qiskit_opt3_59,,,,,,,,,,,,,,,0.0,2.0,3,5.050000000000001e-06,0.9299717399279813,1.7999999999999997e-06,0.22239403871182964,,,,,,,
10,graphstate_nativegates_ibm_qiskit_opt3_59,,,,,,,,,,,,,,,8.0,7.0,49,4.399999999999999e-06,0.9225580491720076,6.499999999999999e-07,0.05824046704092725,,,,,,,
27,graphstate_nativegates_ibm_qiskit_opt3_59,,,,,,,,3.0,3.0,50,5.050000000000001e-06,0.9271846498619645,6.499999999999999e-07,0.1464437074623861,,,,,,,,,,,,,,
16,graphstate_nativegates_ibm_qiskit_opt3_59,,,,,,,,5.0,5.0,49,4.25e-06,0.9253312318110366,1.7999999999999997e-06,0.07948507768804326,,,,,,,,,,,,,,
16,graphstate_nativegates_ibm_qiskit_opt3_59,,,,,,,,,,,,,,,,,,,,,,5.0,5.0,48,3.899999999999999e-06,0.9253312318110368,1.7999999999999997e-06,0.08595354537947376
16,realamprandom_nativegates_ibm_qiskit_opt3_26,,,,,,,,,,,,,,,150.0,11.0,4294967296,1.4700000000000005e-05,0.687032727627615,7.7e-06,0.03944215408938578,,,,,,,
16,realamprandom_nativegates_ibm_qiskit_opt3_26,,,,,,,,,,,,,,,,,,,,,,150.0,11.0,4294967296,1.4700000000000005e-05,0.687032727627615,7.7e-06,0.03944215408938578
16,realamprandom_nativegates_ibm_qiskit_opt3_26,,,,,,,,150.0,11.0,4294967296,1.4700000000000005e-05,0.687032727627615,7.7e-06,0.03944215408938578,,,,,,,,,,,,,,
10,peexact_indep_qiskit_34,,,,,,,,,,,,,,,,,,,,,,214.0,25.0,1048576,7.550000000000002e-06,0.694733353413295,2.5499999999999997e-06,0.0004938428142419389
27,peexact_indep_qiskit_34,,,,,,,,67.0,4.0,18014398509481984,2.164999999999999e-05,0.8047582940956931,1.3000000000000004e-05,0.22478889749056447,,,,,,,,,,,,,,
27,peexact_indep_qiskit_34,,,,,,,,,,,,,,,,,,,,,,67.0,4.0,18014398509481984,2.164999999999999e-05,0.8047582940956931,1.3000000000000004e-05,0.22478889749056447
10,peexact_indep_qiskit_34,,,,,,,,,,,,,,,214.0,25.0,1048576,7.550000000000002e-06,0.694733353413295,2.5499999999999997e-06,0.0004938428142419389,,,,,,,
16,peexact_indep_qiskit_34,,,,,,,,145.0,12.0,4294967296,1.2650000000000004e-05,0.7443722322531269,4.049999999999999e-06,0.013554343056076806,,,,,,,,,,,,,,
16,peexact_indep_qiskit_34,,,,,,,,,,,,,,,,,,,,,,148.0,12.0,4294967296,1.2650000000000004e-05,0.7421384554788085,4.049999999999999e-06,0.009870309261886295
16,peexact_indep_qiskit_34,,,,,,,,,,,,,,,148.0,12.0,4294967296,1.2650000000000004e-05,0.7421384554788085,4.049999999999999e-06,0.009870309261886295,,,,,,,
10,peexact_indep_qiskit_34,,,,,,,,214.0,25.0,1048576,7.550000000000002e-06,0.694733353413295,2.5499999999999997e-06,0.0004938428142419389,,,,,,,,,,,,,,
27,peexact_indep_qiskit_34,,,,,,,,,,,,,,,67.0,4.0,18014398509481984,2.164999999999999e-05,0.8047582940956931,1.3000000000000004e-05,0.22478889749056447,,,,,,,
16,peexact_nativegates_ibm_qiskit_opt3_19,,,,,,,,,,,,,,,,,,,,,,37.0,4.0,4294967296,2.7249999999999995e-05,0.874354690771856,1.2950000000000003e-05,0.2743791324037524
10,peexact_nativegates_ibm_qiskit_opt3_19,,,,,,,,65.0,9.0,1048576,1.4450000000000004e-05,0.8502233391949784,5.9500000000000015e-06,0.05520195179306271,,,,,,,,,,,,,,
5,peexact_nativegates_ibm_qiskit_opt3_19,,,,,,,,134.0,31.0,1024,7.6000000000000035e-06,0.793526190519119,3.8499999999999996e-06,0.0006114797909616196,,,,,,,,,,,,,,
16,peexact_nativegates_ibm_qiskit_opt3_19,,,,,,,,,,,,,,,37.0,4.0,4294967296,2.7249999999999995e-05,0.874354690771856,1.2950000000000003e-05,0.2743791324037524,,,,,,,
16,peexact_nativegates_ibm_qiskit_opt3_19,,,,,,,,37.0,4.0,4294967296,2.7249999999999995e-05,0.874354690771856,1.2950000000000003e-05,0.2743791324037524,,,,,,,,,,,,,,
5,peexact_nativegates_ibm_qiskit_opt3_19,,,,,,,,,,,,,,,133.0,31.0,1024,7.6000000000000035e-06,0.7943203513758957,3.1999999999999994e-06,0.000639190390864756,,,,,,,
10,peexact_nativegates_ibm_qiskit_opt3_19,,,,,,,,,,,,,,,65.0,9.0,1048576,1.4450000000000004e-05,0.8502233391949784,5.9500000000000015e-06,0.05520195179306271,,,,,,,
5,peexact_nativegates_ibm_qiskit_opt3_19,,,,,,,,,,,,,,,,,,,,,,133.0,31.0,1024,7.6000000000000035e-06,0.7943203513758957,3.1999999999999994e-06,0.000639190390864756
10,peexact_nativegates_ibm_qiskit_opt3_19,,,,,,,,,,,,,,,,,,,,,,65.0,9.0,1048576,1.4450000000000004e-05,0.8502233391949784,5.9500000000000015e-06,0.05520195179306271
50,dj_indep_qiskit_117,,,,,,,,,,,,,,,,,,,,,,2.0,3.0,24,2.459999999999998e-05,0.8653544086989936,9.100000000000001e-06,0.15179200908384177
65,dj_indep_qiskit_117,,,,,,,,,,,,,,,,,,,,,,1.0,2.0,8,3.209999999999996e-05,0.8662133190129553,2.6099999999999977e-05,0.26912157498048245
27,dj_indep_qiskit_117,4.0,5.0,52.0,1.3100000000000003e-05,0.8636349382244786,8.6e-06,0.04851003085556481,,,,,,,,,,,,,,,,,,,,,
50,dj_indep_qiskit_117,2.0,3.0,24.0,2.109999999999999e-05,0.8653569158384162,1.6100000000000005e-05,0.14720063527954574,,,,,,,,,,,,,,,,,,,,,
27,dj_indep_qiskit_117,,,,,,,,4.0,5.0,52,1.3100000000000003e-05,0.8636344708812671,6.100000000000001e-06,0.04975027892013279,,,,,,,,,,,,,,
27,dj_indep_qiskit_117,,,,,,,,,,,,,,,,,,,,,,4.0,5.0,52,1.3100000000000003e-05,0.8636344708812671,6.100000000000001e-06,0.04975027892013279
50,dj_indep_qiskit_117,,,,,,,,,,,,,,,2.0,3.0,24,2.459999999999998e-05,0.8653544086989936,9.100000000000001e-06,0.15179200908384177,,,,,,,
65,dj_indep_qiskit_117,,,,,,,,,,,,,,,1.0,2.0,8,3.209999999999996e-05,0.8662133190129553,2.6099999999999977e-05,0.26912157498048245,,,,,,,
50,dj_indep_qiskit_117,,,,,,,,2.0,3.0,24,2.459999999999998e-05,0.8653544086989936,9.100000000000001e-06,0.15179200908384177,,,,,,,,,,,,,,
65,dj_indep_qiskit_117,,,,,,,,1.0,2.0,8,3.209999999999996e-05,0.8662133190129553,2.6099999999999977e-05,0.26912157498048245,,,,,,,,,,,,,,
27,dj_indep_qiskit_117,,,,,,,,,,,,,,,4.0,5.0,52,1.3100000000000003e-05,0.8636344708812671,6.100000000000001e-06,0.04975027892013279,,,,,,,
65,dj_indep_qiskit_117,1.0,2.0,8.0,3.209999999999996e-05,0.8662133295292588,2.6099999999999977e-05,0.26912157498048245,,,,,,,,,,,,,,,,,,,,,
69,e_indep_qiskit_72,,,,,,,,,,,,,,,,,,,,,,140.0,4.0,348449143727040986586495598010130648530944,7.484999999999999e-05,0.476121628072156,3.0499999999999996e-06,0.16659669690939685
50,e_indep_qiskit_72,,,,,,,,121.0,4.0,1267650600228229401496703205376,7.179999999999987e-05,0.48558050918360823,2.449999999999998e-05,0.2204333423478429,,,,,,,,,,,,,,
65,e_indep_qiskit_72,,,,,,,,,,,,,,,136.0,4.0,1361129467683753853853498429727072845824,7.044999999999999e-05,0.4781241373161504,9.050000000000001e-06,0.16973039270118698,,,,,,,
59,e_indep_qiskit_72,,,,,,,,,,,,,,,,,,,,,,130.0,4.0,332306998946228968225951765070086144,7.089999999999985e-05,0.4811247860588902,1.8049999999999998e-05,0.19162602338193357
54,e_indep_qiskit_72,,,,,,,,,,,,,,,125.0,4.0,324518553658426726783156020576256,7.139999999999987e-05,0.4836102209964597,2.5549999999999977e-05,0.20967242778422268,,,,,,,
44,e_indep_qiskit_72,,,,,,,,,,,,,,,180.0,6.0,309485009821345068724781056,7.239999999999989e-05,0.4578159686857473,1.8549999999999997e-05,0.08409036012921443,,,,,,,
49,e_indep_qiskit_72,,,,,,,,,,,,,,,,,,,,,,120.0,4.0,316912650057057350374175801344,7.189999999999988e-05,0.48606980437609576,2.399999999999998e-05,0.22221541327681993
64,e_indep_qiskit_72,,,,,,,,,,,,,,,135.0,4.0,340282366920938463463374607431768211456,7.039999999999985e-05,0.4786248724702548,1.0550000000000002e-05,0.17296929432414102,,,,,,,
49,e_indep_qiskit_72,,,,,,,,,,,,,,,120.0,4.0,316912650057057350374175801344,7.189999999999988e-05,0.48606980437609576,2.399999999999998e-05,0.22221541327681993,,,,,,,
59,e_indep_qiskit_72,,,,,,,,,,,,,,,130.0,4.0,332306998946228968225951765070086144,7.089999999999985e-05,0.4811247860588902,1.8049999999999998e-05,0.19162602338193357,,,,,,,
69,e_indep_qiskit_72,,,,,,,,,,,,,,,140.0,4.0,348449143727040986586495598010130648530944,7.484999999999999e-05,0.476121628072156,3.0499999999999996e-06,0.16659669690939685,,,,,,,
39,e_indep_qiskit_72,,,,,,,,,,,,,,,181.0,7.0,302231454903657293676544,7.28999999999999e-05,0.45742423299505647,1.5050000000000005e-05,0.09111596184447346,,,,,,,
50,e_indep_qiskit_72,,,,,,,,,,,,,,,,,,,,,,121.0,4.0,1267650600228229401496703205376,7.179999999999987e-05,0.48558050918360823,2.449999999999998e-05,0.2204333423478429
39,e_indep_qiskit_72,,,,,,,,,,,,,,,,,,,,,,181.0,7.0,302231454903657293676544,7.28999999999999e-05,0.45742423299505647,1.5050000000000005e-05,0.09111596184447346
65,e_indep_qiskit_72,,,,,,,,,,,,,,,,,,,,,,136.0,4.0,1361129467683753853853498429727072845824,7.044999999999999e-05,0.4781241373161504,9.050000000000001e-06,0.16973039270118698
64,e_indep_qiskit_72,,,,,,,,,,,,,,,,,,,,,,135.0,4.0,340282366920938463463374607431768211456,7.039999999999985e-05,0.4786248724702548,1.0550000000000002e-05,0.17296929432414102
44,e_indep_qiskit_72,,,,,,,,,,,,,,,,,,,,,,180.0,6.0,309485009821345068724781056,7.239999999999989e-05,0.4578159686857473,1.8549999999999997e-05,0.08409036012921443
39,e_indep_qiskit_72,,,,,,,,181.0,7.0,302231454903657293676544,7.28999999999999e-05,0.45742423299505647,1.5050000000000005e-05,0.09111596184447346,,,,,,,,,,,,,,
49,e_indep_qiskit_72,,,,,,,,120.0,4.0,316912650057057350374175801344,7.189999999999988e-05,0.48606980437609576,2.399999999999998e-05,0.22221541327681993,,,,,,,,,,,,,,
59,e_indep_qiskit_72,,,,,,,,130.0,4.0,332306998946228968225951765070086144,7.089999999999985e-05,0.4811247860588902,1.8049999999999998e-05,0.19162602338193357,,,,,,,,,,,,,,
69,e_indep_qiskit_72,,,,,,,,140.0,4.0,348449143727040986586495598010130648530944,7.484999999999999e-05,0.476121628072156,3.0499999999999996e-06,0.16659669690939685,,,,,,,,,,,,,,
54,e_indep_qiskit_72,,,,,,,,,,,,,,,,,,,,,,125.0,4.0,324518553658426726783156020576256,7.139999999999987e-05,0.4836102209964597,2.5549999999999977e-05,0.20967242778422268
54,e_indep_qiskit_72,,,,,,,,125.0,4.0,324518553658426726783156020576256,7.139999999999987e-05,0.4836102209964597,2.5549999999999977e-05,0.20967242778422268,,,,,,,,,,,,,,
44,e_indep_qiskit_72,,,,,,,,186.0,6.0,309485009821345068724781056,7.239999999999989e-05,0.45507522576102594,6.550000000000002e-06,0.06707676549226732,,,,,,,,,,,,,,
64,e_indep_qiskit_72,,,,,,,,135.0,4.0,340282366920938463463374607431768211456,7.039999999999985e-05,0.4786248724702548,1.0550000000000002e-05,0.17296929432414102,,,,,,,,,,,,,,
65,e_indep_qiskit_72,,,,,,,,136.0,4.0,1361129467683753853853498429727072845824,7.044999999999999e-05,0.4781241373161504,9.050000000000001e-06,0.16973039270118698,,,,,,,,,,,,,,
50,e_indep_qiskit_72,,,,,,,,,,,,,,,121.0,4.0,1267650600228229401496703205376,7.179999999999987e-05,0.48558050918360823,2.449999999999998e-05,0.2204333423478429,,,,,,,
65,graphstate_nativegates_ibm_qiskit_opt3_125,2.0,2.0,32.0,4.25e-06,0.8557159235631271,3.3999999999999988e-06,0.2662443868220181,,,,,,,,,,,,,,,,,,,,,
27,graphstate_nativegates_ibm_qiskit_opt3_125,,,,,,,,,,,,,,,,,,,,,,7.0,7.0,49,3.899999999999999e-06,0.8514459477380538,1.9499999999999995e-06,0.029710293806596306
27,graphstate_nativegates_ibm_qiskit_opt3_125,5.0,5.0,48.0,3.899999999999999e-06,0.8531513755357193,2.9499999999999993e-06,0.04877988613653503,,,,,,,,,,,,,,,,,,,,,
50,graphstate_nativegates_ibm_qiskit_opt3_125,,,,,,,,3.0,3.0,49,4.25e-06,0.8548602185842921,1.9499999999999995e-06,0.14524997028706946,,,,,,,,,,,,,,
65,graphstate_nativegates_ibm_qiskit_opt3_125,,,,,,,,2.0,2.0,33,4.25e-06,0.855715923391945,1.9499999999999995e-06,0.19433675610648954,,,,,,,,,,,,,,
27,graphstate_nativegates_ibm_qiskit_opt3_125,,,,,,,,,,,,,,,7.0,7.0,49,4.25e-06,0.851445947738054,1.9499999999999995e-06,0.021733926468713232,,,,,,,
50,graphstate_nativegates_ibm_qiskit_opt3_125,3.0,3.0,48.0,3.899999999999999e-06,0.8548602187553032,3.3999999999999988e-06,0.13759308465922845,,,,,,,,,,,,,,,,,,,,,
50,graphstate_nativegates_ibm_qiskit_opt3_125,,,,,,,,,,,,,,,3.0,3.0,49,4.25e-06,0.8548602185842921,1.9499999999999995e-06,0.13810177514792896,,,,,,,
27,graphstate_nativegates_ibm_qiskit_opt3_125,,,,,,,,7.0,6.0,49,3.899999999999999e-06,0.8514459477380537,1.9499999999999995e-06,0.02284729625410608,,,,,,,,,,,,,,
65,graphstate_nativegates_ibm_qiskit_opt3_125,,,,,,,,,,,,,,,2.0,2.0,33,3.899999999999999e-06,0.8557159233919449,1.9499999999999995e-06,0.21900106437955857,,,,,,,
50,graphstate_nativegates_ibm_qiskit_opt3_125,,,,,,,,,,,,,,,,,,,,,,3.0,3.0,49,4.25e-06,0.8548602185842921,1.9499999999999995e-06,0.13810177514792896
65,graphstate_nativegates_ibm_qiskit_opt3_125,,,,,,,,,,,,,,,,,,,,,,2.0,2.0,33,4.25e-06,0.855715923391945,1.9499999999999995e-06,0.19433675610648954
5,ghz_nativegates_ibm_qiskit_opt3_24,,,,,,,,5.0,6.0,52,2.1499999999999997e-06,0.9669147823886144,1.5e-06,0.129821511627907,,,,,,,,,,,,,,
16,ghz_nativegates_ibm_qiskit_opt3_24,,,,,,,,1.0,2.0,8,7.650000000000001e-06,0.9707920911987326,4e-06,0.3489923747276688,,,,,,,,,,,,,,
5,ghz_nativegates_ibm_qiskit_opt3_24,,,,,,,,,,,,,,,,,,,,,,5.0,6.0,52,2.1499999999999997e-06,0.9669147823886144,1.5e-06,0.129821511627907
16,ghz_nativegates_ibm_qiskit_opt3_24,1.0,2.0,8.0,7.000000000000002e-06,0.9707920911987326,4.6499999999999995e-06,0.3473118279569893,,,,,,,,,,,,,,,,,,,,,
10,ghz_nativegates_ibm_qiskit_opt3_24,2.0,3.0,24.0,4.5e-06,0.9698213088076869,3.1499999999999995e-06,0.2419501133786848,,,,,,,,,,,,,,,,,,,,,
10,ghz_nativegates_ibm_qiskit_opt3_24,,,,,,,,2.0,3.0,24,4.6499999999999995e-06,0.969821308807687,2.4999999999999998e-06,0.24516129032258072,,,,,,,,,,,,,,
10,ghz_nativegates_ibm_qiskit_opt3_24,,,,,,,,,,,,,,,2.0,3.0,24,4.6499999999999995e-06,0.969821308807687,2.4999999999999998e-06,0.24516129032258072,,,,,,,
5,ghz_nativegates_ibm_qiskit_opt3_24,5.0,6.0,52.0,2.1499999999999997e-06,0.9669147823886144,1.5e-06,0.129821511627907,,,,,,,,,,,,,,,,,,,,,
5,ghz_nativegates_ibm_qiskit_opt3_24,,,,,,,,,,,,,,,5.0,6.0,52,2.1499999999999997e-06,0.9669147823886144,1.5e-06,0.129821511627907,,,,,,,
16,ghz_nativegates_ibm_qiskit_opt3_24,,,,,,,,,,,,,,,1.0,2.0,8,7.650000000000001e-06,0.9707920911987326,4e-06,0.3489923747276688,,,,,,,
16,ghz_nativegates_ibm_qiskit_opt3_24,,,,,,,,,,,,,,,,,,,,,,1.0,2.0,8,7.650000000000001e-06,0.9707920911987326,4e-06,0.3489923747276688
10,ghz_nativegates_ibm_qiskit_opt3_24,,,,,,,,,,,,,,,,,,,,,,2.0,3.0,24,4.6499999999999995e-06,0.969821308807687,2.4999999999999998e-06,0.24516129032258072
27,realamprandom_nativegates_ibm_qiskit_opt3_43,,,,,,,,245.0,11.0,18014398509481984,2.5699999999999978e-05,0.4328308307200148,1.2700000000000002e-05,0.04535445796509023,,,,,,,,,,,,,,
27,realamprandom_nativegates_ibm_qiskit_opt3_43,,,,,,,,,,,,,,,,,,,,,,245.0,11.0,18014398509481984,2.5699999999999978e-05,0.4328308307200148,1.2700000000000002e-05,0.04535445796509023
27,realamprandom_nativegates_ibm_qiskit_opt3_43,,,,,,,,,,,,,,,245.0,11.0,18014398509481984,2.5699999999999978e-05,0.4328308307200148,1.2700000000000002e-05,0.04535445796509023,,,,,,,
27,dj_indep_qiskit_126,4.0,5.0,40.0,1.3100000000000003e-05,0.854198497156299,1.1100000000000002e-05,0.04682691132513635,,,,,,,,,,,,,,,,,,,,,
50,dj_indep_qiskit_126,2.0,3.0,24.0,2.459999999999998e-05,0.8558998916192379,1.6100000000000005e-05,0.14589287366643236,,,,,,,,,,,,,,,,,,,,,
27,dj_indep_qiskit_126,,,,,,,,,,,,,,,4.0,5.0,52,1.3100000000000003e-05,0.8541984619686211,1.0600000000000002e-05,0.046875621039235184,,,,,,,
50,dj_indep_qiskit_126,,,,,,,,2.0,3.0,24,2.459999999999998e-05,0.8558991438742536,1.3600000000000004e-05,0.1468176977418659,,,,,,,,,,,,,,
65,dj_indep_qiskit_126,,,,,,,,1.0,2.0,8,3.209999999999996e-05,0.8567460268450727,3.0599999999999965e-05,0.26757549082005133,,,,,,,,,,,,,,
50,dj_indep_qiskit_126,,,,,,,,,,,,,,,2.0,3.0,24,2.459999999999998e-05,0.8558991438742536,1.3600000000000004e-05,0.1468176977418659,,,,,,,
27,dj_indep_qiskit_126,,,,,,,,,,,,,,,,,,,,,,4.0,5.0,52,1.3100000000000003e-05,0.8541984619686211,1.0600000000000002e-05,0.046875621039235184
65,dj_indep_qiskit_126,,,,,,,,,,,,,,,1.0,2.0,8,3.209999999999996e-05,0.8567460268450727,3.0599999999999965e-05,0.26757549082005133,,,,,,,
27,dj_indep_qiskit_126,,,,,,,,4.0,5.0,52,1.3100000000000003e-05,0.8541984619686211,1.0600000000000002e-05,0.046875621039235184,,,,,,,,,,,,,,
65,dj_indep_qiskit_126,,,,,,,,,,,,,,,,,,,,,,1.0,2.0,8,3.209999999999996e-05,0.8567460268450727,3.0599999999999965e-05,0.26757549082005133
65,dj_indep_qiskit_126,1.0,2.0,8.0,3.159999999999996e-05,0.8567460459315105,3.109999999999996e-05,0.26756682969856715,,,,,,,,,,,,,,,,,,,,,
50,dj_indep_qiskit_126,,,,,,,,,,,,,,,,,,,,,,2.0,3.0,24,2.459999999999998e-05,0.8558991438742536,1.3600000000000004e-05,0.1468176977418659
27,realamprandom_nativegates_ibm_qiskit_opt3_44,,,,,,,,,,,,,,,,,,,,,,252.0,11.0,18014398509481984,2.5699999999999978e-05,0.4183643694087924,1.3000000000000004e-05,0.04179227815082399
27,realamprandom_nativegates_ibm_qiskit_opt3_44,,,,,,,,,,,,,,,252.0,11.0,18014398509481984,2.5699999999999978e-05,0.4183643694087924,1.3000000000000004e-05,0.04179227815082399,,,,,,,
27,realamprandom_nativegates_ibm_qiskit_opt3_44,,,,,,,,252.0,11.0,18014398509481984,2.5699999999999978e-05,0.4183643694087924,1.3000000000000004e-05,0.04179227815082399,,,,,,,,,,,,,,
16,ghz_nativegates_ibm_qiskit_opt3_40,2.0,3.0,24.0,7.500000000000002e-06,0.9513704380114641,6.000000000000001e-06,0.19057133063934178,,,,,,,,,,,,,,,,,,,,,
10,ghz_nativegates_ibm_qiskit_opt3_40,4.0,5.0,40.0,4.5e-06,0.9494686674990509,2.9999999999999997e-06,0.09042598967297763,,,,,,,,,,,,,,,,,,,,,
18,ghz_nativegates_ibm_qiskit_opt3_40,,,,,,,,,,,,,,,2.0,3.0,24,8.650000000000002e-06,0.9513704380114643,2.4999999999999998e-06,0.20861580912961764,,,,,,,
23,ghz_nativegates_ibm_qiskit_opt3_40,,,,,,,,,,,,,,,1.0,2.0,8,1.1150000000000003e-05,0.9523227512471041,8.500000000000002e-06,0.305344338294231,,,,,,,
13,ghz_nativegates_ibm_qiskit_opt3_40,,,,,,,,3.0,4.0,40,6.15e-06,0.950419077079545,1.5e-06,0.14659333126103216,,,,,,,,,,,,,,
28,ghz_nativegates_ibm_qiskit_opt3_40,,,,,,,,,,,,,,,,,,,,,,1.0,2.0,8,1.3650000000000005e-05,0.9523227512471041,6.000000000000001e-06,0.31200941915227615
28,ghz_nativegates_ibm_qiskit_opt3_40,,,,,,,,1.0,2.0,8,1.3650000000000005e-05,0.9523227512471041,6.000000000000001e-06,0.31200941915227615,,,,,,,,,,,,,,
10,ghz_nativegates_ibm_qiskit_opt3_40,,,,,,,,,,,,,,,4.0,5.0,52,4.6499999999999995e-06,0.9494686674990511,1.5e-06,0.09929032258064516,,,,,,,
23,ghz_nativegates_ibm_qiskit_opt3_40,1.0,2.0,8.0,1.1150000000000003e-05,0.9523227512471041,8.500000000000002e-06,0.305344338294231,,,,,,,,,,,,,,,,,,,,,
38,ghz_nativegates_ibm_qiskit_opt3_40,,,,,,,,,,,,,,,,,,,,,,1.0,2.0,8,1.8649999999999996e-05,0.9523227512471042,1e-06,0.44177131837637
16,ghz_nativegates_ibm_qiskit_opt3_40,,,,,,,,,,,,,,,2.0,3.0,24,7.650000000000001e-06,0.9513704380114643,4.5e-06,0.1927389705882352,,,,,,,
27,ghz_nativegates_ibm_qiskit_opt3_40,,,,,,,,,,,,,,,1.0,2.0,8,1.3150000000000005e-05,0.9523227512471041,6.500000000000001e-06,0.30989599050435546,,,,,,,
28,ghz_nativegates_ibm_qiskit_opt3_40,1.0,2.0,8.0,1.2000000000000004e-05,0.9523227512471041,7.650000000000001e-06,0.3083823529411765,,,,,,,,,,,,,,,,,,,,,
33,ghz_nativegates_ibm_qiskit_opt3_40,,,,,,,,,,,,,,,1.0,2.0,8,1.6150000000000003e-05,0.9523227512471042,3.4999999999999995e-06,0.33416596303593216,,,,,,,
13,ghz_nativegates_ibm_qiskit_opt3_40,,,,,,,,,,,,,,,,,,,,,,3.0,4.0,40,6.15e-06,0.950419077079545,1.5e-06,0.14659333126103216
38,ghz_nativegates_ibm_qiskit_opt3_40,,,,,,,,1.0,2.0,8,1.8649999999999996e-05,0.9523227512471042,1e-06,0.44177131837637,,,,,,,,,,,,,,
38,ghz_nativegates_ibm_qiskit_opt3_40,,,,,,,,,,,,,,,1.0,2.0,8,1.8649999999999996e-05,0.9523227512471042,1e-06,0.44177131837637,,,,,,,
38,ghz_nativegates_ibm_qiskit_opt3_40,1.0,2.0,8.0,1.2000000000000004e-05,0.9523227512471041,7.650000000000001e-06,0.3083823529411765,,,,,,,,,,,,,,,,,,,,,
13,ghz_nativegates_ibm_qiskit_opt3_40,3.0,4.0,40.0,6.000000000000001e-06,0.9504190770795448,3.6499999999999994e-06,0.12931375131717593,,,,,,,,,,,,,,,,,,,,,
18,ghz_nativegates_ibm_qiskit_opt3_40,,,,,,,,,,,,,,,,,,,,,,2.0,3.0,24,8.650000000000002e-06,0.9513704380114643,2.4999999999999998e-06,0.20861580912961764
33,ghz_nativegates_ibm_qiskit_opt3_40,1.0,2.0,8.0,1.2000000000000004e-05,0.9523227512471041,7.650000000000001e-06,0.3083823529411765,,,,,,,,,,,,,,,,,,,,,
18,ghz_nativegates_ibm_qiskit_opt3_40,2.0,3.0,24.0,8.500000000000002e-06,0.9513704380114641,5e-06,0.1927814732692781,,,,,,,,,,,,,,,,,,,,,
33,ghz_nativegates_ibm_qiskit_opt3_40,,,,,,,,,,,,,,,,,,,,,,1.0,2.0,8,1.6150000000000003e-05,0.9523227512471042,3.4999999999999995e-06,0.33416596303593216
16,ghz_nativegates_ibm_qiskit_opt3_40,,,,,,,,2.0,3.0,24,7.650000000000001e-06,0.9513704380114643,4.5e-06,0.1927389705882352,,,,,,,,,,,,,,
27,ghz_nativegates_ibm_qiskit_opt3_40,,,,,,,,1.0,2.0,8,1.3150000000000005e-05,0.9523227512471041,6.500000000000001e-06,0.30989599050435546,,,,,,,,,,,,,,
33,ghz_nativegates_ibm_qiskit_opt3_40,,,,,,,,1.0,2.0,8,1.6150000000000003e-05,0.9523227512471042,3.4999999999999995e-06,0.33416596303593216,,,,,,,,,,,,,,
28,ghz_nativegates_ibm_qiskit_opt3_40,,,,,,,,,,,,,,,1.0,2.0,8,1.3650000000000005e-05,0.9523227512471041,6.000000000000001e-06,0.31200941915227615,,,,,,,
10,ghz_nativegates_ibm_qiskit_opt3_40,,,,,,,,4.0,5.0,52,4.6499999999999995e-06,0.9494686674990511,1.5e-06,0.09929032258064516,,,,,,,,,,,,,,
10,ghz_nativegates_ibm_qiskit_opt3_40,,,,,,,,,,,,,,,,,,,,,,4.0,5.0,52,4.6499999999999995e-06,0.9494686674990511,1.5e-06,0.09929032258064516
27,ghz_nativegates_ibm_qiskit_opt3_40,1.0,2.0,8.0,1.2000000000000004e-05,0.9523227512471041,7.650000000000001e-06,0.3083823529411765,,,,,,,,,,,,,,,,,,,,,
27,ghz_nativegates_ibm_qiskit_opt3_40,,,,,,,,,,,,,,,,,,,,,,1.0,2.0,8,1.3150000000000005e-05,0.9523227512471041,6.500000000000001e-06,0.30989599050435546
13,ghz_nativegates_ibm_qiskit_opt3_40,,,,,,,,,,,,,,,3.0,4.0,40,6.15e-06,0.950419077079545,1.5e-06,0.14659333126103216,,,,,,,
23,ghz_nativegates_ibm_qiskit_opt3_40,,,,,,,,1.0,2.0,8,1.1150000000000003e-05,0.9523227512471041,8.500000000000002e-06,0.305344338294231,,,,,,,,,,,,,,
16,ghz_nativegates_ibm_qiskit_opt3_40,,,,,,,,,,,,,,,,,,,,,,2.0,3.0,24,7.650000000000001e-06,0.9513704380114643,4.5e-06,0.1927389705882352
23,ghz_nativegates_ibm_qiskit_opt3_40,,,,,,,,,,,,,,,,,,,,,,1.0,2.0,8,1.1150000000000003e-05,0.9523227512471041,8.500000000000002e-06,0.305344338294231
18,ghz_nativegates_ibm_qiskit_opt3_40,,,,,,,,2.0,3.0,24,8.650000000000002e-06,0.9513704380114643,2.4999999999999998e-06,0.20861580912961764,,,,,,,,,,,,,,
16,graphstate_nativegates_ibm_qiskit_opt3_94,,,,,,,,,,,,,,,,,,,,,,6.0,7.0,49,3.249999999999999e-06,0.8854383534035504,1.9499999999999995e-06,0.08121795633233202
50,graphstate_nativegates_ibm_qiskit_opt3_94,2.0,2.0,32.0,3.249999999999999e-06,0.8889889327024459,2.749999999999999e-06,0.3446413768602218,,,,,,,,,,,,,,,,,,,,,
50,graphstate_nativegates_ibm_qiskit_opt3_94,,,,,,,,2.0,3.0,33,3.249999999999999e-06,0.8889889327024462,2.5999999999999992e-06,0.20352464247619573,,,,,,,,,,,,,,
65,graphstate_nativegates_ibm_qiskit_opt3_94,2.0,2.0,32.0,3.249999999999999e-06,0.888988932702446,2.749999999999999e-06,0.35702112572741934,,,,,,,,,,,,,,,,,,,,,
27,graphstate_nativegates_ibm_qiskit_opt3_94,,,,,,,,,,,,,,,5.0,6.0,49,3.249999999999999e-06,0.8863246665567611,2.4499999999999994e-06,0.07247787550375484,,,,,,,
16,graphstate_nativegates_ibm_qiskit_opt3_94,,,,,,,,,,,,,,,6.0,7.0,49,3.249999999999999e-06,0.8854383534035507,1.9499999999999995e-06,0.06597724398041462,,,,,,,
65,graphstate_nativegates_ibm_qiskit_opt3_94,,,,,,,,,,,,,,,,,,,,,,3.0,2.0,49,2.749999999999999e-06,0.8880999553176993,6.499999999999999e-07,0.24929873018708645
65,graphstate_nativegates_ibm_qiskit_opt3_94,,,,,,,,3.0,2.0,49,2.749999999999999e-06,0.8880999553176993,6.499999999999999e-07,0.24929873018708645,,,,,,,,,,,,,,
50,graphstate_nativegates_ibm_qiskit_opt3_94,,,,,,,,,,,,,,,,,,,,,,2.0,3.0,33,3.249999999999999e-06,0.8889889327024463,2.5999999999999992e-06,0.232575207771311
16,graphstate_nativegates_ibm_qiskit_opt3_94,,,,,,,,6.0,7.0,49,3.249999999999999e-06,0.8854383534035505,2.0999999999999994e-06,0.07066715706211929,,,,,,,,,,,,,,
65,graphstate_nativegates_ibm_qiskit_opt3_94,,,,,,,,,,,,,,,2.0,2.0,33,3.249999999999999e-06,0.8889889327024463,2.5999999999999992e-06,0.24396658779921992,,,,,,,
27,graphstate_nativegates_ibm_qiskit_opt3_94,,,,,,,,4.0,5.0,49,2.5999999999999992e-06,0.8872118668987887,2.4499999999999994e-06,0.12762683675774625,,,,,,,,,,,,,,
27,graphstate_nativegates_ibm_qiskit_opt3_94,,,,,,,,,,,,,,,,,,,,,,4.0,5.0,49,2.5999999999999992e-06,0.8872118668987885,2.4499999999999994e-06,0.12237149770059182
50,graphstate_nativegates_ibm_qiskit_opt3_94,,,,,,,,,,,,,,,2.0,3.0,33,3.249999999999999e-06,0.8889889327024463,2.5999999999999992e-06,0.232575207771311,,,,,,,
27,graphstate_nativegates_ibm_qiskit_opt3_94,4.0,4.0,48.0,3.249999999999999e-06,0.8872118670762712,2.5999999999999992e-06,0.11170745665103296,,,,,,,,,,,,,,,,,,,,,
65,wstate_indep_qiskit_108,2.0,2.0,32.0,3.3499999999999994e-05,0.8564028736770786,2.6849999999999995e-05,0.2859387763563913,,,,,,,,,,,,,,,,,,,,,
106,wstate_indep_qiskit_108,,,,,,,,,,,,,,,2.0,2.0,32,5.8249999999999986e-05,0.856402873677079,2.1e-06,0.4263601930366446,,,,,,,
27,wstate_indep_qiskit_108,,,,,,,,,,,,,,,8.0,5.0,256,1.4800000000000002e-05,0.8512774590964537,4.2999999999999995e-06,0.07301990185222287,,,,,,,
65,wstate_indep_qiskit_108,,,,,,,,,,,,,,,,,,,,,,2.0,2.0,32,3.5699999999999994e-05,0.8564028736770787,2.4649999999999996e-05,0.28611006435132447
50,wstate_indep_qiskit_108,4.0,3.0,288.0,2.4099999999999996e-05,0.8546909808514068,1.7e-05,0.16874065894266538,,,,,,,,,,,,,,,,,,,,,
101,wstate_indep_qiskit_108,,,,,,,,2.0,2.0,32,5.549999999999999e-05,0.8564028736770789,4.85e-06,0.343298080156302,,,,,,,,,,,,,,
50,wstate_indep_qiskit_108,,,,,,,,,,,,,,,,,,,,,,4.0,3.0,256,2.7449999999999996e-05,0.8546909824760022,6.500000000000002e-06,0.1823947251299969
27,wstate_indep_qiskit_108,8.0,5.0,288.0,1.4250000000000002e-05,0.851277457478347,1.0950000000000004e-05,0.06628814404089169,,,,,,,,,,,,,,,,,,,,,
50,wstate_indep_qiskit_108,,,,,,,,,,,,,,,4.0,3.0,256,2.7449999999999996e-05,0.8546909824760022,6.500000000000002e-06,0.1823947251299969,,,,,,,
65,wstate_indep_qiskit_108,,,,,,,,2.0,2.0,32,3.5699999999999994e-05,0.8564028736770787,2.4649999999999996e-05,0.28611006435132447,,,,,,,,,,,,,,
106,wstate_indep_qiskit_108,,,,,,,,,,,,,,,,,,,,,,2.0,2.0,32,5.8249999999999986e-05,0.856402873677079,2.1e-06,0.4263601930366446
50,wstate_indep_qiskit_108,,,,,,,,4.0,3.0,256,2.7449999999999996e-05,0.8546909824760022,6.500000000000002e-06,0.1823947251299969,,,,,,,,,,,,,,
65,wstate_indep_qiskit_108,,,,,,,,,,,,,,,2.0,2.0,32,3.5699999999999994e-05,0.8564028736770787,2.4649999999999996e-05,0.28611006435132447,,,,,,,
101,wstate_indep_qiskit_108,,,,,,,,,,,,,,,2.0,2.0,32,5.549999999999999e-05,0.8564028736770789,4.85e-06,0.343298080156302,,,,,,,
101,wstate_indep_qiskit_108,2.0,2.0,32.0,3.679999999999999e-05,0.8564028736770787,2.3549999999999996e-05,0.28634381278161575,,,,,,,,,,,,,,,,,,,,,
101,wstate_indep_qiskit_108,,,,,,,,,,,,,,,,,,,,,,2.0,2.0,32,5.549999999999999e-05,0.8564028736770789,4.85e-06,0.343298080156302
106,wstate_indep_qiskit_108,2.0,2.0,32.0,3.289999999999999e-05,0.8564028736770787,2.7449999999999996e-05,0.2873776775679462,,,,,,,,,,,,,,,,,,,,,
27,wstate_indep_qiskit_108,,,,,,,,,,,,,,,,,,,,,,8.0,5.0,256,1.4800000000000002e-05,0.8512774590964537,4.2999999999999995e-06,0.07301990185222287
27,wstate_indep_qiskit_108,,,,,,,,8.0,5.0,256,1.4800000000000002e-05,0.8512774590964537,4.2999999999999995e-06,0.07301990185222287,,,,,,,,,,,,,,
106,wstate_indep_qiskit_108,,,,,,,,2.0,2.0,32,5.8249999999999986e-05,0.856402873677079,2.1e-06,0.4263601930366446,,,,,,,,,,,,,,
16,realamprandom_nativegates_ibm_qiskit_opt3_29,,,,,,,,,,,,,,,,,,,,,,202.0,15.0,4294967296,1.4700000000000005e-05,0.6190897131485109,5.200000000000002e-06,0.01096810734823123
27,realamprandom_nativegates_ibm_qiskit_opt3_29,,,,,,,,,,,,,,,87.0,5.0,18014398509481984,2.5699999999999978e-05,0.6944698370302584,6.2000000000000025e-06,0.25479796719049747,,,,,,,
16,realamprandom_nativegates_ibm_qiskit_opt3_29,,,,,,,,202.0,15.0,4294967296,1.4700000000000005e-05,0.6190918728708807,7.500000000000002e-06,0.012016139261392214,,,,,,,,,,,,,,
16,realamprandom_nativegates_ibm_qiskit_opt3_29,,,,,,,,,,,,,,,202.0,15.0,4294967296,1.4700000000000005e-05,0.6190897131485109,5.200000000000002e-06,0.01096810734823123,,,,,,,
27,realamprandom_nativegates_ibm_qiskit_opt3_29,,,,,,,,87.0,5.0,18014398509481984,2.5699999999999978e-05,0.6944698370302584,6.2000000000000025e-06,0.25479796719049747,,,,,,,,,,,,,,
27,realamprandom_nativegates_ibm_qiskit_opt3_29,,,,,,,,,,,,,,,,,,,,,,87.0,5.0,18014398509481984,2.5699999999999978e-05,0.6944698370302584,6.2000000000000025e-06,0.25479796719049747
10,e_indep_qiskit_16,,,,,,,,,,,,,,,,,,,,,,39.0,6.0,1048576,1.4200000000000006e-05,0.9206745449741391,2.5499999999999997e-06,0.11389080075535515
5,e_indep_qiskit_16,,,,,,,,,,,,,,,79.0,19.0,1024,5.900000000000001e-06,0.8845620950050573,2e-06,0.00916702218843018,,,,,,,
10,e_indep_qiskit_16,,,,,,,,,,,,,,,39.0,6.0,1048576,1.4200000000000006e-05,0.9206745449741391,2.5499999999999997e-06,0.11389080075535515,,,,,,,
10,e_indep_qiskit_16,,,,,,,,30.0,5.0,1048576,1.4200000000000006e-05,0.9290016323800172,2.4999999999999998e-06,0.19337418066815498,,,,,,,,,,,,,,
5,e_indep_qiskit_16,,,,,,,,79.0,19.0,1024,5.900000000000001e-06,0.8845620950050573,2e-06,0.00916702218843018,,,,,,,,,,,,,,
5,e_indep_qiskit_16,,,,,,,,,,,,,,,,,,,,,,79.0,19.0,1024,5.900000000000001e-06,0.8845620950050573,2e-06,0.00916702218843018
27,e_indep_qiskit_29,,,,,,,,55.0,4.0,18014398509481984,2.865e-05,0.8419125398383193,1.55e-06,0.2019439304811269,,,,,,,,,,,,,,
10,e_indep_qiskit_29,,,,,,,,139.0,17.0,1048576,9.950000000000003e-06,0.774107839046781,4e-06,0.0038432792264797896,,,,,,,,,,,,,,
16,e_indep_qiskit_29,,,,,,,,72.0,7.0,4294967296,2.7899999999999967e-05,0.8277571025639859,5.050000000000001e-06,0.10270120514940653,,,,,,,,,,,,,,
27,e_indep_qiskit_29,,,,,,,,,,,,,,,,,,,,,,55.0,4.0,18014398509481984,2.865e-05,0.8419125398383193,1.55e-06,0.2019439304811269
16,e_indep_qiskit_29,,,,,,,,,,,,,,,72.0,7.0,4294967296,2.7899999999999967e-05,0.827758011488346,4.5500000000000005e-06,0.1132720572236475,,,,,,,
10,e_indep_qiskit_29,,,,,,,,,,,,,,,,,,,,,,139.0,17.0,1048576,9.950000000000003e-06,0.774107839046781,4e-06,0.0038432792264797896
16,e_indep_qiskit_29,,,,,,,,,,,,,,,,,,,,,,72.0,7.0,4294967296,2.7899999999999967e-05,0.827758011488346,4.5500000000000005e-06,0.1132720572236475
27,e_indep_qiskit_29,,,,,,,,,,,,,,,55.0,4.0,18014398509481984,2.865e-05,0.8419125398383193,1.55e-06,0.2019439304811269,,,,,,,
10,e_indep_qiskit_29,,,,,,,,,,,,,,,139.0,17.0,1048576,9.950000000000003e-06,0.774107839046781,4e-06,0.0038432792264797896,,,,,,,
27,wstate_indep_qiskit_106,8.0,5.0,288.0,1.3700000000000003e-05,0.8536995233994115,1.0950000000000004e-05,0.06737933929855798,,,,,,,,,,,,,,,,,,,,,
50,wstate_indep_qiskit_106,,,,,,,,,,,,,,,,,,,,,,4.0,3.0,256,2.7449999999999996e-05,0.8571227638621327,5.400000000000001e-06,0.18892607337587247
27,wstate_indep_qiskit_106,,,,,,,,,,,,,,,8.0,5.0,256,1.4800000000000002e-05,0.8536995282675434,3.1999999999999994e-06,0.0785529073741426,,,,,,,
65,wstate_indep_qiskit_106,,,,,,,,2.0,2.0,32,3.5699999999999994e-05,0.8588395257653029,2.3549999999999996e-05,0.2869193965885525,,,,,,,,,,,,,,
50,wstate_indep_qiskit_106,,,,,,,,,,,,,,,4.0,3.0,256,2.7449999999999996e-05,0.8571227638621327,5.400000000000001e-06,0.18892607337587247,,,,,,,
50,wstate_indep_qiskit_106,4.0,3.0,272.0,2.2999999999999997e-05,0.8571227638621324,1.4800000000000002e-05,0.17142915437219844,,,,,,,,,,,,,,,,,,,,,
65,wstate_indep_qiskit_106,,,,,,,,,,,,,,,,,,,,,,2.0,2.0,32,3.5699999999999994e-05,0.8588395257653029,2.3549999999999996e-05,0.2869193965885525
65,wstate_indep_qiskit_106,2.0,2.0,32.0,3.454999999999999e-05,0.8588395257653028,2.4699999999999997e-05,0.2894173973159427,,,,,,,,,,,,,,,,,,,,,
27,wstate_indep_qiskit_106,,,,,,,,,,,,,,,,,,,,,,8.0,5.0,256,1.4800000000000002e-05,0.8536995282675434,3.1999999999999994e-06,0.0785529073741426
65,wstate_indep_qiskit_106,,,,,,,,,,,,,,,2.0,2.0,32,3.5699999999999994e-05,0.8588395257653029,2.3549999999999996e-05,0.2869193965885525,,,,,,,
50,wstate_indep_qiskit_106,,,,,,,,4.0,3.0,256,2.7449999999999996e-05,0.8571227638621327,5.400000000000001e-06,0.18892607337587247,,,,,,,,,,,,,,
27,wstate_indep_qiskit_106,,,,,,,,8.0,5.0,256,1.4800000000000002e-05,0.8536995282675434,3.1999999999999994e-06,0.0785529073741426,,,,,,,,,,,,,,
5,peexact_indep_qiskit_6,,,,,,,,,,,,,,,,,,,,,,9.0,3.0,1024,3.5999999999999994e-06,0.9818487382291856,1.55e-06,0.41312667191188046
5,peexact_indep_qiskit_6,,,,,,,,9.0,3.0,1024,3.5999999999999994e-06,0.9818487382291856,1.55e-06,0.41312667191188046,,,,,,,,,,,,,,
5,peexact_indep_qiskit_6,9.0,3.0,1024.0,3.5499999999999995e-06,0.9818488316521302,1.55e-06,0.37745343025897315,,,,,,,,,,,,,,,,,,,,,
5,peexact_indep_qiskit_6,,,,,,,,,,,,,,,9.0,3.0,1024,3.5999999999999994e-06,0.9818487382291856,1.55e-06,0.41312667191188046,,,,,,,
5,ghz_nativegates_ibm_qiskit_opt3_22,5.0,6.0,52.0,2.1499999999999997e-06,0.9692391734700593,1.5e-06,0.1490297965116279,,,,,,,,,,,,,,,,,,,,,
10,ghz_nativegates_ibm_qiskit_opt3_22,,,,,,,,,,,,,,,,,,,,,,2.0,3.0,24,4.6499999999999995e-06,0.9721526869620463,1.5e-06,0.2758064516129033
16,ghz_nativegates_ibm_qiskit_opt3_22,,,,,,,,,,,,,,,,,,,,,,1.0,2.0,8,7.650000000000001e-06,0.9731258030416164,2.9999999999999997e-06,0.3671218487394958
10,ghz_nativegates_ibm_qiskit_opt3_22,,,,,,,,2.0,3.0,24,4.6499999999999995e-06,0.9721526869620463,1.5e-06,0.2758064516129033,,,,,,,,,,,,,,
5,ghz_nativegates_ibm_qiskit_opt3_22,,,,,,,,5.0,6.0,52,2.1499999999999997e-06,0.9692391734700592,5e-07,0.17309534883720934,,,,,,,,,,,,,,
16,ghz_nativegates_ibm_qiskit_opt3_22,,,,,,,,1.0,2.0,8,7.650000000000001e-06,0.9731258030416164,2.9999999999999997e-06,0.3671218487394958,,,,,,,,,,,,,,
5,ghz_nativegates_ibm_qiskit_opt3_22,,,,,,,,,,,,,,,5.0,6.0,52,2.1499999999999997e-06,0.9692391734700592,5e-07,0.17309534883720934,,,,,,,
16,ghz_nativegates_ibm_qiskit_opt3_22,,,,,,,,,,,,,,,1.0,2.0,8,7.650000000000001e-06,0.9731258030416164,2.9999999999999997e-06,0.3671218487394958,,,,,,,
5,ghz_nativegates_ibm_qiskit_opt3_22,,,,,,,,,,,,,,,,,,,,,,5.0,6.0,52,2.1499999999999997e-06,0.9692391734700592,5e-07,0.17309534883720934
10,ghz_nativegates_ibm_qiskit_opt3_22,,,,,,,,,,,,,,,2.0,3.0,24,4.6499999999999995e-06,0.9721526869620463,1.5e-06,0.2758064516129033,,,,,,,
10,ghz_nativegates_ibm_qiskit_opt3_22,2.0,3.0,24.0,4e-06,0.9721526869620459,2.6499999999999996e-06,0.2560175479462691,,,,,,,,,,,,,,,,,,,,,
16,ghz_nativegates_ibm_qiskit_opt3_22,1.0,2.0,8.0,6.650000000000001e-06,0.9731258030416163,4e-06,0.3551139754147272,,,,,,,,,,,,,,,,,,,,,
27,realamprandom_nativegates_ibm_qiskit_opt3_42,,,,,,,,,,,,,,,238.0,11.0,18014398509481984,2.5899999999999982e-05,0.44752320165968684,6.700000000000003e-06,0.04629716337838392,,,,,,,
27,realamprandom_nativegates_ibm_qiskit_opt3_42,,,,,,,,238.0,11.0,18014398509481984,2.5899999999999982e-05,0.44752320165968684,6.700000000000003e-06,0.04629716337838392,,,,,,,,,,,,,,
27,realamprandom_nativegates_ibm_qiskit_opt3_42,,,,,,,,,,,,,,,,,,,,,,238.0,11.0,18014398509481984,2.5899999999999982e-05,0.44752320165968684,6.700000000000003e-06,0.04629716337838392
10,ghz_nativegates_ibm_qiskit_opt3_25,2.0,3.0,24.0,4.5e-06,0.9686577172013793,3.4999999999999995e-06,0.23443775100401607,,,,,,,,,,,,,,,,,,,,,
16,ghz_nativegates_ibm_qiskit_opt3_25,1.0,2.0,8.0,7.650000000000001e-06,0.9696273348477125,4.5e-06,0.34264705882352936,,,,,,,,,,,,,,,,,,,,,
5,ghz_nativegates_ibm_qiskit_opt3_25,,,,,,,,,,,,,,,,,,,,,,5.0,6.0,52,2.1499999999999997e-06,0.9657546780327046,2e-06,0.12116674418604655
16,ghz_nativegates_ibm_qiskit_opt3_25,,,,,,,,,,,,,,,1.0,2.0,8,7.650000000000001e-06,0.9696273348477125,4.5e-06,0.34264705882352936,,,,,,,
5,ghz_nativegates_ibm_qiskit_opt3_25,,,,,,,,,,,,,,,5.0,6.0,52,2.1499999999999997e-06,0.9657546780327046,2e-06,0.12116674418604655,,,,,,,
10,ghz_nativegates_ibm_qiskit_opt3_25,,,,,,,,,,,,,,,2.0,3.0,24,4.6499999999999995e-06,0.9686577172013794,2.9999999999999997e-06,0.2364055299539171,,,,,,,
16,ghz_nativegates_ibm_qiskit_opt3_25,,,,,,,,,,,,,,,,,,,,,,1.0,2.0,8,7.650000000000001e-06,0.9696273348477125,4.5e-06,0.34264705882352936
10,ghz_nativegates_ibm_qiskit_opt3_25,,,,,,,,2.0,3.0,24,4.6499999999999995e-06,0.9686577172013794,2.9999999999999997e-06,0.2364055299539171,,,,,,,,,,,,,,
10,ghz_nativegates_ibm_qiskit_opt3_25,,,,,,,,,,,,,,,,,,,,,,2.0,3.0,24,4.6499999999999995e-06,0.9686577172013794,2.9999999999999997e-06,0.2364055299539171
16,ghz_nativegates_ibm_qiskit_opt3_25,,,,,,,,1.0,2.0,8,7.650000000000001e-06,0.9696273348477125,4.5e-06,0.34264705882352936,,,,,,,,,,,,,,
5,ghz_nativegates_ibm_qiskit_opt3_25,,,,,,,,5.0,6.0,52,2.1499999999999997e-06,0.9657546780327046,2e-06,0.12116674418604655,,,,,,,,,,,,,,
5,ghz_nativegates_ibm_qiskit_opt3_25,6.0,7.0,52.0,2.1499999999999997e-06,0.964788933004491,1.5e-06,0.11177234738372092,,,,,,,,,,,,,,,,,,,,,
27,e_indep_qiskit_42,,,,,,,,108.0,6.0,18014398509481984,4.1099999999999935e-05,0.7172523482985118,7.050000000000002e-06,0.0714560537121514,,,,,,,,,,,,,,
16,e_indep_qiskit_42,,,,,,,,195.0,15.0,4294967296,2.5699999999999978e-05,0.6575253168264744,1.05e-06,0.0032963335418146503,,,,,,,,,,,,,,
27,e_indep_qiskit_42,,,,,,,,,,,,,,,,,,,,,,108.0,6.0,18014398509481984,4.1099999999999935e-05,0.7172523482985118,7.050000000000002e-06,0.0714560537121514
16,e_indep_qiskit_42,,,,,,,,,,,,,,,,,,,,,,195.0,15.0,4294967296,2.5699999999999978e-05,0.6575253168264744,1.05e-06,0.0032963335418146503
16,e_indep_qiskit_42,,,,,,,,,,,,,,,195.0,15.0,4294967296,2.5699999999999978e-05,0.6575253168264744,1.05e-06,0.0032963335418146503,,,,,,,
27,e_indep_qiskit_42,,,,,,,,,,,,,,,108.0,6.0,18014398509481984,4.1099999999999935e-05,0.7172523482985118,7.050000000000002e-06,0.0714560537121514,,,,,,,
5,gan_indep_qiskit_6,,,,,,,,6.0,3.0,1024,3.5499999999999995e-06,0.9849872867525458,5.5e-07,0.5896042924211938,,,,,,,,,,,,,,
5,gan_indep_qiskit_6,,,,,,,,,,,,,,,,,,,,,,6.0,3.0,1024,3.5499999999999995e-06,0.9849872867525458,5.5e-07,0.5896042924211938
5,gan_indep_qiskit_6,,,,,,,,,,,,,,,6.0,3.0,1024,3.5499999999999995e-06,0.9849872867525458,5.5e-07,0.5896042924211938,,,,,,,
5,gan_indep_qiskit_6,8.0,3.0,1024.0,2.1e-06,0.9830184584561191,1.55e-06,0.4428009441384737,,,,,,,,,,,,,,,,,,,,,
10,ghz_nativegates_ibm_qiskit_opt3_13,,,,,,,,,,,,,,,1.0,2.0,8,4.6499999999999995e-06,0.983697125942519,1.5e-06,0.4596774193548388,,,,,,,
5,ghz_nativegates_ibm_qiskit_opt3_13,2.0,3.0,24.0,2.1499999999999997e-06,0.9827134386456765,2e-06,0.3532558139534884,,,,,,,,,,,,,,,,,,,,,
5,ghz_nativegates_ibm_qiskit_opt3_13,,,,,,,,,,,,,,,2.0,3.0,24,2.1499999999999997e-06,0.9827134386456765,2e-06,0.3532558139534884,,,,,,,
5,ghz_nativegates_ibm_qiskit_opt3_13,,,,,,,,,,,,,,,,,,,,,,2.0,3.0,24,2.1499999999999997e-06,0.9827134386456765,2e-06,0.3532558139534884
5,ghz_nativegates_ibm_qiskit_opt3_13,,,,,,,,2.0,3.0,24,2.1499999999999997e-06,0.9827134386456765,2e-06,0.3532558139534884,,,,,,,,,,,,,,
10,ghz_nativegates_ibm_qiskit_opt3_13,1.0,2.0,8.0,3.6499999999999994e-06,0.9836971259425191,2.4999999999999998e-06,0.42694063926940645,,,,,,,,,,,,,,,,,,,,,
10,ghz_nativegates_ibm_qiskit_opt3_13,,,,,,,,1.0,2.0,8,4.6499999999999995e-06,0.983697125942519,1.5e-06,0.4596774193548388,,,,,,,,,,,,,,
10,ghz_nativegates_ibm_qiskit_opt3_13,,,,,,,,,,,,,,,,,,,,,,1.0,2.0,8,4.6499999999999995e-06,0.983697125942519,1.5e-06,0.4596774193548388
50,e_indep_qiskit_80,,,,,,,,,,,,,,,,,,,,,,203.0,6.0,1267650600228229401496703205376,8.059999999999987e-05,0.3924279948874359,1.8549999999999997e-05,0.07738742623037019
65,e_indep_qiskit_80,,,,,,,,,,,,,,,,,,,,,,144.0,4.0,1361129467683753853853498429727072845824,7.909999999999984e-05,0.4161087980570242,2.104999999999999e-05,0.19221893986129063
50,e_indep_qiskit_80,,,,,,,,,,,,,,,203.0,6.0,1267650600228229401496703205376,8.059999999999987e-05,0.3924279948874359,1.8549999999999997e-05,0.07738742623037019,,,,,,,
65,e_indep_qiskit_80,,,,,,,,144.0,4.0,1361129467683753853853498429727072845824,7.909999999999984e-05,0.4161087980570242,2.104999999999999e-05,0.19221893986129063,,,,,,,,,,,,,,
65,e_indep_qiskit_80,,,,,,,,,,,,,,,144.0,4.0,1361129467683753853853498429727072845824,7.909999999999984e-05,0.4161087980570242,2.104999999999999e-05,0.19221893986129063,,,,,,,
50,e_indep_qiskit_80,,,,,,,,208.0,6.0,1267650600228229401496703205376,8.059999999999987e-05,0.3904661851391325,5.050000000000001e-06,0.061340755258936876,,,,,,,,,,,,,,
65,graphstate_indep_qiskit_129,,,,,,,,2.0,3.0,33,3.0499999999999996e-06,0.8537145714368621,2.5499999999999997e-06,0.21200010220133467,,,,,,,,,,,,,,
127,graphstate_indep_qiskit_129,,,,,,,,,,,,,,,0.0,2.0,2,3.0499999999999996e-06,0.855424546319289,3.0499999999999996e-06,0.2783438185777677,,,,,,,
27,graphstate_indep_qiskit_129,,,,,,,,,,,,,,,,,,,,,,6.0,6.0,48,3.0499999999999996e-06,0.8503048694458102,2.05e-06,0.08122011275823635
50,graphstate_indep_qiskit_129,,,,,,,,4.0,3.0,48,3.0499999999999996e-06,0.8520080147566726,2.5499999999999997e-06,0.13069116413509843,,,,,,,,,,,,,,
50,graphstate_indep_qiskit_129,,,,,,,,,,,,,,,,,,,,,,4.0,3.0,48,3.0499999999999996e-06,0.8520080147566729,2.05e-06,0.13133652434430107
27,graphstate_indep_qiskit_129,,,,,,,,6.0,6.0,48,3.0499999999999996e-06,0.8503048694458105,2.05e-06,0.0691602061928996,,,,,,,,,,,,,,
27,graphstate_indep_qiskit_129,6.0,5.0,288.0,3.0499999999999996e-06,0.8503048694458102,2.05e-06,0.07272707824115378,,,,,,,,,,,,,,,,,,,,,
127,graphstate_indep_qiskit_129,,,,,,,,,,,,,,,,,,,,,,0.0,2.0,2,3.0499999999999996e-06,0.855424546319289,3.0499999999999996e-06,0.2783438185777677
65,graphstate_indep_qiskit_129,3.0,3.0,48.0,3.0499999999999996e-06,0.8528608662488651,2.5499999999999997e-06,0.16931445998200922,,,,,,,,,,,,,,,,,,,,,
27,graphstate_indep_qiskit_129,,,,,,,,,,,,,,,6.0,6.0,48,3.0499999999999996e-06,0.8503048694458103,2.05e-06,0.07068231453278992,,,,,,,
50,graphstate_indep_qiskit_129,,,,,,,,,,,,,,,4.0,3.0,48,3.0499999999999996e-06,0.8520080147566729,2.05e-06,0.13133652434430107,,,,,,,
50,graphstate_indep_qiskit_129,4.0,3.0,256.0,3.0499999999999996e-06,0.8520080147566732,2.5499999999999997e-06,0.18725186669094868,,,,,,,,,,,,,,,,,,,,,
127,graphstate_indep_qiskit_129,,,,,,,,0.0,2.0,2,3.0499999999999996e-06,0.855424546319289,3.0499999999999996e-06,0.2783438185777677,,,,,,,,,,,,,,
65,graphstate_indep_qiskit_129,,,,,,,,,,,,,,,,,,,,,,2.0,3.0,33,3.0499999999999996e-06,0.8537145714368624,2.5499999999999997e-06,0.1865038919286294
65,graphstate_indep_qiskit_129,,,,,,,,,,,,,,,2.0,3.0,33,3.0499999999999996e-06,0.8537145714368624,2.5499999999999997e-06,0.1865038919286294,,,,,,,
5,wstate_nativegates_ibm_qiskit_opt3_9,,,,,,,,,,,,,,,4.0,3.0,256,3.099999999999999e-06,0.9834414915625835,1.6499999999999999e-06,0.6218477068246652,,,,,,,
5,wstate_nativegates_ibm_qiskit_opt3_9,,,,,,,,,,,,,,,,,,,,,,4.0,3.0,256,3.099999999999999e-06,0.9834414915625835,1.6499999999999999e-06,0.6218477068246652
5,wstate_nativegates_ibm_qiskit_opt3_9,4.0,3.0,272.0,2.4499999999999994e-06,0.9834414886109014,2.2999999999999996e-06,0.5921615540626192,,,,,,,,,,,,,,,,,,,,,
5,wstate_nativegates_ibm_qiskit_opt3_9,,,,,,,,4.0,3.0,256,3.099999999999999e-06,0.9834414915625835,1.6499999999999999e-06,0.6218477068246652,,,,,,,,,,,,,,
