qpu_width,name,mip_num_cuts,mip_subcircuits_num,mip_DataFlux,mip_Latency,mip_Fidelity,basic_num_cuts,basic_subcircuits_num,basic_DataFlux,basic_Latency,basic_Fidelity,error_num_cuts,error_subcircuits_num,error_DataFlux,error_Latency,error_Fidelity,latency_num_cuts,latency_subcircuits_num,latency_DataFlux,latency_Latency,latency_Fidelity
50,graphstate_nativegates_ibm_qiskit_opt3_84,2.0,2.0,32.0,3.3999999999999988e-06,0.8999957619414266,,,,,,,,,,,,,,,
50,graphstate_nativegates_ibm_qiskit_opt3_84,,,,,,3.0,2.0,48,2.9499999999999993e-06,0.8990957776905586,,,,,,,,,,
27,graphstate_nativegates_ibm_qiskit_opt3_84,,,,,,,,,,,4.0,4.0,48,3.3999999999999988e-06,0.8981966935921111,,,,,
27,graphstate_nativegates_ibm_qiskit_opt3_84,,,,,,,,,,,,,,,,4.0,4.0,48,3.3999999999999988e-06,0.8981966935921109
65,graphstate_nativegates_ibm_qiskit_opt3_84,2.0,2.0,32.0,3.3999999999999988e-06,0.899995761761386,,,,,,,,,,,,,,,
16,graphstate_nativegates_ibm_qiskit_opt3_84,,,,,,,,,,,8.0,7.0,48,3.3999999999999988e-06,0.8946093389364015,,,,,
65,graphstate_nativegates_ibm_qiskit_opt3_84,,,,,,2.0,2.0,32,3.249999999999999e-06,0.8999957617613862,,,,,,,,,,
16,graphstate_nativegates_ibm_qiskit_opt3_84,,,,,,8.0,7.0,48,3.249999999999999e-06,0.8946093389364016,,,,,,,,,,
65,graphstate_nativegates_ibm_qiskit_opt3_84,,,,,,,,,,,2.0,2.0,32,3.3999999999999988e-06,0.8999957617613863,,,,,
16,graphstate_nativegates_ibm_qiskit_opt3_84,,,,,,,,,,,,,,,,8.0,7.0,48,3.249999999999999e-06,0.8946093389364016
27,graphstate_nativegates_ibm_qiskit_opt3_84,,,,,,4.0,4.0,48,3.3999999999999988e-06,0.8981966935921109,,,,,,,,,,
50,graphstate_nativegates_ibm_qiskit_opt3_84,,,,,,,,,,,3.0,2.0,48,3.3999999999999988e-06,0.8990957776905587,,,,,
65,graphstate_nativegates_ibm_qiskit_opt3_84,,,,,,,,,,,,,,,,2.0,2.0,32,3.249999999999999e-06,0.8999957617613862
50,graphstate_nativegates_ibm_qiskit_opt3_84,,,,,,,,,,,,,,,,2.0,2.0,32,3.249999999999999e-06,0.8999957617613863
16,graphstate_nativegates_ibm_qiskit_opt3_84,6.0,6.0,48.0,3.3999999999999988e-06,0.8964012224306988,,,,,,,,,,,,,,,
27,graphstate_nativegates_ibm_qiskit_opt3_84,4.0,4.0,48.0,3.249999999999999e-06,0.898196693951472,,,,,,,,,,,,,,,
65,wstate_nativegates_ibm_qiskit_opt3_124,,,,,,,,,,,,,,,,2.0,2.0,32,4.210000000000008e-05,0.8330464088920861
50,wstate_nativegates_ibm_qiskit_opt3_124,,,,,,4.0,3.0,256,3.235000000000005e-05,0.8313812189888684,,,,,,,,,,
65,wstate_nativegates_ibm_qiskit_opt3_124,,,,,,,,,,,2.0,2.0,32,4.210000000000008e-05,0.8330464088920861,,,,,
27,wstate_nativegates_ibm_qiskit_opt3_124,,,,,,,,,,,8.0,5.0,256,1.7399999999999996e-05,0.8280608182537581,,,,,
27,wstate_nativegates_ibm_qiskit_opt3_124,,,,,,,,,,,,,,,,8.0,5.0,256,1.7399999999999996e-05,0.8280608182537581
27,wstate_nativegates_ibm_qiskit_opt3_124,,,,,,8.0,5.0,256,1.7399999999999996e-05,0.8280608182537581,,,,,,,,,,
50,wstate_nativegates_ibm_qiskit_opt3_124,,,,,,,,,,,4.0,3.0,256,3.235000000000005e-05,0.8313812189888684,,,,,
50,wstate_nativegates_ibm_qiskit_opt3_124,,,,,,,,,,,,,,,,4.0,3.0,256,3.235000000000005e-05,0.8313812189888684
65,wstate_nativegates_ibm_qiskit_opt3_124,,,,,,2.0,2.0,32,4.210000000000008e-05,0.8330464088920861,,,,,,,,,,
65,wstate_nativegates_ibm_qiskit_opt3_124,2.0,2.0,32.0,4.210000000000008e-05,0.8330464076419416,,,,,,,,,,,,,,,
27,realamprandom_nativegates_ibm_qiskit_opt3_30,,,,,,90.0,5.0,18014398509481984,2.5699999999999978e-05,0.6796449308256944,,,,,,,,,,
16,realamprandom_nativegates_ibm_qiskit_opt3_30,,,,,,,,,,,210.0,15.0,4294967296,1.4700000000000005e-05,0.6028538633490552,,,,,
16,realamprandom_nativegates_ibm_qiskit_opt3_30,,,,,,,,,,,,,,,,210.0,15.0,4294967296,1.4700000000000005e-05,0.6028538633490552
16,realamprandom_nativegates_ibm_qiskit_opt3_30,,,,,,210.0,15.0,4294967296,1.4700000000000005e-05,0.6028538633490552,,,,,,,,,,
27,realamprandom_nativegates_ibm_qiskit_opt3_30,,,,,,,,,,,,,,,,90.0,5.0,18014398509481984,2.5699999999999978e-05,0.6796449308256944
27,realamprandom_nativegates_ibm_qiskit_opt3_30,,,,,,,,,,,90.0,5.0,18014398509481984,2.5699999999999978e-05,0.6796449308256944,,,,,
5,dj_nativegates_ibm_qiskit_opt3_8,,,,,,1.0,2.0,8,2.2499999999999996e-06,0.9892732273393317,,,,,,,,,,
5,dj_nativegates_ibm_qiskit_opt3_8,1.0,2.0,8.0,2.2499999999999996e-06,0.9892732303093189,,,,,,,,,,,,,,,
5,dj_nativegates_ibm_qiskit_opt3_8,,,,,,,,,,,1.0,2.0,8,2.2499999999999996e-06,0.9892732273393317,,,,,
5,dj_nativegates_ibm_qiskit_opt3_8,,,,,,,,,,,,,,,,1.0,2.0,8,2.2499999999999996e-06,0.9892732273393317
27,peexact_nativegates_ibm_qiskit_opt3_52,,,,,,,,,,,131.0,7.0,18014398509481984,4.099999999999998e-05,0.5930086638033666,,,,,
16,peexact_nativegates_ibm_qiskit_opt3_52,,,,,,,,,,,,,,,,213.0,18.0,4294967296,2.5749999999999996e-05,0.5464397251548082
16,peexact_nativegates_ibm_qiskit_opt3_52,,,,,,,,,,,213.0,18.0,4294967296,2.5749999999999996e-05,0.5464397251548082,,,,,
50,peexact_nativegates_ibm_qiskit_opt3_52,,,,,,69.0,3.0,1267650600228229401496703205376,0.00010144999999999993,0.6307282939880666,,,,,,,,,,
27,peexact_nativegates_ibm_qiskit_opt3_52,,,,,,,,,,,,,,,,131.0,7.0,18014398509481984,4.099999999999998e-05,0.5930086638033666
50,peexact_nativegates_ibm_qiskit_opt3_52,,,,,,,,,,,,,,,,69.0,3.0,1267650600228229401496703205376,0.00010144999999999993,0.6307282939880666
50,peexact_nativegates_ibm_qiskit_opt3_52,,,,,,,,,,,69.0,3.0,1267650600228229401496703205376,0.00010144999999999993,0.6307282939880666,,,,,
16,peexact_nativegates_ibm_qiskit_opt3_52,,,,,,224.0,19.0,4294967296,2.2899999999999998e-05,0.5404717585858704,,,,,,,,,,
27,peexact_nativegates_ibm_qiskit_opt3_52,,,,,,131.0,7.0,18014398509481984,4.099999999999998e-05,0.5930086638033666,,,,,,,,,,
27,dj_nativegates_ibm_qiskit_opt3_123,,,,,,,,,,,4.0,5.0,52,1.3250000000000004e-05,0.8541827124393717,,,,,
27,dj_nativegates_ibm_qiskit_opt3_123,4.0,5.0,40.0,1.3250000000000004e-05,0.854182914943782,,,,,,,,,,,,,,,
50,dj_nativegates_ibm_qiskit_opt3_123,,,,,,,,,,,,,,,,2.0,3.0,24,2.474999999999998e-05,0.8558834780736073
50,dj_nativegates_ibm_qiskit_opt3_123,,,,,,2.0,3.0,24,2.474999999999998e-05,0.8558834780736073,,,,,,,,,,
65,dj_nativegates_ibm_qiskit_opt3_123,,,,,,,,,,,,,,,,1.0,2.0,8,3.2249999999999964e-05,0.8567312008912117
65,dj_nativegates_ibm_qiskit_opt3_123,,,,,,1.0,2.0,8,3.2249999999999964e-05,0.8567312008912117,,,,,,,,,,
65,dj_nativegates_ibm_qiskit_opt3_123,,,,,,,,,,,1.0,2.0,8,3.2249999999999964e-05,0.8567312008912117,,,,,
65,dj_nativegates_ibm_qiskit_opt3_123,1.0,2.0,8.0,3.1749999999999965e-05,0.8567312572661023,,,,,,,,,,,,,,,
27,dj_nativegates_ibm_qiskit_opt3_123,,,,,,,,,,,,,,,,4.0,5.0,52,1.3250000000000004e-05,0.8541827124393717
50,dj_nativegates_ibm_qiskit_opt3_123,,,,,,,,,,,2.0,3.0,24,2.474999999999998e-05,0.8558834780736073,,,,,
50,dj_nativegates_ibm_qiskit_opt3_123,2.0,3.0,24.0,2.124999999999999e-05,0.8558852865675428,,,,,,,,,,,,,,,
27,dj_nativegates_ibm_qiskit_opt3_123,,,,,,4.0,5.0,52,1.3250000000000004e-05,0.8541827124393717,,,,,,,,,,
20,ghz_nativegates_ibm_qiskit_opt3_32,1.0,2.0,8.0,9.650000000000002e-06,0.961513075927367,,,,,,,,,,,,,,,
20,ghz_nativegates_ibm_qiskit_opt3_32,,,,,,,,,,,1.0,2.0,8,9.650000000000002e-06,0.961513075927367,,,,,
27,ghz_nativegates_ibm_qiskit_opt3_32,1.0,2.0,8.0,1.0150000000000003e-05,0.961513075927367,,,,,,,,,,,,,,,
10,ghz_nativegates_ibm_qiskit_opt3_32,,,,,,3.0,4.0,40,4.6499999999999995e-06,0.9595910304842477,,,,,,,,,,
20,ghz_nativegates_ibm_qiskit_opt3_32,,,,,,,,,,,,,,,,1.0,2.0,8,9.650000000000002e-06,0.961513075927367
15,ghz_nativegates_ibm_qiskit_opt3_32,,,,,,,,,,,,,,,,2.0,3.0,24,7.150000000000001e-06,0.9605515724588767
16,ghz_nativegates_ibm_qiskit_opt3_32,,,,,,2.0,3.0,24,7.650000000000001e-06,0.9605515724588765,,,,,,,,,,
27,ghz_nativegates_ibm_qiskit_opt3_32,,,,,,1.0,2.0,8,1.3150000000000005e-05,0.9615130759273672,,,,,,,,,,
30,ghz_nativegates_ibm_qiskit_opt3_32,,,,,,,,,,,,,,,,1.0,2.0,8,1.4650000000000005e-05,0.9615130759273671
15,ghz_nativegates_ibm_qiskit_opt3_32,2.0,3.0,24.0,6.500000000000001e-06,0.9605515724588766,,,,,,,,,,,,,,,
15,ghz_nativegates_ibm_qiskit_opt3_32,,,,,,,,,,,2.0,3.0,24,7.150000000000001e-06,0.9605515724588767,,,,,
30,ghz_nativegates_ibm_qiskit_opt3_32,,,,,,,,,,,1.0,2.0,8,1.4650000000000005e-05,0.9615130759273671,,,,,
25,ghz_nativegates_ibm_qiskit_opt3_32,,,,,,1.0,2.0,8,1.2150000000000004e-05,0.9615130759273671,,,,,,,,,,
10,ghz_nativegates_ibm_qiskit_opt3_32,,,,,,,,,,,,,,,,3.0,4.0,40,4.6499999999999995e-06,0.9595910304842477
25,ghz_nativegates_ibm_qiskit_opt3_32,,,,,,,,,,,,,,,,1.0,2.0,8,1.2150000000000004e-05,0.9615130759273671
25,ghz_nativegates_ibm_qiskit_opt3_32,1.0,2.0,8.0,1.0150000000000003e-05,0.961513075927367,,,,,,,,,,,,,,,
25,ghz_nativegates_ibm_qiskit_opt3_32,,,,,,,,,,,1.0,2.0,8,1.2150000000000004e-05,0.9615130759273671,,,,,
27,ghz_nativegates_ibm_qiskit_opt3_32,,,,,,,,,,,,,,,,1.0,2.0,8,1.3150000000000005e-05,0.9615130759273672
15,ghz_nativegates_ibm_qiskit_opt3_32,,,,,,2.0,3.0,24,7.150000000000001e-06,0.9605515724588767,,,,,,,,,,
30,ghz_nativegates_ibm_qiskit_opt3_32,,,,,,1.0,2.0,8,1.4650000000000005e-05,0.9615130759273671,,,,,,,,,,
16,ghz_nativegates_ibm_qiskit_opt3_32,,,,,,,,,,,2.0,3.0,24,7.650000000000001e-06,0.9605515724588765,,,,,
16,ghz_nativegates_ibm_qiskit_opt3_32,,,,,,,,,,,,,,,,2.0,3.0,24,7.650000000000001e-06,0.9605515724588765
27,ghz_nativegates_ibm_qiskit_opt3_32,,,,,,,,,,,1.0,2.0,8,1.3150000000000005e-05,0.9615130759273672,,,,,
10,ghz_nativegates_ibm_qiskit_opt3_32,3.0,4.0,40.0,4.5e-06,0.9595910304842475,,,,,,,,,,,,,,,
16,ghz_nativegates_ibm_qiskit_opt3_32,2.0,3.0,24.0,7.000000000000002e-06,0.9605515724588766,,,,,,,,,,,,,,,
10,ghz_nativegates_ibm_qiskit_opt3_32,,,,,,,,,,,3.0,4.0,40,4.6499999999999995e-06,0.9595910304842477,,,,,
30,ghz_nativegates_ibm_qiskit_opt3_32,1.0,2.0,8.0,1.0150000000000003e-05,0.961513075927367,,,,,,,,,,,,,,,
20,ghz_nativegates_ibm_qiskit_opt3_32,,,,,,1.0,2.0,8,9.650000000000002e-06,0.961513075927367,,,,,,,,,,
16,peexact_nativegates_ibm_qiskit_opt3_39,,,,,,,,,,,,,,,,148.0,13.0,4294967296,2.5749999999999996e-05,0.6546352609199646
10,peexact_nativegates_ibm_qiskit_opt3_39,,,,,,239.0,29.0,1048576,1.4450000000000004e-05,0.5977177146021061,,,,,,,,,,
27,peexact_nativegates_ibm_qiskit_opt3_39,,,,,,,,,,,87.0,5.0,18014398509481984,4.099999999999998e-05,0.6957047856304246,,,,,
27,peexact_nativegates_ibm_qiskit_opt3_39,,,,,,,,,,,,,,,,87.0,5.0,18014398509481984,4.099999999999998e-05,0.6957047856304246
16,peexact_nativegates_ibm_qiskit_opt3_39,,,,,,,,,,,148.0,13.0,4294967296,2.5749999999999996e-05,0.6546352609199646,,,,,
16,peexact_nativegates_ibm_qiskit_opt3_39,,,,,,159.0,14.0,4294967296,2.5099999999999997e-05,0.6474839601573973,,,,,,,,,,
27,peexact_nativegates_ibm_qiskit_opt3_39,,,,,,87.0,5.0,18014398509481984,4.099999999999998e-05,0.6957047856304246,,,,,,,,,,
10,peexact_nativegates_ibm_qiskit_opt3_39,,,,,,,,,,,,,,,,226.0,28.0,1048576,1.4450000000000004e-05,0.6055420181033514
10,peexact_nativegates_ibm_qiskit_opt3_39,,,,,,,,,,,226.0,28.0,1048576,1.4450000000000004e-05,0.6055420181033514,,,,,
65,graphstate_indep_qiskit_108,,,,,,,,,,,2.0,2.0,35,3.5499999999999995e-06,0.8756950225624325,,,,,
56,graphstate_indep_qiskit_108,,,,,,2.0,2.0,35,3.5499999999999995e-06,0.8756950225624323,,,,,,,,,,
66,graphstate_indep_qiskit_108,,,,,,,,,,,,,,,,2.0,2.0,35,3.5499999999999995e-06,0.8756950225624325
71,graphstate_indep_qiskit_108,,,,,,0.0,2.0,4,3.5499999999999995e-06,0.8774490238918555,,,,,,,,,,
91,graphstate_indep_qiskit_108,,,,,,,,,,,0.0,2.0,4,3.5499999999999995e-06,0.8774490238918555,,,,,
76,graphstate_indep_qiskit_108,,,,,,,,,,,,,,,,0.0,2.0,4,3.5499999999999995e-06,0.8774490238918555
101,graphstate_indep_qiskit_108,,,,,,,,,,,0.0,2.0,4,3.5499999999999995e-06,0.8774490238918555,,,,,
50,graphstate_indep_qiskit_108,,,,,,,,,,,,,,,,2.0,3.0,35,3.5499999999999995e-06,0.8756950225624325
56,graphstate_indep_qiskit_108,,,,,,,,,,,,,,,,2.0,2.0,35,3.5499999999999995e-06,0.8756950225624325
46,graphstate_indep_qiskit_108,,,,,,2.0,3.0,35,3.5499999999999995e-06,0.8756950225624323,,,,,,,,,,
61,graphstate_indep_qiskit_108,,,,,,2.0,2.0,35,3.5499999999999995e-06,0.8756950225624323,,,,,,,,,,
81,graphstate_indep_qiskit_108,,,,,,,,,,,0.0,2.0,4,3.5499999999999995e-06,0.8774490238918555,,,,,
46,graphstate_indep_qiskit_108,,,,,,,,,,,,,,,,2.0,3.0,35,3.5499999999999995e-06,0.8756950225624325
106,graphstate_indep_qiskit_108,,,,,,,,,,,,,,,,0.0,2.0,4,3.5499999999999995e-06,0.8774490238918555
86,graphstate_indep_qiskit_108,,,,,,,,,,,,,,,,0.0,2.0,4,3.5499999999999995e-06,0.8774490238918555
51,graphstate_indep_qiskit_108,,,,,,2.0,3.0,35,3.5499999999999995e-06,0.8756950225624323,,,,,,,,,,
76,graphstate_indep_qiskit_108,,,,,,0.0,2.0,4,3.5499999999999995e-06,0.8774490238918555,,,,,,,,,,
27,graphstate_indep_qiskit_108,,,,,,,,,,,,,,,,3.0,5.0,51,3.5499999999999995e-06,0.8748193371649039
96,graphstate_indep_qiskit_108,,,,,,,,,,,,,,,,0.0,2.0,4,3.5499999999999995e-06,0.8774490238918555
96,graphstate_indep_qiskit_108,,,,,,,,,,,0.0,2.0,4,3.5499999999999995e-06,0.8774490238918555,,,,,
50,graphstate_indep_qiskit_108,,,,,,,,,,,2.0,3.0,35,3.5499999999999995e-06,0.8756950225624325,,,,,
106,graphstate_indep_qiskit_108,,,,,,,,,,,0.0,2.0,4,3.5499999999999995e-06,0.8774490238918555,,,,,
36,graphstate_indep_qiskit_108,,,,,,3.0,4.0,51,3.5499999999999995e-06,0.8748193371649038,,,,,,,,,,
41,graphstate_indep_qiskit_108,,,,,,2.0,3.0,35,3.5499999999999995e-06,0.8756950225624323,,,,,,,,,,
27,graphstate_indep_qiskit_108,,,,,,,,,,,3.0,5.0,51,3.5499999999999995e-06,0.874819337164904,,,,,
27,graphstate_indep_qiskit_108,5.0,5.0,48.0,3.0499999999999996e-06,0.8730705925214981,,,,,,,,,,,,,,,
66,graphstate_indep_qiskit_108,,,,,,2.0,2.0,35,3.5499999999999995e-06,0.8756950225624323,,,,,,,,,,
86,graphstate_indep_qiskit_108,,,,,,,,,,,0.0,2.0,4,3.5499999999999995e-06,0.8774490238918555,,,,,
65,graphstate_indep_qiskit_108,2.0,2.0,32.0,3.5499999999999995e-06,0.8756950225624321,,,,,,,,,,,,,,,
86,graphstate_indep_qiskit_108,,,,,,0.0,2.0,4,3.5499999999999995e-06,0.8774490238918555,,,,,,,,,,
66,graphstate_indep_qiskit_108,,,,,,,,,,,2.0,2.0,35,3.5499999999999995e-06,0.8756950225624325,,,,,
41,graphstate_indep_qiskit_108,,,,,,,,,,,,,,,,2.0,3.0,35,3.5499999999999995e-06,0.8756950225624323
41,graphstate_indep_qiskit_108,,,,,,,,,,,2.0,3.0,35,3.5499999999999995e-06,0.8756950225624323,,,,,
65,graphstate_indep_qiskit_108,,,,,,,,,,,,,,,,2.0,2.0,35,3.5499999999999995e-06,0.8756950225624325
51,graphstate_indep_qiskit_108,,,,,,,,,,,,,,,,2.0,3.0,35,3.5499999999999995e-06,0.8756950225624325
27,graphstate_indep_qiskit_108,,,,,,3.0,5.0,51,3.5499999999999995e-06,0.874819337164904,,,,,,,,,,
50,graphstate_indep_qiskit_108,,,,,,2.0,3.0,35,3.5499999999999995e-06,0.8756950225624323,,,,,,,,,,
71,graphstate_indep_qiskit_108,,,,,,,,,,,,,,,,0.0,2.0,4,3.5499999999999995e-06,0.8774490238918555
96,graphstate_indep_qiskit_108,,,,,,0.0,2.0,4,3.5499999999999995e-06,0.8774490238918555,,,,,,,,,,
76,graphstate_indep_qiskit_108,,,,,,,,,,,0.0,2.0,4,3.5499999999999995e-06,0.8774490238918555,,,,,
106,graphstate_indep_qiskit_108,,,,,,0.0,2.0,4,3.5499999999999995e-06,0.8774490238918555,,,,,,,,,,
36,graphstate_indep_qiskit_108,,,,,,,,,,,3.0,4.0,51,3.5499999999999995e-06,0.874819337164904,,,,,
51,graphstate_indep_qiskit_108,,,,,,,,,,,2.0,3.0,35,3.5499999999999995e-06,0.8756950225624325,,,,,
61,graphstate_indep_qiskit_108,,,,,,,,,,,,,,,,2.0,2.0,35,3.5499999999999995e-06,0.8756950225624325
36,graphstate_indep_qiskit_108,,,,,,,,,,,,,,,,3.0,4.0,51,3.5499999999999995e-06,0.8748193371649039
50,graphstate_indep_qiskit_108,3.0,3.0,48.0,3.5499999999999995e-06,0.874819337164904,,,,,,,,,,,,,,,
81,graphstate_indep_qiskit_108,,,,,,0.0,2.0,4,3.5499999999999995e-06,0.8774490238918555,,,,,,,,,,
61,graphstate_indep_qiskit_108,,,,,,,,,,,2.0,2.0,35,3.5499999999999995e-06,0.8756950225624325,,,,,
46,graphstate_indep_qiskit_108,,,,,,,,,,,2.0,3.0,35,3.5499999999999995e-06,0.8756950225624325,,,,,
91,graphstate_indep_qiskit_108,,,,,,0.0,2.0,4,3.5499999999999995e-06,0.8774490238918555,,,,,,,,,,
71,graphstate_indep_qiskit_108,,,,,,,,,,,0.0,2.0,4,3.5499999999999995e-06,0.8774490238918555,,,,,
91,graphstate_indep_qiskit_108,,,,,,,,,,,,,,,,0.0,2.0,4,3.5499999999999995e-06,0.8774490238918555
101,graphstate_indep_qiskit_108,,,,,,0.0,2.0,4,3.5499999999999995e-06,0.8774490238918555,,,,,,,,,,
65,graphstate_indep_qiskit_108,,,,,,2.0,2.0,35,3.5499999999999995e-06,0.8756950225624323,,,,,,,,,,
101,graphstate_indep_qiskit_108,,,,,,,,,,,,,,,,0.0,2.0,4,3.5499999999999995e-06,0.8774490238918555
56,graphstate_indep_qiskit_108,,,,,,,,,,,2.0,2.0,35,3.5499999999999995e-06,0.8756950225624325,,,,,
81,graphstate_indep_qiskit_108,,,,,,,,,,,,,,,,0.0,2.0,4,3.5499999999999995e-06,0.8774490238918555
27,wstate_indep_qiskit_89,6.0,4.0,288.0,1.3700000000000003e-05,0.8763190401974992,,,,,,,,,,,,,,,
65,wstate_indep_qiskit_89,,,,,,2.0,2.0,32,3.5699999999999994e-05,0.8798329807429943,,,,,,,,,,
50,wstate_indep_qiskit_89,2.0,2.0,32.0,2.7399999999999995e-05,0.8798329807429941,,,,,,,,,,,,,,,
65,wstate_indep_qiskit_89,2.0,2.0,32.0,2.8549999999999996e-05,0.8798329807429943,,,,,,,,,,,,,,,
16,wstate_indep_qiskit_89,,,,,,12.0,7.0,256,8.750000000000004e-06,0.8710744343139771,,,,,,,,,,
50,wstate_indep_qiskit_89,,,,,,,,,,,2.0,2.0,32,2.7449999999999996e-05,0.8798329807429942,,,,,
27,wstate_indep_qiskit_89,,,,,,6.0,4.0,256,1.4800000000000002e-05,0.8763190435289109,,,,,,,,,,
16,wstate_indep_qiskit_89,,,,,,,,,,,,,,,,12.0,7.0,256,8.750000000000004e-06,0.8710744343139771
27,wstate_indep_qiskit_89,,,,,,,,,,,,,,,,6.0,4.0,256,1.4800000000000002e-05,0.8763190435289109
65,wstate_indep_qiskit_89,,,,,,,,,,,,,,,,2.0,2.0,32,3.5699999999999994e-05,0.8798329807429943
27,wstate_indep_qiskit_89,,,,,,,,,,,6.0,4.0,256,1.4800000000000002e-05,0.8763190435289109,,,,,
50,wstate_indep_qiskit_89,,,,,,2.0,2.0,32,2.7449999999999996e-05,0.8798329807429942,,,,,,,,,,
16,wstate_indep_qiskit_89,,,,,,,,,,,12.0,7.0,256,8.750000000000004e-06,0.8710744343139771,,,,,
50,wstate_indep_qiskit_89,,,,,,,,,,,,,,,,2.0,2.0,32,2.7449999999999996e-05,0.8798329807429942
65,wstate_indep_qiskit_89,,,,,,,,,,,2.0,2.0,32,3.5699999999999994e-05,0.8798329807429943,,,,,
10,peexact_indep_qiskit_15,,,,,,34.0,5.0,1048576,8.1e-06,0.930789875089217,,,,,,,,,,
5,peexact_indep_qiskit_15,,,,,,78.0,19.0,1024,3.5499999999999995e-06,0.8907071189122061,,,,,,,,,,
10,peexact_indep_qiskit_15,,,,,,,,,,,,,,,,34.0,5.0,1048576,8.1e-06,0.930789875089217
5,peexact_indep_qiskit_15,,,,,,,,,,,78.0,19.0,1024,3.5499999999999995e-06,0.8907071189122061,,,,,
10,peexact_indep_qiskit_15,,,,,,,,,,,34.0,5.0,1048576,8.1e-06,0.930789875089217,,,,,
5,peexact_indep_qiskit_15,,,,,,,,,,,,,,,,78.0,19.0,1024,3.5499999999999995e-06,0.8907071189122061
27,peexact_nativegates_ibm_qiskit_opt3_53,,,,,,,,,,,,,,,,131.0,7.0,18014398509481984,4.1699999999999984e-05,0.5875606761620934
27,peexact_nativegates_ibm_qiskit_opt3_53,,,,,,131.0,7.0,18014398509481984,4.1699999999999984e-05,0.5875606761620934,,,,,,,,,,
50,peexact_nativegates_ibm_qiskit_opt3_53,,,,,,,,,,,70.0,3.0,1267650600228229401496703205376,0.00010034999999999993,0.6243198390545648,,,,,
16,peexact_nativegates_ibm_qiskit_opt3_53,,,,,,242.0,20.0,4294967296,2.1799999999999998e-05,0.5259560463437977,,,,,,,,,,
16,peexact_nativegates_ibm_qiskit_opt3_53,,,,,,,,,,,,,,,,231.0,19.0,4294967296,2.5749999999999996e-05,0.5317664611382197
16,peexact_nativegates_ibm_qiskit_opt3_53,,,,,,,,,,,231.0,19.0,4294967296,2.5749999999999996e-05,0.5317664611382197,,,,,
50,peexact_nativegates_ibm_qiskit_opt3_53,,,,,,70.0,3.0,1267650600228229401496703205376,0.00010034999999999993,0.6243198390545648,,,,,,,,,,
50,peexact_nativegates_ibm_qiskit_opt3_53,,,,,,,,,,,,,,,,70.0,3.0,1267650600228229401496703205376,0.00010034999999999993,0.6243198390545648
27,peexact_nativegates_ibm_qiskit_opt3_53,,,,,,,,,,,131.0,7.0,18014398509481984,4.1699999999999984e-05,0.5875606761620934,,,,,
27,graphstate_nativegates_ibm_qiskit_opt3_76,,,,,,,,,,,,,,,,4.0,4.0,49,2.9499999999999993e-06,0.9070823989640471
27,graphstate_nativegates_ibm_qiskit_opt3_76,,,,,,4.0,4.0,49,3.599999999999999e-06,0.9070823989640469,,,,,,,,,,
50,graphstate_nativegates_ibm_qiskit_opt3_76,2.0,2.0,32.0,3.599999999999999e-06,0.9088992651870464,,,,,,,,,,,,,,,
16,graphstate_nativegates_ibm_qiskit_opt3_76,,,,,,6.0,6.0,49,3.599999999999999e-06,0.9052691647909301,,,,,,,,,,
65,graphstate_nativegates_ibm_qiskit_opt3_76,,,,,,,,,,,2.0,2.0,33,3.249999999999999e-06,0.9088992650052249,,,,,
50,graphstate_nativegates_ibm_qiskit_opt3_76,,,,,,,,,,,2.0,2.0,33,3.249999999999999e-06,0.9088992650052249,,,,,
65,graphstate_nativegates_ibm_qiskit_opt3_76,2.0,2.0,32.0,3.599999999999999e-06,0.9088992650052249,,,,,,,,,,,,,,,
50,graphstate_nativegates_ibm_qiskit_opt3_76,,,,,,2.0,2.0,33,3.599999999999999e-06,0.9088992650052249,,,,,,,,,,
65,graphstate_nativegates_ibm_qiskit_opt3_76,,,,,,,,,,,,,,,,2.0,2.0,33,3.249999999999999e-06,0.9088992650052249
50,graphstate_nativegates_ibm_qiskit_opt3_76,,,,,,,,,,,,,,,,2.0,2.0,33,3.249999999999999e-06,0.9088992650052249
16,graphstate_nativegates_ibm_qiskit_opt3_76,,,,,,,,,,,7.0,6.0,49,2.9499999999999993e-06,0.9043639073855748,,,,,
65,graphstate_nativegates_ibm_qiskit_opt3_76,,,,,,2.0,2.0,33,3.599999999999999e-06,0.9088992650052249,,,,,,,,,,
16,graphstate_nativegates_ibm_qiskit_opt3_76,,,,,,,,,,,,,,,,7.0,6.0,49,2.9499999999999993e-06,0.9043639073855748
16,graphstate_nativegates_ibm_qiskit_opt3_76,6.0,6.0,48.0,3.599999999999999e-06,0.9052691653342163,,,,,,,,,,,,,,,
27,graphstate_nativegates_ibm_qiskit_opt3_76,,,,,,,,,,,4.0,4.0,49,2.9499999999999993e-06,0.9070823989640469,,,,,
27,graphstate_nativegates_ibm_qiskit_opt3_76,3.0,3.0,48.0,3.599999999999999e-06,0.9079903777284495,,,,,,,,,,,,,,,
50,wstate_indep_qiskit_87,,,,,,,,,,,2.0,2.0,32,2.7449999999999996e-05,0.8823362965721567,,,,,
16,wstate_indep_qiskit_87,,,,,,12.0,7.0,256,8.750000000000004e-06,0.8735528301771958,,,,,,,,,,
16,wstate_indep_qiskit_87,,,,,,,,,,,,,,,,12.0,7.0,256,8.750000000000004e-06,0.8735528301771958
27,wstate_indep_qiskit_87,,,,,,,,,,,,,,,,6.0,4.0,256,1.4800000000000002e-05,0.8788123614438744
65,wstate_indep_qiskit_87,,,,,,2.0,2.0,32,3.5699999999999994e-05,0.8823362965721567,,,,,,,,,,
65,wstate_indep_qiskit_87,,,,,,,,,,,,,,,,2.0,2.0,32,3.5699999999999994e-05,0.8823362965721567
50,wstate_indep_qiskit_87,2.0,2.0,32.0,2.4699999999999997e-05,0.8823362965721565,,,,,,,,,,,,,,,
65,wstate_indep_qiskit_87,2.0,2.0,32.0,3.1299999999999995e-05,0.8823362965721567,,,,,,,,,,,,,,,
27,wstate_indep_qiskit_87,6.0,4.0,272.0,1.4250000000000002e-05,0.8788123597734292,,,,,,,,,,,,,,,
27,wstate_indep_qiskit_87,,,,,,6.0,4.0,256,1.4800000000000002e-05,0.8788123614438744,,,,,,,,,,
27,wstate_indep_qiskit_87,,,,,,,,,,,6.0,4.0,256,1.4800000000000002e-05,0.8788123614438744,,,,,
50,wstate_indep_qiskit_87,,,,,,,,,,,,,,,,2.0,2.0,32,2.7449999999999996e-05,0.8823362965721567
65,wstate_indep_qiskit_87,,,,,,,,,,,2.0,2.0,32,3.5699999999999994e-05,0.8823362965721567,,,,,
16,wstate_indep_qiskit_87,,,,,,,,,,,12.0,7.0,256,8.750000000000004e-06,0.8735528301771958,,,,,
50,wstate_indep_qiskit_87,,,,,,2.0,2.0,32,2.7449999999999996e-05,0.8823362965721567,,,,,,,,,,
27,e_indep_qiskit_31,,,,,,57.0,4.0,18014398509481984,2.899999999999997e-05,0.8283088955806867,,,,,,,,,,
10,e_indep_qiskit_31,,,,,,155.0,19.0,1048576,1.0900000000000002e-05,0.7510092839942729,,,,,,,,,,
16,e_indep_qiskit_31,,,,,,76.0,7.0,4294967296,3.0099999999999966e-05,0.8127542160058436,,,,,,,,,,
27,e_indep_qiskit_31,,,,,,,,,,,,,,,,57.0,4.0,18014398509481984,2.899999999999997e-05,0.8283088955806867
16,e_indep_qiskit_31,,,,,,,,,,,,,,,,76.0,7.0,4294967296,3.0099999999999966e-05,0.8127550808882233
10,e_indep_qiskit_31,,,,,,,,,,,,,,,,155.0,19.0,1048576,1.0900000000000002e-05,0.7510092839942729
16,e_indep_qiskit_31,,,,,,,,,,,76.0,7.0,4294967296,3.0099999999999966e-05,0.8127550808882233,,,,,
27,e_indep_qiskit_31,,,,,,,,,,,57.0,4.0,18014398509481984,2.899999999999997e-05,0.8283088955806867,,,,,
10,e_indep_qiskit_31,,,,,,,,,,,155.0,19.0,1048576,1.0900000000000002e-05,0.7510092839942729,,,,,
50,wstate_indep_qiskit_73,,,,,,,,,,,,,,,,2.0,2.0,32,2.7449999999999996e-05,0.9000600756162801
65,wstate_indep_qiskit_73,,,,,,,,,,,2.0,2.0,32,3.5699999999999994e-05,0.9000600756162801,,,,,
16,wstate_indep_qiskit_73,,,,,,,,,,,10.0,6.0,256,8.750000000000004e-06,0.8928849893197826,,,,,
50,wstate_indep_qiskit_73,,,,,,2.0,2.0,32,2.7449999999999996e-05,0.9000600756162801,,,,,,,,,,
27,wstate_indep_qiskit_73,,,,,,,,,,,4.0,3.0,256,1.4800000000000002e-05,0.8982609166325277,,,,,
27,wstate_indep_qiskit_73,,,,,,,,,,,,,,,,4.0,3.0,256,1.4800000000000002e-05,0.8982609166325277
65,wstate_indep_qiskit_73,,,,,,,,,,,,,,,,2.0,2.0,32,3.5699999999999994e-05,0.9000600756162801
27,wstate_indep_qiskit_73,,,,,,4.0,3.0,256,1.4800000000000002e-05,0.8982609166325277,,,,,,,,,,
16,wstate_indep_qiskit_73,,,,,,,,,,,,,,,,10.0,6.0,256,8.750000000000004e-06,0.8928849893197826
50,wstate_indep_qiskit_73,,,,,,,,,,,2.0,2.0,32,2.7449999999999996e-05,0.9000600756162801,,,,,
27,wstate_indep_qiskit_73,6.0,4.0,272.0,1.2600000000000003e-05,0.8964653523414341,,,,,,,,,,,,,,,
16,wstate_indep_qiskit_73,,,,,,10.0,6.0,256,8.750000000000004e-06,0.8928849893197826,,,,,,,,,,
65,wstate_indep_qiskit_73,,,,,,2.0,2.0,32,3.5699999999999994e-05,0.9000600756162801,,,,,,,,,,
65,wstate_indep_qiskit_73,2.0,2.0,32.0,2.1899999999999997e-05,0.90006007561628,,,,,,,,,,,,,,,
10,graphstate_nativegates_ibm_qiskit_opt3_25,4.0,4.0,48.0,4.1000000000000006e-06,0.9658322460211438,,,,,,,,,,,,,,,
10,graphstate_nativegates_ibm_qiskit_opt3_25,,,,,,,,,,,,,,,,2.0,3.0,33,4.1000000000000006e-06,0.9677667859359722
10,graphstate_nativegates_ibm_qiskit_opt3_25,,,,,,,,,,,2.0,3.0,33,4.1000000000000006e-06,0.9677667859359722,,,,,
16,graphstate_nativegates_ibm_qiskit_opt3_25,,,,,,0.0,2.0,2,4.1000000000000006e-06,0.9697052014659783,,,,,,,,,,
5,graphstate_nativegates_ibm_qiskit_opt3_25,7.0,7.0,48.0,2.4499999999999994e-06,0.9629376833771943,,,,,,,,,,,,,,,
5,graphstate_nativegates_ibm_qiskit_opt3_25,,,,,,,,,,,,,,,,7.0,7.0,48,2.1499999999999997e-06,0.9629376826066672
5,graphstate_nativegates_ibm_qiskit_opt3_25,,,,,,,,,,,7.0,7.0,48,2.2999999999999996e-06,0.9629376826066671,,,,,
5,graphstate_nativegates_ibm_qiskit_opt3_25,,,,,,7.0,7.0,48,2.1499999999999997e-06,0.9629376826066672,,,,,,,,,,
16,graphstate_nativegates_ibm_qiskit_opt3_25,,,,,,,,,,,0.0,2.0,2,4.1000000000000006e-06,0.9697052014659783,,,,,
16,graphstate_nativegates_ibm_qiskit_opt3_25,,,,,,,,,,,,,,,,0.0,2.0,2,4.1000000000000006e-06,0.9697052014659783
10,graphstate_nativegates_ibm_qiskit_opt3_25,,,,,,3.0,3.0,49,4.1000000000000006e-06,0.9667990317213147,,,,,,,,,,
27,peexact_nativegates_ibm_qiskit_opt3_31,,,,,,,,,,,48.0,3.0,18014398509481984,4.8599999999999975e-05,0.7775562705597157,,,,,
16,peexact_nativegates_ibm_qiskit_opt3_31,,,,,,,,,,,108.0,10.0,4294967296,2.17e-05,0.7323760102894719,,,,,
10,peexact_nativegates_ibm_qiskit_opt3_31,,,,,,171.0,22.0,1048576,1.2100000000000003e-05,0.6876759774574978,,,,,,,,,,
10,peexact_nativegates_ibm_qiskit_opt3_31,,,,,,,,,,,,,,,,173.0,22.0,1048576,1.3950000000000004e-05,0.6862984436575877
10,peexact_nativegates_ibm_qiskit_opt3_31,,,,,,,,,,,173.0,22.0,1048576,1.3950000000000004e-05,0.6862984436575877,,,,,
16,peexact_nativegates_ibm_qiskit_opt3_31,,,,,,,,,,,,,,,,108.0,10.0,4294967296,2.17e-05,0.7323760102894719
16,peexact_nativegates_ibm_qiskit_opt3_31,,,,,,119.0,10.0,4294967296,2.17e-05,0.7243648039987058,,,,,,,,,,
27,peexact_nativegates_ibm_qiskit_opt3_31,,,,,,,,,,,,,,,,48.0,3.0,18014398509481984,4.8599999999999975e-05,0.7775562705597157
27,peexact_nativegates_ibm_qiskit_opt3_31,,,,,,48.0,3.0,18014398509481984,4.8599999999999975e-05,0.7775562705597157,,,,,,,,,,
5,realamprandom_indep_qiskit_8,,,,,,,,,,,,,,,,49.0,12.0,1024,3.5499999999999995e-06,0.9285312268659547
5,realamprandom_indep_qiskit_8,,,,,,48.0,12.0,1024,3.5999999999999994e-06,0.9294606243188664,,,,,,,,,,
5,realamprandom_indep_qiskit_8,,,,,,,,,,,49.0,12.0,1024,3.5499999999999995e-06,0.9285312268659547,,,,,
56,dj_indep_qiskit_109,,,,,,,,,,,,,,,,1.0,2.0,8,2.7599999999999973e-05,0.8747167623282679
27,dj_indep_qiskit_109,,,,,,4.0,5.0,52,1.3100000000000003e-05,0.8721089109646706,,,,,,,,,,
36,dj_indep_qiskit_109,,,,,,,,,,,3.0,4.0,40,1.76e-05,0.8729776601711616,,,,,
46,dj_indep_qiskit_109,,,,,,,,,,,,,,,,2.0,3.0,24,2.2599999999999987e-05,0.8738484706970027
36,dj_indep_qiskit_109,,,,,,,,,,,,,,,,3.0,4.0,40,1.76e-05,0.8729776601711616
106,dj_indep_qiskit_109,,,,,,,,,,,,,,,,1.0,2.0,8,5.25999999999999e-05,0.87469372762414
81,dj_indep_qiskit_109,,,,,,1.0,2.0,8,4.009999999999994e-05,0.8747107715366953,,,,,,,,,,
36,dj_indep_qiskit_109,3.0,4.0,40.0,1.6600000000000004e-05,0.8729807145265588,,,,,,,,,,,,,,,
61,dj_indep_qiskit_109,,,,,,1.0,2.0,8,3.0099999999999966e-05,0.8747164484196319,,,,,,,,,,
101,dj_indep_qiskit_109,,,,,,,,,,,1.0,2.0,8,5.009999999999991e-05,0.8746980206563298,,,,,
101,dj_indep_qiskit_109,,,,,,,,,,,,,,,,1.0,2.0,8,5.009999999999991e-05,0.8746980206563298
46,dj_indep_qiskit_109,,,,,,,,,,,2.0,3.0,24,2.2599999999999987e-05,0.8738484706970027,,,,,
71,dj_indep_qiskit_109,1.0,2.0,8.0,3.459999999999995e-05,0.8747147957569827,,,,,,,,,,,,,,,
66,dj_indep_qiskit_109,1.0,2.0,8.0,3.259999999999996e-05,0.8747157118396497,,,,,,,,,,,,,,,
56,dj_indep_qiskit_109,,,,,,,,,,,1.0,2.0,8,2.7599999999999973e-05,0.8747167623282679,,,,,
76,dj_indep_qiskit_109,1.0,2.0,8.0,3.459999999999995e-05,0.8747147957569827,,,,,,,,,,,,,,,
61,dj_indep_qiskit_109,1.0,2.0,8.0,3.0099999999999966e-05,0.8747164590306281,,,,,,,,,,,,,,,
51,dj_indep_qiskit_109,2.0,3.0,24.0,2.3099999999999986e-05,0.8738499232815597,,,,,,,,,,,,,,,
46,dj_indep_qiskit_109,2.0,3.0,24.0,1.9599999999999995e-05,0.8738504471989706,,,,,,,,,,,,,,,
101,dj_indep_qiskit_109,1.0,2.0,8.0,3.459999999999995e-05,0.8747147957569827,,,,,,,,,,,,,,,
56,dj_indep_qiskit_109,1.0,2.0,8.0,2.7599999999999973e-05,0.8747167623282679,,,,,,,,,,,,,,,
41,dj_indep_qiskit_109,2.0,3.0,24.0,2.0099999999999994e-05,0.8738501902729306,,,,,,,,,,,,,,,
91,dj_indep_qiskit_109,,,,,,1.0,2.0,8,4.5099999999999924e-05,0.8747052803461911,,,,,,,,,,
106,dj_indep_qiskit_109,1.0,2.0,8.0,3.459999999999995e-05,0.8747147957569827,,,,,,,,,,,,,,,
71,dj_indep_qiskit_109,,,,,,1.0,2.0,8,3.509999999999995e-05,0.8747144942278423,,,,,,,,,,
51,dj_indep_qiskit_109,,,,,,2.0,3.0,24,2.509999999999998e-05,0.873845433237025,,,,,,,,,,
41,dj_indep_qiskit_109,,,,,,,,,,,,,,,,2.0,3.0,24,2.0099999999999994e-05,0.8738501902729306
50,dj_indep_qiskit_109,,,,,,,,,,,2.0,3.0,24,2.459999999999998e-05,0.8738461460961421,,,,,
65,dj_indep_qiskit_109,,,,,,,,,,,1.0,2.0,8,3.209999999999996e-05,0.874715878962839,,,,,
76,dj_indep_qiskit_109,,,,,,,,,,,1.0,2.0,8,3.7599999999999945e-05,0.8747128539446885,,,,,
27,dj_indep_qiskit_109,4.0,5.0,40.0,1.2600000000000003e-05,0.8721102242272366,,,,,,,,,,,,,,,
96,dj_indep_qiskit_109,,,,,,,,,,,1.0,2.0,8,4.759999999999992e-05,0.8747018715636802,,,,,
66,dj_indep_qiskit_109,,,,,,,,,,,1.0,2.0,8,3.259999999999996e-05,0.8747156923861568,,,,,
86,dj_indep_qiskit_109,,,,,,,,,,,1.0,2.0,8,4.259999999999993e-05,0.8747082470038628,,,,,
50,dj_indep_qiskit_109,2.0,3.0,24.0,2.109999999999999e-05,0.8738501655955874,,,,,,,,,,,,,,,
106,dj_indep_qiskit_109,,,,,,1.0,2.0,8,5.25999999999999e-05,0.87469372762414,,,,,,,,,,
41,dj_indep_qiskit_109,,,,,,2.0,3.0,24,2.0099999999999994e-05,0.8738501902729306,,,,,,,,,,
51,dj_indep_qiskit_109,,,,,,,,,,,,,,,,2.0,3.0,24,2.509999999999998e-05,0.873845433237025
86,dj_indep_qiskit_109,,,,,,1.0,2.0,8,4.259999999999993e-05,0.8747082470038628,,,,,,,,,,
66,dj_indep_qiskit_109,,,,,,1.0,2.0,8,3.259999999999996e-05,0.8747156923861568,,,,,,,,,,
76,dj_indep_qiskit_109,,,,,,,,,,,,,,,,1.0,2.0,8,3.7599999999999945e-05,0.8747128539446885
106,dj_indep_qiskit_109,,,,,,,,,,,1.0,2.0,8,5.25999999999999e-05,0.87469372762414,,,,,
41,dj_indep_qiskit_109,,,,,,,,,,,2.0,3.0,24,2.0099999999999994e-05,0.8738501902729306,,,,,
51,dj_indep_qiskit_109,,,,,,,,,,,2.0,3.0,24,2.509999999999998e-05,0.873845433237025,,,,,
50,dj_indep_qiskit_109,,,,,,2.0,3.0,24,2.459999999999998e-05,0.8738461460961421,,,,,,,,,,
65,dj_indep_qiskit_109,,,,,,1.0,2.0,8,3.209999999999996e-05,0.874715878962839,,,,,,,,,,
96,dj_indep_qiskit_109,,,,,,1.0,2.0,8,4.759999999999992e-05,0.8747018715636802,,,,,,,,,,
65,dj_indep_qiskit_109,1.0,2.0,8.0,3.209999999999996e-05,0.8747158966478324,,,,,,,,,,,,,,,
76,dj_indep_qiskit_109,,,,,,1.0,2.0,8,3.7599999999999945e-05,0.8747128539446885,,,,,,,,,,
66,dj_indep_qiskit_109,,,,,,,,,,,,,,,,1.0,2.0,8,3.259999999999996e-05,0.8747156923861568
27,dj_indep_qiskit_109,,,,,,,,,,,,,,,,4.0,5.0,52,1.3100000000000003e-05,0.8721089109646706
56,dj_indep_qiskit_109,,,,,,1.0,2.0,8,2.7599999999999973e-05,0.8747167623282679,,,,,,,,,,
91,dj_indep_qiskit_109,,,,,,,,,,,,,,,,1.0,2.0,8,4.5099999999999924e-05,0.8747052803461911
71,dj_indep_qiskit_109,,,,,,,,,,,1.0,2.0,8,3.509999999999995e-05,0.8747144942278423,,,,,
91,dj_indep_qiskit_109,,,,,,,,,,,1.0,2.0,8,4.5099999999999924e-05,0.8747052803461911,,,,,
81,dj_indep_qiskit_109,,,,,,,,,,,,,,,,1.0,2.0,8,4.009999999999994e-05,0.8747107715366953
61,dj_indep_qiskit_109,,,,,,,,,,,1.0,2.0,8,3.0099999999999966e-05,0.8747164484196319,,,,,
81,dj_indep_qiskit_109,,,,,,,,,,,1.0,2.0,8,4.009999999999994e-05,0.8747107715366953,,,,,
101,dj_indep_qiskit_109,,,,,,1.0,2.0,8,5.009999999999991e-05,0.8746980206563298,,,,,,,,,,
46,dj_indep_qiskit_109,,,,,,2.0,3.0,24,2.2599999999999987e-05,0.8738484706970027,,,,,,,,,,
86,dj_indep_qiskit_109,,,,,,,,,,,,,,,,1.0,2.0,8,4.259999999999993e-05,0.8747082470038628
50,dj_indep_qiskit_109,,,,,,,,,,,,,,,,2.0,3.0,24,2.459999999999998e-05,0.8738461460961421
96,dj_indep_qiskit_109,,,,,,,,,,,,,,,,1.0,2.0,8,4.759999999999992e-05,0.8747018715636802
91,dj_indep_qiskit_109,1.0,2.0,8.0,3.459999999999995e-05,0.8747147957569827,,,,,,,,,,,,,,,
86,dj_indep_qiskit_109,1.0,2.0,8.0,3.459999999999995e-05,0.8747147957569827,,,,,,,,,,,,,,,
96,dj_indep_qiskit_109,1.0,2.0,8.0,3.459999999999995e-05,0.8747147957569827,,,,,,,,,,,,,,,
81,dj_indep_qiskit_109,1.0,2.0,8.0,3.459999999999995e-05,0.8747147957569827,,,,,,,,,,,,,,,
36,dj_indep_qiskit_109,,,,,,3.0,4.0,40,1.76e-05,0.8729776601711616,,,,,,,,,,
61,dj_indep_qiskit_109,,,,,,,,,,,,,,,,1.0,2.0,8,3.0099999999999966e-05,0.8747164484196319
65,dj_indep_qiskit_109,,,,,,,,,,,,,,,,1.0,2.0,8,3.209999999999996e-05,0.874715878962839
27,dj_indep_qiskit_109,,,,,,,,,,,4.0,5.0,52,1.3100000000000003e-05,0.8721089109646706,,,,,
71,dj_indep_qiskit_109,,,,,,,,,,,,,,,,1.0,2.0,8,3.509999999999995e-05,0.8747144942278423
10,pricingput_nativegates_ibm_qiskit_opt3_21,,,,,,,,,,,78.0,10.0,1048576,0.0007277999999999969,0.6448905909491693,,,,,
16,pricingput_nativegates_ibm_qiskit_opt3_21,,,,,,49.0,5.0,4294967296,0.0007415499999999982,0.663759528182467,,,,,,,,,,
16,pricingput_nativegates_ibm_qiskit_opt3_21,,,,,,,,,,,,,,,,49.0,5.0,4294967296,0.0007415499999999982,0.663759528182467
10,pricingput_nativegates_ibm_qiskit_opt3_21,,,,,,,,,,,,,,,,71.0,10.0,1048576,0.0007277999999999969,0.6494218488353544
16,pricingput_nativegates_ibm_qiskit_opt3_21,,,,,,,,,,,49.0,5.0,4294967296,0.0007415499999999982,0.663759528182467,,,,,
10,pricingput_nativegates_ibm_qiskit_opt3_21,,,,,,78.0,10.0,1048576,0.0007277999999999969,0.6448905909491693,,,,,,,,,,
5,graphstate_nativegates_ibm_qiskit_opt3_13,,,,,,,,,,,2.0,4.0,34,1.9499999999999995e-06,0.9821631706229174,,,,,
5,graphstate_nativegates_ibm_qiskit_opt3_13,,,,,,,,,,,,,,,,2.0,4.0,34,1.9499999999999995e-06,0.9821631706229174
10,graphstate_nativegates_ibm_qiskit_opt3_13,,,,,,,,,,,,,,,,0.0,2.0,3,2.9499999999999993e-06,0.9841304217939671
10,graphstate_nativegates_ibm_qiskit_opt3_13,,,,,,,,,,,0.0,2.0,3,2.9499999999999993e-06,0.9841304217939671,,,,,
10,graphstate_nativegates_ibm_qiskit_opt3_13,,,,,,0.0,2.0,3,2.9499999999999993e-06,0.9841304217939671,,,,,,,,,,
5,graphstate_nativegates_ibm_qiskit_opt3_13,,,,,,2.0,4.0,34,1.9499999999999995e-06,0.9821631706229174,,,,,,,,,,
82,graphstate_indep_qiskit_83,,,,,,,,,,,,,,,,0.0,2.0,2,3.0499999999999996e-06,0.9044092072771571
16,graphstate_indep_qiskit_83,,,,,,7.0,8.0,48,3.0499999999999996e-06,0.8980973729649031,,,,,,,,,,
32,graphstate_indep_qiskit_83,,,,,,,,,,,3.0,3.0,49,3.0499999999999996e-06,0.9016987217408454,,,,,
47,graphstate_indep_qiskit_83,2.0,2.0,32.0,3.0499999999999996e-06,0.90260131313321,,,,,,,,,,,,,,,
47,graphstate_indep_qiskit_83,,,,,,2.0,2.0,33,3.0499999999999996e-06,0.9026013131332096,,,,,,,,,,
42,graphstate_indep_qiskit_83,3.0,3.0,48.0,3.0499999999999996e-06,0.9016987217408455,,,,,,,,,,,,,,,
57,graphstate_indep_qiskit_83,,,,,,,,,,,3.0,2.0,49,3.0499999999999996e-06,0.9016987217408456,,,,,
50,graphstate_indep_qiskit_83,,,,,,,,,,,,,,,,2.0,2.0,33,3.0499999999999996e-06,0.9026013131332098
50,graphstate_indep_qiskit_83,,,,,,2.0,2.0,33,3.0499999999999996e-06,0.9026013131332098,,,,,,,,,,
65,graphstate_indep_qiskit_83,,,,,,2.0,2.0,33,3.0499999999999996e-06,0.9026013131332098,,,,,,,,,,
62,graphstate_indep_qiskit_83,,,,,,,,,,,2.0,2.0,33,3.0499999999999996e-06,0.9026013131332098,,,,,
50,graphstate_indep_qiskit_83,2.0,2.0,32.0,3.0499999999999996e-06,0.9026013131332093,,,,,,,,,,,,,,,
72,graphstate_indep_qiskit_83,,,,,,2.0,2.0,33,3.0499999999999996e-06,0.9026013131332098,,,,,,,,,,
52,graphstate_indep_qiskit_83,,,,,,,,,,,,,,,,3.0,2.0,49,3.0499999999999996e-06,0.9016987217408454
37,graphstate_indep_qiskit_83,,,,,,3.0,3.0,49,3.0499999999999996e-06,0.9016987217408455,,,,,,,,,,
42,graphstate_indep_qiskit_83,,,,,,,,,,,2.0,3.0,33,3.0499999999999996e-06,0.9026013131332098,,,,,
37,graphstate_indep_qiskit_83,3.0,3.0,48.0,3.0499999999999996e-06,0.9016987217408456,,,,,,,,,,,,,,,
27,graphstate_indep_qiskit_83,,,,,,,,,,,4.0,4.0,49,3.0499999999999996e-06,0.9007970329299533,,,,,
72,graphstate_indep_qiskit_83,,,,,,,,,,,,,,,,2.0,2.0,33,3.0499999999999996e-06,0.9026013131332098
32,graphstate_indep_qiskit_83,3.0,3.0,48.0,3.0499999999999996e-06,0.9016987217408458,,,,,,,,,,,,,,,
52,graphstate_indep_qiskit_83,,,,,,3.0,2.0,49,3.0499999999999996e-06,0.9016987217408454,,,,,,,,,,
82,graphstate_indep_qiskit_83,,,,,,0.0,2.0,2,3.0499999999999996e-06,0.9044092072771571,,,,,,,,,,
37,graphstate_indep_qiskit_83,,,,,,,,,,,,,,,,3.0,3.0,49,3.0499999999999996e-06,0.9016987217408454
57,graphstate_indep_qiskit_83,,,,,,,,,,,,,,,,3.0,2.0,49,3.0499999999999996e-06,0.9016987217408454
16,graphstate_indep_qiskit_83,,,,,,,,,,,,,,,,7.0,8.0,49,3.0499999999999996e-06,0.8980973729649031
67,graphstate_indep_qiskit_83,2.0,2.0,32.0,3.0499999999999996e-06,0.90260131313321,,,,,,,,,,,,,,,
67,graphstate_indep_qiskit_83,,,,,,2.0,2.0,33,3.0499999999999996e-06,0.9026013131332098,,,,,,,,,,
77,graphstate_indep_qiskit_83,,,,,,,,,,,0.0,2.0,2,3.0499999999999996e-06,0.9044092072771571,,,,,
62,graphstate_indep_qiskit_83,2.0,2.0,32.0,3.0499999999999996e-06,0.9026013131332091,,,,,,,,,,,,,,,
77,graphstate_indep_qiskit_83,,,,,,,,,,,,,,,,0.0,2.0,2,3.0499999999999996e-06,0.9044092072771571
32,graphstate_indep_qiskit_83,,,,,,,,,,,,,,,,3.0,3.0,49,3.0499999999999996e-06,0.9016987217408454
77,graphstate_indep_qiskit_83,,,,,,0.0,2.0,2,3.0499999999999996e-06,0.9044092072771571,,,,,,,,,,
16,graphstate_indep_qiskit_83,6.0,6.0,48.0,2.5499999999999997e-06,0.8989963594431999,,,,,,,,,,,,,,,
67,graphstate_indep_qiskit_83,,,,,,,,,,,2.0,2.0,33,3.0499999999999996e-06,0.9026013131332096,,,,,
72,graphstate_indep_qiskit_83,2.0,2.0,32.0,3.0499999999999996e-06,0.90260131313321,,,,,,,,,,,,,,,
65,graphstate_indep_qiskit_83,,,,,,,,,,,,,,,,2.0,2.0,33,3.0499999999999996e-06,0.9026013131332098
27,graphstate_indep_qiskit_83,,,,,,3.0,4.0,49,3.0499999999999996e-06,0.9016987217408453,,,,,,,,,,
82,graphstate_indep_qiskit_83,,,,,,,,,,,0.0,2.0,2,3.0499999999999996e-06,0.9044092072771571,,,,,
52,graphstate_indep_qiskit_83,,,,,,,,,,,3.0,2.0,49,3.0499999999999996e-06,0.9016987217408456,,,,,
27,graphstate_indep_qiskit_83,4.0,4.0,48.0,3.0499999999999996e-06,0.9007970329299535,,,,,,,,,,,,,,,
37,graphstate_indep_qiskit_83,,,,,,,,,,,3.0,3.0,49,3.0499999999999996e-06,0.9016987217408454,,,,,
65,graphstate_indep_qiskit_83,2.0,2.0,32.0,3.0499999999999996e-06,0.9026013131332096,,,,,,,,,,,,,,,
42,graphstate_indep_qiskit_83,,,,,,2.0,3.0,33,3.0499999999999996e-06,0.9026013131332096,,,,,,,,,,
72,graphstate_indep_qiskit_83,,,,,,,,,,,2.0,2.0,33,3.0499999999999996e-06,0.9026013131332096,,,,,
42,graphstate_indep_qiskit_83,,,,,,,,,,,,,,,,3.0,3.0,49,3.0499999999999996e-06,0.9016987217408454
27,graphstate_indep_qiskit_83,,,,,,,,,,,,,,,,3.0,4.0,49,3.0499999999999996e-06,0.9016987217408453
65,graphstate_indep_qiskit_83,,,,,,,,,,,2.0,2.0,33,3.0499999999999996e-06,0.9026013131332096,,,,,
62,graphstate_indep_qiskit_83,,,,,,,,,,,,,,,,2.0,2.0,33,3.0499999999999996e-06,0.9026013131332098
62,graphstate_indep_qiskit_83,,,,,,2.0,2.0,33,3.0499999999999996e-06,0.9026013131332098,,,,,,,,,,
57,graphstate_indep_qiskit_83,,,,,,3.0,2.0,49,3.0499999999999996e-06,0.9016987217408454,,,,,,,,,,
57,graphstate_indep_qiskit_83,2.0,2.0,32.0,3.0499999999999996e-06,0.90260131313321,,,,,,,,,,,,,,,
47,graphstate_indep_qiskit_83,,,,,,,,,,,,,,,,3.0,2.0,49,3.0499999999999996e-06,0.9016987217408454
50,graphstate_indep_qiskit_83,,,,,,,,,,,2.0,2.0,33,3.0499999999999996e-06,0.9026013131332098,,,,,
52,graphstate_indep_qiskit_83,2.0,2.0,32.0,3.0499999999999996e-06,0.9026013131332095,,,,,,,,,,,,,,,
32,graphstate_indep_qiskit_83,,,,,,3.0,3.0,49,3.0499999999999996e-06,0.9016987217408455,,,,,,,,,,
16,graphstate_indep_qiskit_83,,,,,,,,,,,7.0,8.0,49,3.0499999999999996e-06,0.8980973729649029,,,,,
67,graphstate_indep_qiskit_83,,,,,,,,,,,,,,,,2.0,2.0,33,3.0499999999999996e-06,0.9026013131332098
47,graphstate_indep_qiskit_83,,,,,,,,,,,2.0,2.0,33,3.0499999999999996e-06,0.9026013131332098,,,,,
16,ghz_indep_qiskit_70,4.0,5.0,40.0,7.500000000000002e-06,0.9158997569786793,,,,,,,,,,,,,,,
16,ghz_indep_qiskit_70,,,,,,,,,,,,,,,,4.0,5.0,52,7.550000000000001e-06,0.9158997569786794
50,ghz_indep_qiskit_70,,,,,,1.0,2.0,8,2.454999999999998e-05,0.9186529332558115,,,,,,,,,,
27,ghz_indep_qiskit_70,2.0,3.0,24.0,1.2500000000000004e-05,0.9177342895017342,,,,,,,,,,,,,,,
65,ghz_indep_qiskit_70,,,,,,1.0,2.0,8,3.204999999999996e-05,0.9186529332558118,,,,,,,,,,
50,ghz_indep_qiskit_70,1.0,2.0,8.0,2.1999999999999986e-05,0.9186529332558114,,,,,,,,,,,,,,,
27,ghz_indep_qiskit_70,,,,,,,,,,,,,,,,2.0,3.0,24,1.3050000000000004e-05,0.9177342895017343
27,ghz_indep_qiskit_70,,,,,,,,,,,2.0,3.0,24,1.3050000000000004e-05,0.9177342895017343,,,,,
65,ghz_indep_qiskit_70,,,,,,,,,,,,,,,,1.0,2.0,8,3.204999999999996e-05,0.9186529332558118
50,ghz_indep_qiskit_70,,,,,,,,,,,,,,,,1.0,2.0,8,2.454999999999998e-05,0.9186529332558115
16,ghz_indep_qiskit_70,,,,,,4.0,5.0,52,7.550000000000001e-06,0.9158997569786794,,,,,,,,,,
16,ghz_indep_qiskit_70,,,,,,,,,,,4.0,5.0,52,7.550000000000001e-06,0.9158997569786794,,,,,
27,ghz_indep_qiskit_70,,,,,,2.0,3.0,24,1.3050000000000004e-05,0.9177342895017343,,,,,,,,,,
50,ghz_indep_qiskit_70,,,,,,,,,,,1.0,2.0,8,2.454999999999998e-05,0.9186529332558115,,,,,
65,ghz_indep_qiskit_70,,,,,,,,,,,1.0,2.0,8,3.204999999999996e-05,0.9186529332558118,,,,,
65,ghz_indep_qiskit_70,1.0,2.0,8.0,2.1999999999999986e-05,0.9186529332558114,,,,,,,,,,,,,,,
65,graphstate_indep_qiskit_84,,,,,,,,,,,,,,,,0.0,2.0,4,4.049999999999999e-06,0.9033150620622852
27,graphstate_indep_qiskit_84,,,,,,2.0,4.0,35,3.5499999999999995e-06,0.9015093550905942,,,,,,,,,,
65,graphstate_indep_qiskit_84,,,,,,,,,,,0.0,2.0,4,4.049999999999999e-06,0.9033150620622852,,,,,
16,graphstate_indep_qiskit_84,,,,,,,,,,,7.0,7.0,48,4.049999999999999e-06,0.8970108637440634,,,,,
50,graphstate_indep_qiskit_84,,,,,,,,,,,0.0,2.0,4,4.049999999999999e-06,0.9033150620622852,,,,,
16,graphstate_indep_qiskit_84,6.0,6.0,48.0,3.5499999999999995e-06,0.8979087626375086,,,,,,,,,,,,,,,
27,graphstate_indep_qiskit_84,,,,,,,,,,,,,,,,2.0,4.0,35,3.5499999999999995e-06,0.9015093550905942
50,graphstate_indep_qiskit_84,,,,,,0.0,2.0,4,4.049999999999999e-06,0.9033150620622852,,,,,,,,,,
16,graphstate_indep_qiskit_84,,,,,,7.0,7.0,48,3.5499999999999995e-06,0.8970108637440638,,,,,,,,,,
50,graphstate_indep_qiskit_84,,,,,,,,,,,,,,,,0.0,2.0,4,4.049999999999999e-06,0.9033150620622852
65,graphstate_indep_qiskit_84,,,,,,0.0,2.0,4,4.049999999999999e-06,0.9033150620622852,,,,,,,,,,
16,graphstate_indep_qiskit_84,,,,,,,,,,,,,,,,7.0,7.0,48,3.5499999999999995e-06,0.8970108637440635
27,graphstate_indep_qiskit_84,,,,,,,,,,,2.0,4.0,35,4.049999999999999e-06,0.9015093550905942,,,,,
27,graphstate_indep_qiskit_70,,,,,,,,,,,3.0,4.0,49,3.0499999999999996e-06,0.9160008053907978,,,,,
50,graphstate_indep_qiskit_70,,,,,,,,,,,,,,,,2.0,2.0,33,3.0499999999999996e-06,0.9169177130256986
50,graphstate_indep_qiskit_70,,,,,,2.0,2.0,33,3.0499999999999996e-06,0.9169177130256986,,,,,,,,,,
16,graphstate_indep_qiskit_70,,,,,,7.0,5.0,48,3.0499999999999996e-06,0.9123423346624733,,,,,,,,,,
16,graphstate_indep_qiskit_70,,,,,,,,,,,,,,,,7.0,5.0,48,3.0499999999999996e-06,0.9123423346624732
65,graphstate_indep_qiskit_70,,,,,,0.0,2.0,2,3.0499999999999996e-06,0.91875428266031,,,,,,,,,,
50,graphstate_indep_qiskit_70,2.0,2.0,32.0,3.0499999999999996e-06,0.9169177130256982,,,,,,,,,,,,,,,
65,graphstate_indep_qiskit_70,,,,,,,,,,,0.0,2.0,2,3.0499999999999996e-06,0.91875428266031,,,,,
65,graphstate_indep_qiskit_70,,,,,,,,,,,,,,,,0.0,2.0,2,3.0499999999999996e-06,0.91875428266031
16,graphstate_indep_qiskit_70,,,,,,,,,,,7.0,5.0,48,3.0499999999999996e-06,0.9123423346624733,,,,,
50,graphstate_indep_qiskit_70,,,,,,,,,,,2.0,2.0,33,3.0499999999999996e-06,0.9169177130256984,,,,,
16,graphstate_indep_qiskit_70,6.0,5.0,256.0,3.0499999999999996e-06,0.9132555802048044,,,,,,,,,,,,,,,
27,graphstate_indep_qiskit_70,,,,,,,,,,,,,,,,3.0,4.0,49,3.0499999999999996e-06,0.916000805390798
27,graphstate_indep_qiskit_70,,,,,,3.0,4.0,49,3.0499999999999996e-06,0.916000805390798,,,,,,,,,,
27,graphstate_indep_qiskit_70,3.0,3.0,48.0,3.0499999999999996e-06,0.9160008053907976,,,,,,,,,,,,,,,
65,dj_indep_qiskit_75,,,,,,,,,,,1.0,2.0,8,3.209999999999996e-05,0.911786250532076,,,,,
50,dj_indep_qiskit_75,,,,,,,,,,,1.0,2.0,8,2.459999999999998e-05,0.911791638045375,,,,,
50,dj_indep_qiskit_75,1.0,2.0,8.0,2.3599999999999984e-05,0.9117920440608699,,,,,,,,,,,,,,,
16,dj_indep_qiskit_75,,,,,,4.0,5.0,52,7.600000000000002e-06,0.9090678367611694,,,,,,,,,,
27,dj_indep_qiskit_75,,,,,,2.0,3.0,24,1.3100000000000003e-05,0.9108853139412573,,,,,,,,,,
27,dj_indep_qiskit_75,,,,,,,,,,,2.0,3.0,24,1.3100000000000003e-05,0.9108853139412573,,,,,
27,dj_indep_qiskit_75,,,,,,,,,,,,,,,,2.0,3.0,24,1.3100000000000003e-05,0.9108853139412573
16,dj_indep_qiskit_75,,,,,,,,,,,4.0,5.0,52,7.600000000000002e-06,0.9090678367611694,,,,,
65,dj_indep_qiskit_75,,,,,,1.0,2.0,8,3.209999999999996e-05,0.911786250532076,,,,,,,,,,
50,dj_indep_qiskit_75,,,,,,1.0,2.0,8,2.459999999999998e-05,0.911791638045375,,,,,,,,,,
27,dj_indep_qiskit_75,2.0,3.0,24.0,1.3100000000000003e-05,0.9108853441455819,,,,,,,,,,,,,,,
65,dj_indep_qiskit_75,,,,,,,,,,,,,,,,1.0,2.0,8,3.209999999999996e-05,0.911786250532076
50,dj_indep_qiskit_75,,,,,,,,,,,,,,,,1.0,2.0,8,2.459999999999998e-05,0.911791638045375
65,dj_indep_qiskit_75,1.0,2.0,8.0,2.3599999999999984e-05,0.9117920440608699,,,,,,,,,,,,,,,
16,dj_indep_qiskit_75,,,,,,,,,,,,,,,,4.0,5.0,52,7.600000000000002e-06,0.9090678367611694
16,dj_indep_qiskit_75,4.0,5.0,40.0,7.600000000000002e-06,0.9090678367611694,,,,,,,,,,,,,,,
27,realamprandom_indep_qiskit_35,,,,,,,,,,,137.0,7.0,18014398509481984,2.5549999999999977e-05,0.5880687128699338,,,,,
27,realamprandom_indep_qiskit_35,,,,,,,,,,,,,,,,137.0,7.0,18014398509481984,2.5549999999999977e-05,0.5880687128699338
27,realamprandom_indep_qiskit_35,,,,,,137.0,7.0,18014398509481984,2.5549999999999977e-05,0.5880687128699338,,,,,,,,,,
27,realamprandom_indep_qiskit_32,,,,,,,,,,,,,,,,96.0,5.0,316912650057057350374175801344,2.5549999999999977e-05,0.6522653022226734
27,realamprandom_indep_qiskit_32,,,,,,96.0,5.0,316912650057057350374175801344,2.5549999999999977e-05,0.6522653022226734,,,,,,,,,,
27,realamprandom_indep_qiskit_32,,,,,,,,,,,96.0,5.0,316912650057057350374175801344,2.5549999999999977e-05,0.6522653022226734,,,,,
36,ghz_indep_qiskit_110,3.0,4.0,40.0,1.65e-05,0.8738306564450542,,,,,,,,,,,,,,,
61,ghz_indep_qiskit_110,,,,,,,,,,,,,,,,1.0,2.0,8,3.0049999999999965e-05,0.8755809252344892
66,ghz_indep_qiskit_110,,,,,,1.0,2.0,8,3.254999999999996e-05,0.8755809252344893,,,,,,,,,,
86,ghz_indep_qiskit_110,,,,,,,,,,,1.0,2.0,8,4.254999999999993e-05,0.8755809252344894,,,,,
27,ghz_indep_qiskit_110,,,,,,4.0,5.0,52,1.3050000000000004e-05,0.8729568345199235,,,,,,,,,,
71,ghz_indep_qiskit_110,,,,,,,,,,,1.0,2.0,8,3.504999999999995e-05,0.8755809252344893,,,,,
91,ghz_indep_qiskit_110,,,,,,1.0,2.0,8,4.504999999999992e-05,0.8755809252344894,,,,,,,,,,
46,ghz_indep_qiskit_110,,,,,,,,,,,,,,,,2.0,3.0,24,2.2549999999999986e-05,0.8747053530580577
65,ghz_indep_qiskit_110,1.0,2.0,8.0,3.199999999999996e-05,0.875580925234489,,,,,,,,,,,,,,,
50,ghz_indep_qiskit_110,2.0,3.0,24.0,2.2499999999999984e-05,0.8747053530580577,,,,,,,,,,,,,,,
50,ghz_indep_qiskit_110,,,,,,2.0,3.0,24,2.454999999999998e-05,0.8747053530580576,,,,,,,,,,
65,ghz_indep_qiskit_110,,,,,,1.0,2.0,8,3.204999999999996e-05,0.8755809252344893,,,,,,,,,,
46,ghz_indep_qiskit_110,,,,,,,,,,,2.0,3.0,24,2.2549999999999986e-05,0.8747053530580577,,,,,
66,ghz_indep_qiskit_110,1.0,2.0,8.0,3.2499999999999956e-05,0.8755809252344889,,,,,,,,,,,,,,,
66,ghz_indep_qiskit_110,,,,,,,,,,,,,,,,1.0,2.0,8,3.254999999999996e-05,0.8755809252344893
51,ghz_indep_qiskit_110,2.0,3.0,24.0,2.349999999999998e-05,0.8747053530580581,,,,,,,,,,,,,,,
41,ghz_indep_qiskit_110,,,,,,,,,,,,,,,,2.0,3.0,24,2.0049999999999993e-05,0.8747053530580577
61,ghz_indep_qiskit_110,1.0,2.0,8.0,2.9999999999999963e-05,0.8755809252344892,,,,,,,,,,,,,,,
106,ghz_indep_qiskit_110,,,,,,,,,,,1.0,2.0,8,5.25499999999999e-05,0.8755809252344896,,,,,
51,ghz_indep_qiskit_110,,,,,,2.0,3.0,24,2.504999999999998e-05,0.8747053530580579,,,,,,,,,,
56,ghz_indep_qiskit_110,1.0,2.0,8.0,2.749999999999997e-05,0.8755809252344893,,,,,,,,,,,,,,,
106,ghz_indep_qiskit_110,,,,,,,,,,,,,,,,1.0,2.0,8,5.25499999999999e-05,0.8755809252344896
91,ghz_indep_qiskit_110,1.0,2.0,8.0,3.449999999999995e-05,0.8755809252344888,,,,,,,,,,,,,,,
71,ghz_indep_qiskit_110,,,,,,,,,,,,,,,,1.0,2.0,8,3.504999999999995e-05,0.8755809252344893
76,ghz_indep_qiskit_110,,,,,,,,,,,1.0,2.0,8,3.7549999999999944e-05,0.8755809252344893,,,,,
96,ghz_indep_qiskit_110,,,,,,1.0,2.0,8,4.7549999999999916e-05,0.8755809252344894,,,,,,,,,,
61,ghz_indep_qiskit_110,,,,,,1.0,2.0,8,3.0049999999999965e-05,0.8755809252344892,,,,,,,,,,
81,ghz_indep_qiskit_110,,,,,,,,,,,1.0,2.0,8,4.004999999999994e-05,0.8755809252344893,,,,,
36,ghz_indep_qiskit_110,,,,,,,,,,,3.0,4.0,40,1.755e-05,0.8738306564450549,,,,,
56,ghz_indep_qiskit_110,,,,,,,,,,,,,,,,1.0,2.0,8,2.7549999999999972e-05,0.8755809252344892
96,ghz_indep_qiskit_110,1.0,2.0,8.0,3.449999999999995e-05,0.8755809252344888,,,,,,,,,,,,,,,
50,ghz_indep_qiskit_110,,,,,,,,,,,,,,,,2.0,3.0,24,2.454999999999998e-05,0.8747053530580576
101,ghz_indep_qiskit_110,,,,,,,,,,,,,,,,1.0,2.0,8,5.004999999999991e-05,0.8755809252344895
101,ghz_indep_qiskit_110,,,,,,,,,,,1.0,2.0,8,5.004999999999991e-05,0.8755809252344895,,,,,
76,ghz_indep_qiskit_110,,,,,,,,,,,,,,,,1.0,2.0,8,3.7549999999999944e-05,0.8755809252344893
56,ghz_indep_qiskit_110,,,,,,1.0,2.0,8,2.7549999999999972e-05,0.8755809252344892,,,,,,,,,,
51,ghz_indep_qiskit_110,,,,,,,,,,,,,,,,2.0,3.0,24,2.504999999999998e-05,0.8747053530580579
41,ghz_indep_qiskit_110,,,,,,,,,,,2.0,3.0,24,2.0049999999999993e-05,0.8747053530580577,,,,,
41,ghz_indep_qiskit_110,,,,,,2.0,3.0,24,2.0049999999999993e-05,0.8747053530580577,,,,,,,,,,
96,ghz_indep_qiskit_110,,,,,,,,,,,,,,,,1.0,2.0,8,4.7549999999999916e-05,0.8755809252344894
101,ghz_indep_qiskit_110,,,,,,1.0,2.0,8,5.004999999999991e-05,0.8755809252344895,,,,,,,,,,
56,ghz_indep_qiskit_110,,,,,,,,,,,1.0,2.0,8,2.7549999999999972e-05,0.8755809252344892,,,,,
81,ghz_indep_qiskit_110,,,,,,1.0,2.0,8,4.004999999999994e-05,0.8755809252344893,,,,,,,,,,
61,ghz_indep_qiskit_110,,,,,,,,,,,1.0,2.0,8,3.0049999999999965e-05,0.8755809252344892,,,,,
91,ghz_indep_qiskit_110,,,,,,,,,,,,,,,,1.0,2.0,8,4.504999999999992e-05,0.8755809252344894
36,ghz_indep_qiskit_110,,,,,,3.0,4.0,40,1.755e-05,0.8738306564450549,,,,,,,,,,
86,ghz_indep_qiskit_110,1.0,2.0,8.0,3.449999999999995e-05,0.8755809252344888,,,,,,,,,,,,,,,
81,ghz_indep_qiskit_110,1.0,2.0,8.0,3.449999999999995e-05,0.8755809252344888,,,,,,,,,,,,,,,
36,ghz_indep_qiskit_110,,,,,,,,,,,,,,,,3.0,4.0,40,1.755e-05,0.8738306564450549
65,ghz_indep_qiskit_110,,,,,,,,,,,,,,,,1.0,2.0,8,3.204999999999996e-05,0.8755809252344893
96,ghz_indep_qiskit_110,,,,,,,,,,,1.0,2.0,8,4.7549999999999916e-05,0.8755809252344894,,,,,
76,ghz_indep_qiskit_110,,,,,,1.0,2.0,8,3.7549999999999944e-05,0.8755809252344893,,,,,,,,,,
46,ghz_indep_qiskit_110,2.0,3.0,24.0,1.999999999999999e-05,0.8747053530580579,,,,,,,,,,,,,,,
71,ghz_indep_qiskit_110,1.0,2.0,8.0,3.449999999999995e-05,0.8755809252344888,,,,,,,,,,,,,,,
106,ghz_indep_qiskit_110,,,,,,1.0,2.0,8,5.25499999999999e-05,0.8755809252344896,,,,,,,,,,
51,ghz_indep_qiskit_110,,,,,,,,,,,2.0,3.0,24,2.504999999999998e-05,0.8747053530580579,,,,,
86,ghz_indep_qiskit_110,,,,,,,,,,,,,,,,1.0,2.0,8,4.254999999999993e-05,0.8755809252344894
50,ghz_indep_qiskit_110,,,,,,,,,,,2.0,3.0,24,2.454999999999998e-05,0.8747053530580576,,,,,
65,ghz_indep_qiskit_110,,,,,,,,,,,1.0,2.0,8,3.204999999999996e-05,0.8755809252344893,,,,,
41,ghz_indep_qiskit_110,2.0,3.0,24.0,1.999999999999999e-05,0.874705353058058,,,,,,,,,,,,,,,
76,ghz_indep_qiskit_110,1.0,2.0,8.0,3.449999999999995e-05,0.8755809252344888,,,,,,,,,,,,,,,
46,ghz_indep_qiskit_110,,,,,,2.0,3.0,24,2.2549999999999986e-05,0.8747053530580577,,,,,,,,,,
91,ghz_indep_qiskit_110,,,,,,,,,,,1.0,2.0,8,4.504999999999992e-05,0.8755809252344894,,,,,
71,ghz_indep_qiskit_110,,,,,,1.0,2.0,8,3.504999999999995e-05,0.8755809252344893,,,,,,,,,,
81,ghz_indep_qiskit_110,,,,,,,,,,,,,,,,1.0,2.0,8,4.004999999999994e-05,0.8755809252344893
27,ghz_indep_qiskit_110,,,,,,,,,,,,,,,,4.0,5.0,52,1.3050000000000004e-05,0.8729568345199235
106,ghz_indep_qiskit_110,1.0,2.0,8.0,3.449999999999995e-05,0.8755809252344888,,,,,,,,,,,,,,,
27,ghz_indep_qiskit_110,4.0,5.0,52.0,1.3000000000000004e-05,0.8729568345199232,,,,,,,,,,,,,,,
101,ghz_indep_qiskit_110,1.0,2.0,8.0,3.449999999999995e-05,0.8755809252344888,,,,,,,,,,,,,,,
27,ghz_indep_qiskit_110,,,,,,,,,,,4.0,5.0,52,1.3050000000000004e-05,0.8729568345199235,,,,,
86,ghz_indep_qiskit_110,,,,,,1.0,2.0,8,4.254999999999993e-05,0.8755809252344894,,,,,,,,,,
66,ghz_indep_qiskit_110,,,,,,,,,,,1.0,2.0,8,3.254999999999996e-05,0.8755809252344893,,,,,
50,ghz_nativegates_ibm_qiskit_opt3_126,,,,,,,,,,,2.0,3.0,24,2.464999999999998e-05,0.8580469021510856,,,,,
27,ghz_nativegates_ibm_qiskit_opt3_126,,,,,,,,,,,,,,,,4.0,5.0,52,1.3150000000000005e-05,0.856331683523745
65,ghz_nativegates_ibm_qiskit_opt3_126,,,,,,,,,,,,,,,,1.0,2.0,8,3.214999999999996e-05,0.8589057993682682
27,ghz_nativegates_ibm_qiskit_opt3_126,,,,,,4.0,5.0,52,1.3150000000000005e-05,0.856331683523745,,,,,,,,,,
65,ghz_nativegates_ibm_qiskit_opt3_126,,,,,,,,,,,1.0,2.0,8,3.214999999999996e-05,0.8589057993682682,,,,,
65,ghz_nativegates_ibm_qiskit_opt3_126,,,,,,1.0,2.0,8,3.214999999999996e-05,0.8589057993682682,,,,,,,,,,
27,ghz_nativegates_ibm_qiskit_opt3_126,6.0,5.0,272.0,1.3000000000000004e-05,0.8546198935841974,,,,,,,,,,,,,,,
50,ghz_nativegates_ibm_qiskit_opt3_126,,,,,,,,,,,,,,,,2.0,3.0,24,2.464999999999998e-05,0.8580469021510856
27,ghz_nativegates_ibm_qiskit_opt3_126,,,,,,,,,,,4.0,5.0,52,1.3150000000000005e-05,0.856331683523745,,,,,
50,ghz_nativegates_ibm_qiskit_opt3_126,2.0,3.0,24.0,2.449999999999998e-05,0.8580469021510855,,,,,,,,,,,,,,,
50,ghz_nativegates_ibm_qiskit_opt3_126,,,,,,2.0,3.0,24,2.464999999999998e-05,0.8580469021510856,,,,,,,,,,
65,ghz_nativegates_ibm_qiskit_opt3_126,1.0,2.0,8.0,3.149999999999996e-05,0.8589057993682682,,,,,,,,,,,,,,,
5,dj_indep_qiskit_28,,,,,,,,,,,,,,,,6.0,7.0,52,2.1e-06,0.9608204395755015
10,dj_indep_qiskit_28,2.0,3.0,24.0,4.6e-06,0.9646726777626988,,,,,,,,,,,,,,,
27,dj_indep_qiskit_28,1.0,2.0,8.0,8.6e-06,0.9656376089944724,,,,,,,,,,,,,,,
16,dj_indep_qiskit_28,,,,,,1.0,2.0,8,7.600000000000002e-06,0.9656377009791659,,,,,,,,,,
16,dj_indep_qiskit_28,1.0,2.0,8.0,7.600000000000002e-06,0.9656377038839458,,,,,,,,,,,,,,,
5,dj_indep_qiskit_28,6.0,7.0,40.0,2.1e-06,0.9608204395755015,,,,,,,,,,,,,,,
10,dj_indep_qiskit_28,,,,,,2.0,3.0,24,4.6e-06,0.9646726777626988,,,,,,,,,,
27,dj_indep_qiskit_28,,,,,,1.0,2.0,8,1.3100000000000003e-05,0.965636199208013,,,,,,,,,,
5,dj_indep_qiskit_28,,,,,,6.0,7.0,52,2.1e-06,0.9608204395755015,,,,,,,,,,
16,dj_indep_qiskit_28,,,,,,,,,,,,,,,,1.0,2.0,8,7.600000000000002e-06,0.9656377009791659
27,dj_indep_qiskit_28,,,,,,,,,,,1.0,2.0,8,1.3100000000000003e-05,0.965636199208013,,,,,
5,dj_indep_qiskit_28,,,,,,,,,,,6.0,7.0,52,2.1e-06,0.9608204395755015,,,,,
10,dj_indep_qiskit_28,,,,,,,,,,,2.0,3.0,24,4.6e-06,0.9646726777626988,,,,,
16,dj_indep_qiskit_28,,,,,,,,,,,1.0,2.0,8,7.600000000000002e-06,0.9656377009791659,,,,,
10,dj_indep_qiskit_28,,,,,,,,,,,,,,,,2.0,3.0,24,4.6e-06,0.9646726777626988
27,dj_indep_qiskit_28,,,,,,,,,,,,,,,,1.0,2.0,8,1.3100000000000003e-05,0.965636199208013
16,dj_nativegates_ibm_qiskit_opt3_33,,,,,,,,,,,2.0,3.0,24,7.75e-06,0.9578633141935812,,,,,
27,dj_nativegates_ibm_qiskit_opt3_33,,,,,,,,,,,1.0,2.0,8,1.3250000000000004e-05,0.9588208641428498,,,,,
10,dj_nativegates_ibm_qiskit_opt3_33,,,,,,,,,,,3.0,4.0,40,4.75e-06,0.9569063594881927,,,,,
10,dj_nativegates_ibm_qiskit_opt3_33,,,,,,,,,,,,,,,,3.0,4.0,40,4.75e-06,0.9569063594881927
10,dj_nativegates_ibm_qiskit_opt3_33,3.0,4.0,40.0,4.75e-06,0.9569063882356168,,,,,,,,,,,,,,,
16,dj_nativegates_ibm_qiskit_opt3_33,,,,,,,,,,,,,,,,2.0,3.0,24,7.75e-06,0.9578633141935812
16,dj_nativegates_ibm_qiskit_opt3_33,2.0,3.0,24.0,7.75e-06,0.9578637373432222,,,,,,,,,,,,,,,
27,dj_nativegates_ibm_qiskit_opt3_33,1.0,2.0,8.0,1.0250000000000002e-05,0.958821689475674,,,,,,,,,,,,,,,
27,dj_nativegates_ibm_qiskit_opt3_33,,,,,,,,,,,,,,,,1.0,2.0,8,1.3250000000000004e-05,0.9588208641428498
27,dj_nativegates_ibm_qiskit_opt3_33,,,,,,1.0,2.0,8,1.3250000000000004e-05,0.9588208641428498,,,,,,,,,,
10,dj_nativegates_ibm_qiskit_opt3_33,,,,,,3.0,4.0,40,4.75e-06,0.9569063594881927,,,,,,,,,,
16,dj_nativegates_ibm_qiskit_opt3_33,,,,,,2.0,3.0,24,7.75e-06,0.9578633141935812,,,,,,,,,,
5,graphstate_indep_qiskit_24,6.0,6.0,48.0,2.05e-06,0.9655518524554674,,,,,,,,,,,,,,,
10,graphstate_indep_qiskit_24,,,,,,3.0,3.0,49,2.5499999999999997e-06,0.9684542790282661,,,,,,,,,,
18,graphstate_indep_qiskit_24,,,,,,,,,,,,,,,,2.0,2.0,33,2.05e-06,0.9694236920650967
5,graphstate_indep_qiskit_24,,,,,,,,,,,,,,,,6.0,7.0,48,1.55e-06,0.9655518524554673
23,graphstate_indep_qiskit_24,,,,,,,,,,,0.0,2.0,2,3.5499999999999995e-06,0.9713654302283224,,,,,
16,graphstate_indep_qiskit_24,,,,,,,,,,,2.0,2.0,33,2.05e-06,0.9694236920650966,,,,,
23,graphstate_indep_qiskit_24,,,,,,,,,,,,,,,,0.0,2.0,2,3.5499999999999995e-06,0.9713654302283224
5,graphstate_indep_qiskit_24,,,,,,6.0,7.0,48,2.05e-06,0.9655518524554675,,,,,,,,,,
8,graphstate_indep_qiskit_24,,,,,,4.0,4.0,48,2.5499999999999997e-06,0.967485835393817,,,,,,,,,,
13,graphstate_indep_qiskit_24,,,,,,2.0,2.0,33,3.5499999999999995e-06,0.9694236920650967,,,,,,,,,,
18,graphstate_indep_qiskit_24,,,,,,,,,,,2.0,2.0,33,2.05e-06,0.9694236920650967,,,,,
18,graphstate_indep_qiskit_24,2.0,2.0,32.0,3.0499999999999996e-06,0.9694236920650967,,,,,,,,,,,,,,,
8,graphstate_indep_qiskit_24,,,,,,,,,,,,,,,,4.0,4.0,48,3.0499999999999996e-06,0.967485835393817
8,graphstate_indep_qiskit_24,,,,,,,,,,,4.0,4.0,48,3.0499999999999996e-06,0.967485835393817,,,,,
13,graphstate_indep_qiskit_24,,,,,,,,,,,3.0,3.0,49,3.0499999999999996e-06,0.9684542790282661,,,,,
10,graphstate_indep_qiskit_24,3.0,3.0,48.0,3.0499999999999996e-06,0.9684542790282661,,,,,,,,,,,,,,,
18,graphstate_indep_qiskit_24,,,,,,2.0,2.0,33,2.05e-06,0.9694236920650967,,,,,,,,,,
10,graphstate_indep_qiskit_24,,,,,,,,,,,,,,,,3.0,3.0,48,2.5499999999999997e-06,0.968454279028266
5,graphstate_indep_qiskit_24,,,,,,,,,,,6.0,7.0,48,1.55e-06,0.9655518524554673,,,,,
16,graphstate_indep_qiskit_24,,,,,,2.0,2.0,33,2.05e-06,0.9694236920650966,,,,,,,,,,
13,graphstate_indep_qiskit_24,,,,,,,,,,,,,,,,3.0,3.0,49,3.0499999999999996e-06,0.9684542790282661
16,graphstate_indep_qiskit_24,2.0,2.0,32.0,2.5499999999999997e-06,0.9694236920650967,,,,,,,,,,,,,,,
23,graphstate_indep_qiskit_24,,,,,,0.0,2.0,2,3.5499999999999995e-06,0.9713654302283224,,,,,,,,,,
8,graphstate_indep_qiskit_24,4.0,4.0,48.0,3.5499999999999995e-06,0.9674858353938172,,,,,,,,,,,,,,,
10,graphstate_indep_qiskit_24,,,,,,,,,,,3.0,3.0,48,2.5499999999999997e-06,0.968454279028266,,,,,
16,graphstate_indep_qiskit_24,,,,,,,,,,,,,,,,2.0,2.0,33,2.05e-06,0.9694236920650966
13,graphstate_indep_qiskit_24,2.0,2.0,32.0,3.5499999999999995e-06,0.9694236920650967,,,,,,,,,,,,,,,
502,u2random_indep_qiskit_63,,,,,,241.0,7.0,23945242826029513411849172299223580994042798784118784,4.854999999999991e-05,0.2273649874351198,,,,,,,,,,
502,u2random_indep_qiskit_63,,,,,,,,,,,,,,,,241.0,7.0,23945242826029513411849172299223580994042798784118784,4.854999999999991e-05,0.2273649874351198
502,u2random_indep_qiskit_63,,,,,,,,,,,241.0,7.0,23945242826029513411849172299223580994042798784118784,4.854999999999991e-05,0.2273649874351198,,,,,
50,wstate_nativegates_ibm_qiskit_opt3_93,,,,,,,,,,,2.0,2.0,32,3.235000000000005e-05,0.871632721914085,,,,,
65,wstate_nativegates_ibm_qiskit_opt3_93,2.0,2.0,32.0,3.2850000000000046e-05,0.8716327206060345,,,,,,,,,,,,,,,
50,wstate_nativegates_ibm_qiskit_opt3_93,,,,,,,,,,,,,,,,2.0,2.0,32,3.235000000000005e-05,0.871632721914085
65,wstate_nativegates_ibm_qiskit_opt3_93,,,,,,2.0,2.0,32,4.210000000000008e-05,0.8716327219140851,,,,,,,,,,
27,wstate_nativegates_ibm_qiskit_opt3_93,,,,,,6.0,4.0,256,1.7399999999999996e-05,0.8681515632536702,,,,,,,,,,
65,wstate_nativegates_ibm_qiskit_opt3_93,,,,,,,,,,,,,,,,2.0,2.0,32,4.210000000000008e-05,0.8716327219140851
16,wstate_nativegates_ibm_qiskit_opt3_93,,,,,,12.0,7.0,256,1.0250000000000004e-05,0.8629558763625114,,,,,,,,,,
27,wstate_nativegates_ibm_qiskit_opt3_93,8.0,5.0,272.0,1.6749999999999994e-05,0.8664161944167013,,,,,,,,,,,,,,,
16,wstate_nativegates_ibm_qiskit_opt3_93,,,,,,,,,,,12.0,7.0,256,1.0250000000000004e-05,0.8629558763625114,,,,,
27,wstate_nativegates_ibm_qiskit_opt3_93,,,,,,,,,,,6.0,4.0,256,1.7399999999999996e-05,0.8681515632536702,,,,,
65,wstate_nativegates_ibm_qiskit_opt3_93,,,,,,,,,,,2.0,2.0,32,4.210000000000008e-05,0.8716327219140851,,,,,
50,wstate_nativegates_ibm_qiskit_opt3_93,,,,,,2.0,2.0,32,3.235000000000005e-05,0.871632721914085,,,,,,,,,,
16,wstate_nativegates_ibm_qiskit_opt3_93,,,,,,,,,,,,,,,,12.0,7.0,256,1.0250000000000004e-05,0.8629558763625114
27,wstate_nativegates_ibm_qiskit_opt3_93,,,,,,,,,,,,,,,,6.0,4.0,256,1.7399999999999996e-05,0.8681515632536702
16,ghz_indep_qiskit_47,,,,,,,,,,,,,,,,3.0,4.0,40,7.550000000000001e-06,0.9424844128904731
16,ghz_indep_qiskit_47,,,,,,,,,,,3.0,4.0,40,7.550000000000001e-06,0.9424844128904731,,,,,
27,ghz_indep_qiskit_47,,,,,,,,,,,,,,,,1.0,2.0,8,1.3050000000000004e-05,0.9443721940529265
10,ghz_indep_qiskit_47,,,,,,,,,,,5.0,6.0,52,4.55e-06,0.9406004053648761,,,,,
27,ghz_indep_qiskit_47,,,,,,1.0,2.0,8,1.3050000000000004e-05,0.9443721940529265,,,,,,,,,,
16,ghz_indep_qiskit_47,3.0,4.0,40.0,7.000000000000002e-06,0.9424844128904732,,,,,,,,,,,,,,,
27,ghz_indep_qiskit_47,1.0,2.0,8.0,1.3050000000000004e-05,0.9443721940529265,,,,,,,,,,,,,,,
10,ghz_indep_qiskit_47,5.0,6.0,40.0,4.5e-06,0.9406004053648761,,,,,,,,,,,,,,,
10,ghz_indep_qiskit_47,,,,,,,,,,,,,,,,5.0,6.0,52,4.55e-06,0.9406004053648761
27,ghz_indep_qiskit_47,,,,,,,,,,,1.0,2.0,8,1.3050000000000004e-05,0.9443721940529265,,,,,
10,ghz_indep_qiskit_47,,,,,,5.0,6.0,52,4.55e-06,0.9406004053648761,,,,,,,,,,
16,ghz_indep_qiskit_47,,,,,,3.0,4.0,40,7.550000000000001e-06,0.9424844128904731,,,,,,,,,,
5,vqe_indep_qiskit_8,,,,,,,,,,,2.0,2.0,32,2.6499999999999996e-06,0.9870391835683056,,,,,
5,vqe_indep_qiskit_8,,,,,,,,,,,,,,,,2.0,2.0,32,2.6499999999999996e-06,0.9870391835683056
5,vqe_indep_qiskit_8,2.0,2.0,32.0,2.6499999999999996e-06,0.9870391835683056,,,,,,,,,,,,,,,
5,vqe_indep_qiskit_8,,,,,,2.0,2.0,32,2.6499999999999996e-06,0.9870391835683056,,,,,,,,,,
10,ghz_indep_qiskit_40,,,,,,4.0,5.0,52,4.55e-06,0.9494876593413405,,,,,,,,,,
10,ghz_indep_qiskit_40,4.0,5.0,40.0,4.5e-06,0.9494876593413403,,,,,,,,,,,,,,,
27,ghz_indep_qiskit_40,1.0,2.0,8.0,1.2000000000000004e-05,0.95234180017849,,,,,,,,,,,,,,,
27,ghz_indep_qiskit_40,,,,,,,,,,,1.0,2.0,8,1.3050000000000004e-05,0.95234180017849,,,,,
10,ghz_indep_qiskit_40,,,,,,,,,,,,,,,,4.0,5.0,52,4.55e-06,0.9494876593413405
16,ghz_indep_qiskit_40,2.0,3.0,24.0,7.500000000000002e-06,0.951389467894109,,,,,,,,,,,,,,,
16,ghz_indep_qiskit_40,,,,,,2.0,3.0,24,7.550000000000001e-06,0.9513894678941092,,,,,,,,,,
16,ghz_indep_qiskit_40,,,,,,,,,,,2.0,3.0,24,7.550000000000001e-06,0.9513894678941092,,,,,
27,ghz_indep_qiskit_40,,,,,,,,,,,,,,,,1.0,2.0,8,1.3050000000000004e-05,0.95234180017849
27,ghz_indep_qiskit_40,,,,,,1.0,2.0,8,1.3050000000000004e-05,0.95234180017849,,,,,,,,,,
16,ghz_indep_qiskit_40,,,,,,,,,,,,,,,,2.0,3.0,24,7.550000000000001e-06,0.9513894678941092
10,ghz_indep_qiskit_40,,,,,,,,,,,4.0,5.0,52,4.55e-06,0.9494876593413405,,,,,
65,e_nativegates_ibm_qiskit_opt3_113,,,,,,,,,,,82.0,3.0,1361129467683753853853498429727072845824,0.00020170000000000214,0.3706335342681062,,,,,
50,e_nativegates_ibm_qiskit_opt3_113,,,,,,,,,,,134.0,5.0,1267650600228229401496703205376,0.00012184999999999993,0.35193813654755746,,,,,
50,e_nativegates_ibm_qiskit_opt3_113,,,,,,134.0,5.0,1267650600228229401496703205376,0.00012184999999999993,0.35193813654755746,,,,,,,,,,
65,e_nativegates_ibm_qiskit_opt3_113,,,,,,82.0,3.0,1361129467683753853853498429727072845824,0.00020170000000000214,0.3706335342681062,,,,,,,,,,
50,e_nativegates_ibm_qiskit_opt3_113,,,,,,,,,,,,,,,,134.0,5.0,1267650600228229401496703205376,0.00012184999999999993,0.35193813654755746
65,e_nativegates_ibm_qiskit_opt3_113,,,,,,,,,,,,,,,,82.0,3.0,1361129467683753853853498429727072845824,0.00020170000000000214,0.3706335342681062
16,ghz_indep_qiskit_25,,,,,,1.0,2.0,8,7.550000000000001e-06,0.9696467299157682,,,,,,,,,,
5,ghz_indep_qiskit_25,5.0,6.0,52.0,2.05e-06,0.9657739956375538,,,,,,,,,,,,,,,
10,ghz_indep_qiskit_25,,,,,,,,,,,,,,,,2.0,3.0,24,4.55e-06,0.9686770928745608
5,ghz_indep_qiskit_25,,,,,,,,,,,5.0,6.0,52,2.05e-06,0.9657739956375538,,,,,
10,ghz_indep_qiskit_25,,,,,,2.0,3.0,24,4.55e-06,0.9686770928745608,,,,,,,,,,
10,ghz_indep_qiskit_25,2.0,3.0,24.0,4.5e-06,0.9686770928745607,,,,,,,,,,,,,,,
16,ghz_indep_qiskit_25,1.0,2.0,8.0,7.550000000000001e-06,0.9696467299157682,,,,,,,,,,,,,,,
5,ghz_indep_qiskit_25,,,,,,,,,,,,,,,,5.0,6.0,52,2.05e-06,0.9657739956375538
10,ghz_indep_qiskit_25,,,,,,,,,,,2.0,3.0,24,4.55e-06,0.9686770928745608,,,,,
16,ghz_indep_qiskit_25,,,,,,,,,,,,,,,,1.0,2.0,8,7.550000000000001e-06,0.9696467299157682
5,ghz_indep_qiskit_25,,,,,,5.0,6.0,52,2.05e-06,0.9657739956375538,,,,,,,,,,
16,ghz_indep_qiskit_25,,,,,,,,,,,1.0,2.0,8,7.550000000000001e-06,0.9696467299157682,,,,,
53,ghz_nativegates_ibm_qiskit_opt3_129,2.0,3.0,24.0,2.5499999999999976e-05,0.8549621521766517,,,,,,,,,,,,,,,
27,ghz_nativegates_ibm_qiskit_opt3_129,,,,,,,,,,,4.0,5.0,52,1.3150000000000005e-05,0.8532530999029261,,,,,
128,ghz_nativegates_ibm_qiskit_opt3_129,,,,,,,,,,,,,,,,1.0,2.0,8,6.364999999999988e-05,0.8558179615869071
58,ghz_nativegates_ibm_qiskit_opt3_129,,,,,,,,,,,,,,,,2.0,3.0,24,2.8649999999999968e-05,0.8549621521766517
118,ghz_nativegates_ibm_qiskit_opt3_129,,,,,,,,,,,1.0,2.0,8,5.864999999999989e-05,0.8558179615869071,,,,,
127,ghz_nativegates_ibm_qiskit_opt3_129,,,,,,,,,,,1.0,2.0,8,6.314999999999988e-05,0.8558179615869073,,,,,
73,ghz_nativegates_ibm_qiskit_opt3_129,,,,,,,,,,,1.0,2.0,8,3.614999999999995e-05,0.8558179615869069,,,,,
65,ghz_nativegates_ibm_qiskit_opt3_129,,,,,,,,,,,,,,,,1.0,2.0,8,3.214999999999996e-05,0.8558179615869068
27,ghz_nativegates_ibm_qiskit_opt3_129,,,,,,,,,,,,,,,,4.0,5.0,52,1.3150000000000005e-05,0.8532530999029261
123,ghz_nativegates_ibm_qiskit_opt3_129,,,,,,,,,,,,,,,,1.0,2.0,8,6.114999999999989e-05,0.8558179615869073
53,ghz_nativegates_ibm_qiskit_opt3_129,,,,,,,,,,,,,,,,2.0,3.0,24,2.6149999999999975e-05,0.854962152176652
83,ghz_nativegates_ibm_qiskit_opt3_129,,,,,,1.0,2.0,8,4.1149999999999936e-05,0.8558179615869069,,,,,,,,,,
53,ghz_nativegates_ibm_qiskit_opt3_129,,,,,,,,,,,2.0,3.0,24,2.6149999999999975e-05,0.854962152176652,,,,,
73,ghz_nativegates_ibm_qiskit_opt3_129,1.0,2.0,8.0,3.599999999999995e-05,0.8558179615869065,,,,,,,,,,,,,,,
58,ghz_nativegates_ibm_qiskit_opt3_129,,,,,,,,,,,2.0,3.0,24,2.8649999999999968e-05,0.8549621521766517,,,,,
43,ghz_nativegates_ibm_qiskit_opt3_129,,,,,,,,,,,,,,,,3.0,4.0,40,2.114999999999999e-05,0.8541071985672557
88,ghz_nativegates_ibm_qiskit_opt3_129,1.0,2.0,8.0,4.099999999999993e-05,0.8558179615869063,,,,,,,,,,,,,,,
50,ghz_nativegates_ibm_qiskit_opt3_129,,,,,,2.0,3.0,24,2.464999999999998e-05,0.8549621521766518,,,,,,,,,,
88,ghz_nativegates_ibm_qiskit_opt3_129,,,,,,1.0,2.0,8,4.364999999999993e-05,0.855817961586907,,,,,,,,,,
113,ghz_nativegates_ibm_qiskit_opt3_129,,,,,,,,,,,1.0,2.0,8,5.6149999999999894e-05,0.8558179615869071,,,,,
78,ghz_nativegates_ibm_qiskit_opt3_129,,,,,,,,,,,1.0,2.0,8,3.864999999999994e-05,0.8558179615869069,,,,,
118,ghz_nativegates_ibm_qiskit_opt3_129,1.0,2.0,8.0,4.099999999999993e-05,0.8558179615869063,,,,,,,,,,,,,,,
48,ghz_nativegates_ibm_qiskit_opt3_129,,,,,,,,,,,,,,,,2.0,3.0,24,2.3649999999999982e-05,0.854962152176652
83,ghz_nativegates_ibm_qiskit_opt3_129,,,,,,,,,,,,,,,,1.0,2.0,8,4.1149999999999936e-05,0.8558179615869069
113,ghz_nativegates_ibm_qiskit_opt3_129,,,,,,,,,,,,,,,,1.0,2.0,8,5.6149999999999894e-05,0.8558179615869071
63,ghz_nativegates_ibm_qiskit_opt3_129,,,,,,,,,,,,,,,,2.0,3.0,24,3.1149999999999964e-05,0.8549621521766518
103,ghz_nativegates_ibm_qiskit_opt3_129,,,,,,1.0,2.0,8,5.114999999999991e-05,0.855817961586907,,,,,,,,,,
123,ghz_nativegates_ibm_qiskit_opt3_129,1.0,2.0,8.0,4.099999999999993e-05,0.8558179615869063,,,,,,,,,,,,,,,
68,ghz_nativegates_ibm_qiskit_opt3_129,,,,,,1.0,2.0,8,3.364999999999996e-05,0.8558179615869068,,,,,,,,,,
118,ghz_nativegates_ibm_qiskit_opt3_129,,,,,,,,,,,,,,,,1.0,2.0,8,5.864999999999989e-05,0.8558179615869071
68,ghz_nativegates_ibm_qiskit_opt3_129,,,,,,,,,,,,,,,,1.0,2.0,8,3.364999999999996e-05,0.8558179615869068
98,ghz_nativegates_ibm_qiskit_opt3_129,,,,,,,,,,,1.0,2.0,8,4.8649999999999915e-05,0.855817961586907,,,,,
88,ghz_nativegates_ibm_qiskit_opt3_129,,,,,,,,,,,,,,,,1.0,2.0,8,4.364999999999993e-05,0.855817961586907
48,ghz_nativegates_ibm_qiskit_opt3_129,2.0,3.0,24.0,2.3649999999999982e-05,0.8549621521766518,,,,,,,,,,,,,,,
48,ghz_nativegates_ibm_qiskit_opt3_129,,,,,,2.0,3.0,24,2.3649999999999982e-05,0.854962152176652,,,,,,,,,,
123,ghz_nativegates_ibm_qiskit_opt3_129,,,,,,1.0,2.0,8,6.114999999999989e-05,0.8558179615869073,,,,,,,,,,
65,ghz_nativegates_ibm_qiskit_opt3_129,,,,,,1.0,2.0,8,3.214999999999996e-05,0.8558179615869068,,,,,,,,,,
43,ghz_nativegates_ibm_qiskit_opt3_129,,,,,,3.0,4.0,40,2.114999999999999e-05,0.8541071985672557,,,,,,,,,,
128,ghz_nativegates_ibm_qiskit_opt3_129,,,,,,1.0,2.0,8,6.364999999999988e-05,0.8558179615869071,,,,,,,,,,
127,ghz_nativegates_ibm_qiskit_opt3_129,1.0,2.0,8.0,4.099999999999993e-05,0.8558179615869063,,,,,,,,,,,,,,,
108,ghz_nativegates_ibm_qiskit_opt3_129,,,,,,,,,,,,,,,,1.0,2.0,8,5.36499999999999e-05,0.8558179615869073
78,ghz_nativegates_ibm_qiskit_opt3_129,,,,,,,,,,,,,,,,1.0,2.0,8,3.864999999999994e-05,0.8558179615869069
103,ghz_nativegates_ibm_qiskit_opt3_129,1.0,2.0,8.0,4.099999999999993e-05,0.8558179615869063,,,,,,,,,,,,,,,
98,ghz_nativegates_ibm_qiskit_opt3_129,,,,,,,,,,,,,,,,1.0,2.0,8,4.8649999999999915e-05,0.855817961586907
93,ghz_nativegates_ibm_qiskit_opt3_129,,,,,,,,,,,1.0,2.0,8,4.614999999999992e-05,0.855817961586907,,,,,
108,ghz_nativegates_ibm_qiskit_opt3_129,,,,,,1.0,2.0,8,5.36499999999999e-05,0.8558179615869073,,,,,,,,,,
93,ghz_nativegates_ibm_qiskit_opt3_129,,,,,,,,,,,,,,,,1.0,2.0,8,4.614999999999992e-05,0.855817961586907
63,ghz_nativegates_ibm_qiskit_opt3_129,,,,,,2.0,3.0,24,3.1149999999999964e-05,0.8549621521766518,,,,,,,,,,
68,ghz_nativegates_ibm_qiskit_opt3_129,1.0,2.0,8.0,3.3499999999999954e-05,0.8558179615869067,,,,,,,,,,,,,,,
93,ghz_nativegates_ibm_qiskit_opt3_129,1.0,2.0,8.0,4.099999999999993e-05,0.8558179615869063,,,,,,,,,,,,,,,
103,ghz_nativegates_ibm_qiskit_opt3_129,,,,,,,,,,,,,,,,1.0,2.0,8,5.114999999999991e-05,0.855817961586907
73,ghz_nativegates_ibm_qiskit_opt3_129,,,,,,,,,,,,,,,,1.0,2.0,8,3.614999999999995e-05,0.8558179615869069
63,ghz_nativegates_ibm_qiskit_opt3_129,,,,,,,,,,,2.0,3.0,24,3.1149999999999964e-05,0.8549621521766518,,,,,
108,ghz_nativegates_ibm_qiskit_opt3_129,,,,,,,,,,,1.0,2.0,8,5.36499999999999e-05,0.8558179615869073,,,,,
27,ghz_nativegates_ibm_qiskit_opt3_129,4.0,5.0,40.0,1.3000000000000004e-05,0.853253099902926,,,,,,,,,,,,,,,
128,ghz_nativegates_ibm_qiskit_opt3_129,,,,,,,,,,,1.0,2.0,8,6.364999999999988e-05,0.8558179615869071,,,,,
58,ghz_nativegates_ibm_qiskit_opt3_129,2.0,3.0,24.0,2.5499999999999976e-05,0.8549621521766517,,,,,,,,,,,,,,,
43,ghz_nativegates_ibm_qiskit_opt3_129,,,,,,,,,,,3.0,4.0,40,2.114999999999999e-05,0.8541071985672557,,,,,
127,ghz_nativegates_ibm_qiskit_opt3_129,,,,,,,,,,,,,,,,1.0,2.0,8,6.314999999999988e-05,0.8558179615869073
93,ghz_nativegates_ibm_qiskit_opt3_129,,,,,,1.0,2.0,8,4.614999999999992e-05,0.855817961586907,,,,,,,,,,
98,ghz_nativegates_ibm_qiskit_opt3_129,,,,,,1.0,2.0,8,4.8649999999999915e-05,0.855817961586907,,,,,,,,,,
113,ghz_nativegates_ibm_qiskit_opt3_129,1.0,2.0,8.0,4.099999999999993e-05,0.8558179615869063,,,,,,,,,,,,,,,
65,ghz_nativegates_ibm_qiskit_opt3_129,,,,,,,,,,,1.0,2.0,8,3.214999999999996e-05,0.8558179615869068,,,,,
123,ghz_nativegates_ibm_qiskit_opt3_129,,,,,,,,,,,1.0,2.0,8,6.114999999999989e-05,0.8558179615869073,,,,,
48,ghz_nativegates_ibm_qiskit_opt3_129,,,,,,,,,,,2.0,3.0,24,2.3649999999999982e-05,0.854962152176652,,,,,
78,ghz_nativegates_ibm_qiskit_opt3_129,1.0,2.0,8.0,3.849999999999994e-05,0.8558179615869065,,,,,,,,,,,,,,,
50,ghz_nativegates_ibm_qiskit_opt3_129,,,,,,,,,,,,,,,,2.0,3.0,24,2.464999999999998e-05,0.8549621521766518
83,ghz_nativegates_ibm_qiskit_opt3_129,1.0,2.0,8.0,4.099999999999993e-05,0.8558179615869063,,,,,,,,,,,,,,,
68,ghz_nativegates_ibm_qiskit_opt3_129,,,,,,,,,,,1.0,2.0,8,3.364999999999996e-05,0.8558179615869068,,,,,
103,ghz_nativegates_ibm_qiskit_opt3_129,,,,,,,,,,,1.0,2.0,8,5.114999999999991e-05,0.855817961586907,,,,,
78,ghz_nativegates_ibm_qiskit_opt3_129,,,,,,1.0,2.0,8,3.864999999999994e-05,0.8558179615869069,,,,,,,,,,
113,ghz_nativegates_ibm_qiskit_opt3_129,,,,,,1.0,2.0,8,5.6149999999999894e-05,0.8558179615869071,,,,,,,,,,
50,ghz_nativegates_ibm_qiskit_opt3_129,2.0,3.0,24.0,2.449999999999998e-05,0.8549621521766517,,,,,,,,,,,,,,,
43,ghz_nativegates_ibm_qiskit_opt3_129,3.0,4.0,40.0,1.9499999999999993e-05,0.8541071985672555,,,,,,,,,,,,,,,
50,ghz_nativegates_ibm_qiskit_opt3_129,,,,,,,,,,,2.0,3.0,24,2.464999999999998e-05,0.8549621521766518,,,,,
65,ghz_nativegates_ibm_qiskit_opt3_129,1.0,2.0,8.0,3.214999999999996e-05,0.8558179615869068,,,,,,,,,,,,,,,
58,ghz_nativegates_ibm_qiskit_opt3_129,,,,,,2.0,3.0,24,2.8649999999999968e-05,0.8549621521766517,,,,,,,,,,
88,ghz_nativegates_ibm_qiskit_opt3_129,,,,,,,,,,,1.0,2.0,8,4.364999999999993e-05,0.855817961586907,,,,,
128,ghz_nativegates_ibm_qiskit_opt3_129,1.0,2.0,8.0,4.099999999999993e-05,0.8558179615869063,,,,,,,,,,,,,,,
83,ghz_nativegates_ibm_qiskit_opt3_129,,,,,,,,,,,1.0,2.0,8,4.1149999999999936e-05,0.8558179615869069,,,,,
63,ghz_nativegates_ibm_qiskit_opt3_129,2.0,3.0,24.0,2.5499999999999976e-05,0.8549621521766517,,,,,,,,,,,,,,,
53,ghz_nativegates_ibm_qiskit_opt3_129,,,,,,2.0,3.0,24,2.6149999999999975e-05,0.854962152176652,,,,,,,,,,
98,ghz_nativegates_ibm_qiskit_opt3_129,1.0,2.0,8.0,4.099999999999993e-05,0.8558179615869063,,,,,,,,,,,,,,,
108,ghz_nativegates_ibm_qiskit_opt3_129,1.0,2.0,8.0,4.099999999999993e-05,0.8558179615869063,,,,,,,,,,,,,,,
27,ghz_nativegates_ibm_qiskit_opt3_129,,,,,,4.0,5.0,52,1.3150000000000005e-05,0.8532530999029261,,,,,,,,,,
73,ghz_nativegates_ibm_qiskit_opt3_129,,,,,,1.0,2.0,8,3.614999999999995e-05,0.8558179615869069,,,,,,,,,,
127,ghz_nativegates_ibm_qiskit_opt3_129,,,,,,1.0,2.0,8,6.314999999999988e-05,0.8558179615869073,,,,,,,,,,
118,ghz_nativegates_ibm_qiskit_opt3_129,,,,,,1.0,2.0,8,5.864999999999989e-05,0.8558179615869071,,,,,,,,,,
102,u2random_nativegates_ibm_qiskit_opt3_21,,,,,,,,,,,,,,,,186.0,21.0,1048576,8.900000000000003e-06,0.7142599302965313
102,u2random_nativegates_ibm_qiskit_opt3_21,,,,,,,,,,,186.0,21.0,1048576,8.900000000000003e-06,0.7142599302965313,,,,,
162,u2random_nativegates_ibm_qiskit_opt3_21,,,,,,,,,,,83.0,7.0,4294967296,1.4700000000000005e-05,0.7917568871653238,,,,,
162,u2random_nativegates_ibm_qiskit_opt3_21,,,,,,83.0,7.0,4294967296,1.4700000000000005e-05,0.7917568871653238,,,,,,,,,,
102,u2random_nativegates_ibm_qiskit_opt3_21,,,,,,186.0,21.0,1048576,8.900000000000003e-06,0.7142599302965313,,,,,,,,,,
162,u2random_nativegates_ibm_qiskit_opt3_21,,,,,,,,,,,,,,,,83.0,7.0,4294967296,1.4700000000000005e-05,0.7917568871653238
5,graphstate_indep_qiskit_13,,,,,,,,,,,,,,,,3.0,4.0,49,1.55e-06,0.9814362107025191
5,graphstate_indep_qiskit_13,,,,,,,,,,,3.0,4.0,49,1.55e-06,0.9814362107025191,,,,,
10,graphstate_indep_qiskit_13,,,,,,,,,,,0.0,2.0,2,3.0499999999999996e-06,0.9843863852894206,,,,,
10,graphstate_indep_qiskit_13,,,,,,0.0,2.0,2,3.0499999999999996e-06,0.9843863852894206,,,,,,,,,,
5,graphstate_indep_qiskit_13,4.0,4.0,48.0,1.55e-06,0.9804547852790843,,,,,,,,,,,,,,,
10,graphstate_indep_qiskit_13,,,,,,,,,,,,,,,,0.0,2.0,2,3.0499999999999996e-06,0.9843863852894206
5,graphstate_indep_qiskit_13,,,,,,3.0,4.0,49,2.05e-06,0.9814362107025191,,,,,,,,,,
52,u2random_nativegates_ibm_qiskit_opt3_10,,,,,,87.0,20.0,16384,3.899999999999999e-06,0.881920609025965,,,,,,,,,,
52,u2random_nativegates_ibm_qiskit_opt3_10,,,,,,,,,,,88.0,21.0,16384,3.6999999999999993e-06,0.8810388259272415,,,,,
52,u2random_nativegates_ibm_qiskit_opt3_10,,,,,,,,,,,,,,,,88.0,21.0,16384,3.6999999999999993e-06,0.8810388259272415
10,wstate_nativegates_ibm_qiskit_opt3_57,,,,,,,,,,,12.0,7.0,256,6.350000000000004e-06,0.9095458268527618,,,,,
50,wstate_nativegates_ibm_qiskit_opt3_57,,,,,,,,,,,,,,,,2.0,2.0,32,3.235000000000005e-05,0.9186911248660805
50,wstate_nativegates_ibm_qiskit_opt3_57,,,,,,2.0,2.0,32,3.235000000000005e-05,0.9186911248660805,,,,,,,,,,
16,wstate_nativegates_ibm_qiskit_opt3_57,,,,,,,,,,,6.0,4.0,256,1.0250000000000004e-05,0.9150220226339487,,,,,
27,wstate_nativegates_ibm_qiskit_opt3_57,4.0,3.0,288.0,1.335e-05,0.9168547340475096,,,,,,,,,,,,,,,
27,wstate_nativegates_ibm_qiskit_opt3_57,,,,,,,,,,,4.0,3.0,256,1.7399999999999996e-05,0.91685473835871,,,,,
27,wstate_nativegates_ibm_qiskit_opt3_57,,,,,,4.0,3.0,256,1.7399999999999996e-05,0.91685473835871,,,,,,,,,,
16,wstate_nativegates_ibm_qiskit_opt3_57,6.0,4.0,288.0,1.0250000000000004e-05,0.9150220169582018,,,,,,,,,,,,,,,
50,wstate_nativegates_ibm_qiskit_opt3_57,2.0,2.0,32.0,2.390000000000002e-05,0.91869112348741,,,,,,,,,,,,,,,
16,wstate_nativegates_ibm_qiskit_opt3_57,,,,,,6.0,4.0,256,1.0250000000000004e-05,0.9150220226339487,,,,,,,,,,
10,wstate_nativegates_ibm_qiskit_opt3_57,,,,,,,,,,,,,,,,12.0,7.0,256,6.350000000000004e-06,0.9095458268527618
50,wstate_nativegates_ibm_qiskit_opt3_57,,,,,,,,,,,2.0,2.0,32,3.235000000000005e-05,0.9186911248660805,,,,,
16,wstate_nativegates_ibm_qiskit_opt3_57,,,,,,,,,,,,,,,,6.0,4.0,256,1.0250000000000004e-05,0.9150220226339487
27,wstate_nativegates_ibm_qiskit_opt3_57,,,,,,,,,,,,,,,,4.0,3.0,256,1.7399999999999996e-05,0.91685473835871
10,wstate_nativegates_ibm_qiskit_opt3_57,,,,,,12.0,7.0,256,6.350000000000004e-06,0.9095458268527618,,,,,,,,,,
162,u2random_nativegates_ibm_qiskit_opt3_28,,,,,,,,,,,,,,,,176.0,13.0,4294967296,1.4700000000000005e-05,0.6469238275863088
272,u2random_nativegates_ibm_qiskit_opt3_28,,,,,,,,,,,,,,,,84.0,5.0,18014398509481984,2.5899999999999976e-05,0.7091906451738009
162,u2random_nativegates_ibm_qiskit_opt3_28,,,,,,188.0,14.0,4294967296,1.4700000000000005e-05,0.6392070251043704,,,,,,,,,,
272,u2random_nativegates_ibm_qiskit_opt3_28,,,,,,84.0,5.0,18014398509481984,2.5899999999999976e-05,0.7091906451738009,,,,,,,,,,
162,u2random_nativegates_ibm_qiskit_opt3_28,,,,,,,,,,,176.0,13.0,4294967296,1.4700000000000005e-05,0.6469238275863088,,,,,
272,u2random_nativegates_ibm_qiskit_opt3_28,,,,,,,,,,,84.0,5.0,18014398509481984,2.5899999999999976e-05,0.7091906451738009,,,,,
65,realamprandom_indep_qiskit_67,,,,,,,,,,,201.0,5.0,1361129467683753853853498429727072845824,6.354999999999988e-05,0.20157974862378858,,,,,
65,realamprandom_indep_qiskit_67,,,,,,,,,,,,,,,,201.0,5.0,1361129467683753853853498429727072845824,6.354999999999988e-05,0.20157974862378858
65,realamprandom_indep_qiskit_67,,,,,,201.0,5.0,1361129467683753853853498429727072845824,6.354999999999988e-05,0.20157974862378858,,,,,,,,,,
10,graphstate_indep_qiskit_14,,,,,,,,,,,,,,,,3.0,2.0,48,2.05e-06,0.980248878989173
10,graphstate_indep_qiskit_14,,,,,,2.0,2.0,32,2.5499999999999997e-06,0.9812300983024731,,,,,,,,,,
5,graphstate_indep_qiskit_14,,,,,,4.0,4.0,48,2.05e-06,0.9792686408844015,,,,,,,,,,
5,graphstate_indep_qiskit_14,4.0,4.0,48.0,1.55e-06,0.9792686408844014,,,,,,,,,,,,,,,
5,graphstate_indep_qiskit_14,,,,,,,,,,,4.0,4.0,48,1.55e-06,0.9792686408844015,,,,,
5,graphstate_indep_qiskit_14,,,,,,,,,,,,,,,,4.0,4.0,48,1.55e-06,0.9792686408844015
10,graphstate_indep_qiskit_14,,,,,,,,,,,3.0,2.0,48,2.05e-06,0.980248878989173,,,,,
10,graphstate_indep_qiskit_14,2.0,2.0,32.0,2.5499999999999997e-06,0.9812300983024731,,,,,,,,,,,,,,,
50,wstate_nativegates_ibm_qiskit_opt3_86,2.0,2.0,32.0,3.155000000000004e-05,0.8805902192810152,,,,,,,,,,,,,,,
65,wstate_nativegates_ibm_qiskit_opt3_86,,,,,,2.0,2.0,32,4.210000000000008e-05,0.8805902206025085,,,,,,,,,,
27,wstate_nativegates_ibm_qiskit_opt3_86,,,,,,6.0,4.0,256,1.7399999999999996e-05,0.8770732871560499,,,,,,,,,,
16,wstate_nativegates_ibm_qiskit_opt3_86,,,,,,10.0,6.0,256,1.0250000000000004e-05,0.8735703997670845,,,,,,,,,,
50,wstate_nativegates_ibm_qiskit_opt3_86,,,,,,,,,,,2.0,2.0,32,3.235000000000005e-05,0.8805902206025081,,,,,
27,wstate_nativegates_ibm_qiskit_opt3_86,,,,,,,,,,,,,,,,6.0,4.0,256,1.7399999999999996e-05,0.8770732871560499
16,wstate_nativegates_ibm_qiskit_opt3_86,,,,,,,,,,,,,,,,10.0,6.0,256,1.0250000000000004e-05,0.8735703997670845
65,wstate_nativegates_ibm_qiskit_opt3_86,2.0,2.0,32.0,3.625000000000006e-05,0.8805902192810154,,,,,,,,,,,,,,,
50,wstate_nativegates_ibm_qiskit_opt3_86,,,,,,,,,,,,,,,,2.0,2.0,32,3.235000000000005e-05,0.8805902206025081
50,wstate_nativegates_ibm_qiskit_opt3_86,,,,,,2.0,2.0,32,3.235000000000005e-05,0.8805902206025081,,,,,,,,,,
27,wstate_nativegates_ibm_qiskit_opt3_86,6.0,4.0,272.0,1.6749999999999994e-05,0.8770732817156925,,,,,,,,,,,,,,,
16,wstate_nativegates_ibm_qiskit_opt3_86,,,,,,,,,,,10.0,6.0,256,1.0250000000000004e-05,0.8735703997670845,,,,,
27,wstate_nativegates_ibm_qiskit_opt3_86,,,,,,,,,,,6.0,4.0,256,1.7399999999999996e-05,0.8770732871560499,,,,,
65,wstate_nativegates_ibm_qiskit_opt3_86,,,,,,,,,,,,,,,,2.0,2.0,32,4.210000000000008e-05,0.8805902206025085
65,wstate_nativegates_ibm_qiskit_opt3_86,,,,,,,,,,,2.0,2.0,32,4.210000000000008e-05,0.8805902206025085,,,,,
10,dj_nativegates_ibm_qiskit_opt3_21,,,,,,2.0,3.0,24,4.75e-06,0.9723469530217678,,,,,,,,,,
16,dj_nativegates_ibm_qiskit_opt3_21,1.0,2.0,8.0,6.250000000000001e-06,0.973320059867856,,,,,,,,,,,,,,,
5,dj_nativegates_ibm_qiskit_opt3_21,,,,,,,,,,,4.0,5.0,52,2.2499999999999996e-06,0.9704036636825732,,,,,
16,dj_nativegates_ibm_qiskit_opt3_21,,,,,,1.0,2.0,8,7.75e-06,0.9733198462773845,,,,,,,,,,
16,dj_nativegates_ibm_qiskit_opt3_21,,,,,,,,,,,,,,,,1.0,2.0,8,7.75e-06,0.9733198462773845
10,dj_nativegates_ibm_qiskit_opt3_21,,,,,,,,,,,,,,,,2.0,3.0,24,4.75e-06,0.9723469530217678
16,dj_nativegates_ibm_qiskit_opt3_21,,,,,,,,,,,1.0,2.0,8,7.75e-06,0.9733198462773845,,,,,
5,dj_nativegates_ibm_qiskit_opt3_21,,,,,,4.0,5.0,52,2.2499999999999996e-06,0.9704036636825732,,,,,,,,,,
5,dj_nativegates_ibm_qiskit_opt3_21,,,,,,,,,,,,,,,,4.0,5.0,52,2.2499999999999996e-06,0.9704036636825732
5,dj_nativegates_ibm_qiskit_opt3_21,4.0,5.0,40.0,2.2499999999999996e-06,0.9704036636825732,,,,,,,,,,,,,,,
10,dj_nativegates_ibm_qiskit_opt3_21,2.0,3.0,24.0,4.75e-06,0.9723470815167407,,,,,,,,,,,,,,,
10,dj_nativegates_ibm_qiskit_opt3_21,,,,,,,,,,,2.0,3.0,24,4.75e-06,0.9723469530217678,,,,,
10,graphstate_indep_qiskit_31,,,,,,,,,,,,,,,,4.0,4.0,48,2.5499999999999997e-06,0.9593223287792515
27,graphstate_indep_qiskit_31,,,,,,2.0,2.0,32,2.05e-06,0.9612438340940818,,,,,,,,,,
10,graphstate_indep_qiskit_31,,,,,,5.0,4.0,48,2.05e-06,0.9583630169946799,,,,,,,,,,
16,graphstate_indep_qiskit_31,,,,,,,,,,,,,,,,3.0,3.0,48,2.05e-06,0.9602826008253148
16,graphstate_indep_qiskit_31,,,,,,,,,,,3.0,3.0,48,2.05e-06,0.9602826008253149,,,,,
27,graphstate_indep_qiskit_31,2.0,2.0,32.0,2.5499999999999997e-06,0.9612438340940817,,,,,,,,,,,,,,,
16,graphstate_indep_qiskit_31,,,,,,3.0,3.0,48,2.5499999999999997e-06,0.960282600825315,,,,,,,,,,
16,graphstate_indep_qiskit_31,3.0,3.0,48.0,2.05e-06,0.960282600825315,,,,,,,,,,,,,,,
10,graphstate_indep_qiskit_31,,,,,,,,,,,4.0,4.0,48,2.5499999999999997e-06,0.9593223287792515,,,,,
27,graphstate_indep_qiskit_31,,,,,,,,,,,2.0,2.0,32,2.5499999999999997e-06,0.9612438340940818,,,,,
10,graphstate_indep_qiskit_31,4.0,4.0,48.0,2.05e-06,0.9593223287792517,,,,,,,,,,,,,,,
27,graphstate_indep_qiskit_31,,,,,,,,,,,,,,,,2.0,2.0,32,2.05e-06,0.9612438340940818
10,e_nativegates_ibm_qiskit_opt3_11,,,,,,,,,,,19.0,3.0,1048576,1.7650000000000002e-05,0.947220150021459,,,,,
5,e_nativegates_ibm_qiskit_opt3_11,,,,,,33.0,9.0,1024,8.300000000000002e-06,0.9340550995106122,,,,,,,,,,
10,e_nativegates_ibm_qiskit_opt3_11,13.0,3.0,262144.0,1.815e-05,0.9529283202578939,,,,,,,,,,,,,,,
10,e_nativegates_ibm_qiskit_opt3_11,,,,,,,,,,,,,,,,19.0,3.0,1048576,1.7650000000000002e-05,0.947220150021459
5,e_nativegates_ibm_qiskit_opt3_11,,,,,,,,,,,,,,,,33.0,9.0,1024,8.300000000000002e-06,0.9340550995106122
10,e_nativegates_ibm_qiskit_opt3_11,,,,,,19.0,3.0,1048576,1.7650000000000002e-05,0.947220150021459,,,,,,,,,,
5,e_nativegates_ibm_qiskit_opt3_11,,,,,,,,,,,33.0,9.0,1024,8.300000000000002e-06,0.9340550995106122,,,,,
27,dj_indep_qiskit_34,,,,,,,,,,,1.0,2.0,8,1.3100000000000003e-05,0.958590400493105,,,,,
10,dj_indep_qiskit_34,,,,,,,,,,,3.0,4.0,40,4.6e-06,0.9566763329474979,,,,,
16,dj_indep_qiskit_34,,,,,,,,,,,2.0,3.0,24,7.600000000000002e-06,0.9576330978864032,,,,,
16,dj_indep_qiskit_34,2.0,3.0,24.0,6.100000000000001e-06,0.9576335325307692,,,,,,,,,,,,,,,
27,dj_indep_qiskit_34,,,,,,,,,,,,,,,,1.0,2.0,8,1.3100000000000003e-05,0.958590400493105
10,dj_indep_qiskit_34,,,,,,,,,,,,,,,,3.0,4.0,40,4.6e-06,0.9566763329474979
16,dj_indep_qiskit_34,,,,,,2.0,3.0,24,7.600000000000002e-06,0.9576330978864032,,,,,,,,,,
10,dj_indep_qiskit_34,,,,,,3.0,4.0,40,4.6e-06,0.9566763329474979,,,,,,,,,,
27,dj_indep_qiskit_34,,,,,,1.0,2.0,8,1.3100000000000003e-05,0.958590400493105,,,,,,,,,,
27,dj_indep_qiskit_34,1.0,2.0,8.0,1.0600000000000002e-05,0.9585910785424419,,,,,,,,,,,,,,,
10,dj_indep_qiskit_34,3.0,4.0,40.0,4.6e-06,0.956676353068072,,,,,,,,,,,,,,,
16,dj_indep_qiskit_34,,,,,,,,,,,,,,,,2.0,3.0,24,7.600000000000002e-06,0.9576330978864032
5,dj_indep_qiskit_7,,,,,,,,,,,1.0,2.0,8,2.1e-06,0.9907092780038097,,,,,
5,dj_indep_qiskit_7,1.0,2.0,8.0,1.6e-06,0.9907092889082627,,,,,,,,,,,,,,,
5,dj_indep_qiskit_7,,,,,,,,,,,,,,,,1.0,2.0,8,2.1e-06,0.9907092780038097
5,dj_indep_qiskit_7,,,,,,1.0,2.0,8,2.1e-06,0.9907092780038097,,,,,,,,,,
65,realamprandom_indep_qiskit_80,,,,,,240.0,5.0,1361129467683753853853498429727072845824,6.354999999999988e-05,0.10805703793455473,,,,,,,,,,
65,realamprandom_indep_qiskit_80,,,,,,,,,,,,,,,,240.0,5.0,1361129467683753853853498429727072845824,6.354999999999988e-05,0.10805703793455473
65,realamprandom_indep_qiskit_80,,,,,,,,,,,240.0,5.0,1361129467683753853853498429727072845824,6.354999999999988e-05,0.10805703793455473,,,,,
102,u2random_indep_qiskit_14,,,,,,56.0,7.0,4294967296,8.550000000000001e-06,0.8823049514859583,,,,,,,,,,
102,u2random_indep_qiskit_14,,,,,,,,,,,,,,,,56.0,7.0,4294967296,8.550000000000001e-06,0.8823049514859583
52,u2random_indep_qiskit_14,,,,,,,,,,,,,,,,194.0,43.0,1024,3.5499999999999995e-06,0.7685327950268731
52,u2random_indep_qiskit_14,,,,,,,,,,,194.0,43.0,1024,3.5499999999999995e-06,0.7685327950268731,,,,,
52,u2random_indep_qiskit_14,,,,,,199.0,43.0,1024,3.5999999999999994e-06,0.7646976258334812,,,,,,,,,,
102,u2random_indep_qiskit_14,,,,,,,,,,,56.0,7.0,4294967296,8.550000000000001e-06,0.8823049514859583,,,,,
16,realamprandom_indep_qiskit_27,,,,,,,,,,,181.0,13.0,281474976710656,1.4550000000000005e-05,0.6571051944488742,,,,,
16,realamprandom_indep_qiskit_27,,,,,,181.0,13.0,281474976710656,1.4550000000000005e-05,0.6571051944488742,,,,,,,,,,
16,realamprandom_indep_qiskit_27,,,,,,,,,,,,,,,,181.0,13.0,281474976710656,1.4550000000000005e-05,0.6571051944488742
50,graphstate_indep_qiskit_54,,,,,,,,,,,0.0,2.0,2,4.55e-06,0.9367224903309708,,,,,
16,graphstate_indep_qiskit_54,,,,,,,,,,,,,,,,4.0,4.0,49,3.0499999999999996e-06,0.9329812580184327
16,graphstate_indep_qiskit_54,,,,,,,,,,,4.0,4.0,49,3.0499999999999996e-06,0.9329812580184327,,,,,
10,graphstate_indep_qiskit_54,,,,,,7.0,7.0,48,3.5499999999999995e-06,0.9301851429577264,,,,,,,,,,
10,graphstate_indep_qiskit_54,,,,,,,,,,,,,,,,7.0,7.0,48,3.5499999999999995e-06,0.9301851429577264
27,graphstate_indep_qiskit_54,,,,,,2.0,3.0,33,3.5499999999999995e-06,0.934850002643819,,,,,,,,,,
50,graphstate_indep_qiskit_54,,,,,,,,,,,,,,,,0.0,2.0,2,4.55e-06,0.9367224903309708
27,graphstate_indep_qiskit_54,3.0,3.0,48.0,4.55e-06,0.9339151629163995,,,,,,,,,,,,,,,
27,graphstate_indep_qiskit_54,,,,,,,,,,,,,,,,2.0,3.0,33,3.5499999999999995e-06,0.934850002643819
27,graphstate_indep_qiskit_54,,,,,,,,,,,2.0,3.0,33,3.5499999999999995e-06,0.934850002643819,,,,,
16,graphstate_indep_qiskit_54,4.0,4.0,48.0,4.049999999999999e-06,0.932981258018432,,,,,,,,,,,,,,,
10,graphstate_indep_qiskit_54,,,,,,,,,,,7.0,7.0,49,4.049999999999999e-06,0.9301851429577264,,,,,
10,graphstate_indep_qiskit_54,6.0,6.0,48.0,3.5499999999999995e-06,0.931116248972513,,,,,,,,,,,,,,,
16,graphstate_indep_qiskit_54,,,,,,4.0,4.0,49,3.5499999999999995e-06,0.9329812580184323,,,,,,,,,,
50,graphstate_indep_qiskit_54,,,,,,0.0,2.0,2,4.55e-06,0.9367224903309708,,,,,,,,,,
27,realamprandom_indep_qiskit_29,,,,,,87.0,5.0,18014398509481984,2.5549999999999977e-05,0.69689596838124,,,,,,,,,,
16,realamprandom_indep_qiskit_29,,,,,,,,,,,202.0,15.0,281474976710656,1.4550000000000005e-05,0.621250371083308,,,,,
16,realamprandom_indep_qiskit_29,,,,,,,,,,,,,,,,202.0,15.0,281474976710656,1.4550000000000005e-05,0.621250371083308
27,realamprandom_indep_qiskit_29,,,,,,,,,,,,,,,,87.0,5.0,18014398509481984,2.5549999999999977e-05,0.69689596838124
16,realamprandom_indep_qiskit_29,,,,,,202.0,15.0,281474976710656,1.4550000000000005e-05,0.6212526540422886,,,,,,,,,,
27,realamprandom_indep_qiskit_29,,,,,,,,,,,87.0,5.0,18014398509481984,2.5549999999999977e-05,0.69689596838124,,,,,
162,u2random_indep_qiskit_25,,,,,,,,,,,,,,,,147.0,11.0,281474976710656,1.4600000000000006e-05,0.7024384916050391
162,u2random_indep_qiskit_25,,,,,,,,,,,147.0,11.0,281474976710656,1.4600000000000006e-05,0.7024384916050391,,,,,
162,u2random_indep_qiskit_25,,,,,,147.0,11.0,281474976710656,1.4600000000000006e-05,0.7024384916050391,,,,,,,,,,
27,ghz_indep_qiskit_62,,,,,,,,,,,,,,,,2.0,3.0,24,1.3050000000000004e-05,0.9265908206301638
50,ghz_indep_qiskit_62,,,,,,,,,,,1.0,2.0,8,2.454999999999998e-05,0.927518329692094,,,,,
16,ghz_indep_qiskit_62,,,,,,,,,,,,,,,,4.0,5.0,52,7.550000000000001e-06,0.9247385840781945
16,ghz_indep_qiskit_62,,,,,,,,,,,4.0,5.0,52,7.550000000000001e-06,0.9247385840781945,,,,,
50,ghz_indep_qiskit_62,,,,,,,,,,,,,,,,1.0,2.0,8,2.454999999999998e-05,0.927518329692094
27,ghz_indep_qiskit_62,,,,,,2.0,3.0,24,1.3050000000000004e-05,0.9265908206301638,,,,,,,,,,
50,ghz_indep_qiskit_62,1.0,2.0,8.0,1.9549999999999994e-05,0.927518329692094,,,,,,,,,,,,,,,
27,ghz_indep_qiskit_62,2.0,3.0,24.0,1.2000000000000004e-05,0.9265908206301636,,,,,,,,,,,,,,,
27,ghz_indep_qiskit_62,,,,,,,,,,,2.0,3.0,24,1.3050000000000004e-05,0.9265908206301638,,,,,
16,ghz_indep_qiskit_62,4.0,5.0,52.0,7.000000000000002e-06,0.9247385840781946,,,,,,,,,,,,,,,
16,ghz_indep_qiskit_62,,,,,,4.0,5.0,52,7.550000000000001e-06,0.9247385840781945,,,,,,,,,,
50,ghz_indep_qiskit_62,,,,,,1.0,2.0,8,2.454999999999998e-05,0.927518329692094,,,,,,,,,,
50,graphstate_indep_qiskit_65,,,,,,0.0,2.0,6,4.55e-06,0.9243320086729646,,,,,,,,,,
16,graphstate_indep_qiskit_65,,,,,,3.0,5.0,51,4.55e-06,0.9215618151365668,,,,,,,,,,
27,graphstate_indep_qiskit_65,,,,,,,,,,,2.0,3.0,37,4.55e-06,0.9224842892865444,,,,,
27,graphstate_indep_qiskit_65,,,,,,,,,,,,,,,,2.0,3.0,37,4.55e-06,0.9224842892865445
50,graphstate_indep_qiskit_65,,,,,,,,,,,,,,,,0.0,2.0,6,4.55e-06,0.9243320086729646
16,graphstate_indep_qiskit_65,5.0,5.0,48.0,4.049999999999999e-06,0.9197196333061899,,,,,,,,,,,,,,,
27,graphstate_indep_qiskit_65,3.0,3.0,48.0,4.55e-06,0.9215618151365668,,,,,,,,,,,,,,,
27,graphstate_indep_qiskit_65,,,,,,2.0,3.0,37,4.55e-06,0.9224842892865445,,,,,,,,,,
16,graphstate_indep_qiskit_65,,,,,,,,,,,3.0,5.0,51,4.55e-06,0.9215618151365667,,,,,
50,graphstate_indep_qiskit_65,,,,,,,,,,,0.0,2.0,6,4.55e-06,0.9243320086729646,,,,,
16,graphstate_indep_qiskit_65,,,,,,,,,,,,,,,,2.0,5.0,37,4.55e-06,0.9224842892865442
65,graphstate_indep_qiskit_91,2.0,2.0,32.0,3.5499999999999995e-06,0.8939025485471379,,,,,,,,,,,,,,,
65,graphstate_indep_qiskit_91,,,,,,,,,,,2.0,2.0,33,3.5499999999999995e-06,0.8939025485471379,,,,,
27,graphstate_indep_qiskit_91,4.0,4.0,48.0,4.049999999999999e-06,0.8921156569832587,,,,,,,,,,,,,,,
16,graphstate_indep_qiskit_91,,,,,,,,,,,7.0,7.0,48,3.5499999999999995e-06,0.8894420148249151,,,,,
50,graphstate_indep_qiskit_91,,,,,,,,,,,,,,,,2.0,2.0,33,4.049999999999999e-06,0.8939025485471377
16,graphstate_indep_qiskit_91,7.0,7.0,48.0,4.049999999999999e-06,0.8894420148249151,,,,,,,,,,,,,,,
50,graphstate_indep_qiskit_91,,,,,,,,,,,3.0,2.0,49,3.5499999999999995e-06,0.8930086558237492,,,,,
16,graphstate_indep_qiskit_91,,,,,,,,,,,,,,,,7.0,7.0,48,3.5499999999999995e-06,0.8894420148249154
27,graphstate_indep_qiskit_91,,,,,,4.0,4.0,48,4.049999999999999e-06,0.8921156569832585,,,,,,,,,,
27,graphstate_indep_qiskit_91,,,,,,,,,,,4.0,4.0,48,4.049999999999999e-06,0.8921156569832586,,,,,
50,graphstate_indep_qiskit_91,2.0,2.0,32.0,4.049999999999999e-06,0.8939025485471382,,,,,,,,,,,,,,,
65,graphstate_indep_qiskit_91,,,,,,,,,,,,,,,,2.0,2.0,33,4.049999999999999e-06,0.8939025485471377
50,graphstate_indep_qiskit_91,,,,,,2.0,2.0,33,4.049999999999999e-06,0.8939025485471377,,,,,,,,,,
16,graphstate_indep_qiskit_91,,,,,,7.0,7.0,48,3.5499999999999995e-06,0.8894420148249154,,,,,,,,,,
27,graphstate_indep_qiskit_91,,,,,,,,,,,,,,,,4.0,4.0,48,3.5499999999999995e-06,0.8921156569832586
65,graphstate_indep_qiskit_91,,,,,,2.0,2.0,33,4.049999999999999e-06,0.8939025485471377,,,,,,,,,,
19,dj_indep_qiskit_58,3.0,4.0,40.0,9.100000000000001e-06,0.9290569613683477,,,,,,,,,,,,,,,
29,dj_indep_qiskit_58,,,,,,,,,,,,,,,,2.0,3.0,24,1.4100000000000004e-05,0.9299836085152805
27,dj_indep_qiskit_58,,,,,,,,,,,,,,,,2.0,3.0,24,1.3100000000000003e-05,0.9299845058520185
19,dj_indep_qiskit_58,,,,,,,,,,,3.0,4.0,40,9.100000000000001e-06,0.9290563738533928,,,,,
29,dj_indep_qiskit_58,,,,,,,,,,,2.0,3.0,24,1.4100000000000004e-05,0.9299836085152805,,,,,
39,dj_indep_qiskit_58,,,,,,1.0,2.0,8,1.9099999999999997e-05,0.9309134096343272,,,,,,,,,,
16,dj_indep_qiskit_58,3.0,4.0,40.0,7.600000000000002e-06,0.9290571495764256,,,,,,,,,,,,,,,
49,dj_indep_qiskit_58,,,,,,,,,,,1.0,2.0,8,2.4099999999999983e-05,0.9309106851391602,,,,,
50,dj_indep_qiskit_58,,,,,,,,,,,,,,,,1.0,2.0,8,2.459999999999998e-05,0.9309103097018538
24,dj_indep_qiskit_58,,,,,,,,,,,,,,,,2.0,3.0,24,1.1600000000000002e-05,0.9299854323284447
10,dj_indep_qiskit_58,,,,,,,,,,,,,,,,6.0,7.0,52,4.6e-06,0.926274254232593
50,dj_indep_qiskit_58,,,,,,,,,,,1.0,2.0,8,2.459999999999998e-05,0.9309103097018538,,,,,
44,dj_indep_qiskit_58,1.0,2.0,8.0,1.81e-05,0.9309137438765178,,,,,,,,,,,,,,,
54,dj_indep_qiskit_58,,,,,,,,,,,,,,,,1.0,2.0,8,2.6599999999999976e-05,0.930908620702101
34,dj_indep_qiskit_58,1.0,2.0,8.0,1.6600000000000004e-05,0.9309140696924345,,,,,,,,,,,,,,,
44,dj_indep_qiskit_58,,,,,,1.0,2.0,8,2.159999999999999e-05,0.9309122814499023,,,,,,,,,,
10,dj_indep_qiskit_58,6.0,7.0,40.0,4.6e-06,0.9262743562507179,,,,,,,,,,,,,,,
27,dj_indep_qiskit_58,2.0,3.0,24.0,1.1600000000000002e-05,0.929985687082532,,,,,,,,,,,,,,,
54,dj_indep_qiskit_58,,,,,,,,,,,1.0,2.0,8,2.6599999999999976e-05,0.930908620702101,,,,,
10,dj_indep_qiskit_58,,,,,,6.0,7.0,52,4.6e-06,0.926274254232593,,,,,,,,,,
27,dj_indep_qiskit_58,,,,,,2.0,3.0,24,1.3100000000000003e-05,0.9299845058520185,,,,,,,,,,
34,dj_indep_qiskit_58,,,,,,,,,,,1.0,2.0,8,1.6600000000000004e-05,0.9309140696924345,,,,,
24,dj_indep_qiskit_58,,,,,,2.0,3.0,24,1.1600000000000002e-05,0.9299854323284447,,,,,,,,,,
19,dj_indep_qiskit_58,,,,,,,,,,,,,,,,3.0,4.0,40,9.100000000000001e-06,0.9290563738533928
16,dj_indep_qiskit_58,,,,,,,,,,,,,,,,3.0,4.0,40,7.600000000000002e-06,0.9290571309450119
54,dj_indep_qiskit_58,1.0,2.0,8.0,1.81e-05,0.9309137438765178,,,,,,,,,,,,,,,
16,dj_indep_qiskit_58,,,,,,3.0,4.0,40,7.600000000000002e-06,0.9290571309450119,,,,,,,,,,
24,dj_indep_qiskit_58,2.0,3.0,24.0,1.1100000000000002e-05,0.9299858000210498,,,,,,,,,,,,,,,
16,dj_indep_qiskit_58,,,,,,,,,,,3.0,4.0,40,7.600000000000002e-06,0.9290571309450119,,,,,
27,dj_indep_qiskit_58,,,,,,,,,,,2.0,3.0,24,1.3100000000000003e-05,0.9299845058520185,,,,,
10,dj_indep_qiskit_58,,,,,,,,,,,6.0,7.0,52,4.6e-06,0.926274254232593,,,,,
50,dj_indep_qiskit_58,1.0,2.0,8.0,1.81e-05,0.9309137438765178,,,,,,,,,,,,,,,
34,dj_indep_qiskit_58,,,,,,,,,,,,,,,,1.0,2.0,8,1.6600000000000004e-05,0.9309140696924345
34,dj_indep_qiskit_58,,,,,,1.0,2.0,8,1.6600000000000004e-05,0.9309140696924345,,,,,,,,,,
24,dj_indep_qiskit_58,,,,,,,,,,,2.0,3.0,24,1.1600000000000002e-05,0.9299854323284447,,,,,
44,dj_indep_qiskit_58,,,,,,,,,,,1.0,2.0,8,2.159999999999999e-05,0.9309122814499023,,,,,
54,dj_indep_qiskit_58,,,,,,1.0,2.0,8,2.6599999999999976e-05,0.930908620702101,,,,,,,,,,
50,dj_indep_qiskit_58,,,,,,1.0,2.0,8,2.459999999999998e-05,0.9309103097018538,,,,,,,,,,
39,dj_indep_qiskit_58,,,,,,,,,,,,,,,,1.0,2.0,8,1.9099999999999997e-05,0.9309134096343272
49,dj_indep_qiskit_58,,,,,,,,,,,,,,,,1.0,2.0,8,2.4099999999999983e-05,0.9309106851391602
29,dj_indep_qiskit_58,2.0,3.0,24.0,1.1600000000000002e-05,0.9299857384066154,,,,,,,,,,,,,,,
49,dj_indep_qiskit_58,,,,,,1.0,2.0,8,2.4099999999999983e-05,0.9309106851391602,,,,,,,,,,
44,dj_indep_qiskit_58,,,,,,,,,,,,,,,,1.0,2.0,8,2.159999999999999e-05,0.9309122814499023
29,dj_indep_qiskit_58,,,,,,2.0,3.0,24,1.4100000000000004e-05,0.9299836085152805,,,,,,,,,,
39,dj_indep_qiskit_58,1.0,2.0,8.0,1.81e-05,0.9309137438765178,,,,,,,,,,,,,,,
49,dj_indep_qiskit_58,1.0,2.0,8.0,1.81e-05,0.9309137438765178,,,,,,,,,,,,,,,
39,dj_indep_qiskit_58,,,,,,,,,,,1.0,2.0,8,1.9099999999999997e-05,0.9309134096343272,,,,,
19,dj_indep_qiskit_58,,,,,,3.0,4.0,40,9.100000000000001e-06,0.9290563738533928,,,,,,,,,,
662,u2random_indep_qiskit_79,,,,,,237.0,5.0,5444517870735015415413993718908291383296,6.454999999999987e-05,0.1137785458115473,,,,,,,,,,
762,u2random_indep_qiskit_79,,,,,,,,,,,237.0,5.0,5708990770823839524233143877797980545530986496,7.454999999999985e-05,0.11364720971317464,,,,,
652,u2random_indep_qiskit_79,,,,,,,,,,,,,,,,237.0,5.0,1361129467683753853853498429727072845824,6.354999999999988e-05,0.11378320411348758
712,u2random_indep_qiskit_79,,,,,,237.0,5.0,5575186299632655785383929568162090376495104,6.954999999999986e-05,0.11372952790502572,,,,,,,,,,
662,u2random_indep_qiskit_79,,,,,,,,,,,,,,,,237.0,5.0,5444517870735015415413993718908291383296,6.454999999999987e-05,0.1137785458115473
712,u2random_indep_qiskit_79,,,,,,,,,,,,,,,,237.0,5.0,5575186299632655785383929568162090376495104,6.954999999999986e-05,0.11372952790502572
652,u2random_indep_qiskit_79,,,,,,237.0,5.0,1361129467683753853853498429727072845824,6.354999999999988e-05,0.11378320411348758,,,,,,,,,,
652,u2random_indep_qiskit_79,,,,,,,,,,,237.0,5.0,1361129467683753853853498429727072845824,6.354999999999988e-05,0.11378320411348758,,,,,
762,u2random_indep_qiskit_79,,,,,,,,,,,,,,,,237.0,5.0,5708990770823839524233143877797980545530986496,7.454999999999985e-05,0.11364720971317464
712,u2random_indep_qiskit_79,,,,,,,,,,,237.0,5.0,5575186299632655785383929568162090376495104,6.954999999999986e-05,0.11372952790502572,,,,,
762,u2random_indep_qiskit_79,,,,,,237.0,5.0,5708990770823839524233143877797980545530986496,7.454999999999985e-05,0.11364720971317464,,,,,,,,,,
662,u2random_indep_qiskit_79,,,,,,,,,,,237.0,5.0,5444517870735015415413993718908291383296,6.454999999999987e-05,0.1137785458115473,,,,,
10,e_nativegates_ibm_qiskit_opt3_26,,,,,,94.0,13.0,1048576,2.6049999999999993e-05,0.7806273799173598,,,,,,,,,,
16,e_nativegates_ibm_qiskit_opt3_26,,,,,,47.0,5.0,4294967296,4.314999999999997e-05,0.8181514987987414,,,,,,,,,,
5,e_nativegates_ibm_qiskit_opt3_26,,,,,,,,,,,229.0,52.0,1024,7.6000000000000035e-06,0.6820348583621639,,,,,
10,e_nativegates_ibm_qiskit_opt3_26,,,,,,,,,,,,,,,,104.0,13.0,1048576,2.6049999999999993e-05,0.7728576733692549
16,e_nativegates_ibm_qiskit_opt3_26,,,,,,,,,,,58.0,6.0,4294967296,4.314999999999997e-05,0.809213200493477,,,,,
10,e_nativegates_ibm_qiskit_opt3_26,,,,,,,,,,,104.0,13.0,1048576,2.6049999999999993e-05,0.7728576733692549,,,,,
5,e_nativegates_ibm_qiskit_opt3_26,,,,,,228.0,51.0,1024,7.6000000000000035e-06,0.6827167476292518,,,,,,,,,,
16,e_nativegates_ibm_qiskit_opt3_26,,,,,,,,,,,,,,,,58.0,6.0,4294967296,4.314999999999997e-05,0.809213200493477
5,e_nativegates_ibm_qiskit_opt3_26,,,,,,,,,,,,,,,,229.0,52.0,1024,7.6000000000000035e-06,0.6820348583621639
38,graphstate_indep_qiskit_39,,,,,,,,,,,0.0,2.0,3,3.5499999999999995e-06,0.9538867043967482,,,,,
33,graphstate_indep_qiskit_39,,,,,,0.0,2.0,3,3.5499999999999995e-06,0.9538867043967482,,,,,,,,,,
10,graphstate_indep_qiskit_39,5.0,5.0,48.0,3.0499999999999996e-06,0.9491268524206495,,,,,,,,,,,,,,,
10,graphstate_indep_qiskit_39,,,,,,6.0,5.0,48,2.5499999999999997e-06,0.9481777360003745,,,,,,,,,,
28,graphstate_indep_qiskit_39,,,,,,0.0,2.0,3,3.5499999999999995e-06,0.9538867043967482,,,,,,,,,,
23,graphstate_indep_qiskit_39,,,,,,,,,,,0.0,2.0,3,3.5499999999999995e-06,0.9538867043967482,,,,,
16,graphstate_indep_qiskit_39,,,,,,,,,,,2.0,3.0,34,3.0499999999999996e-06,0.9519799058226156,,,,,
18,graphstate_indep_qiskit_39,,,,,,,,,,,,,,,,2.0,3.0,34,3.0499999999999996e-06,0.9519799058226156
38,graphstate_indep_qiskit_39,,,,,,,,,,,,,,,,0.0,2.0,3,3.5499999999999995e-06,0.9538867043967482
13,graphstate_indep_qiskit_39,,,,,,2.0,4.0,34,3.5499999999999995e-06,0.9519799058226157,,,,,,,,,,
18,graphstate_indep_qiskit_39,,,,,,,,,,,2.0,3.0,34,3.0499999999999996e-06,0.9519799058226156,,,,,
23,graphstate_indep_qiskit_39,,,,,,,,,,,,,,,,0.0,2.0,3,3.5499999999999995e-06,0.9538867043967482
13,graphstate_indep_qiskit_39,4.0,4.0,48.0,3.5499999999999995e-06,0.9500769188969584,,,,,,,,,,,,,,,
27,graphstate_indep_qiskit_39,,,,,,,,,,,,,,,,0.0,2.0,3,3.5499999999999995e-06,0.9538867043967482
16,graphstate_indep_qiskit_39,3.0,3.0,48.0,3.5499999999999995e-06,0.9510279363802977,,,,,,,,,,,,,,,
27,graphstate_indep_qiskit_39,,,,,,0.0,2.0,3,3.5499999999999995e-06,0.9538867043967482,,,,,,,,,,
27,graphstate_indep_qiskit_39,,,,,,,,,,,0.0,2.0,3,3.5499999999999995e-06,0.9538867043967482,,,,,
10,graphstate_indep_qiskit_39,,,,,,,,,,,,,,,,6.0,5.0,48,2.5499999999999997e-06,0.9481777360003745
13,graphstate_indep_qiskit_39,,,,,,,,,,,3.0,4.0,50,3.0499999999999996e-06,0.9510279363802975,,,,,
18,graphstate_indep_qiskit_39,,,,,,2.0,3.0,34,3.5499999999999995e-06,0.9519799058226157,,,,,,,,,,
28,graphstate_indep_qiskit_39,,,,,,,,,,,,,,,,0.0,2.0,3,3.5499999999999995e-06,0.9538867043967482
16,graphstate_indep_qiskit_39,,,,,,2.0,3.0,34,3.5499999999999995e-06,0.9519799058226157,,,,,,,,,,
16,graphstate_indep_qiskit_39,,,,,,,,,,,,,,,,2.0,3.0,34,3.0499999999999996e-06,0.9519799058226156
18,graphstate_indep_qiskit_39,3.0,3.0,48.0,3.0499999999999996e-06,0.9510279363802975,,,,,,,,,,,,,,,
28,graphstate_indep_qiskit_39,,,,,,,,,,,0.0,2.0,3,3.5499999999999995e-06,0.9538867043967482,,,,,
33,graphstate_indep_qiskit_39,,,,,,,,,,,,,,,,0.0,2.0,3,3.5499999999999995e-06,0.9538867043967482
23,graphstate_indep_qiskit_39,,,,,,0.0,2.0,3,3.5499999999999995e-06,0.9538867043967482,,,,,,,,,,
38,graphstate_indep_qiskit_39,,,,,,0.0,2.0,3,3.5499999999999995e-06,0.9538867043967482,,,,,,,,,,
33,graphstate_indep_qiskit_39,,,,,,,,,,,0.0,2.0,3,3.5499999999999995e-06,0.9538867043967482,,,,,
13,graphstate_indep_qiskit_39,,,,,,,,,,,,,,,,3.0,4.0,50,3.0499999999999996e-06,0.9510279363802975
10,graphstate_indep_qiskit_39,,,,,,,,,,,6.0,5.0,48,2.5499999999999997e-06,0.9481777360003745,,,,,
652,u2random_indep_qiskit_70,,,,,,,,,,,210.0,5.0,1361129467683753853853498429727072845824,6.354999999999988e-05,0.17616653004018135,,,,,
652,u2random_indep_qiskit_70,,,,,,,,,,,,,,,,210.0,5.0,1361129467683753853853498429727072845824,6.354999999999988e-05,0.17616653004018135
652,u2random_indep_qiskit_70,,,,,,210.0,5.0,1361129467683753853853498429727072845824,6.354999999999988e-05,0.17616653004018135,,,,,,,,,,
272,u2random_nativegates_ibm_qiskit_opt3_34,,,,,,,,,,,130.0,7.0,18014398509481984,2.5699999999999978e-05,0.6025722327448436,,,,,
272,u2random_nativegates_ibm_qiskit_opt3_34,,,,,,,,,,,,,,,,130.0,7.0,18014398509481984,2.5699999999999978e-05,0.6025722327448436
272,u2random_nativegates_ibm_qiskit_opt3_34,,,,,,130.0,7.0,18014398509481984,2.5699999999999978e-05,0.6025722327448436,,,,,,,,,,
16,ghz_indep_qiskit_64,4.0,5.0,40.0,7.500000000000002e-06,0.9225209125515643,,,,,,,,,,,,,,,
27,ghz_indep_qiskit_64,,,,,,2.0,3.0,24,1.3050000000000004e-05,0.9243687071430349,,,,,,,,,,
50,ghz_indep_qiskit_64,1.0,2.0,8.0,2.0049999999999993e-05,0.925293991889388,,,,,,,,,,,,,,,
16,ghz_indep_qiskit_64,,,,,,,,,,,4.0,5.0,52,7.550000000000001e-06,0.9225209125515642,,,,,
27,ghz_indep_qiskit_64,2.0,3.0,24.0,1.2500000000000004e-05,0.9243687071430348,,,,,,,,,,,,,,,
50,ghz_indep_qiskit_64,,,,,,,,,,,1.0,2.0,8,2.454999999999998e-05,0.925293991889388,,,,,
50,ghz_indep_qiskit_64,,,,,,1.0,2.0,8,2.454999999999998e-05,0.925293991889388,,,,,,,,,,
50,ghz_indep_qiskit_64,,,,,,,,,,,,,,,,1.0,2.0,8,2.454999999999998e-05,0.925293991889388
16,ghz_indep_qiskit_64,,,,,,4.0,5.0,52,7.550000000000001e-06,0.9225209125515642,,,,,,,,,,
16,ghz_indep_qiskit_64,,,,,,,,,,,,,,,,4.0,5.0,52,7.550000000000001e-06,0.9225209125515642
27,ghz_indep_qiskit_64,,,,,,,,,,,2.0,3.0,24,1.3050000000000004e-05,0.9243687071430349,,,,,
27,ghz_indep_qiskit_64,,,,,,,,,,,,,,,,2.0,3.0,24,1.3050000000000004e-05,0.9243687071430349
27,graphstate_indep_qiskit_63,4.0,4.0,48.0,2.5499999999999997e-06,0.922871875074343,,,,,,,,,,,,,,,
16,graphstate_indep_qiskit_63,,,,,,,,,,,,,,,,4.0,5.0,50,2.5499999999999997e-06,0.9228718750743428
27,graphstate_indep_qiskit_63,,,,,,,,,,,3.0,3.0,50,3.0499999999999996e-06,0.9237956605812017,,,,,
16,graphstate_indep_qiskit_63,5.0,5.0,48.0,3.0499999999999996e-06,0.9219490133428377,,,,,,,,,,,,,,,
16,graphstate_indep_qiskit_63,,,,,,5.0,5.0,50,2.5499999999999997e-06,0.9219490133428379,,,,,,,,,,
50,graphstate_indep_qiskit_63,,,,,,,,,,,,,,,,2.0,2.0,34,3.0499999999999996e-06,0.9247203707881032
50,graphstate_indep_qiskit_63,,,,,,2.0,2.0,34,3.0499999999999996e-06,0.9247203707881032,,,,,,,,,,
50,graphstate_indep_qiskit_63,2.0,2.0,32.0,3.0499999999999996e-06,0.924720370788103,,,,,,,,,,,,,,,
50,graphstate_indep_qiskit_63,,,,,,,,,,,2.0,2.0,34,3.0499999999999996e-06,0.9247203707881032,,,,,
16,graphstate_indep_qiskit_63,,,,,,,,,,,4.0,5.0,50,3.0499999999999996e-06,0.922871875074343,,,,,
27,graphstate_indep_qiskit_63,,,,,,,,,,,,,,,,3.0,3.0,50,3.0499999999999996e-06,0.9237956605812017
27,graphstate_indep_qiskit_63,,,,,,3.0,3.0,50,3.0499999999999996e-06,0.9237956605812014,,,,,,,,,,
27,e_nativegates_ibm_qiskit_opt3_101,,,,,,217.0,12.0,18014398509481984,8.360000000000003e-05,0.3597947404666234,,,,,,,,,,
65,e_nativegates_ibm_qiskit_opt3_101,,,,,,82.0,3.0,1361129467683753853853498429727072845824,0.00018490000000000165,0.41142594150100353,,,,,,,,,,
27,e_nativegates_ibm_qiskit_opt3_101,,,,,,,,,,,,,,,,217.0,12.0,18014398509481984,8.360000000000003e-05,0.3597947404666234
50,e_nativegates_ibm_qiskit_opt3_101,,,,,,134.0,5.0,1267650600228229401496703205376,0.00010504999999999992,0.3906581764068257,,,,,,,,,,
50,e_nativegates_ibm_qiskit_opt3_101,,,,,,,,,,,,,,,,134.0,5.0,1267650600228229401496703205376,0.00010504999999999992,0.3906581764068257
50,e_nativegates_ibm_qiskit_opt3_101,,,,,,,,,,,134.0,5.0,1267650600228229401496703205376,0.00010504999999999992,0.3906581764068257,,,,,
65,e_nativegates_ibm_qiskit_opt3_101,,,,,,,,,,,82.0,3.0,1361129467683753853853498429727072845824,0.00018490000000000165,0.41142594150100353,,,,,
27,e_nativegates_ibm_qiskit_opt3_101,,,,,,,,,,,217.0,12.0,18014398509481984,8.360000000000003e-05,0.3597947404666234,,,,,
65,e_nativegates_ibm_qiskit_opt3_101,,,,,,,,,,,,,,,,82.0,3.0,1361129467683753853853498429727072845824,0.00018490000000000165,0.41142594150100353
502,u2random_nativegates_ibm_qiskit_opt3_51,,,,,,153.0,5.0,1267650600228229401496703205376,4.889999999999992e-05,0.3756347328180065,,,,,,,,,,
502,u2random_nativegates_ibm_qiskit_opt3_51,,,,,,,,,,,153.0,5.0,1267650600228229401496703205376,4.889999999999992e-05,0.3756347328180065,,,,,
502,u2random_nativegates_ibm_qiskit_opt3_51,,,,,,,,,,,,,,,,153.0,5.0,1267650600228229401496703205376,4.889999999999992e-05,0.3756347328180065
16,realamprandom_indep_qiskit_21,,,,,,,,,,,83.0,7.0,4294967296,1.4550000000000005e-05,0.79375704613393,,,,,
16,realamprandom_indep_qiskit_21,,,,,,,,,,,,,,,,83.0,7.0,4294967296,1.4550000000000005e-05,0.79375704613393
10,realamprandom_indep_qiskit_21,,,,,,,,,,,186.0,21.0,1073741824,8.600000000000002e-06,0.7160632960178825,,,,,
10,realamprandom_indep_qiskit_21,,,,,,,,,,,,,,,,186.0,21.0,1073741824,8.600000000000002e-06,0.7160632960178825
10,realamprandom_indep_qiskit_21,,,,,,186.0,21.0,1073741824,8.600000000000002e-06,0.7160632960178825,,,,,,,,,,
16,realamprandom_indep_qiskit_21,,,,,,83.0,7.0,4294967296,1.4550000000000005e-05,0.79375704613393,,,,,,,,,,
27,dj_nativegates_ibm_qiskit_opt3_89,,,,,,,,,,,,,,,,3.0,4.0,40,1.3250000000000004e-05,0.892179657090198
27,dj_nativegates_ibm_qiskit_opt3_89,,,,,,3.0,4.0,40,1.3250000000000004e-05,0.892179657090198,,,,,,,,,,
16,dj_nativegates_ibm_qiskit_opt3_89,,,,,,5.0,6.0,52,7.75e-06,0.8903999427308898,,,,,,,,,,
50,dj_nativegates_ibm_qiskit_opt3_89,1.0,2.0,8.0,2.4249999999999983e-05,0.8939586841696814,,,,,,,,,,,,,,,
27,dj_nativegates_ibm_qiskit_opt3_89,3.0,4.0,40.0,1.3250000000000004e-05,0.8921802991587254,,,,,,,,,,,,,,,
16,dj_nativegates_ibm_qiskit_opt3_89,5.0,6.0,40.0,7.75e-06,0.8903999427308897,,,,,,,,,,,,,,,
50,dj_nativegates_ibm_qiskit_opt3_89,,,,,,1.0,2.0,8,2.474999999999998e-05,0.8939585786467894,,,,,,,,,,
65,dj_nativegates_ibm_qiskit_opt3_89,,,,,,1.0,2.0,8,3.2249999999999964e-05,0.8939551559170891,,,,,,,,,,
65,dj_nativegates_ibm_qiskit_opt3_89,1.0,2.0,8.0,2.8249999999999972e-05,0.8939575513769268,,,,,,,,,,,,,,,
65,dj_nativegates_ibm_qiskit_opt3_89,,,,,,,,,,,,,,,,1.0,2.0,8,3.2249999999999964e-05,0.8939551559170891
65,dj_nativegates_ibm_qiskit_opt3_89,,,,,,,,,,,1.0,2.0,8,3.2249999999999964e-05,0.8939551559170891,,,,,
50,dj_nativegates_ibm_qiskit_opt3_89,,,,,,,,,,,1.0,2.0,8,2.474999999999998e-05,0.8939585786467894,,,,,
16,dj_nativegates_ibm_qiskit_opt3_89,,,,,,,,,,,5.0,6.0,52,7.75e-06,0.8903999427308898,,,,,
50,dj_nativegates_ibm_qiskit_opt3_89,,,,,,,,,,,,,,,,1.0,2.0,8,2.474999999999998e-05,0.8939585786467894
16,dj_nativegates_ibm_qiskit_opt3_89,,,,,,,,,,,,,,,,5.0,6.0,52,7.75e-06,0.8903999427308898
27,dj_nativegates_ibm_qiskit_opt3_89,,,,,,,,,,,3.0,4.0,40,1.3250000000000004e-05,0.892179657090198,,,,,
52,u2random_indep_qiskit_15,,,,,,,,,,,,,,,,220.0,48.0,1024,3.5499999999999995e-06,0.7417618980832626
102,u2random_indep_qiskit_15,,,,,,,,,,,75.0,9.0,1073741824,8.550000000000001e-06,0.8575555367146107,,,,,
102,u2random_indep_qiskit_15,,,,,,,,,,,,,,,,75.0,9.0,1073741824,8.550000000000001e-06,0.8575555367146107
52,u2random_indep_qiskit_15,,,,,,224.0,49.0,1024,3.5999999999999994e-06,0.7387992943870461,,,,,,,,,,
52,u2random_indep_qiskit_15,,,,,,,,,,,220.0,48.0,1024,3.5499999999999995e-06,0.7417618980832626,,,,,
102,u2random_indep_qiskit_15,,,,,,75.0,9.0,1073741824,8.550000000000001e-06,0.8575555367146107,,,,,,,,,,
16,graphstate_indep_qiskit_55,,,,,,4.0,4.0,49,3.0499999999999996e-06,0.9318525466222939,,,,,,,,,,
48,graphstate_indep_qiskit_55,,,,,,,,,,,,,,,,0.0,2.0,3,3.5499999999999995e-06,0.9355892528293932
10,graphstate_indep_qiskit_55,,,,,,,,,,,,,,,,6.0,7.0,49,2.5499999999999997e-06,0.929989793845669
50,graphstate_indep_qiskit_55,,,,,,0.0,2.0,3,3.5499999999999995e-06,0.9355892528293932,,,,,,,,,,
38,graphstate_indep_qiskit_55,,,,,,0.0,2.0,3,3.5499999999999995e-06,0.9355892528293932,,,,,,,,,,
33,graphstate_indep_qiskit_55,,,,,,,,,,,0.0,2.0,3,3.5499999999999995e-06,0.9355892528293932,,,,,
10,graphstate_indep_qiskit_55,,,,,,,,,,,6.0,7.0,49,2.5499999999999997e-06,0.929989793845669,,,,,
28,graphstate_indep_qiskit_55,,,,,,,,,,,,,,,,0.0,2.0,3,3.5499999999999995e-06,0.9355892528293932
50,graphstate_indep_qiskit_55,,,,,,,,,,,,,,,,0.0,2.0,3,3.5499999999999995e-06,0.9355892528293932
28,graphstate_indep_qiskit_55,,,,,,,,,,,0.0,2.0,3,3.5499999999999995e-06,0.9355892528293932,,,,,
23,graphstate_indep_qiskit_55,,,,,,2.0,3.0,34,3.5499999999999995e-06,0.9337190304591205,,,,,,,,,,
16,graphstate_indep_qiskit_55,,,,,,,,,,,,,,,,4.0,5.0,49,3.5499999999999995e-06,0.9318525466222942
18,graphstate_indep_qiskit_55,,,,,,4.0,4.0,49,2.5499999999999997e-06,0.9318525466222939,,,,,,,,,,
53,graphstate_indep_qiskit_55,,,,,,,,,,,,,,,,0.0,2.0,3,3.5499999999999995e-06,0.9355892528293932
27,graphstate_indep_qiskit_55,,,,,,,,,,,0.0,3.0,3,3.5499999999999995e-06,0.9355892528293932,,,,,
43,graphstate_indep_qiskit_55,,,,,,,,,,,0.0,2.0,3,3.5499999999999995e-06,0.9355892528293932,,,,,
48,graphstate_indep_qiskit_55,,,,,,0.0,2.0,3,3.5499999999999995e-06,0.9355892528293932,,,,,,,,,,
18,graphstate_indep_qiskit_55,4.0,4.0,48.0,3.5499999999999995e-06,0.9318525466222937,,,,,,,,,,,,,,,
23,graphstate_indep_qiskit_55,4.0,4.0,48.0,3.5499999999999995e-06,0.9318525466222939,,,,,,,,,,,,,,,
33,graphstate_indep_qiskit_55,,,,,,,,,,,,,,,,0.0,2.0,3,3.5499999999999995e-06,0.9355892528293932
53,graphstate_indep_qiskit_55,,,,,,0.0,2.0,3,3.5499999999999995e-06,0.9355892528293932,,,,,,,,,,
10,graphstate_indep_qiskit_55,7.0,7.0,48.0,3.0499999999999996e-06,0.9290598142736274,,,,,,,,,,,,,,,
53,graphstate_indep_qiskit_55,,,,,,,,,,,0.0,2.0,3,3.5499999999999995e-06,0.9355892528293932,,,,,
43,graphstate_indep_qiskit_55,,,,,,0.0,2.0,3,3.5499999999999995e-06,0.9355892528293932,,,,,,,,,,
48,graphstate_indep_qiskit_55,,,,,,,,,,,0.0,2.0,3,3.5499999999999995e-06,0.9355892528293932,,,,,
38,graphstate_indep_qiskit_55,,,,,,,,,,,,,,,,0.0,2.0,3,3.5499999999999995e-06,0.9355892528293932
27,graphstate_indep_qiskit_55,,,,,,0.0,3.0,3,3.5499999999999995e-06,0.9355892528293932,,,,,,,,,,
18,graphstate_indep_qiskit_55,,,,,,,,,,,,,,,,4.0,4.0,49,2.5499999999999997e-06,0.9318525466222942
18,graphstate_indep_qiskit_55,,,,,,,,,,,4.0,4.0,49,2.5499999999999997e-06,0.9318525466222942,,,,,
43,graphstate_indep_qiskit_55,,,,,,,,,,,,,,,,0.0,2.0,3,3.5499999999999995e-06,0.9355892528293932
28,graphstate_indep_qiskit_55,,,,,,0.0,2.0,3,3.5499999999999995e-06,0.9355892528293932,,,,,,,,,,
23,graphstate_indep_qiskit_55,,,,,,,,,,,2.0,3.0,34,3.5499999999999995e-06,0.9337190304591202,,,,,
38,graphstate_indep_qiskit_55,,,,,,,,,,,0.0,2.0,3,3.5499999999999995e-06,0.9355892528293932,,,,,
33,graphstate_indep_qiskit_55,,,,,,0.0,2.0,3,3.5499999999999995e-06,0.9355892528293932,,,,,,,,,,
10,graphstate_indep_qiskit_55,,,,,,7.0,7.0,49,3.0499999999999996e-06,0.9290598142736277,,,,,,,,,,
50,graphstate_indep_qiskit_55,,,,,,,,,,,0.0,2.0,3,3.5499999999999995e-06,0.9355892528293932,,,,,
16,graphstate_indep_qiskit_55,,,,,,,,,,,4.0,5.0,49,3.5499999999999995e-06,0.9318525466222942,,,,,
27,graphstate_indep_qiskit_55,,,,,,,,,,,,,,,,0.0,3.0,3,3.5499999999999995e-06,0.9355892528293932
23,graphstate_indep_qiskit_55,,,,,,,,,,,,,,,,2.0,3.0,34,3.5499999999999995e-06,0.9337190304591202
16,graphstate_indep_qiskit_55,4.0,4.0,48.0,3.5499999999999995e-06,0.9318525466222937,,,,,,,,,,,,,,,
32,e_nativegates_ibm_qiskit_opt3_81,,,,,,132.0,7.0,18446744073709551616,8.874999999999999e-05,0.4659404550483321,,,,,,,,,,
62,e_nativegates_ibm_qiskit_opt3_81,,,,,,,,,,,79.0,3.0,21267647932558653966460912964485513216,0.00015465000000000078,0.49109435103903326,,,,,
65,e_nativegates_ibm_qiskit_opt3_81,,,,,,,,,,,82.0,3.0,1361129467683753853853498429727072845824,0.0001569000000000008,0.4896192948584552,,,,,
37,e_nativegates_ibm_qiskit_opt3_81,,,,,,,,,,,,,,,,125.0,6.0,18889465931478580854784,8.549999999999994e-05,0.46914448906556566
42,e_nativegates_ibm_qiskit_opt3_81,,,,,,,,,,,76.0,4.0,19342813113834066795298816,0.00013965000000000058,0.4926489326267027,,,,,
72,e_nativegates_ibm_qiskit_opt3_81,,,,,,89.0,3.0,22300745198530623141535718272648361505980416,0.00016215000000000088,0.48617718145508304,,,,,,,,,,
72,e_nativegates_ibm_qiskit_opt3_81,,,,,,,,,,,,,,,,89.0,3.0,22300745198530623141535718272648361505980416,0.00016215000000000088,0.48617718145508304
57,e_nativegates_ibm_qiskit_opt3_81,,,,,,,,,,,,,,,,74.0,3.0,20769187434139310514121985316880384,0.0001509000000000007,0.4935604126595504
52,e_nativegates_ibm_qiskit_opt3_81,,,,,,69.0,3.0,20282409603651670423947251286016,0.00014715000000000068,0.49603686893520493,,,,,,,,,,
57,e_nativegates_ibm_qiskit_opt3_81,,,,,,,,,,,74.0,3.0,20769187434139310514121985316880384,0.0001509000000000007,0.4935604126595504,,,,,
27,e_nativegates_ibm_qiskit_opt3_81,,,,,,183.0,10.0,18014398509481984,5.559999999999997e-05,0.4428604655482976,,,,,,,,,,
27,e_nativegates_ibm_qiskit_opt3_81,,,,,,,,,,,,,,,,183.0,10.0,18014398509481984,5.559999999999997e-05,0.4428604655482976
77,e_nativegates_ibm_qiskit_opt3_81,,,,,,,,,,,94.0,3.0,22835963083295358096932575511191922182123945984,0.000165900000000001,0.48371418020848456,,,,,
50,e_nativegates_ibm_qiskit_opt3_81,,,,,,,,,,,67.0,3.0,1267650600228229401496703205376,0.00014565000000000064,0.4970303691863503,,,,,
47,e_nativegates_ibm_qiskit_opt3_81,,,,,,81.0,4.0,19807040628566084398385987584,0.0001434000000000006,0.49015047821570856,,,,,,,,,,
47,e_nativegates_ibm_qiskit_opt3_81,,,,,,,,,,,,,,,,81.0,4.0,19807040628566084398385987584,0.0001434000000000006,0.49015047821570856
37,e_nativegates_ibm_qiskit_opt3_81,,,,,,,,,,,125.0,6.0,18889465931478580854784,8.549999999999994e-05,0.46914448906556566,,,,,
62,e_nativegates_ibm_qiskit_opt3_81,,,,,,,,,,,,,,,,79.0,3.0,21267647932558653966460912964485513216,0.00015465000000000078,0.49109435103903326
67,e_nativegates_ibm_qiskit_opt3_81,,,,,,84.0,3.0,21778071482940061661655974875633165533184,0.00015840000000000081,0.4886361907401494,,,,,,,,,,
37,e_nativegates_ibm_qiskit_opt3_81,,,,,,125.0,6.0,18889465931478580854784,8.549999999999994e-05,0.46914448906556566,,,,,,,,,,
67,e_nativegates_ibm_qiskit_opt3_81,,,,,,,,,,,84.0,3.0,21778071482940061661655974875633165533184,0.00015840000000000081,0.4886361907401494,,,,,
32,e_nativegates_ibm_qiskit_opt3_81,,,,,,,,,,,,,,,,132.0,7.0,18446744073709551616,8.874999999999999e-05,0.4659404550483321
50,e_nativegates_ibm_qiskit_opt3_81,,,,,,,,,,,,,,,,67.0,3.0,1267650600228229401496703205376,0.00014565000000000064,0.4970303691863503
47,e_nativegates_ibm_qiskit_opt3_81,,,,,,,,,,,81.0,4.0,19807040628566084398385987584,0.0001434000000000006,0.49015047821570856,,,,,
27,e_nativegates_ibm_qiskit_opt3_81,,,,,,,,,,,183.0,10.0,18014398509481984,5.559999999999997e-05,0.4428604655482976,,,,,
77,e_nativegates_ibm_qiskit_opt3_81,,,,,,94.0,3.0,22835963083295358096932575511191922182123945984,0.000165900000000001,0.48371418020848456,,,,,,,,,,
50,e_nativegates_ibm_qiskit_opt3_81,,,,,,67.0,3.0,1267650600228229401496703205376,0.00014565000000000064,0.4970303691863503,,,,,,,,,,
52,e_nativegates_ibm_qiskit_opt3_81,,,,,,,,,,,,,,,,69.0,3.0,20282409603651670423947251286016,0.00014715000000000068,0.49603686893520493
57,e_nativegates_ibm_qiskit_opt3_81,,,,,,74.0,3.0,20769187434139310514121985316880384,0.0001509000000000007,0.4935604126595504,,,,,,,,,,
77,e_nativegates_ibm_qiskit_opt3_81,,,,,,,,,,,,,,,,94.0,3.0,22835963083295358096932575511191922182123945984,0.000165900000000001,0.48371418020848456
52,e_nativegates_ibm_qiskit_opt3_81,,,,,,,,,,,69.0,3.0,20282409603651670423947251286016,0.00014715000000000068,0.49603686893520493,,,,,
72,e_nativegates_ibm_qiskit_opt3_81,,,,,,,,,,,89.0,3.0,22300745198530623141535718272648361505980416,0.00016215000000000088,0.48617718145508304,,,,,
65,e_nativegates_ibm_qiskit_opt3_81,,,,,,,,,,,,,,,,82.0,3.0,1361129467683753853853498429727072845824,0.0001569000000000008,0.4896192948584552
65,e_nativegates_ibm_qiskit_opt3_81,,,,,,82.0,3.0,1361129467683753853853498429727072845824,0.0001569000000000008,0.4896192948584552,,,,,,,,,,
42,e_nativegates_ibm_qiskit_opt3_81,,,,,,76.0,4.0,19342813113834066795298816,0.00013965000000000058,0.4926489326267027,,,,,,,,,,
32,e_nativegates_ibm_qiskit_opt3_81,,,,,,,,,,,132.0,7.0,18446744073709551616,8.874999999999999e-05,0.4659404550483321,,,,,
67,e_nativegates_ibm_qiskit_opt3_81,,,,,,,,,,,,,,,,84.0,3.0,21778071482940061661655974875633165533184,0.00015840000000000081,0.4886361907401494
62,e_nativegates_ibm_qiskit_opt3_81,,,,,,79.0,3.0,21267647932558653966460912964485513216,0.00015465000000000078,0.49109435103903326,,,,,,,,,,
42,e_nativegates_ibm_qiskit_opt3_81,,,,,,,,,,,,,,,,76.0,4.0,19342813113834066795298816,0.00013965000000000058,0.4926489326267027
70,e_indep_qiskit_76,,,,,,,,,,,,,,,,145.0,4.0,1393796574908163946345982392040522594123776,7.594999999999999e-05,0.44441589188629976
45,e_indep_qiskit_76,,,,,,,,,,,,,,,,187.0,6.0,1237940039285380274899124224,7.669999999999989e-05,0.4264841614922922
55,e_indep_qiskit_76,,,,,,,,,,,,,,,,130.0,4.0,1298074214633706907132624082305024,7.569999999999986e-05,0.4514031603589379
60,e_indep_qiskit_76,,,,,,,,,,,,,,,,135.0,4.0,1329227995784915872903807060280344576,7.519999999999985e-05,0.4490902434407663
40,e_indep_qiskit_76,,,,,,,,,,,,,,,,190.0,7.0,1208925819614629174706176,7.71999999999999e-05,0.4252779718001296
75,e_indep_qiskit_76,,,,,,,,,,,,,,,,149.0,3.0,1427247692705959881058285969449495136382746624,8.144999999999999e-05,0.4425177398332701
65,e_indep_qiskit_76,,,,,,,,,,,,,,,,140.0,4.0,1361129467683753853853498429727072845824,7.469999999999985e-05,0.4467576523619355
50,e_indep_qiskit_76,,,,,,,,,,,,,,,,199.0,6.0,1267650600228229401496703205376,7.619999999999987e-05,0.42132250501960883
65,e_indep_qiskit_76,,,,,,140.0,4.0,1361129467683753853853498429727072845824,7.469999999999985e-05,0.4467576523619355,,,,,,,,,,
75,e_indep_qiskit_76,,,,,,149.0,3.0,1427247692705959881058285969449495136382746624,8.144999999999999e-05,0.4425177398332701,,,,,,,,,,
45,e_indep_qiskit_76,,,,,,187.0,6.0,1237940039285380274899124224,7.669999999999989e-05,0.4264841614922922,,,,,,,,,,
55,e_indep_qiskit_76,,,,,,130.0,4.0,1298074214633706907132624082305024,7.569999999999986e-05,0.4514031603589379,,,,,,,,,,
60,e_indep_qiskit_76,,,,,,,,,,,135.0,4.0,1329227995784915872903807060280344576,7.519999999999985e-05,0.4490902434407663,,,,,
70,e_indep_qiskit_76,,,,,,,,,,,145.0,4.0,1393796574908163946345982392040522594123776,7.594999999999999e-05,0.44441589188629976,,,,,
40,e_indep_qiskit_76,,,,,,,,,,,190.0,7.0,1208925819614629174706176,7.71999999999999e-05,0.4252779718001296,,,,,
50,e_indep_qiskit_76,,,,,,,,,,,199.0,6.0,1267650600228229401496703205376,7.619999999999987e-05,0.42132250501960883,,,,,
60,e_indep_qiskit_76,,,,,,135.0,4.0,1329227995784915872903807060280344576,7.519999999999985e-05,0.4490902434407663,,,,,,,,,,
70,e_indep_qiskit_76,,,,,,145.0,4.0,1393796574908163946345982392040522594123776,7.594999999999999e-05,0.44441589188629976,,,,,,,,,,
40,e_indep_qiskit_76,,,,,,190.0,7.0,1208925819614629174706176,7.71999999999999e-05,0.4252736682671943,,,,,,,,,,
50,e_indep_qiskit_76,,,,,,150.0,5.0,1267650600228229401496703205376,7.619999999999987e-05,0.4424842974335235,,,,,,,,,,
65,e_indep_qiskit_76,,,,,,,,,,,140.0,4.0,1361129467683753853853498429727072845824,7.469999999999985e-05,0.4467576523619355,,,,,
75,e_indep_qiskit_76,,,,,,,,,,,149.0,3.0,1427247692705959881058285969449495136382746624,8.144999999999999e-05,0.4425177398332701,,,,,
45,e_indep_qiskit_76,,,,,,,,,,,187.0,6.0,1237940039285380274899124224,7.669999999999989e-05,0.4264841614922922,,,,,
55,e_indep_qiskit_76,,,,,,,,,,,130.0,4.0,1298074214633706907132624082305024,7.569999999999986e-05,0.4514031603589379,,,,,
50,dj_indep_qiskit_113,,,,,,2.0,3.0,24,2.459999999999998e-05,0.8695899817605329,,,,,,,,,,
50,dj_indep_qiskit_113,2.0,3.0,24.0,2.209999999999999e-05,0.8695928423707749,,,,,,,,,,,,,,,
65,dj_indep_qiskit_113,,,,,,1.0,2.0,8,3.209999999999996e-05,0.8704542877787945,,,,,,,,,,
27,dj_indep_qiskit_113,4.0,5.0,40.0,1.3100000000000003e-05,0.8678623234065019,,,,,,,,,,,,,,,
27,dj_indep_qiskit_113,,,,,,,,,,,,,,,,4.0,5.0,52,1.3100000000000003e-05,0.8678614166871392
50,dj_indep_qiskit_113,,,,,,,,,,,,,,,,2.0,3.0,24,2.459999999999998e-05,0.8695899817605329
27,dj_indep_qiskit_113,,,,,,,,,,,4.0,5.0,52,1.3100000000000003e-05,0.8678614166871392,,,,,
65,dj_indep_qiskit_113,,,,,,,,,,,,,,,,1.0,2.0,8,3.209999999999996e-05,0.8704542877787945
27,dj_indep_qiskit_113,,,,,,4.0,5.0,52,1.3100000000000003e-05,0.8678614166871392,,,,,,,,,,
65,dj_indep_qiskit_113,1.0,2.0,8.0,3.209999999999996e-05,0.8704543018635196,,,,,,,,,,,,,,,
50,dj_indep_qiskit_113,,,,,,,,,,,2.0,3.0,24,2.459999999999998e-05,0.8695899817605329,,,,,
65,dj_indep_qiskit_113,,,,,,,,,,,1.0,2.0,8,3.209999999999996e-05,0.8704542877787945,,,,,
65,graphstate_nativegates_ibm_qiskit_opt3_126,,,,,,,,,,,,,,,,2.0,2.0,33,3.3999999999999988e-06,0.8546635896208352
50,graphstate_nativegates_ibm_qiskit_opt3_126,,,,,,,,,,,,,,,,3.0,3.0,49,3.3999999999999988e-06,0.8538089371332838
27,graphstate_nativegates_ibm_qiskit_opt3_126,,,,,,,,,,,5.0,6.0,49,3.3999999999999988e-06,0.8521021952277077,,,,,
65,graphstate_nativegates_ibm_qiskit_opt3_126,,,,,,2.0,3.0,33,3.3999999999999988e-06,0.8546635896208354,,,,,,,,,,
50,graphstate_nativegates_ibm_qiskit_opt3_126,,,,,,3.0,3.0,49,3.3999999999999988e-06,0.853808937133284,,,,,,,,,,
50,graphstate_nativegates_ibm_qiskit_opt3_126,3.0,3.0,48.0,3.3999999999999988e-06,0.8538089373040847,,,,,,,,,,,,,,,
27,graphstate_nativegates_ibm_qiskit_opt3_126,5.0,5.0,48.0,3.3999999999999988e-06,0.8521021957390857,,,,,,,,,,,,,,,
65,graphstate_nativegates_ibm_qiskit_opt3_126,,,,,,,,,,,2.0,2.0,33,3.3999999999999988e-06,0.8546635896208352,,,,,
27,graphstate_nativegates_ibm_qiskit_opt3_126,,,,,,6.0,7.0,49,3.3999999999999988e-06,0.8512501041012771,,,,,,,,,,
27,graphstate_nativegates_ibm_qiskit_opt3_126,,,,,,,,,,,,,,,,6.0,7.0,49,3.3999999999999988e-06,0.8512501041012772
50,graphstate_nativegates_ibm_qiskit_opt3_126,,,,,,,,,,,3.0,3.0,49,3.3999999999999988e-06,0.8538089371332839,,,,,
65,graphstate_nativegates_ibm_qiskit_opt3_126,2.0,2.0,32.0,3.3999999999999988e-06,0.8546635897918072,,,,,,,,,,,,,,,
10,tsp_nativegates_ibm_qiskit_opt3_16,,,,,,10.0,3.0,1024,8.700000000000005e-06,0.9548672582736544,,,,,,,,,,
10,tsp_nativegates_ibm_qiskit_opt3_16,10.0,3.0,1024.0,8.000000000000005e-06,0.9548672623869437,,,,,,,,,,,,,,,
5,tsp_nativegates_ibm_qiskit_opt3_16,,,,,,44.0,12.0,1024,4.900000000000001e-06,0.9229367126642083,,,,,,,,,,
10,tsp_nativegates_ibm_qiskit_opt3_16,,,,,,,,,,,,,,,,10.0,3.0,1024,8.700000000000005e-06,0.9548672582736544
5,tsp_nativegates_ibm_qiskit_opt3_16,,,,,,,,,,,42.0,12.0,1024,4.850000000000002e-06,0.9247854665764234,,,,,
10,tsp_nativegates_ibm_qiskit_opt3_16,,,,,,,,,,,10.0,3.0,1024,8.700000000000005e-06,0.9548672582736544,,,,,
5,tsp_nativegates_ibm_qiskit_opt3_16,,,,,,,,,,,,,,,,42.0,12.0,1024,4.850000000000002e-06,0.9247854665764234
5,routing_nativegates_ibm_qiskit_opt3_6,,,,,,3.0,2.0,64,3.7999999999999988e-06,0.9871181384720097,,,,,,,,,,
5,routing_nativegates_ibm_qiskit_opt3_6,,,,,,,,,,,3.0,2.0,64,3.7999999999999988e-06,0.9871181384720097,,,,,
5,routing_nativegates_ibm_qiskit_opt3_6,3.0,2.0,4096.0,4.3e-06,0.9841597955994115,,,,,,,,,,,,,,,
5,routing_nativegates_ibm_qiskit_opt3_6,,,,,,,,,,,,,,,,3.0,2.0,64,3.7999999999999988e-06,0.9871181384720097
5,pricingcall_nativegates_ibm_qiskit_opt3_9,,,,,,,,,,,,,,,,34.0,9.0,65536,1.87e-05,0.9284101275949933
5,pricingcall_nativegates_ibm_qiskit_opt3_9,,,,,,,,,,,34.0,9.0,65536,1.87e-05,0.9284101275949933,,,,,
5,pricingcall_nativegates_ibm_qiskit_opt3_9,,,,,,34.0,9.0,65536,1.87e-05,0.9284101275949933,,,,,,,,,,
42,graphstate_nativegates_ibm_qiskit_opt3_98,,,,,,,,,,,3.0,3.0,51,3.599999999999999e-06,0.883739372608585,,,,,
87,graphstate_nativegates_ibm_qiskit_opt3_98,,,,,,,,,,,,,,,,0.0,2.0,4,3.899999999999999e-06,0.8863958674359227
82,graphstate_nativegates_ibm_qiskit_opt3_98,,,,,,,,,,,,,,,,0.0,2.0,4,3.899999999999999e-06,0.8863958674359227
47,graphstate_nativegates_ibm_qiskit_opt3_98,,,,,,2.0,3.0,35,3.899999999999999e-06,0.8846239851024328,,,,,,,,,,
50,graphstate_nativegates_ibm_qiskit_opt3_98,,,,,,,,,,,3.0,3.0,51,3.899999999999999e-06,0.883739372608585,,,,,
27,graphstate_nativegates_ibm_qiskit_opt3_98,,,,,,,,,,,,,,,,5.0,5.0,51,3.3999999999999988e-06,0.8819728005393083
27,graphstate_nativegates_ibm_qiskit_opt3_98,4.0,4.0,48.0,3.3999999999999988e-06,0.8828556448923512,,,,,,,,,,,,,,,
67,graphstate_nativegates_ibm_qiskit_opt3_98,,,,,,2.0,2.0,35,3.899999999999999e-06,0.884623985102433,,,,,,,,,,
37,graphstate_nativegates_ibm_qiskit_opt3_98,,,,,,,,,,,3.0,3.0,51,3.899999999999999e-06,0.8837393726085851,,,,,
92,graphstate_nativegates_ibm_qiskit_opt3_98,,,,,,,,,,,0.0,2.0,4,3.899999999999999e-06,0.8863958674359227,,,,,
42,graphstate_nativegates_ibm_qiskit_opt3_98,,,,,,,,,,,,,,,,3.0,3.0,51,3.3999999999999988e-06,0.8837393726085853
47,graphstate_nativegates_ibm_qiskit_opt3_98,,,,,,,,,,,,,,,,2.0,3.0,35,3.599999999999999e-06,0.8846239851024329
32,graphstate_nativegates_ibm_qiskit_opt3_98,,,,,,3.0,4.0,51,3.899999999999999e-06,0.8837393726085848,,,,,,,,,,
77,graphstate_nativegates_ibm_qiskit_opt3_98,,,,,,,,,,,,,,,,2.0,2.0,35,3.3999999999999988e-06,0.8846239851024329
72,graphstate_nativegates_ibm_qiskit_opt3_98,,,,,,,,,,,,,,,,2.0,2.0,35,3.3999999999999988e-06,0.8846239851024329
97,graphstate_nativegates_ibm_qiskit_opt3_98,,,,,,0.0,2.0,4,3.899999999999999e-06,0.8863958674359227,,,,,,,,,,
62,graphstate_nativegates_ibm_qiskit_opt3_98,,,,,,,,,,,2.0,2.0,35,3.899999999999999e-06,0.8846239851024328,,,,,
77,graphstate_nativegates_ibm_qiskit_opt3_98,,,,,,,,,,,2.0,2.0,35,3.899999999999999e-06,0.8846239851024328,,,,,
82,graphstate_nativegates_ibm_qiskit_opt3_98,,,,,,0.0,2.0,4,3.899999999999999e-06,0.8863958674359227,,,,,,,,,,
27,graphstate_nativegates_ibm_qiskit_opt3_98,,,,,,5.0,4.0,51,3.899999999999999e-06,0.8819728005393082,,,,,,,,,,
32,graphstate_nativegates_ibm_qiskit_opt3_98,4.0,4.0,48.0,3.899999999999999e-06,0.8828556450689629,,,,,,,,,,,,,,,
87,graphstate_nativegates_ibm_qiskit_opt3_98,,,,,,,,,,,0.0,2.0,4,3.899999999999999e-06,0.8863958674359227,,,,,
72,graphstate_nativegates_ibm_qiskit_opt3_98,,,,,,2.0,2.0,35,3.3999999999999988e-06,0.8846239851024329,,,,,,,,,,
52,graphstate_nativegates_ibm_qiskit_opt3_98,,,,,,3.0,2.0,51,3.3999999999999988e-06,0.8837393726085853,,,,,,,,,,
37,graphstate_nativegates_ibm_qiskit_opt3_98,3.0,3.0,48.0,3.899999999999999e-06,0.8837393729621612,,,,,,,,,,,,,,,
65,graphstate_nativegates_ibm_qiskit_opt3_98,,,,,,,,,,,2.0,2.0,35,3.899999999999999e-06,0.8846239851024328,,,,,
57,graphstate_nativegates_ibm_qiskit_opt3_98,,,,,,,,,,,3.0,2.0,51,3.899999999999999e-06,0.883739372608585,,,,,
57,graphstate_nativegates_ibm_qiskit_opt3_98,,,,,,3.0,2.0,51,3.3999999999999988e-06,0.8837393726085853,,,,,,,,,,
92,graphstate_nativegates_ibm_qiskit_opt3_98,,,,,,,,,,,,,,,,0.0,2.0,4,3.899999999999999e-06,0.8863958674359227
97,graphstate_nativegates_ibm_qiskit_opt3_98,,,,,,,,,,,,,,,,0.0,2.0,4,3.899999999999999e-06,0.8863958674359227
77,graphstate_nativegates_ibm_qiskit_opt3_98,2.0,2.0,32.0,3.899999999999999e-06,0.8846239852793981,,,,,,,,,,,,,,,
52,graphstate_nativegates_ibm_qiskit_opt3_98,,,,,,,,,,,3.0,2.0,51,3.899999999999999e-06,0.883739372608585,,,,,
65,graphstate_nativegates_ibm_qiskit_opt3_98,,,,,,,,,,,,,,,,3.0,2.0,51,3.3999999999999988e-06,0.8837393726085853
50,graphstate_nativegates_ibm_qiskit_opt3_98,,,,,,,,,,,,,,,,2.0,3.0,35,3.899999999999999e-06,0.8846239851024329
65,graphstate_nativegates_ibm_qiskit_opt3_98,,,,,,2.0,2.0,35,3.899999999999999e-06,0.884623985102433,,,,,,,,,,
52,graphstate_nativegates_ibm_qiskit_opt3_98,2.0,2.0,32.0,3.899999999999999e-06,0.8846239854563631,,,,,,,,,,,,,,,
57,graphstate_nativegates_ibm_qiskit_opt3_98,,,,,,,,,,,,,,,,2.0,2.0,35,3.899999999999999e-06,0.8846239851024329
52,graphstate_nativegates_ibm_qiskit_opt3_98,,,,,,,,,,,,,,,,2.0,2.0,35,3.899999999999999e-06,0.8846239851024329
72,graphstate_nativegates_ibm_qiskit_opt3_98,,,,,,,,,,,2.0,2.0,35,3.899999999999999e-06,0.8846239851024328,,,,,
87,graphstate_nativegates_ibm_qiskit_opt3_98,,,,,,0.0,2.0,4,3.899999999999999e-06,0.8863958674359227,,,,,,,,,,
57,graphstate_nativegates_ibm_qiskit_opt3_98,2.0,2.0,32.0,3.899999999999999e-06,0.8846239851024329,,,,,,,,,,,,,,,
62,graphstate_nativegates_ibm_qiskit_opt3_98,,,,,,,,,,,,,,,,3.0,2.0,51,3.3999999999999988e-06,0.8837393726085853
67,graphstate_nativegates_ibm_qiskit_opt3_98,,,,,,,,,,,,,,,,3.0,2.0,51,3.3999999999999988e-06,0.8837393726085853
32,graphstate_nativegates_ibm_qiskit_opt3_98,,,,,,,,,,,,,,,,4.0,4.0,51,3.3999999999999988e-06,0.8828556447157401
37,graphstate_nativegates_ibm_qiskit_opt3_98,,,,,,,,,,,,,,,,4.0,3.0,51,3.3999999999999988e-06,0.8828556447157401
27,graphstate_nativegates_ibm_qiskit_opt3_98,,,,,,,,,,,5.0,4.0,51,3.599999999999999e-06,0.8819728005393084,,,,,
72,graphstate_nativegates_ibm_qiskit_opt3_98,2.0,2.0,32.0,3.899999999999999e-06,0.8846239854563632,,,,,,,,,,,,,,,
82,graphstate_nativegates_ibm_qiskit_opt3_98,,,,,,,,,,,0.0,2.0,4,3.899999999999999e-06,0.8863958674359227,,,,,
77,graphstate_nativegates_ibm_qiskit_opt3_98,,,,,,2.0,2.0,35,3.3999999999999988e-06,0.8846239851024329,,,,,,,,,,
65,graphstate_nativegates_ibm_qiskit_opt3_98,2.0,2.0,32.0,3.899999999999999e-06,0.8846239851024325,,,,,,,,,,,,,,,
62,graphstate_nativegates_ibm_qiskit_opt3_98,,,,,,2.0,2.0,35,3.899999999999999e-06,0.884623985102433,,,,,,,,,,
97,graphstate_nativegates_ibm_qiskit_opt3_98,,,,,,,,,,,0.0,2.0,4,3.899999999999999e-06,0.8863958674359227,,,,,
32,graphstate_nativegates_ibm_qiskit_opt3_98,,,,,,,,,,,3.0,4.0,51,3.899999999999999e-06,0.8837393726085851,,,,,
67,graphstate_nativegates_ibm_qiskit_opt3_98,2.0,2.0,32.0,3.899999999999999e-06,0.8846239851024327,,,,,,,,,,,,,,,
42,graphstate_nativegates_ibm_qiskit_opt3_98,3.0,3.0,48.0,3.899999999999999e-06,0.8837393731389499,,,,,,,,,,,,,,,
50,graphstate_nativegates_ibm_qiskit_opt3_98,,,,,,3.0,3.0,51,3.3999999999999988e-06,0.8837393726085853,,,,,,,,,,
92,graphstate_nativegates_ibm_qiskit_opt3_98,,,,,,0.0,2.0,4,3.899999999999999e-06,0.8863958674359227,,,,,,,,,,
37,graphstate_nativegates_ibm_qiskit_opt3_98,,,,,,3.0,3.0,51,3.899999999999999e-06,0.8837393726085848,,,,,,,,,,
67,graphstate_nativegates_ibm_qiskit_opt3_98,,,,,,,,,,,2.0,2.0,35,3.899999999999999e-06,0.8846239851024328,,,,,
47,graphstate_nativegates_ibm_qiskit_opt3_98,3.0,3.0,48.0,3.599999999999999e-06,0.8837393727853736,,,,,,,,,,,,,,,
47,graphstate_nativegates_ibm_qiskit_opt3_98,,,,,,,,,,,2.0,3.0,35,3.599999999999999e-06,0.8846239851024329,,,,,
50,graphstate_nativegates_ibm_qiskit_opt3_98,2.0,2.0,32.0,3.899999999999999e-06,0.8846239854563628,,,,,,,,,,,,,,,
42,graphstate_nativegates_ibm_qiskit_opt3_98,,,,,,3.0,3.0,51,3.899999999999999e-06,0.8837393726085851,,,,,,,,,,
62,graphstate_nativegates_ibm_qiskit_opt3_98,2.0,2.0,32.0,3.899999999999999e-06,0.8846239851024327,,,,,,,,,,,,,,,
16,peexact_nativegates_ibm_qiskit_opt3_40,,,,,,160.0,14.0,4294967296,2.3999999999999997e-05,0.6412876097951119,,,,,,,,,,
16,peexact_nativegates_ibm_qiskit_opt3_40,,,,,,,,,,,,,,,,149.0,13.0,4294967296,2.5749999999999996e-05,0.6483697679355411
27,peexact_nativegates_ibm_qiskit_opt3_40,,,,,,87.0,5.0,18014398509481984,4.1699999999999984e-05,0.6897301730171813,,,,,,,,,,
10,peexact_nativegates_ibm_qiskit_opt3_40,,,,,,,,,,,229.0,28.0,1048576,1.5700000000000006e-05,0.5985473476697244,,,,,
27,peexact_nativegates_ibm_qiskit_opt3_40,,,,,,,,,,,,,,,,87.0,5.0,18014398509481984,4.1699999999999984e-05,0.6897301730171813
10,peexact_nativegates_ibm_qiskit_opt3_40,,,,,,242.0,30.0,1048576,1.5700000000000006e-05,0.5908161734880005,,,,,,,,,,
10,peexact_nativegates_ibm_qiskit_opt3_40,,,,,,,,,,,,,,,,229.0,28.0,1048576,1.5700000000000006e-05,0.5985473476697244
27,peexact_nativegates_ibm_qiskit_opt3_40,,,,,,,,,,,87.0,5.0,18014398509481984,4.1699999999999984e-05,0.6897301730171813,,,,,
16,peexact_nativegates_ibm_qiskit_opt3_40,,,,,,,,,,,149.0,13.0,4294967296,2.5749999999999996e-05,0.6483697679355411,,,,,
27,wstate_indep_qiskit_69,,,,,,,,,,,,,,,,4.0,3.0,256,1.4800000000000002e-05,0.9033796829028427
65,wstate_indep_qiskit_69,,,,,,,,,,,,,,,,2.0,2.0,32,3.5699999999999994e-05,0.9051890944470153
27,wstate_indep_qiskit_69,,,,,,4.0,3.0,256,1.4800000000000002e-05,0.9033796829028427,,,,,,,,,,
16,wstate_indep_qiskit_69,,,,,,,,,,,,,,,,8.0,5.0,256,8.750000000000004e-06,0.8997717032570707
16,wstate_indep_qiskit_69,,,,,,8.0,5.0,256,8.750000000000004e-06,0.8997717032570707,,,,,,,,,,
50,wstate_indep_qiskit_69,,,,,,,,,,,2.0,2.0,32,2.7449999999999996e-05,0.9051890944470152,,,,,
65,wstate_indep_qiskit_69,,,,,,2.0,2.0,32,3.5699999999999994e-05,0.9051890944470153,,,,,,,,,,
50,wstate_indep_qiskit_69,2.0,2.0,32.0,2.3049999999999998e-05,0.9051890944470152,,,,,,,,,,,,,,,
65,wstate_indep_qiskit_69,,,,,,,,,,,2.0,2.0,32,3.5699999999999994e-05,0.9051890944470153,,,,,
65,wstate_indep_qiskit_69,2.0,2.0,32.0,2.4699999999999997e-05,0.9051890944470152,,,,,,,,,,,,,,,
50,wstate_indep_qiskit_69,,,,,,,,,,,,,,,,2.0,2.0,32,2.7449999999999996e-05,0.9051890944470152
50,wstate_indep_qiskit_69,,,,,,2.0,2.0,32,2.7449999999999996e-05,0.9051890944470152,,,,,,,,,,
27,wstate_indep_qiskit_69,4.0,3.0,288.0,1.4200000000000003e-05,0.9033796811856998,,,,,,,,,,,,,,,
16,wstate_indep_qiskit_69,,,,,,,,,,,8.0,5.0,256,8.750000000000004e-06,0.8997717032570707,,,,,
27,wstate_indep_qiskit_69,,,,,,,,,,,4.0,3.0,256,1.4800000000000002e-05,0.9033796829028427,,,,,
16,wstate_indep_qiskit_69,8.0,5.0,272.0,8.750000000000004e-06,0.8997717015467861,,,,,,,,,,,,,,,
10,e_indep_qiskit_13,15.0,3.0,1048576.0,1.3250000000000007e-05,0.9545541069465143,,,,,,,,,,,,,,,
10,e_indep_qiskit_13,,,,,,,,,,,,,,,,22.0,4.0,1048576,1.0900000000000002e-05,0.9478918794935608
10,e_indep_qiskit_13,,,,,,,,,,,22.0,4.0,1048576,1.0900000000000002e-05,0.9478918794935608,,,,,
5,e_indep_qiskit_13,,,,,,,,,,,49.0,13.0,1024,7.0000000000000024e-06,0.9226321336515534,,,,,
5,e_indep_qiskit_13,,,,,,49.0,13.0,1024,7.0000000000000024e-06,0.9226321336515534,,,,,,,,,,
10,e_indep_qiskit_13,,,,,,22.0,4.0,1048576,1.0900000000000002e-05,0.9478918794935608,,,,,,,,,,
5,e_indep_qiskit_13,,,,,,,,,,,,,,,,49.0,13.0,1024,7.0000000000000024e-06,0.9226321336515534
27,wstate_nativegates_ibm_qiskit_opt3_100,,,,,,,,,,,,,,,,6.0,4.0,256,1.7399999999999996e-05,0.8593205924942212
50,wstate_nativegates_ibm_qiskit_opt3_100,,,,,,,,,,,4.0,3.0,256,3.235000000000005e-05,0.8610417427217776,,,,,
65,wstate_nativegates_ibm_qiskit_opt3_100,,,,,,2.0,2.0,32,4.210000000000008e-05,0.8627663402751993,,,,,,,,,,
27,wstate_nativegates_ibm_qiskit_opt3_100,,,,,,6.0,4.0,256,1.7399999999999996e-05,0.8593205924942212,,,,,,,,,,
27,wstate_nativegates_ibm_qiskit_opt3_100,6.0,4.0,288.0,1.6749999999999994e-05,0.8593205871639816,,,,,,,,,,,,,,,
65,wstate_nativegates_ibm_qiskit_opt3_100,,,,,,,,,,,,,,,,2.0,2.0,32,4.210000000000008e-05,0.8627663402751993
50,wstate_nativegates_ibm_qiskit_opt3_100,4.0,3.0,272.0,2.7800000000000032e-05,0.8610417401374635,,,,,,,,,,,,,,,
65,wstate_nativegates_ibm_qiskit_opt3_100,2.0,2.0,32.0,3.7550000000000066e-05,0.8627663389804547,,,,,,,,,,,,,,,
50,wstate_nativegates_ibm_qiskit_opt3_100,,,,,,,,,,,,,,,,4.0,3.0,256,3.235000000000005e-05,0.8610417427217776
27,wstate_nativegates_ibm_qiskit_opt3_100,,,,,,,,,,,6.0,4.0,256,1.7399999999999996e-05,0.8593205924942212,,,,,
50,wstate_nativegates_ibm_qiskit_opt3_100,,,,,,4.0,3.0,256,3.235000000000005e-05,0.8610417427217776,,,,,,,,,,
65,wstate_nativegates_ibm_qiskit_opt3_100,,,,,,,,,,,2.0,2.0,32,4.210000000000008e-05,0.8627663402751993,,,,,
16,ghz_nativegates_ibm_qiskit_opt3_74,,,,,,,,,,,,,,,,4.0,5.0,52,7.650000000000001e-06,0.9114938430286271
16,ghz_nativegates_ibm_qiskit_opt3_74,,,,,,4.0,5.0,52,7.650000000000001e-06,0.9114938430286271,,,,,,,,,,
27,ghz_nativegates_ibm_qiskit_opt3_74,,,,,,2.0,3.0,24,1.3150000000000005e-05,0.913319550576707,,,,,,,,,,
50,ghz_nativegates_ibm_qiskit_opt3_74,,,,,,,,,,,1.0,2.0,8,2.464999999999998e-05,0.9142337752169016,,,,,
65,ghz_nativegates_ibm_qiskit_opt3_74,1.0,2.0,8.0,2.2999999999999983e-05,0.9142337752169014,,,,,,,,,,,,,,,
27,ghz_nativegates_ibm_qiskit_opt3_74,,,,,,,,,,,,,,,,2.0,3.0,24,1.3150000000000005e-05,0.913319550576707
16,ghz_nativegates_ibm_qiskit_opt3_74,4.0,5.0,40.0,7.650000000000001e-06,0.9114938430286272,,,,,,,,,,,,,,,
65,ghz_nativegates_ibm_qiskit_opt3_74,,,,,,,,,,,1.0,2.0,8,3.214999999999996e-05,0.9142337752169017,,,,,
50,ghz_nativegates_ibm_qiskit_opt3_74,1.0,2.0,8.0,2.2999999999999983e-05,0.9142337752169014,,,,,,,,,,,,,,,
27,ghz_nativegates_ibm_qiskit_opt3_74,2.0,3.0,24.0,1.3000000000000004e-05,0.913319550576707,,,,,,,,,,,,,,,
65,ghz_nativegates_ibm_qiskit_opt3_74,,,,,,1.0,2.0,8,3.214999999999996e-05,0.9142337752169017,,,,,,,,,,
65,ghz_nativegates_ibm_qiskit_opt3_74,,,,,,,,,,,,,,,,1.0,2.0,8,3.214999999999996e-05,0.9142337752169017
50,ghz_nativegates_ibm_qiskit_opt3_74,,,,,,,,,,,,,,,,1.0,2.0,8,2.464999999999998e-05,0.9142337752169016
50,ghz_nativegates_ibm_qiskit_opt3_74,,,,,,1.0,2.0,8,2.464999999999998e-05,0.9142337752169016,,,,,,,,,,
16,ghz_nativegates_ibm_qiskit_opt3_74,,,,,,,,,,,4.0,5.0,52,7.650000000000001e-06,0.9114938430286271,,,,,
27,ghz_nativegates_ibm_qiskit_opt3_74,,,,,,,,,,,2.0,3.0,24,1.3150000000000005e-05,0.913319550576707,,,,,
50,dj_nativegates_ibm_qiskit_opt3_100,,,,,,2.0,3.0,24,2.474999999999998e-05,0.8808601640294753,,,,,,,,,,
27,dj_nativegates_ibm_qiskit_opt3_100,,,,,,,,,,,3.0,4.0,40,1.3250000000000004e-05,0.87998968552016,,,,,
65,dj_nativegates_ibm_qiskit_opt3_100,1.0,2.0,8.0,3.124999999999997e-05,0.8817401144932479,,,,,,,,,,,,,,,
65,dj_nativegates_ibm_qiskit_opt3_100,,,,,,1.0,2.0,8,3.2249999999999964e-05,0.8817395614537441,,,,,,,,,,
50,dj_nativegates_ibm_qiskit_opt3_100,2.0,3.0,24.0,1.775e-05,0.8808669445781477,,,,,,,,,,,,,,,
27,dj_nativegates_ibm_qiskit_opt3_100,,,,,,,,,,,,,,,,3.0,4.0,40,1.3250000000000004e-05,0.87998968552016
27,dj_nativegates_ibm_qiskit_opt3_100,3.0,4.0,40.0,1.2750000000000003e-05,0.8799897677525585,,,,,,,,,,,,,,,
65,dj_nativegates_ibm_qiskit_opt3_100,,,,,,,,,,,1.0,2.0,8,3.2249999999999964e-05,0.8817395614537441,,,,,
27,dj_nativegates_ibm_qiskit_opt3_100,,,,,,3.0,4.0,40,1.3250000000000004e-05,0.87998968552016,,,,,,,,,,
50,dj_nativegates_ibm_qiskit_opt3_100,,,,,,,,,,,2.0,3.0,24,2.474999999999998e-05,0.8808601640294753,,,,,
50,dj_nativegates_ibm_qiskit_opt3_100,,,,,,,,,,,,,,,,2.0,3.0,24,2.474999999999998e-05,0.8808601640294753
65,dj_nativegates_ibm_qiskit_opt3_100,,,,,,,,,,,,,,,,1.0,2.0,8,3.2249999999999964e-05,0.8817395614537441
50,graphstate_nativegates_ibm_qiskit_opt3_96,,,,,,,,,,,0.0,2.0,3,4.05e-06,0.8885800217125222,,,,,
16,graphstate_nativegates_ibm_qiskit_opt3_96,,,,,,9.0,8.0,48,3.749999999999999e-06,0.8806148189246477,,,,,,,,,,
65,graphstate_nativegates_ibm_qiskit_opt3_96,,,,,,,,,,,0.0,2.0,3,4.05e-06,0.8885800217125222,,,,,
27,graphstate_nativegates_ibm_qiskit_opt3_96,,,,,,,,,,,,,,,,5.0,5.0,48,3.899999999999999e-06,0.8841460560055308
27,graphstate_nativegates_ibm_qiskit_opt3_96,,,,,,5.0,5.0,48,3.899999999999999e-06,0.8841460560055308,,,,,,,,,,
27,graphstate_nativegates_ibm_qiskit_opt3_96,,,,,,,,,,,5.0,5.0,48,4.05e-06,0.8841460560055305,,,,,
16,graphstate_nativegates_ibm_qiskit_opt3_96,,,,,,,,,,,,,,,,9.0,8.0,48,3.3999999999999988e-06,0.8806148189246474
16,graphstate_nativegates_ibm_qiskit_opt3_96,,,,,,,,,,,10.0,7.0,48,4.05e-06,0.8797342155448983,,,,,
65,graphstate_nativegates_ibm_qiskit_opt3_96,,,,,,0.0,2.0,3,4.05e-06,0.8885800217125222,,,,,,,,,,
50,graphstate_nativegates_ibm_qiskit_opt3_96,,,,,,,,,,,,,,,,0.0,2.0,3,4.05e-06,0.8885800217125222
65,graphstate_nativegates_ibm_qiskit_opt3_96,,,,,,,,,,,,,,,,0.0,2.0,3,4.05e-06,0.8885800217125222
50,graphstate_nativegates_ibm_qiskit_opt3_96,,,,,,0.0,2.0,3,4.05e-06,0.8885800217125222,,,,,,,,,,
27,ghz_nativegates_ibm_qiskit_opt3_45,,,,,,,,,,,1.0,2.0,8,1.3150000000000005e-05,0.9466234595011768,,,,,
16,ghz_nativegates_ibm_qiskit_opt3_45,,,,,,,,,,,2.0,3.0,24,7.650000000000001e-06,0.9456768455003356,,,,,
16,ghz_nativegates_ibm_qiskit_opt3_45,2.0,3.0,24.0,7.500000000000002e-06,0.9456768455003357,,,,,,,,,,,,,,,
10,ghz_nativegates_ibm_qiskit_opt3_45,4.0,5.0,40.0,4.6499999999999995e-06,0.9437864563656851,,,,,,,,,,,,,,,
10,ghz_nativegates_ibm_qiskit_opt3_45,,,,,,,,,,,4.0,5.0,52,4.6499999999999995e-06,0.9437864563656849,,,,,
10,ghz_nativegates_ibm_qiskit_opt3_45,,,,,,4.0,5.0,52,4.6499999999999995e-06,0.9437864563656849,,,,,,,,,,
27,ghz_nativegates_ibm_qiskit_opt3_45,1.0,2.0,8.0,1.3150000000000005e-05,0.9466234595011768,,,,,,,,,,,,,,,
10,ghz_nativegates_ibm_qiskit_opt3_45,,,,,,,,,,,,,,,,4.0,5.0,52,4.6499999999999995e-06,0.9437864563656849
27,ghz_nativegates_ibm_qiskit_opt3_45,,,,,,,,,,,,,,,,1.0,2.0,8,1.3150000000000005e-05,0.9466234595011768
27,ghz_nativegates_ibm_qiskit_opt3_45,,,,,,1.0,2.0,8,1.3150000000000005e-05,0.9466234595011768,,,,,,,,,,
16,ghz_nativegates_ibm_qiskit_opt3_45,,,,,,2.0,3.0,24,7.650000000000001e-06,0.9456768455003356,,,,,,,,,,
16,ghz_nativegates_ibm_qiskit_opt3_45,,,,,,,,,,,,,,,,2.0,3.0,24,7.650000000000001e-06,0.9456768455003356
27,graphstate_nativegates_ibm_qiskit_opt3_39,,,,,,,,,,,2.0,2.0,33,3.3999999999999988e-06,0.9512374915510222,,,,,
33,graphstate_nativegates_ibm_qiskit_opt3_39,,,,,,2.0,2.0,33,4.5500000000000005e-06,0.9512374915510222,,,,,,,,,,
10,graphstate_nativegates_ibm_qiskit_opt3_39,,,,,,5.0,5.0,49,3.249999999999999e-06,0.9483866688331943,,,,,,,,,,
33,graphstate_nativegates_ibm_qiskit_opt3_39,,,,,,,,,,,,,,,,2.0,2.0,33,4.5500000000000005e-06,0.9512374915510222
13,graphstate_nativegates_ibm_qiskit_opt3_39,,,,,,4.0,4.0,49,4.5500000000000005e-06,0.9493359924938253,,,,,,,,,,
28,graphstate_nativegates_ibm_qiskit_opt3_39,,,,,,,,,,,3.0,2.0,49,3.899999999999999e-06,0.9502862664160343,,,,,
16,graphstate_nativegates_ibm_qiskit_opt3_39,,,,,,,,,,,4.0,3.0,49,5.200000000000002e-06,0.9493359924938255,,,,,
27,graphstate_nativegates_ibm_qiskit_opt3_39,,,,,,,,,,,,,,,,2.0,2.0,33,3.3999999999999988e-06,0.9512374915510222
38,graphstate_nativegates_ibm_qiskit_opt3_39,,,,,,0.0,2.0,2,5.200000000000002e-06,0.9531427992688971,,,,,,,,,,
38,graphstate_nativegates_ibm_qiskit_opt3_39,,,,,,,,,,,,,,,,0.0,2.0,2,5.200000000000002e-06,0.9531427992688971
18,graphstate_nativegates_ibm_qiskit_opt3_39,,,,,,3.0,3.0,49,4.5500000000000005e-06,0.9502862664160344,,,,,,,,,,
23,graphstate_nativegates_ibm_qiskit_opt3_39,,,,,,,,,,,3.0,2.0,49,5.200000000000002e-06,0.9502862664160344,,,,,
10,graphstate_nativegates_ibm_qiskit_opt3_39,,,,,,,,,,,,,,,,5.0,5.0,49,3.249999999999999e-06,0.9483866688331944
16,graphstate_nativegates_ibm_qiskit_opt3_39,,,,,,,,,,,,,,,,3.0,3.0,49,5.200000000000002e-06,0.9502862664160346
13,graphstate_nativegates_ibm_qiskit_opt3_39,,,,,,,,,,,,,,,,4.0,4.0,49,4.5500000000000005e-06,0.9493359924938253
23,graphstate_nativegates_ibm_qiskit_opt3_39,,,,,,3.0,2.0,49,4.5500000000000005e-06,0.9502862664160344,,,,,,,,,,
23,graphstate_nativegates_ibm_qiskit_opt3_39,,,,,,,,,,,,,,,,3.0,2.0,49,4.5500000000000005e-06,0.9502862664160344
18,graphstate_nativegates_ibm_qiskit_opt3_39,,,,,,,,,,,3.0,3.0,49,5.200000000000002e-06,0.9502862664160345,,,,,
23,graphstate_nativegates_ibm_qiskit_opt3_39,2.0,2.0,32.0,5.200000000000002e-06,0.9512374915510221,,,,,,,,,,,,,,,
38,graphstate_nativegates_ibm_qiskit_opt3_39,,,,,,,,,,,0.0,2.0,2,5.200000000000002e-06,0.9531427992688971,,,,,
28,graphstate_nativegates_ibm_qiskit_opt3_39,2.0,2.0,32.0,4.5500000000000005e-06,0.9512374917413132,,,,,,,,,,,,,,,
13,graphstate_nativegates_ibm_qiskit_opt3_39,4.0,4.0,48.0,4.5500000000000005e-06,0.9493359930635576,,,,,,,,,,,,,,,
28,graphstate_nativegates_ibm_qiskit_opt3_39,,,,,,2.0,2.0,33,3.899999999999999e-06,0.9512374915510223,,,,,,,,,,
16,graphstate_nativegates_ibm_qiskit_opt3_39,,,,,,3.0,3.0,49,5.200000000000002e-06,0.9502862664160346,,,,,,,,,,
18,graphstate_nativegates_ibm_qiskit_opt3_39,3.0,3.0,48.0,3.899999999999999e-06,0.9502862667962361,,,,,,,,,,,,,,,
10,graphstate_nativegates_ibm_qiskit_opt3_39,5.0,5.0,48.0,3.3999999999999988e-06,0.948386669212636,,,,,,,,,,,,,,,
13,graphstate_nativegates_ibm_qiskit_opt3_39,,,,,,,,,,,4.0,4.0,49,5.200000000000002e-06,0.9493359924938255,,,,,
27,graphstate_nativegates_ibm_qiskit_opt3_39,,,,,,2.0,2.0,33,3.3999999999999988e-06,0.9512374915510222,,,,,,,,,,
33,graphstate_nativegates_ibm_qiskit_opt3_39,2.0,2.0,32.0,3.899999999999999e-06,0.9512374917413137,,,,,,,,,,,,,,,
33,graphstate_nativegates_ibm_qiskit_opt3_39,,,,,,,,,,,2.0,2.0,33,5.200000000000002e-06,0.9512374915510224,,,,,
10,graphstate_nativegates_ibm_qiskit_opt3_39,,,,,,,,,,,5.0,5.0,49,3.3999999999999988e-06,0.9483866688331944,,,,,
27,graphstate_nativegates_ibm_qiskit_opt3_39,2.0,2.0,32.0,5.200000000000002e-06,0.9512374919316043,,,,,,,,,,,,,,,
18,graphstate_nativegates_ibm_qiskit_opt3_39,,,,,,,,,,,,,,,,3.0,3.0,49,4.5500000000000005e-06,0.9502862664160344
16,graphstate_nativegates_ibm_qiskit_opt3_39,3.0,3.0,48.0,5.200000000000002e-06,0.9502862667962364,,,,,,,,,,,,,,,
28,graphstate_nativegates_ibm_qiskit_opt3_39,,,,,,,,,,,,,,,,2.0,2.0,33,3.899999999999999e-06,0.9512374915510223
15,ghz_nativegates_ibm_qiskit_opt3_17,,,,,,,,,,,1.0,2.0,8,7.150000000000001e-06,0.9789846562121752,,,,,
5,ghz_nativegates_ibm_qiskit_opt3_17,3.0,4.0,40.0,2.1499999999999997e-06,0.9770276854288693,,,,,,,,,,,,,,,
5,ghz_nativegates_ibm_qiskit_opt3_17,,,,,,,,,,,,,,,,3.0,4.0,40,2.1499999999999997e-06,0.9770276854288693
15,ghz_nativegates_ibm_qiskit_opt3_17,,,,,,,,,,,,,,,,1.0,2.0,8,7.150000000000001e-06,0.9789846562121752
5,ghz_nativegates_ibm_qiskit_opt3_17,,,,,,3.0,4.0,40,2.1499999999999997e-06,0.9770276854288693,,,,,,,,,,
16,ghz_nativegates_ibm_qiskit_opt3_17,,,,,,1.0,2.0,8,7.650000000000001e-06,0.9789846562121751,,,,,,,,,,
15,ghz_nativegates_ibm_qiskit_opt3_17,1.0,2.0,8.0,5.15e-06,0.9789846562121752,,,,,,,,,,,,,,,
10,ghz_nativegates_ibm_qiskit_opt3_17,,,,,,1.0,2.0,8,4.6499999999999995e-06,0.9789846562121752,,,,,,,,,,
10,ghz_nativegates_ibm_qiskit_opt3_17,,,,,,,,,,,1.0,2.0,8,4.6499999999999995e-06,0.9789846562121752,,,,,
16,ghz_nativegates_ibm_qiskit_opt3_17,,,,,,,,,,,,,,,,1.0,2.0,8,7.650000000000001e-06,0.9789846562121751
10,ghz_nativegates_ibm_qiskit_opt3_17,,,,,,,,,,,,,,,,1.0,2.0,8,4.6499999999999995e-06,0.9789846562121752
5,ghz_nativegates_ibm_qiskit_opt3_17,,,,,,,,,,,3.0,4.0,40,2.1499999999999997e-06,0.9770276854288693,,,,,
16,ghz_nativegates_ibm_qiskit_opt3_17,,,,,,,,,,,1.0,2.0,8,7.650000000000001e-06,0.9789846562121751,,,,,
15,ghz_nativegates_ibm_qiskit_opt3_17,,,,,,1.0,2.0,8,7.150000000000001e-06,0.9789846562121752,,,,,,,,,,
10,ghz_nativegates_ibm_qiskit_opt3_17,1.0,2.0,8.0,4.6499999999999995e-06,0.9789846562121752,,,,,,,,,,,,,,,
16,ghz_nativegates_ibm_qiskit_opt3_17,1.0,2.0,8.0,5.15e-06,0.9789846562121752,,,,,,,,,,,,,,,
16,e_indep_qiskit_48,,,,,,,,,,,236.0,18.0,4294967296,1.6550000000000002e-05,0.5938323918531,,,,,
27,e_indep_qiskit_48,,,,,,,,,,,,,,,,114.0,6.0,18014398509481984,4.769999999999993e-05,0.6708395897025166
27,e_indep_qiskit_48,,,,,,,,,,,114.0,6.0,18014398509481984,4.769999999999993e-05,0.6708395897025166,,,,,
16,e_indep_qiskit_48,,,,,,,,,,,,,,,,236.0,18.0,4294967296,1.6550000000000002e-05,0.5938323918531
27,e_indep_qiskit_48,,,,,,114.0,6.0,18014398509481984,4.769999999999993e-05,0.6708395897025166,,,,,,,,,,
16,e_indep_qiskit_48,,,,,,236.0,18.0,4294967296,1.6550000000000002e-05,0.5938323918531,,,,,,,,,,
65,wstate_indep_qiskit_95,,,,,,,,,,,,,,,,2.0,2.0,32,3.5699999999999994e-05,0.8723655663288226
46,wstate_indep_qiskit_95,4.0,3.0,272.0,2.1349999999999997e-05,0.8706217667888835,,,,,,,,,,,,,,,
46,wstate_indep_qiskit_95,,,,,,,,,,,,,,,,4.0,3.0,256,2.5249999999999997e-05,0.8706217667888835
36,wstate_indep_qiskit_95,,,,,,,,,,,4.0,3.0,256,1.975e-05,0.8706217667888836,,,,,
65,wstate_indep_qiskit_95,,,,,,,,,,,2.0,2.0,32,3.5699999999999994e-05,0.8723655663288226,,,,,
71,wstate_indep_qiskit_95,,,,,,2.0,2.0,32,3.899999999999999e-05,0.8723655663288226,,,,,,,,,,
56,wstate_indep_qiskit_95,,,,,,2.0,2.0,32,3.0749999999999995e-05,0.8723655663288225,,,,,,,,,,
27,wstate_indep_qiskit_95,,,,,,,,,,,,,,,,6.0,4.0,256,1.4800000000000002e-05,0.8688814529858343
91,wstate_indep_qiskit_95,,,,,,,,,,,2.0,2.0,32,4.999999999999999e-05,0.8723655663288227,,,,,
51,wstate_indep_qiskit_95,,,,,,,,,,,,,,,,2.0,2.0,32,2.7999999999999996e-05,0.8723655663288223
31,wstate_indep_qiskit_95,,,,,,,,,,,6.0,4.0,256,1.7e-05,0.868881452985834,,,,,
50,wstate_indep_qiskit_95,,,,,,2.0,2.0,32,2.7449999999999996e-05,0.8723655663288223,,,,,,,,,,
76,wstate_indep_qiskit_95,,,,,,2.0,2.0,32,4.174999999999999e-05,0.8723655663288226,,,,,,,,,,
16,wstate_indep_qiskit_95,,,,,,,,,,,,,,,,12.0,7.0,256,8.750000000000004e-06,0.8636813563901199
86,wstate_indep_qiskit_95,2.0,2.0,32.0,2.7449999999999996e-05,0.8723655663288223,,,,,,,,,,,,,,,
81,wstate_indep_qiskit_95,,,,,,,,,,,,,,,,2.0,2.0,32,4.449999999999999e-05,0.8723655663288227
51,wstate_indep_qiskit_95,,,,,,2.0,2.0,32,2.7999999999999996e-05,0.8723655663288223,,,,,,,,,,
16,wstate_indep_qiskit_95,,,,,,,,,,,12.0,7.0,256,8.750000000000004e-06,0.8636813563901199,,,,,
36,wstate_indep_qiskit_95,,,,,,,,,,,,,,,,4.0,3.0,256,1.975e-05,0.8706217667888836
71,wstate_indep_qiskit_95,,,,,,,,,,,,,,,,2.0,2.0,32,3.899999999999999e-05,0.8723655663288226
61,wstate_indep_qiskit_95,,,,,,2.0,2.0,32,3.3499999999999994e-05,0.8723655663288226,,,,,,,,,,
27,wstate_indep_qiskit_95,,,,,,,,,,,6.0,4.0,256,1.4800000000000002e-05,0.8688814529858343,,,,,
46,wstate_indep_qiskit_95,,,,,,4.0,3.0,256,2.5249999999999997e-05,0.8706217667888835,,,,,,,,,,
41,wstate_indep_qiskit_95,6.0,4.0,272.0,1.8049999999999998e-05,0.8688814513342659,,,,,,,,,,,,,,,
81,wstate_indep_qiskit_95,,,,,,,,,,,2.0,2.0,32,4.449999999999999e-05,0.8723655663288227,,,,,
66,wstate_indep_qiskit_95,,,,,,,,,,,,,,,,2.0,2.0,32,3.6249999999999993e-05,0.8723655663288226
76,wstate_indep_qiskit_95,2.0,2.0,32.0,3.4049999999999994e-05,0.8723655663288226,,,,,,,,,,,,,,,
66,wstate_indep_qiskit_95,,,,,,2.0,2.0,32,3.6249999999999993e-05,0.8723655663288226,,,,,,,,,,
86,wstate_indep_qiskit_95,,,,,,,,,,,2.0,2.0,32,4.724999999999999e-05,0.8723655663288226,,,,,
41,wstate_indep_qiskit_95,,,,,,4.0,3.0,256,2.2499999999999998e-05,0.8706217667888835,,,,,,,,,,
81,wstate_indep_qiskit_95,2.0,2.0,32.0,3.4049999999999994e-05,0.8723655663288226,,,,,,,,,,,,,,,
86,wstate_indep_qiskit_95,,,,,,2.0,2.0,32,4.724999999999999e-05,0.8723655663288226,,,,,,,,,,
41,wstate_indep_qiskit_95,,,,,,,,,,,4.0,3.0,256,2.2499999999999998e-05,0.8706217667888835,,,,,
31,wstate_indep_qiskit_95,,,,,,,,,,,,,,,,6.0,4.0,256,1.7e-05,0.868881452985834
61,wstate_indep_qiskit_95,2.0,2.0,32.0,3.344999999999999e-05,0.8723655663288222,,,,,,,,,,,,,,,
76,wstate_indep_qiskit_95,,,,,,,,,,,,,,,,2.0,2.0,32,4.174999999999999e-05,0.8723655663288226
50,wstate_indep_qiskit_95,,,,,,,,,,,,,,,,2.0,2.0,32,2.7449999999999996e-05,0.8723655663288223
66,wstate_indep_qiskit_95,,,,,,,,,,,2.0,2.0,32,3.6249999999999993e-05,0.8723655663288226,,,,,
27,wstate_indep_qiskit_95,,,,,,6.0,4.0,256,1.4800000000000002e-05,0.8688814529858343,,,,,,,,,,
46,wstate_indep_qiskit_95,,,,,,,,,,,4.0,3.0,256,2.5249999999999997e-05,0.8706217667888835,,,,,
81,wstate_indep_qiskit_95,,,,,,2.0,2.0,32,4.449999999999999e-05,0.8723655663288227,,,,,,,,,,
61,wstate_indep_qiskit_95,,,,,,,,,,,,,,,,2.0,2.0,32,3.3499999999999994e-05,0.8723655663288226
56,wstate_indep_qiskit_95,2.0,2.0,32.0,2.7449999999999996e-05,0.8723655663288223,,,,,,,,,,,,,,,
61,wstate_indep_qiskit_95,,,,,,,,,,,2.0,2.0,32,3.3499999999999994e-05,0.8723655663288226,,,,,
91,wstate_indep_qiskit_95,,,,,,,,,,,,,,,,2.0,2.0,32,4.999999999999999e-05,0.8723655663288227
51,wstate_indep_qiskit_95,,,,,,,,,,,2.0,2.0,32,2.7999999999999996e-05,0.8723655663288223,,,,,
41,wstate_indep_qiskit_95,,,,,,,,,,,,,,,,4.0,3.0,256,2.2499999999999998e-05,0.8706217667888835
91,wstate_indep_qiskit_95,2.0,2.0,32.0,3.1299999999999995e-05,0.8723655663288225,,,,,,,,,,,,,,,
16,wstate_indep_qiskit_95,,,,,,12.0,7.0,256,8.750000000000004e-06,0.8636813563901199,,,,,,,,,,
31,wstate_indep_qiskit_95,,,,,,6.0,4.0,256,1.7e-05,0.868881452985834,,,,,,,,,,
50,wstate_indep_qiskit_95,,,,,,,,,,,2.0,2.0,32,2.7449999999999996e-05,0.8723655663288223,,,,,
66,wstate_indep_qiskit_95,2.0,2.0,32.0,2.6899999999999997e-05,0.8723655663288223,,,,,,,,,,,,,,,
27,wstate_indep_qiskit_95,6.0,4.0,288.0,1.4250000000000002e-05,0.868881451334266,,,,,,,,,,,,,,,
76,wstate_indep_qiskit_95,,,,,,,,,,,2.0,2.0,32,4.174999999999999e-05,0.8723655663288226,,,,,
56,wstate_indep_qiskit_95,,,,,,,,,,,2.0,2.0,32,3.0749999999999995e-05,0.8723655663288225,,,,,
86,wstate_indep_qiskit_95,,,,,,,,,,,,,,,,2.0,2.0,32,4.724999999999999e-05,0.8723655663288226
56,wstate_indep_qiskit_95,,,,,,,,,,,,,,,,2.0,2.0,32,3.0749999999999995e-05,0.8723655663288225
51,wstate_indep_qiskit_95,2.0,2.0,32.0,2.7999999999999996e-05,0.8723655663288223,,,,,,,,,,,,,,,
91,wstate_indep_qiskit_95,,,,,,2.0,2.0,32,4.999999999999999e-05,0.8723655663288227,,,,,,,,,,
50,wstate_indep_qiskit_95,2.0,2.0,32.0,2.7399999999999995e-05,0.8723655663288223,,,,,,,,,,,,,,,
65,wstate_indep_qiskit_95,2.0,2.0,32.0,2.7449999999999996e-05,0.8723655663288223,,,,,,,,,,,,,,,
36,wstate_indep_qiskit_95,,,,,,4.0,3.0,256,1.975e-05,0.8706217667888836,,,,,,,,,,
71,wstate_indep_qiskit_95,,,,,,,,,,,2.0,2.0,32,3.899999999999999e-05,0.8723655663288226,,,,,
65,wstate_indep_qiskit_95,,,,,,2.0,2.0,32,3.5699999999999994e-05,0.8723655663288226,,,,,,,,,,
16,e_indep_qiskit_23,,,,,,,,,,,38.0,4.0,4294967296,2.1299999999999993e-05,0.8896240462422013,,,,,
10,e_indep_qiskit_23,,,,,,,,,,,84.0,11.0,1048576,1.2000000000000004e-05,0.8496219102138935,,,,,
5,e_indep_qiskit_23,,,,,,,,,,,,,,,,184.0,42.0,1024,4.8e-06,0.76873993192293
5,e_indep_qiskit_23,,,,,,,,,,,184.0,42.0,1024,4.8e-06,0.76873993192293,,,,,
10,e_indep_qiskit_23,,,,,,,,,,,,,,,,84.0,11.0,1048576,1.2000000000000004e-05,0.8496219102138935
5,e_indep_qiskit_23,,,,,,184.0,42.0,1024,4.8e-06,0.7687398365508576,,,,,,,,,,
16,e_indep_qiskit_23,,,,,,,,,,,,,,,,38.0,4.0,4294967296,2.1299999999999993e-05,0.8896240462422013
10,e_indep_qiskit_23,,,,,,84.0,11.0,1048576,1.2000000000000004e-05,0.8496219102138935,,,,,,,,,,
16,e_indep_qiskit_23,,,,,,38.0,4.0,4294967296,2.1299999999999993e-05,0.8896240462422013,,,,,,,,,,
27,graphstate_nativegates_ibm_qiskit_opt3_90,,,,,,4.0,4.0,51,4.9000000000000005e-06,0.8915895837302789,,,,,,,,,,
50,graphstate_nativegates_ibm_qiskit_opt3_90,,,,,,,,,,,,,,,,2.0,2.0,35,4.9000000000000005e-06,0.8933754180042085
65,graphstate_nativegates_ibm_qiskit_opt3_90,,,,,,,,,,,2.0,2.0,35,5.550000000000002e-06,0.8933754180042083,,,,,
16,graphstate_nativegates_ibm_qiskit_opt3_90,,,,,,5.0,7.0,51,4.3e-06,0.8906980057282866,,,,,,,,,,
65,graphstate_nativegates_ibm_qiskit_opt3_90,,,,,,,,,,,,,,,,2.0,2.0,35,4.9000000000000005e-06,0.8933754180042085
50,graphstate_nativegates_ibm_qiskit_opt3_90,2.0,2.0,32.0,4.900000000000001e-06,0.8933754180042079,,,,,,,,,,,,,,,
16,graphstate_nativegates_ibm_qiskit_opt3_90,,,,,,,,,,,,,,,,5.0,6.0,51,4.3e-06,0.8906980057282866
50,graphstate_nativegates_ibm_qiskit_opt3_90,,,,,,,,,,,2.0,2.0,35,5.550000000000002e-06,0.8933754180042083,,,,,
65,graphstate_nativegates_ibm_qiskit_opt3_90,2.0,2.0,32.0,5.550000000000002e-06,0.8933754181829241,,,,,,,,,,,,,,,
27,graphstate_nativegates_ibm_qiskit_opt3_90,,,,,,,,,,,,,,,,4.0,4.0,51,4.9000000000000005e-06,0.8915895837302789
50,graphstate_nativegates_ibm_qiskit_opt3_90,,,,,,2.0,2.0,35,4.9000000000000005e-06,0.8933754180042085,,,,,,,,,,
65,graphstate_nativegates_ibm_qiskit_opt3_90,,,,,,2.0,2.0,35,4.9000000000000005e-06,0.8933754180042085,,,,,,,,,,
16,graphstate_nativegates_ibm_qiskit_opt3_90,,,,,,,,,,,5.0,6.0,51,4.3e-06,0.8906980057282867,,,,,
16,graphstate_nativegates_ibm_qiskit_opt3_90,6.0,6.0,48.0,4.900000000000001e-06,0.8898073196487191,,,,,,,,,,,,,,,
27,graphstate_nativegates_ibm_qiskit_opt3_90,4.0,4.0,48.0,5.550000000000002e-06,0.8915895840869965,,,,,,,,,,,,,,,
27,graphstate_nativegates_ibm_qiskit_opt3_90,,,,,,,,,,,4.0,4.0,51,5.550000000000002e-06,0.8915895837302794,,,,,
27,ghz_nativegates_ibm_qiskit_opt3_44,,,,,,1.0,2.0,8,1.3150000000000005e-05,0.9477605826482381,,,,,,,,,,
16,ghz_nativegates_ibm_qiskit_opt3_44,,,,,,2.0,3.0,24,7.650000000000001e-06,0.946812831535612,,,,,,,,,,
10,ghz_nativegates_ibm_qiskit_opt3_44,4.0,5.0,40.0,4.6499999999999995e-06,0.9449201715875559,,,,,,,,,,,,,,,
16,ghz_nativegates_ibm_qiskit_opt3_44,2.0,3.0,24.0,7.500000000000002e-06,0.9468128315356121,,,,,,,,,,,,,,,
10,ghz_nativegates_ibm_qiskit_opt3_44,,,,,,4.0,5.0,52,4.6499999999999995e-06,0.9449201715875557,,,,,,,,,,
27,ghz_nativegates_ibm_qiskit_opt3_44,,,,,,,,,,,,,,,,1.0,2.0,8,1.3150000000000005e-05,0.9477605826482381
10,ghz_nativegates_ibm_qiskit_opt3_44,,,,,,,,,,,4.0,5.0,52,4.6499999999999995e-06,0.9449201715875557,,,,,
10,ghz_nativegates_ibm_qiskit_opt3_44,,,,,,,,,,,,,,,,4.0,5.0,52,4.6499999999999995e-06,0.9449201715875557
16,ghz_nativegates_ibm_qiskit_opt3_44,,,,,,,,,,,,,,,,2.0,3.0,24,7.650000000000001e-06,0.946812831535612
27,ghz_nativegates_ibm_qiskit_opt3_44,1.0,2.0,8.0,1.3000000000000004e-05,0.947760582648238,,,,,,,,,,,,,,,
27,ghz_nativegates_ibm_qiskit_opt3_44,,,,,,,,,,,1.0,2.0,8,1.3150000000000005e-05,0.9477605826482381,,,,,
16,ghz_nativegates_ibm_qiskit_opt3_44,,,,,,,,,,,2.0,3.0,24,7.650000000000001e-06,0.946812831535612,,,,,
50,ghz_nativegates_ibm_qiskit_opt3_81,,,,,,,,,,,1.0,2.0,8,2.464999999999998e-05,0.9065830734480618,,,,,
27,ghz_nativegates_ibm_qiskit_opt3_81,,,,,,3.0,4.0,40,1.3150000000000005e-05,0.9047708319832749,,,,,,,,,,
16,ghz_nativegates_ibm_qiskit_opt3_81,,,,,,5.0,6.0,52,7.650000000000001e-06,0.902962213152997,,,,,,,,,,
65,ghz_nativegates_ibm_qiskit_opt3_81,,,,,,,,,,,1.0,2.0,8,3.214999999999996e-05,0.9065830734480619,,,,,
65,ghz_nativegates_ibm_qiskit_opt3_81,,,,,,,,,,,,,,,,1.0,2.0,8,3.214999999999996e-05,0.9065830734480619
50,ghz_nativegates_ibm_qiskit_opt3_81,,,,,,,,,,,,,,,,1.0,2.0,8,2.464999999999998e-05,0.9065830734480618
27,ghz_nativegates_ibm_qiskit_opt3_81,3.0,4.0,40.0,1.2000000000000004e-05,0.904770831983275,,,,,,,,,,,,,,,
50,ghz_nativegates_ibm_qiskit_opt3_81,1.0,2.0,8.0,2.399999999999998e-05,0.9065830734480618,,,,,,,,,,,,,,,
16,ghz_nativegates_ibm_qiskit_opt3_81,5.0,6.0,52.0,7.650000000000001e-06,0.902962213152997,,,,,,,,,,,,,,,
65,ghz_nativegates_ibm_qiskit_opt3_81,,,,,,1.0,2.0,8,3.214999999999996e-05,0.9065830734480619,,,,,,,,,,
65,ghz_nativegates_ibm_qiskit_opt3_81,1.0,2.0,8.0,2.2499999999999984e-05,0.9065830734480618,,,,,,,,,,,,,,,
27,ghz_nativegates_ibm_qiskit_opt3_81,,,,,,,,,,,,,,,,3.0,4.0,40,1.3150000000000005e-05,0.9047708319832749
27,ghz_nativegates_ibm_qiskit_opt3_81,,,,,,,,,,,3.0,4.0,40,1.3150000000000005e-05,0.9047708319832749,,,,,
16,ghz_nativegates_ibm_qiskit_opt3_81,,,,,,,,,,,5.0,6.0,52,7.650000000000001e-06,0.902962213152997,,,,,
16,ghz_nativegates_ibm_qiskit_opt3_81,,,,,,,,,,,,,,,,5.0,6.0,52,7.650000000000001e-06,0.902962213152997
50,ghz_nativegates_ibm_qiskit_opt3_81,,,,,,1.0,2.0,8,2.464999999999998e-05,0.9065830734480618,,,,,,,,,,
16,graphstate_nativegates_ibm_qiskit_opt3_55,,,,,,2.0,4.0,34,3.749999999999999e-06,0.9326922821893429,,,,,,,,,,
16,graphstate_nativegates_ibm_qiskit_opt3_55,,,,,,,,,,,,,,,,2.0,4.0,34,4.4e-06,0.9326922821893427
27,graphstate_nativegates_ibm_qiskit_opt3_55,,,,,,0.0,3.0,3,4.4e-06,0.9345604442618447,,,,,,,,,,
10,graphstate_nativegates_ibm_qiskit_opt3_55,,,,,,,,,,,8.0,7.0,48,2.749999999999999e-06,0.9271101725718043,,,,,
50,graphstate_nativegates_ibm_qiskit_opt3_55,,,,,,,,,,,0.0,2.0,3,4.4e-06,0.9345604442618447,,,,,
10,graphstate_nativegates_ibm_qiskit_opt3_55,7.0,7.0,48.0,3.749999999999999e-06,0.9280381990866156,,,,,,,,,,,,,,,
50,graphstate_nativegates_ibm_qiskit_opt3_55,,,,,,,,,,,,,,,,0.0,2.0,3,4.4e-06,0.9345604442618447
16,graphstate_nativegates_ibm_qiskit_opt3_55,4.0,4.0,48.0,3.749999999999999e-06,0.9308278550829621,,,,,,,,,,,,,,,
50,graphstate_nativegates_ibm_qiskit_opt3_55,,,,,,0.0,2.0,3,4.4e-06,0.9345604442618447,,,,,,,,,,
27,graphstate_nativegates_ibm_qiskit_opt3_55,,,,,,,,,,,0.0,3.0,3,4.4e-06,0.9345604442618447,,,,,
10,graphstate_nativegates_ibm_qiskit_opt3_55,,,,,,8.0,7.0,48,2.749999999999999e-06,0.9271101725718043,,,,,,,,,,
27,graphstate_nativegates_ibm_qiskit_opt3_55,,,,,,,,,,,,,,,,0.0,3.0,3,4.4e-06,0.9345604442618447
10,graphstate_nativegates_ibm_qiskit_opt3_55,,,,,,,,,,,,,,,,8.0,7.0,48,2.749999999999999e-06,0.9271101725718043
16,graphstate_nativegates_ibm_qiskit_opt3_55,,,,,,,,,,,2.0,4.0,34,4.4e-06,0.9326922821893427,,,,,
27,peexact_indep_qiskit_38,,,,,,,,,,,104.0,6.0,18014398509481984,1.9649999999999997e-05,0.7504215184967699,,,,,
16,peexact_indep_qiskit_38,,,,,,,,,,,169.0,13.0,4294967296,1.3550000000000004e-05,0.7031926482765184,,,,,
16,peexact_indep_qiskit_38,,,,,,,,,,,,,,,,169.0,13.0,4294967296,1.3550000000000004e-05,0.7031926482765184
27,peexact_indep_qiskit_38,,,,,,,,,,,,,,,,104.0,6.0,18014398509481984,1.9649999999999997e-05,0.7504215184967699
16,peexact_indep_qiskit_38,,,,,,169.0,13.0,4294967296,1.3550000000000004e-05,0.7031926482765184,,,,,,,,,,
27,peexact_indep_qiskit_38,,,,,,104.0,6.0,18014398509481984,1.9649999999999997e-05,0.7504215184967699,,,,,,,,,,
50,graphstate_nativegates_ibm_qiskit_opt3_99,,,,,,2.0,3.0,33,4.4e-06,0.8835361010642734,,,,,,,,,,
27,graphstate_nativegates_ibm_qiskit_opt3_99,,,,,,,,,,,3.0,4.0,48,4.4e-06,0.8826525764403322,,,,,
27,graphstate_nativegates_ibm_qiskit_opt3_99,,,,,,,,,,,,,,,,3.0,4.0,48,4.4e-06,0.8826525764403322
65,graphstate_nativegates_ibm_qiskit_opt3_99,,,,,,2.0,2.0,33,4.4e-06,0.8835361010642735,,,,,,,,,,
65,graphstate_nativegates_ibm_qiskit_opt3_99,,,,,,,,,,,2.0,2.0,33,4.4e-06,0.8835361010642734,,,,,
50,graphstate_nativegates_ibm_qiskit_opt3_99,3.0,3.0,48.0,4.4e-06,0.8826525769700451,,,,,,,,,,,,,,,
27,graphstate_nativegates_ibm_qiskit_opt3_99,,,,,,3.0,4.0,48,4.4e-06,0.8826525764403321,,,,,,,,,,
65,graphstate_nativegates_ibm_qiskit_opt3_99,,,,,,,,,,,,,,,,2.0,2.0,33,4.4e-06,0.8835361010642734
50,graphstate_nativegates_ibm_qiskit_opt3_99,,,,,,,,,,,2.0,3.0,33,4.4e-06,0.8835361010642734,,,,,
50,graphstate_nativegates_ibm_qiskit_opt3_99,,,,,,,,,,,,,,,,2.0,3.0,33,4.4e-06,0.8835361010642734
65,graphstate_nativegates_ibm_qiskit_opt3_99,2.0,2.0,32.0,4.4e-06,0.883536101241021,,,,,,,,,,,,,,,
5,realamprandom_nativegates_ibm_qiskit_opt3_15,,,,,,,,,,,213.0,46.0,16384,3.9e-06,0.7456310856370527,,,,,
10,realamprandom_nativegates_ibm_qiskit_opt3_15,,,,,,,,,,,75.0,9.0,1048576,8.700000000000001e-06,0.85601215575101,,,,,
10,realamprandom_nativegates_ibm_qiskit_opt3_15,,,,,,,,,,,,,,,,75.0,9.0,1048576,8.700000000000001e-06,0.85601215575101
5,realamprandom_nativegates_ibm_qiskit_opt3_15,,,,,,,,,,,,,,,,213.0,46.0,16384,3.9e-06,0.7456310856370527
10,realamprandom_nativegates_ibm_qiskit_opt3_15,,,,,,75.0,9.0,1048576,8.700000000000001e-06,0.85601215575101,,,,,,,,,,
5,realamprandom_nativegates_ibm_qiskit_opt3_15,,,,,,214.0,46.0,16384,3.9e-06,0.7448854873449776,,,,,,,,,,
16,hor_15_4_indep_qiskit_18,,,,,,,,,,,22.0,3.0,4294967296,0.0021833000000001206,0.16947116953253988,,,,,
16,hor_15_4_indep_qiskit_18,,,,,,,,,,,,,,,,22.0,3.0,4294967296,0.0021833000000001206,0.16947116953253988
16,hor_15_4_indep_qiskit_18,,,,,,22.0,3.0,4294967296,0.0021833000000001206,0.16947116953253988,,,,,,,,,,
65,ghz_nativegates_ibm_qiskit_opt3_86,,,,,,1.0,2.0,8,3.214999999999996e-05,0.9011575163869358,,,,,,,,,,
65,ghz_nativegates_ibm_qiskit_opt3_86,1.0,2.0,8.0,2.6999999999999972e-05,0.9011575163869354,,,,,,,,,,,,,,,
16,ghz_nativegates_ibm_qiskit_opt3_86,5.0,6.0,40.0,7.650000000000001e-06,0.8975583255722709,,,,,,,,,,,,,,,
16,ghz_nativegates_ibm_qiskit_opt3_86,,,,,,,,,,,,,,,,5.0,6.0,52,7.650000000000001e-06,0.8975583255722709
16,ghz_nativegates_ibm_qiskit_opt3_86,,,,,,,,,,,5.0,6.0,52,7.650000000000001e-06,0.8975583255722709,,,,,
27,ghz_nativegates_ibm_qiskit_opt3_86,,,,,,,,,,,3.0,4.0,40,1.3150000000000005e-05,0.8993561205023983,,,,,
50,ghz_nativegates_ibm_qiskit_opt3_86,,,,,,1.0,2.0,8,2.464999999999998e-05,0.9011575163869355,,,,,,,,,,
50,ghz_nativegates_ibm_qiskit_opt3_86,1.0,2.0,8.0,2.399999999999998e-05,0.9011575163869355,,,,,,,,,,,,,,,
27,ghz_nativegates_ibm_qiskit_opt3_86,,,,,,,,,,,,,,,,3.0,4.0,40,1.3150000000000005e-05,0.8993561205023983
27,ghz_nativegates_ibm_qiskit_opt3_86,3.0,4.0,40.0,1.2500000000000004e-05,0.8993561205023981,,,,,,,,,,,,,,,
50,ghz_nativegates_ibm_qiskit_opt3_86,,,,,,,,,,,1.0,2.0,8,2.464999999999998e-05,0.9011575163869355,,,,,
16,ghz_nativegates_ibm_qiskit_opt3_86,,,,,,5.0,6.0,52,7.650000000000001e-06,0.8975583255722709,,,,,,,,,,
27,ghz_nativegates_ibm_qiskit_opt3_86,,,,,,3.0,4.0,40,1.3150000000000005e-05,0.8993561205023983,,,,,,,,,,
65,ghz_nativegates_ibm_qiskit_opt3_86,,,,,,,,,,,1.0,2.0,8,3.214999999999996e-05,0.9011575163869358,,,,,
50,ghz_nativegates_ibm_qiskit_opt3_86,,,,,,,,,,,,,,,,1.0,2.0,8,2.464999999999998e-05,0.9011575163869355
65,ghz_nativegates_ibm_qiskit_opt3_86,,,,,,,,,,,,,,,,1.0,2.0,8,3.214999999999996e-05,0.9011575163869358
50,e_indep_qiskit_56,,,,,,,,,,,,,,,,105.0,4.0,1267650600228229401496703205376,5.41999999999999e-05,0.6169321927086612
50,e_indep_qiskit_56,,,,,,,,,,,105.0,4.0,1267650600228229401496703205376,5.41999999999999e-05,0.6169321927086612,,,,,
27,e_indep_qiskit_56,,,,,,,,,,,232.0,11.0,18014398509481984,2.865e-05,0.5435394905724483,,,,,
27,e_indep_qiskit_56,,,,,,,,,,,,,,,,232.0,11.0,18014398509481984,2.865e-05,0.5435394905724483
27,e_indep_qiskit_56,,,,,,217.0,11.0,18014398509481984,2.865e-05,0.5517577948100953,,,,,,,,,,
50,e_indep_qiskit_56,,,,,,105.0,4.0,1267650600228229401496703205376,5.41999999999999e-05,0.6169321927086612,,,,,,,,,,
50,realamprandom_nativegates_ibm_qiskit_opt3_56,,,,,,,,,,,168.0,5.0,1267650600228229401496703205376,4.8699999999999917e-05,0.31373703660380503,,,,,
50,realamprandom_nativegates_ibm_qiskit_opt3_56,,,,,,,,,,,,,,,,168.0,5.0,1267650600228229401496703205376,4.8699999999999917e-05,0.31373703660380503
50,realamprandom_nativegates_ibm_qiskit_opt3_56,,,,,,168.0,5.0,1267650600228229401496703205376,4.8699999999999917e-05,0.31373703660380503,,,,,,,,,,
65,peexact_indep_qiskit_72,,,,,,,,,,,143.0,4.0,1361129467683753853853498429727072845824,5.9649999999999885e-05,0.47906050806471384,,,,,
50,peexact_indep_qiskit_72,,,,,,195.0,6.0,1267650600228229401496703205376,3.714999999999995e-05,0.45500064331999324,,,,,,,,,,
50,peexact_indep_qiskit_72,,,,,,,,,,,,,,,,168.0,5.0,1267650600228229401496703205376,4.4049999999999926e-05,0.46738908827541037
65,peexact_indep_qiskit_72,,,,,,,,,,,,,,,,143.0,4.0,1361129467683753853853498429727072845824,5.9649999999999885e-05,0.47906050806471384
65,peexact_indep_qiskit_72,,,,,,143.0,4.0,1361129467683753853853498429727072845824,5.9649999999999885e-05,0.47906050806471384,,,,,,,,,,
50,peexact_indep_qiskit_72,,,,,,,,,,,168.0,5.0,1267650600228229401496703205376,4.4049999999999926e-05,0.46738908827541037,,,,,
65,peexact_indep_qiskit_86,,,,,,247.0,6.0,1361129467683753853853498429727072845824,5.2649999999999904e-05,0.3410891128490226,,,,,,,,,,
65,peexact_indep_qiskit_86,,,,,,,,,,,,,,,,247.0,6.0,1361129467683753853853498429727072845824,5.2649999999999904e-05,0.3410891128490226
65,peexact_indep_qiskit_86,,,,,,,,,,,247.0,6.0,1361129467683753853853498429727072845824,5.2649999999999904e-05,0.3410891128490226,,,,,
50,e_indep_qiskit_67,,,,,,116.0,4.0,1267650600228229401496703205376,6.629999999999988e-05,0.5262146833382942,,,,,,,,,,
65,e_indep_qiskit_67,,,,,,,,,,,131.0,4.0,1361129467683753853853498429727072845824,7.044999999999999e-05,0.5181066475321436,,,,,
65,e_indep_qiskit_67,,,,,,131.0,4.0,1361129467683753853853498429727072845824,7.044999999999999e-05,0.5181066475321436,,,,,,,,,,
50,e_indep_qiskit_67,,,,,,,,,,,116.0,4.0,1267650600228229401496703205376,6.629999999999988e-05,0.5262146833382942,,,,,
65,e_indep_qiskit_67,,,,,,,,,,,,,,,,131.0,4.0,1361129467683753853853498429727072845824,7.044999999999999e-05,0.5181066475321436
50,e_indep_qiskit_67,,,,,,,,,,,,,,,,116.0,4.0,1267650600228229401496703205376,6.629999999999988e-05,0.5262146833382942
50,e_indep_qiskit_58,,,,,,,,,,,,,,,,107.0,4.0,1267650600228229401496703205376,5.6399999999999894e-05,0.6004324198562891
27,e_indep_qiskit_58,,,,,,,,,,,221.0,11.0,18014398509481984,3.0099999999999966e-05,0.5359319719565677,,,,,
50,e_indep_qiskit_58,,,,,,,,,,,107.0,4.0,1267650600228229401496703205376,5.6399999999999894e-05,0.6004324198562891,,,,,
50,e_indep_qiskit_58,,,,,,107.0,4.0,1267650600228229401496703205376,5.6399999999999894e-05,0.6004324198562891,,,,,,,,,,
27,e_indep_qiskit_58,,,,,,221.0,11.0,18014398509481984,3.0099999999999966e-05,0.5359319719565677,,,,,,,,,,
27,e_indep_qiskit_58,,,,,,,,,,,,,,,,221.0,11.0,18014398509481984,3.0099999999999966e-05,0.5359319719565677
50,graphstate_nativegates_ibm_qiskit_opt3_108,,,,,,,,,,,,,,,,3.0,3.0,49,4.25e-06,0.8729313570375775
65,graphstate_nativegates_ibm_qiskit_opt3_108,,,,,,,,,,,,,,,,2.0,2.0,33,4.25e-06,0.8738051508376972
50,graphstate_nativegates_ibm_qiskit_opt3_108,,,,,,3.0,3.0,49,4.25e-06,0.8729313570375777,,,,,,,,,,
65,graphstate_nativegates_ibm_qiskit_opt3_108,,,,,,2.0,2.0,33,4.4e-06,0.8738051508376973,,,,,,,,,,
50,graphstate_nativegates_ibm_qiskit_opt3_108,3.0,3.0,48.0,4.4e-06,0.8729313572122038,,,,,,,,,,,,,,,
27,graphstate_nativegates_ibm_qiskit_opt3_108,,,,,,,,,,,6.0,5.0,49,4.4e-06,0.8703152148377055,,,,,
50,graphstate_nativegates_ibm_qiskit_opt3_108,,,,,,,,,,,3.0,3.0,49,4.4e-06,0.8729313570375775,,,,,
27,graphstate_nativegates_ibm_qiskit_opt3_108,,,,,,6.0,5.0,49,4.25e-06,0.8703152148377057,,,,,,,,,,
65,graphstate_nativegates_ibm_qiskit_opt3_108,,,,,,,,,,,2.0,2.0,33,4.25e-06,0.8738051508376972,,,,,
27,graphstate_nativegates_ibm_qiskit_opt3_108,5.0,5.0,48.0,4.4e-06,0.8711863902594699,,,,,,,,,,,,,,,
27,graphstate_nativegates_ibm_qiskit_opt3_108,,,,,,,,,,,,,,,,6.0,5.0,49,3.749999999999999e-06,0.8703152148377057
65,graphstate_nativegates_ibm_qiskit_opt3_108,2.0,2.0,32.0,4.25e-06,0.873805151187299,,,,,,,,,,,,,,,
10,hhl_indep_qiskit_11,,,,,,19.0,3.0,1048576,0.00048550000000000643,0.5219442244550341,,,,,,,,,,
10,hhl_indep_qiskit_11,,,,,,,,,,,,,,,,19.0,3.0,1048576,0.00048550000000000643,0.5219442244550341
10,hhl_indep_qiskit_11,,,,,,,,,,,19.0,3.0,1048576,0.00048550000000000643,0.5219442244550341,,,,,
50,peexact_indep_qiskit_75,,,,,,,,,,,174.0,5.0,1267650600228229401496703205376,4.8099999999999916e-05,0.4430281074516094,,,,,
65,peexact_indep_qiskit_75,,,,,,149.0,4.0,1361129467683753853853498429727072845824,5.814999999999989e-05,0.4542150877447735,,,,,,,,,,
50,peexact_indep_qiskit_75,,,,,,,,,,,,,,,,174.0,5.0,1267650600228229401496703205376,4.8099999999999916e-05,0.4430281074516094
50,peexact_indep_qiskit_75,,,,,,174.0,5.0,1267650600228229401496703205376,4.8099999999999916e-05,0.4430281074516094,,,,,,,,,,
65,peexact_indep_qiskit_75,,,,,,,,,,,149.0,4.0,1361129467683753853853498429727072845824,5.814999999999989e-05,0.4542150877447735,,,,,
65,peexact_indep_qiskit_75,,,,,,,,,,,,,,,,149.0,4.0,1361129467683753853853498429727072845824,5.814999999999989e-05,0.4542150877447735
16,wstate_indep_qiskit_71,,,,,,8.0,5.0,256,8.750000000000004e-06,0.8972189206546247,,,,,,,,,,
16,wstate_indep_qiskit_71,,,,,,,,,,,,,,,,8.0,5.0,256,8.750000000000004e-06,0.8972189206546247
50,wstate_indep_qiskit_71,,,,,,,,,,,2.0,2.0,32,2.7449999999999996e-05,0.9026209419213654,,,,,
27,wstate_indep_qiskit_71,,,,,,,,,,,,,,,,4.0,3.0,256,1.4800000000000002e-05,0.9008166639397327
65,wstate_indep_qiskit_71,,,,,,,,,,,,,,,,2.0,2.0,32,3.5699999999999994e-05,0.9026209419213653
65,wstate_indep_qiskit_71,,,,,,2.0,2.0,32,3.5699999999999994e-05,0.9026209419213653,,,,,,,,,,
27,wstate_indep_qiskit_71,4.0,3.0,272.0,1.4250000000000002e-05,0.9008166639397327,,,,,,,,,,,,,,,
27,wstate_indep_qiskit_71,,,,,,4.0,3.0,256,1.4800000000000002e-05,0.9008166639397327,,,,,,,,,,
50,wstate_indep_qiskit_71,2.0,2.0,32.0,2.4149999999999997e-05,0.9026209419213653,,,,,,,,,,,,,,,
65,wstate_indep_qiskit_71,2.0,2.0,32.0,2.2499999999999998e-05,0.9026209419213653,,,,,,,,,,,,,,,
27,wstate_indep_qiskit_71,,,,,,,,,,,4.0,3.0,256,1.4800000000000002e-05,0.9008166639397327,,,,,
50,wstate_indep_qiskit_71,,,,,,,,,,,,,,,,2.0,2.0,32,2.7449999999999996e-05,0.9026209419213654
65,wstate_indep_qiskit_71,,,,,,,,,,,2.0,2.0,32,3.5699999999999994e-05,0.9026209419213653,,,,,
50,wstate_indep_qiskit_71,,,,,,2.0,2.0,32,2.7449999999999996e-05,0.9026209419213654,,,,,,,,,,
16,wstate_indep_qiskit_71,,,,,,,,,,,8.0,5.0,256,8.750000000000004e-06,0.8972189206546247,,,,,
37,ghz_nativegates_ibm_qiskit_opt3_98,2.0,3.0,24.0,1.665e-05,0.8873800274915519,,,,,,,,,,,,,,,
57,ghz_nativegates_ibm_qiskit_opt3_98,,,,,,,,,,,1.0,2.0,8,2.814999999999997e-05,0.8882682869028798,,,,,
72,ghz_nativegates_ibm_qiskit_opt3_98,,,,,,,,,,,1.0,2.0,8,3.564999999999995e-05,0.8882682869028798,,,,,
92,ghz_nativegates_ibm_qiskit_opt3_98,,,,,,,,,,,,,,,,1.0,2.0,8,4.5649999999999924e-05,0.8882682869028801
82,ghz_nativegates_ibm_qiskit_opt3_98,1.0,2.0,8.0,3.0499999999999962e-05,0.8882682869028796,,,,,,,,,,,,,,,
65,ghz_nativegates_ibm_qiskit_opt3_98,,,,,,1.0,2.0,8,3.214999999999996e-05,0.8882682869028798,,,,,,,,,,
87,ghz_nativegates_ibm_qiskit_opt3_98,,,,,,,,,,,1.0,2.0,8,4.314999999999993e-05,0.88826828690288,,,,,
65,ghz_nativegates_ibm_qiskit_opt3_98,,,,,,,,,,,,,,,,1.0,2.0,8,3.214999999999996e-05,0.8882682869028798
37,ghz_nativegates_ibm_qiskit_opt3_98,,,,,,,,,,,2.0,3.0,24,1.8149999999999997e-05,0.8873800274915519,,,,,
50,ghz_nativegates_ibm_qiskit_opt3_98,,,,,,,,,,,,,,,,1.0,2.0,8,2.464999999999998e-05,0.8882682869028798
92,ghz_nativegates_ibm_qiskit_opt3_98,,,,,,1.0,2.0,8,4.5649999999999924e-05,0.8882682869028801,,,,,,,,,,
77,ghz_nativegates_ibm_qiskit_opt3_98,1.0,2.0,8.0,3.0499999999999962e-05,0.8882682869028796,,,,,,,,,,,,,,,
50,ghz_nativegates_ibm_qiskit_opt3_98,1.0,2.0,8.0,2.464999999999998e-05,0.8882682869028798,,,,,,,,,,,,,,,
42,ghz_nativegates_ibm_qiskit_opt3_98,,,,,,2.0,3.0,24,2.064999999999999e-05,0.8873800274915519,,,,,,,,,,
52,ghz_nativegates_ibm_qiskit_opt3_98,,,,,,,,,,,,,,,,1.0,2.0,8,2.5649999999999976e-05,0.8882682869028797
67,ghz_nativegates_ibm_qiskit_opt3_98,,,,,,1.0,2.0,8,3.314999999999996e-05,0.8882682869028798,,,,,,,,,,
67,ghz_nativegates_ibm_qiskit_opt3_98,,,,,,,,,,,,,,,,1.0,2.0,8,3.314999999999996e-05,0.8882682869028798
57,ghz_nativegates_ibm_qiskit_opt3_98,1.0,2.0,8.0,2.814999999999997e-05,0.8882682869028798,,,,,,,,,,,,,,,
97,ghz_nativegates_ibm_qiskit_opt3_98,1.0,2.0,8.0,3.0499999999999962e-05,0.8882682869028796,,,,,,,,,,,,,,,
62,ghz_nativegates_ibm_qiskit_opt3_98,,,,,,,,,,,1.0,2.0,8,3.0649999999999966e-05,0.8882682869028798,,,,,
47,ghz_nativegates_ibm_qiskit_opt3_98,,,,,,,,,,,2.0,3.0,24,2.3149999999999983e-05,0.8873800274915521,,,,,
42,ghz_nativegates_ibm_qiskit_opt3_98,,,,,,,,,,,,,,,,2.0,3.0,24,2.064999999999999e-05,0.8873800274915519
50,ghz_nativegates_ibm_qiskit_opt3_98,,,,,,1.0,2.0,8,2.464999999999998e-05,0.8882682869028798,,,,,,,,,,
77,ghz_nativegates_ibm_qiskit_opt3_98,,,,,,,,,,,,,,,,1.0,2.0,8,3.8149999999999945e-05,0.8882682869028801
97,ghz_nativegates_ibm_qiskit_opt3_98,,,,,,,,,,,1.0,2.0,8,4.814999999999992e-05,0.88826828690288,,,,,
32,ghz_nativegates_ibm_qiskit_opt3_98,,,,,,3.0,4.0,40,1.5650000000000004e-05,0.8864926563307609,,,,,,,,,,
82,ghz_nativegates_ibm_qiskit_opt3_98,,,,,,1.0,2.0,8,4.064999999999994e-05,0.88826828690288,,,,,,,,,,
27,ghz_nativegates_ibm_qiskit_opt3_98,,,,,,,,,,,3.0,4.0,40,1.3150000000000005e-05,0.8864926563307606,,,,,
65,ghz_nativegates_ibm_qiskit_opt3_98,1.0,2.0,8.0,3.0499999999999962e-05,0.8882682869028796,,,,,,,,,,,,,,,
42,ghz_nativegates_ibm_qiskit_opt3_98,2.0,3.0,24.0,1.8499999999999996e-05,0.8873800274915521,,,,,,,,,,,,,,,
82,ghz_nativegates_ibm_qiskit_opt3_98,,,,,,,,,,,,,,,,1.0,2.0,8,4.064999999999994e-05,0.88826828690288
77,ghz_nativegates_ibm_qiskit_opt3_98,,,,,,1.0,2.0,8,3.8149999999999945e-05,0.8882682869028801,,,,,,,,,,
32,ghz_nativegates_ibm_qiskit_opt3_98,,,,,,,,,,,,,,,,3.0,4.0,40,1.5650000000000004e-05,0.8864926563307609
52,ghz_nativegates_ibm_qiskit_opt3_98,,,,,,1.0,2.0,8,2.5649999999999976e-05,0.8882682869028797,,,,,,,,,,
62,ghz_nativegates_ibm_qiskit_opt3_98,1.0,2.0,8.0,2.8649999999999968e-05,0.8882682869028797,,,,,,,,,,,,,,,
77,ghz_nativegates_ibm_qiskit_opt3_98,,,,,,,,,,,1.0,2.0,8,3.8149999999999945e-05,0.8882682869028801,,,,,
32,ghz_nativegates_ibm_qiskit_opt3_98,3.0,4.0,40.0,1.5500000000000004e-05,0.8864926563307607,,,,,,,,,,,,,,,
52,ghz_nativegates_ibm_qiskit_opt3_98,,,,,,,,,,,1.0,2.0,8,2.5649999999999976e-05,0.8882682869028797,,,,,
82,ghz_nativegates_ibm_qiskit_opt3_98,,,,,,,,,,,1.0,2.0,8,4.064999999999994e-05,0.88826828690288,,,,,
62,ghz_nativegates_ibm_qiskit_opt3_98,,,,,,,,,,,,,,,,1.0,2.0,8,3.0649999999999966e-05,0.8882682869028798
87,ghz_nativegates_ibm_qiskit_opt3_98,1.0,2.0,8.0,3.0499999999999962e-05,0.8882682869028796,,,,,,,,,,,,,,,
57,ghz_nativegates_ibm_qiskit_opt3_98,,,,,,,,,,,,,,,,1.0,2.0,8,2.814999999999997e-05,0.8882682869028798
27,ghz_nativegates_ibm_qiskit_opt3_98,,,,,,3.0,4.0,40,1.3150000000000005e-05,0.8864926563307606,,,,,,,,,,
50,ghz_nativegates_ibm_qiskit_opt3_98,,,,,,,,,,,1.0,2.0,8,2.464999999999998e-05,0.8882682869028798,,,,,
97,ghz_nativegates_ibm_qiskit_opt3_98,,,,,,,,,,,,,,,,1.0,2.0,8,4.814999999999992e-05,0.88826828690288
72,ghz_nativegates_ibm_qiskit_opt3_98,1.0,2.0,8.0,3.0499999999999962e-05,0.8882682869028796,,,,,,,,,,,,,,,
97,ghz_nativegates_ibm_qiskit_opt3_98,,,,,,1.0,2.0,8,4.814999999999992e-05,0.88826828690288,,,,,,,,,,
32,ghz_nativegates_ibm_qiskit_opt3_98,,,,,,,,,,,3.0,4.0,40,1.5650000000000004e-05,0.8864926563307609,,,,,
27,ghz_nativegates_ibm_qiskit_opt3_98,,,,,,,,,,,,,,,,3.0,4.0,40,1.3150000000000005e-05,0.8864926563307606
62,ghz_nativegates_ibm_qiskit_opt3_98,,,,,,1.0,2.0,8,3.0649999999999966e-05,0.8882682869028798,,,,,,,,,,
52,ghz_nativegates_ibm_qiskit_opt3_98,1.0,2.0,8.0,2.5649999999999976e-05,0.8882682869028797,,,,,,,,,,,,,,,
47,ghz_nativegates_ibm_qiskit_opt3_98,,,,,,2.0,3.0,24,2.3149999999999983e-05,0.8873800274915521,,,,,,,,,,
42,ghz_nativegates_ibm_qiskit_opt3_98,,,,,,,,,,,2.0,3.0,24,2.064999999999999e-05,0.8873800274915519,,,,,
92,ghz_nativegates_ibm_qiskit_opt3_98,1.0,2.0,8.0,3.0499999999999962e-05,0.8882682869028796,,,,,,,,,,,,,,,
67,ghz_nativegates_ibm_qiskit_opt3_98,,,,,,,,,,,1.0,2.0,8,3.314999999999996e-05,0.8882682869028798,,,,,
87,ghz_nativegates_ibm_qiskit_opt3_98,,,,,,,,,,,,,,,,1.0,2.0,8,4.314999999999993e-05,0.88826828690288
37,ghz_nativegates_ibm_qiskit_opt3_98,,,,,,2.0,3.0,24,1.8149999999999997e-05,0.8873800274915519,,,,,,,,,,
27,ghz_nativegates_ibm_qiskit_opt3_98,3.0,4.0,40.0,1.2500000000000004e-05,0.8864926563307607,,,,,,,,,,,,,,,
37,ghz_nativegates_ibm_qiskit_opt3_98,,,,,,,,,,,,,,,,2.0,3.0,24,1.8149999999999997e-05,0.8873800274915519
92,ghz_nativegates_ibm_qiskit_opt3_98,,,,,,,,,,,1.0,2.0,8,4.5649999999999924e-05,0.8882682869028801,,,,,
65,ghz_nativegates_ibm_qiskit_opt3_98,,,,,,,,,,,1.0,2.0,8,3.214999999999996e-05,0.8882682869028798,,,,,
47,ghz_nativegates_ibm_qiskit_opt3_98,2.0,3.0,24.0,1.8499999999999996e-05,0.8873800274915521,,,,,,,,,,,,,,,
87,ghz_nativegates_ibm_qiskit_opt3_98,,,,,,1.0,2.0,8,4.314999999999993e-05,0.88826828690288,,,,,,,,,,
72,ghz_nativegates_ibm_qiskit_opt3_98,,,,,,,,,,,,,,,,1.0,2.0,8,3.564999999999995e-05,0.8882682869028798
47,ghz_nativegates_ibm_qiskit_opt3_98,,,,,,,,,,,,,,,,2.0,3.0,24,2.3149999999999983e-05,0.8873800274915521
67,ghz_nativegates_ibm_qiskit_opt3_98,1.0,2.0,8.0,3.0499999999999962e-05,0.8882682869028796,,,,,,,,,,,,,,,
57,ghz_nativegates_ibm_qiskit_opt3_98,,,,,,1.0,2.0,8,2.814999999999997e-05,0.8882682869028798,,,,,,,,,,
72,ghz_nativegates_ibm_qiskit_opt3_98,,,,,,1.0,2.0,8,3.564999999999995e-05,0.8882682869028798,,,,,,,,,,
50,dj_nativegates_ibm_qiskit_opt3_111,,,,,,,,,,,2.0,3.0,24,2.474999999999998e-05,0.8688257142601277,,,,,
50,dj_nativegates_ibm_qiskit_opt3_111,2.0,3.0,24.0,2.174999999999999e-05,0.8688294377071742,,,,,,,,,,,,,,,
50,dj_nativegates_ibm_qiskit_opt3_111,,,,,,,,,,,,,,,,2.0,3.0,24,2.474999999999998e-05,0.8688257142601277
65,dj_nativegates_ibm_qiskit_opt3_111,,,,,,,,,,,,,,,,1.0,2.0,8,3.2249999999999964e-05,0.8696898292207582
27,dj_nativegates_ibm_qiskit_opt3_111,,,,,,4.0,5.0,52,1.3250000000000004e-05,0.8670986043212742,,,,,,,,,,
65,dj_nativegates_ibm_qiskit_opt3_111,,,,,,,,,,,1.0,2.0,8,3.2249999999999964e-05,0.8696898292207582,,,,,
65,dj_nativegates_ibm_qiskit_opt3_111,1.0,2.0,8.0,3.2249999999999964e-05,0.869689876706371,,,,,,,,,,,,,,,
65,dj_nativegates_ibm_qiskit_opt3_111,,,,,,1.0,2.0,8,3.2249999999999964e-05,0.8696898292207582,,,,,,,,,,
27,dj_nativegates_ibm_qiskit_opt3_111,,,,,,,,,,,,,,,,4.0,5.0,52,1.3250000000000004e-05,0.8670986043212742
27,dj_nativegates_ibm_qiskit_opt3_111,,,,,,,,,,,4.0,5.0,52,1.3250000000000004e-05,0.8670986043212742,,,,,
27,dj_nativegates_ibm_qiskit_opt3_111,4.0,5.0,40.0,1.3250000000000004e-05,0.8670997963703109,,,,,,,,,,,,,,,
50,dj_nativegates_ibm_qiskit_opt3_111,,,,,,2.0,3.0,24,2.474999999999998e-05,0.8688257142601277,,,,,,,,,,
50,ghz_nativegates_ibm_qiskit_opt3_91,,,,,,,,,,,1.0,2.0,8,2.464999999999998e-05,0.8957644292342881,,,,,
27,ghz_nativegates_ibm_qiskit_opt3_91,,,,,,3.0,4.0,40,1.3150000000000005e-05,0.8939738140233016,,,,,,,,,,
16,ghz_nativegates_ibm_qiskit_opt3_91,,,,,,5.0,6.0,52,7.650000000000001e-06,0.8921867782163734,,,,,,,,,,
65,ghz_nativegates_ibm_qiskit_opt3_91,,,,,,,,,,,1.0,2.0,8,3.214999999999996e-05,0.8957644292342881,,,,,
27,ghz_nativegates_ibm_qiskit_opt3_91,3.0,4.0,40.0,1.2650000000000004e-05,0.8939738140233014,,,,,,,,,,,,,,,
27,ghz_nativegates_ibm_qiskit_opt3_91,,,,,,,,,,,,,,,,3.0,4.0,40,1.3150000000000005e-05,0.8939738140233016
16,ghz_nativegates_ibm_qiskit_opt3_91,,,,,,,,,,,,,,,,5.0,6.0,52,7.650000000000001e-06,0.8921867782163734
50,ghz_nativegates_ibm_qiskit_opt3_91,1.0,2.0,8.0,2.449999999999998e-05,0.895764429234288,,,,,,,,,,,,,,,
65,ghz_nativegates_ibm_qiskit_opt3_91,,,,,,1.0,2.0,8,3.214999999999996e-05,0.8957644292342881,,,,,,,,,,
27,ghz_nativegates_ibm_qiskit_opt3_91,,,,,,,,,,,3.0,4.0,40,1.3150000000000005e-05,0.8939738140233016,,,,,
16,ghz_nativegates_ibm_qiskit_opt3_91,,,,,,,,,,,5.0,6.0,52,7.650000000000001e-06,0.8921867782163734,,,,,
50,ghz_nativegates_ibm_qiskit_opt3_91,,,,,,,,,,,,,,,,1.0,2.0,8,2.464999999999998e-05,0.8957644292342881
65,ghz_nativegates_ibm_qiskit_opt3_91,,,,,,,,,,,,,,,,1.0,2.0,8,3.214999999999996e-05,0.8957644292342881
65,ghz_nativegates_ibm_qiskit_opt3_91,1.0,2.0,8.0,2.8499999999999968e-05,0.895764429234288,,,,,,,,,,,,,,,
50,ghz_nativegates_ibm_qiskit_opt3_91,,,,,,1.0,2.0,8,2.464999999999998e-05,0.8957644292342881,,,,,,,,,,
65,wstate_indep_qiskit_115,,,,,,,,,,,,,,,,2.0,2.0,32,3.5699999999999994e-05,0.8479289037276013
108,wstate_indep_qiskit_115,,,,,,2.0,2.0,32,5.9349999999999986e-05,0.8479289037276017,,,,,,,,,,
27,wstate_indep_qiskit_115,,,,,,,,,,,8.0,5.0,256,1.4800000000000002e-05,0.8428542043074111,,,,,
113,wstate_indep_qiskit_115,,,,,,,,,,,2.0,2.0,32,6.209999999999999e-05,0.8479289037276018,,,,,
108,wstate_indep_qiskit_115,,,,,,,,,,,,,,,,2.0,2.0,32,5.9349999999999986e-05,0.8479289037276017
50,wstate_indep_qiskit_115,,,,,,,,,,,,,,,,4.0,3.0,256,2.7449999999999996e-05,0.8462339514171344
103,wstate_indep_qiskit_115,,,,,,2.0,2.0,32,5.659999999999999e-05,0.8479289037276018,,,,,,,,,,
65,wstate_indep_qiskit_115,,,,,,2.0,2.0,32,3.5699999999999994e-05,0.8479289037276013,,,,,,,,,,
50,wstate_indep_qiskit_115,,,,,,,,,,,4.0,3.0,256,2.7449999999999996e-05,0.8462339514171344,,,,,
103,wstate_indep_qiskit_115,,,,,,,,,,,,,,,,2.0,2.0,32,5.659999999999999e-05,0.8479289037276018
65,wstate_indep_qiskit_115,,,,,,,,,,,2.0,2.0,32,3.5699999999999994e-05,0.8479289037276013,,,,,
50,wstate_indep_qiskit_115,,,,,,4.0,3.0,256,2.7449999999999996e-05,0.8462339514171344,,,,,,,,,,
103,wstate_indep_qiskit_115,,,,,,,,,,,2.0,2.0,32,5.659999999999999e-05,0.8479289037276018,,,,,
65,wstate_indep_qiskit_115,2.0,2.0,32.0,3.5149999999999994e-05,0.8479289037276013,,,,,,,,,,,,,,,
50,wstate_indep_qiskit_115,4.0,3.0,272.0,2.6899999999999997e-05,0.8462339514171343,,,,,,,,,,,,,,,
113,wstate_indep_qiskit_115,,,,,,,,,,,,,,,,2.0,2.0,32,6.209999999999999e-05,0.8479289037276018
108,wstate_indep_qiskit_115,2.0,2.0,32.0,4.009999999999999e-05,0.8479289037276014,,,,,,,,,,,,,,,
113,wstate_indep_qiskit_115,,,,,,2.0,2.0,32,6.209999999999999e-05,0.8479289037276018,,,,,,,,,,
113,wstate_indep_qiskit_115,2.0,2.0,32.0,3.674999999999999e-05,0.8479289037276014,,,,,,,,,,,,,,,
27,wstate_indep_qiskit_115,,,,,,8.0,5.0,256,1.4800000000000002e-05,0.8428542043074111,,,,,,,,,,
108,wstate_indep_qiskit_115,,,,,,,,,,,2.0,2.0,32,5.9349999999999986e-05,0.8479289037276017,,,,,
103,wstate_indep_qiskit_115,2.0,2.0,32.0,4.119999999999999e-05,0.8479289037276014,,,,,,,,,,,,,,,
27,wstate_indep_qiskit_115,10.0,5.0,1040.0,1.4200000000000003e-05,0.8411693641631165,,,,,,,,,,,,,,,
27,wstate_indep_qiskit_115,,,,,,,,,,,,,,,,8.0,5.0,256,1.4800000000000002e-05,0.8428542043074111
65,dj_indep_qiskit_103,,,,,,1.0,2.0,8,3.209999999999996e-05,0.8811471509924933,,,,,,,,,,
50,dj_indep_qiskit_103,,,,,,2.0,3.0,24,2.459999999999998e-05,0.8802692190837432,,,,,,,,,,
50,dj_indep_qiskit_103,2.0,3.0,24.0,2.109999999999999e-05,0.8802745699051753,,,,,,,,,,,,,,,
27,dj_indep_qiskit_103,3.0,4.0,40.0,1.3100000000000003e-05,0.8793987645559422,,,,,,,,,,,,,,,
27,dj_indep_qiskit_103,,,,,,,,,,,3.0,4.0,40,1.3100000000000003e-05,0.8793987548339096,,,,,
27,dj_indep_qiskit_103,,,,,,,,,,,,,,,,3.0,4.0,40,1.3100000000000003e-05,0.8793987548339096
27,dj_indep_qiskit_103,,,,,,3.0,4.0,40,1.3100000000000003e-05,0.8793987548339096,,,,,,,,,,
65,dj_indep_qiskit_103,1.0,2.0,8.0,3.209999999999996e-05,0.8811471741380719,,,,,,,,,,,,,,,
50,dj_indep_qiskit_103,,,,,,,,,,,,,,,,2.0,3.0,24,2.459999999999998e-05,0.8802692190837432
65,dj_indep_qiskit_103,,,,,,,,,,,,,,,,1.0,2.0,8,3.209999999999996e-05,0.8811471509924933
65,dj_indep_qiskit_103,,,,,,,,,,,1.0,2.0,8,3.209999999999996e-05,0.8811471509924933,,,,,
50,dj_indep_qiskit_103,,,,,,,,,,,2.0,3.0,24,2.459999999999998e-05,0.8802692190837432,,,,,
10,peexact_nativegates_ibm_qiskit_opt3_35,,,,,,,,,,,,,,,,198.0,24.0,1048576,1.7250000000000003e-05,0.6453504220292494
10,peexact_nativegates_ibm_qiskit_opt3_35,,,,,,,,,,,198.0,24.0,1048576,1.7250000000000003e-05,0.6453504220292494,,,,,
27,peexact_nativegates_ibm_qiskit_opt3_35,,,,,,69.0,4.0,18014398509481984,4.539999999999998e-05,0.734098176053082,,,,,,,,,,
16,peexact_nativegates_ibm_qiskit_opt3_35,,,,,,136.0,12.0,4294967296,2.5049999999999996e-05,0.6866146016716366,,,,,,,,,,
27,peexact_nativegates_ibm_qiskit_opt3_35,,,,,,,,,,,,,,,,69.0,4.0,18014398509481984,4.539999999999998e-05,0.734098176053082
16,peexact_nativegates_ibm_qiskit_opt3_35,,,,,,,,,,,125.0,11.0,4294967296,2.5749999999999996e-05,0.6941957241991443,,,,,
27,peexact_nativegates_ibm_qiskit_opt3_35,,,,,,,,,,,69.0,4.0,18014398509481984,4.539999999999998e-05,0.734098176053082,,,,,
10,peexact_nativegates_ibm_qiskit_opt3_35,,,,,,202.0,25.0,1048576,1.7250000000000003e-05,0.6427753044047648,,,,,,,,,,
16,peexact_nativegates_ibm_qiskit_opt3_35,,,,,,,,,,,,,,,,125.0,11.0,4294967296,2.5749999999999996e-05,0.6941957241991443
65,peexact_indep_qiskit_87,,,,,,,,,,,248.0,6.0,1361129467683753853853498429727072845824,5.2149999999999906e-05,0.33452670291897263,,,,,
65,peexact_indep_qiskit_87,,,,,,,,,,,,,,,,248.0,6.0,1361129467683753853853498429727072845824,5.2149999999999906e-05,0.33452670291897263
65,peexact_indep_qiskit_87,,,,,,248.0,6.0,1361129467683753853853498429727072845824,5.2149999999999906e-05,0.33452670291897263,,,,,,,,,,
50,graphstate_nativegates_ibm_qiskit_opt3_107,,,,,,,,,,,,,,,,2.0,3.0,35,4.750000000000002e-06,0.8748810533106268
50,graphstate_nativegates_ibm_qiskit_opt3_107,,,,,,,,,,,2.0,3.0,35,4.1000000000000006e-06,0.8748810533106268,,,,,
50,graphstate_nativegates_ibm_qiskit_opt3_107,3.0,3.0,48.0,4.05e-06,0.8740061839716926,,,,,,,,,,,,,,,
27,graphstate_nativegates_ibm_qiskit_opt3_107,,,,,,5.0,5.0,48,4.750000000000002e-06,0.8722590679449025,,,,,,,,,,
65,graphstate_nativegates_ibm_qiskit_opt3_107,,,,,,,,,,,0.0,2.0,4,4.750000000000002e-06,0.8766334207665996,,,,,
65,graphstate_nativegates_ibm_qiskit_opt3_107,,,,,,,,,,,,,,,,0.0,2.0,4,4.750000000000002e-06,0.8766334207665996
27,graphstate_nativegates_ibm_qiskit_opt3_107,5.0,5.0,48.0,4.05e-06,0.8722590684683776,,,,,,,,,,,,,,,
50,graphstate_nativegates_ibm_qiskit_opt3_107,,,,,,2.0,3.0,35,4.750000000000002e-06,0.8748810533106268,,,,,,,,,,
65,graphstate_nativegates_ibm_qiskit_opt3_107,,,,,,0.0,2.0,4,4.750000000000002e-06,0.8766334207665996,,,,,,,,,,
27,graphstate_nativegates_ibm_qiskit_opt3_107,,,,,,,,,,,5.0,5.0,48,4.1000000000000006e-06,0.8722590679449023,,,,,
27,graphstate_nativegates_ibm_qiskit_opt3_107,,,,,,,,,,,,,,,,5.0,5.0,48,4.1000000000000006e-06,0.8722590679449023
5,wstate_indep_qiskit_12,,,,,,6.0,4.0,256,2.6999999999999996e-06,0.9776146251445484,,,,,,,,,,
5,wstate_indep_qiskit_12,6.0,4.0,288.0,2.6499999999999996e-06,0.9776146214280521,,,,,,,,,,,,,,,
10,wstate_indep_qiskit_12,,,,,,2.0,2.0,32,5.450000000000001e-06,0.9815347458331208,,,,,,,,,,
5,wstate_indep_qiskit_12,,,,,,,,,,,,,,,,6.0,4.0,256,2.6999999999999996e-06,0.9776146251445484
10,wstate_indep_qiskit_12,,,,,,,,,,,2.0,2.0,32,5.450000000000001e-06,0.9815347458331208,,,,,
10,wstate_indep_qiskit_12,2.0,2.0,32.0,3.799999999999999e-06,0.9815347458331207,,,,,,,,,,,,,,,
10,wstate_indep_qiskit_12,,,,,,,,,,,,,,,,2.0,2.0,32,5.450000000000001e-06,0.9815347458331208
5,wstate_indep_qiskit_12,,,,,,,,,,,6.0,4.0,256,2.6999999999999996e-06,0.9776146251445484,,,,,
65,peexact_indep_qiskit_89,,,,,,,,,,,250.0,6.0,1361129467683753853853498429727072845824,5.114999999999991e-05,0.32164454334838594,,,,,
65,peexact_indep_qiskit_89,,,,,,,,,,,,,,,,250.0,6.0,1361129467683753853853498429727072845824,5.114999999999991e-05,0.32164454334838594
65,peexact_indep_qiskit_89,,,,,,250.0,6.0,1361129467683753853853498429727072845824,5.114999999999991e-05,0.32164454334838594,,,,,,,,,,
27,dj_nativegates_ibm_qiskit_opt3_121,,,,,,,,,,,,,,,,4.0,5.0,52,1.3250000000000004e-05,0.8563220085748195
90,dj_nativegates_ibm_qiskit_opt3_121,1.0,2.0,8.0,3.824999999999995e-05,0.8588755377487933,,,,,,,,,,,,,,,
110,dj_nativegates_ibm_qiskit_opt3_121,,,,,,1.0,2.0,8,5.47499999999999e-05,0.8588567216637759,,,,,,,,,,
80,dj_nativegates_ibm_qiskit_opt3_121,,,,,,,,,,,1.0,2.0,8,3.974999999999994e-05,0.8588745337026767,,,,,
95,dj_nativegates_ibm_qiskit_opt3_121,,,,,,,,,,,,,,,,1.0,2.0,8,4.724999999999992e-05,0.8588675836172197
110,dj_nativegates_ibm_qiskit_opt3_121,,,,,,,,,,,,,,,,1.0,2.0,8,5.47499999999999e-05,0.8588567216637759
75,dj_nativegates_ibm_qiskit_opt3_121,,,,,,,,,,,1.0,2.0,8,3.724999999999995e-05,0.8588759810938318,,,,,
50,dj_nativegates_ibm_qiskit_opt3_121,,,,,,,,,,,2.0,3.0,24,2.474999999999998e-05,0.8580271371440427,,,,,
60,dj_nativegates_ibm_qiskit_opt3_121,,,,,,2.0,3.0,24,2.9749999999999968e-05,0.8580198563161039,,,,,,,,,,
45,dj_nativegates_ibm_qiskit_opt3_121,,,,,,2.0,3.0,24,2.224999999999999e-05,0.8580288356034306,,,,,,,,,,
45,dj_nativegates_ibm_qiskit_opt3_121,2.0,3.0,24.0,2.0749999999999993e-05,0.85802923250327,,,,,,,,,,,,,,,
27,dj_nativegates_ibm_qiskit_opt3_121,,,,,,4.0,5.0,52,1.3250000000000004e-05,0.8563220085748195,,,,,,,,,,
55,dj_nativegates_ibm_qiskit_opt3_121,,,,,,,,,,,,,,,,2.0,3.0,24,2.7249999999999975e-05,0.8580241436140496
105,dj_nativegates_ibm_qiskit_opt3_121,,,,,,,,,,,1.0,2.0,8,5.224999999999991e-05,0.8588607769669225,,,,,
95,dj_nativegates_ibm_qiskit_opt3_121,,,,,,1.0,2.0,8,4.724999999999992e-05,0.8588675836172197,,,,,,,,,,
105,dj_nativegates_ibm_qiskit_opt3_121,1.0,2.0,8.0,3.824999999999995e-05,0.8588755377487933,,,,,,,,,,,,,,,
120,dj_nativegates_ibm_qiskit_opt3_121,,,,,,,,,,,1.0,2.0,8,5.974999999999989e-05,0.8588473071014874,,,,,
60,dj_nativegates_ibm_qiskit_opt3_121,,,,,,,,,,,,,,,,2.0,3.0,24,2.9749999999999968e-05,0.8580198563161039
65,dj_nativegates_ibm_qiskit_opt3_121,1.0,2.0,8.0,3.2249999999999964e-05,0.8588775927834426,,,,,,,,,,,,,,,
100,dj_nativegates_ibm_qiskit_opt3_121,,,,,,1.0,2.0,8,4.9749999999999915e-05,0.8588643976180704,,,,,,,,,,
90,dj_nativegates_ibm_qiskit_opt3_121,,,,,,,,,,,1.0,2.0,8,4.474999999999993e-05,0.8588703349643708,,,,,
45,dj_nativegates_ibm_qiskit_opt3_121,,,,,,,,,,,,,,,,2.0,3.0,24,2.224999999999999e-05,0.8580288356034306
70,dj_nativegates_ibm_qiskit_opt3_121,,,,,,,,,,,,,,,,1.0,2.0,8,3.474999999999996e-05,0.8588769938329884
85,dj_nativegates_ibm_qiskit_opt3_121,1.0,2.0,8.0,3.824999999999995e-05,0.8588755377487933,,,,,,,,,,,,,,,
40,dj_nativegates_ibm_qiskit_opt3_121,,,,,,,,,,,3.0,4.0,40,1.9749999999999996e-05,0.8571722155720914,,,,,
65,dj_nativegates_ibm_qiskit_opt3_121,,,,,,,,,,,1.0,2.0,8,3.2249999999999964e-05,0.8588775719201466,,,,,
55,dj_nativegates_ibm_qiskit_opt3_121,,,,,,2.0,3.0,24,2.7249999999999975e-05,0.8580241436140496,,,,,,,,,,
70,dj_nativegates_ibm_qiskit_opt3_121,,,,,,1.0,2.0,8,3.474999999999996e-05,0.8588769938329884,,,,,,,,,,
110,dj_nativegates_ibm_qiskit_opt3_121,1.0,2.0,8.0,3.824999999999995e-05,0.8588755377487933,,,,,,,,,,,,,,,
85,dj_nativegates_ibm_qiskit_opt3_121,,,,,,,,,,,,,,,,1.0,2.0,8,4.2249999999999936e-05,0.8588726516595229
70,dj_nativegates_ibm_qiskit_opt3_121,1.0,2.0,8.0,3.474999999999996e-05,0.8588770407754044,,,,,,,,,,,,,,,
100,dj_nativegates_ibm_qiskit_opt3_121,,,,,,,,,,,,,,,,1.0,2.0,8,4.9749999999999915e-05,0.8588643976180704
115,dj_nativegates_ibm_qiskit_opt3_121,,,,,,,,,,,1.0,2.0,8,5.7249999999999894e-05,0.8588522317086309,,,,,
85,dj_nativegates_ibm_qiskit_opt3_121,,,,,,1.0,2.0,8,4.2249999999999936e-05,0.8588726516595229,,,,,,,,,,
50,dj_nativegates_ibm_qiskit_opt3_121,2.0,3.0,24.0,2.0749999999999993e-05,0.85802923250327,,,,,,,,,,,,,,,
85,dj_nativegates_ibm_qiskit_opt3_121,,,,,,,,,,,1.0,2.0,8,4.2249999999999936e-05,0.8588726516595229,,,,,
95,dj_nativegates_ibm_qiskit_opt3_121,1.0,2.0,8.0,3.824999999999995e-05,0.8588755377487933,,,,,,,,,,,,,,,
27,dj_nativegates_ibm_qiskit_opt3_121,4.0,5.0,40.0,1.3250000000000004e-05,0.8563222089530178,,,,,,,,,,,,,,,
115,dj_nativegates_ibm_qiskit_opt3_121,,,,,,1.0,2.0,8,5.7249999999999894e-05,0.8588522317086309,,,,,,,,,,
55,dj_nativegates_ibm_qiskit_opt3_121,,,,,,,,,,,2.0,3.0,24,2.7249999999999975e-05,0.8580241436140496,,,,,
65,dj_nativegates_ibm_qiskit_opt3_121,,,,,,,,,,,,,,,,1.0,2.0,8,3.2249999999999964e-05,0.8588775719201466
50,dj_nativegates_ibm_qiskit_opt3_121,,,,,,,,,,,,,,,,2.0,3.0,24,2.474999999999998e-05,0.8580271371440427
70,dj_nativegates_ibm_qiskit_opt3_121,,,,,,,,,,,1.0,2.0,8,3.474999999999996e-05,0.8588769938329884,,,,,
120,dj_nativegates_ibm_qiskit_opt3_121,1.0,2.0,8.0,3.824999999999995e-05,0.8588755377487933,,,,,,,,,,,,,,,
40,dj_nativegates_ibm_qiskit_opt3_121,3.0,4.0,40.0,1.6750000000000004e-05,0.8571763058214963,,,,,,,,,,,,,,,
90,dj_nativegates_ibm_qiskit_opt3_121,,,,,,,,,,,,,,,,1.0,2.0,8,4.474999999999993e-05,0.8588703349643708
40,dj_nativegates_ibm_qiskit_opt3_121,,,,,,3.0,4.0,40,1.9749999999999996e-05,0.8571722155720914,,,,,,,,,,
65,dj_nativegates_ibm_qiskit_opt3_121,,,,,,1.0,2.0,8,3.2249999999999964e-05,0.8588775719201466,,,,,,,,,,
120,dj_nativegates_ibm_qiskit_opt3_121,,,,,,,,,,,,,,,,1.0,2.0,8,5.974999999999989e-05,0.8588473071014874
100,dj_nativegates_ibm_qiskit_opt3_121,1.0,2.0,8.0,3.824999999999995e-05,0.8588755377487933,,,,,,,,,,,,,,,
115,dj_nativegates_ibm_qiskit_opt3_121,,,,,,,,,,,,,,,,1.0,2.0,8,5.7249999999999894e-05,0.8588522317086309
60,dj_nativegates_ibm_qiskit_opt3_121,2.0,3.0,24.0,2.0749999999999993e-05,0.85802923250327,,,,,,,,,,,,,,,
90,dj_nativegates_ibm_qiskit_opt3_121,,,,,,1.0,2.0,8,4.474999999999993e-05,0.8588703349643708,,,,,,,,,,
100,dj_nativegates_ibm_qiskit_opt3_121,,,,,,,,,,,1.0,2.0,8,4.9749999999999915e-05,0.8588643976180704,,,,,
95,dj_nativegates_ibm_qiskit_opt3_121,,,,,,,,,,,1.0,2.0,8,4.724999999999992e-05,0.8588675836172197,,,,,
105,dj_nativegates_ibm_qiskit_opt3_121,,,,,,1.0,2.0,8,5.224999999999991e-05,0.8588607769669225,,,,,,,,,,
120,dj_nativegates_ibm_qiskit_opt3_121,,,,,,1.0,2.0,8,5.974999999999989e-05,0.8588473071014874,,,,,,,,,,
80,dj_nativegates_ibm_qiskit_opt3_121,,,,,,,,,,,,,,,,1.0,2.0,8,3.974999999999994e-05,0.8588745337026767
60,dj_nativegates_ibm_qiskit_opt3_121,,,,,,,,,,,2.0,3.0,24,2.9749999999999968e-05,0.8580198563161039,,,,,
105,dj_nativegates_ibm_qiskit_opt3_121,,,,,,,,,,,,,,,,1.0,2.0,8,5.224999999999991e-05,0.8588607769669225
45,dj_nativegates_ibm_qiskit_opt3_121,,,,,,,,,,,2.0,3.0,24,2.224999999999999e-05,0.8580288356034306,,,,,
80,dj_nativegates_ibm_qiskit_opt3_121,1.0,2.0,8.0,3.824999999999995e-05,0.8588755377487933,,,,,,,,,,,,,,,
27,dj_nativegates_ibm_qiskit_opt3_121,,,,,,,,,,,4.0,5.0,52,1.3250000000000004e-05,0.8563220085748195,,,,,
115,dj_nativegates_ibm_qiskit_opt3_121,1.0,2.0,8.0,3.824999999999995e-05,0.8588755377487933,,,,,,,,,,,,,,,
75,dj_nativegates_ibm_qiskit_opt3_121,,,,,,1.0,2.0,8,3.724999999999995e-05,0.8588759810938318,,,,,,,,,,
75,dj_nativegates_ibm_qiskit_opt3_121,1.0,2.0,8.0,3.674999999999995e-05,0.858876218413823,,,,,,,,,,,,,,,
50,dj_nativegates_ibm_qiskit_opt3_121,,,,,,2.0,3.0,24,2.474999999999998e-05,0.8580271371440427,,,,,,,,,,
75,dj_nativegates_ibm_qiskit_opt3_121,,,,,,,,,,,,,,,,1.0,2.0,8,3.724999999999995e-05,0.8588759810938318
40,dj_nativegates_ibm_qiskit_opt3_121,,,,,,,,,,,,,,,,3.0,4.0,40,1.9749999999999996e-05,0.8571722155720914
55,dj_nativegates_ibm_qiskit_opt3_121,2.0,3.0,24.0,2.0749999999999993e-05,0.85802923250327,,,,,,,,,,,,,,,
80,dj_nativegates_ibm_qiskit_opt3_121,,,,,,1.0,2.0,8,3.974999999999994e-05,0.8588745337026767,,,,,,,,,,
110,dj_nativegates_ibm_qiskit_opt3_121,,,,,,,,,,,1.0,2.0,8,5.47499999999999e-05,0.8588567216637759,,,,,
27,wstate_nativegates_ibm_qiskit_opt3_110,10.0,5.0,4112.0,1.6749999999999994e-05,0.8434782890028133,,,,,,,,,,,,,,,
65,wstate_nativegates_ibm_qiskit_opt3_110,,,,,,2.0,2.0,32,4.210000000000008e-05,0.8502563054840769,,,,,,,,,,
50,wstate_nativegates_ibm_qiskit_opt3_110,,,,,,,,,,,4.0,3.0,256,3.235000000000005e-05,0.8485567144409775,,,,,
27,wstate_nativegates_ibm_qiskit_opt3_110,,,,,,8.0,5.0,256,1.7399999999999996e-05,0.8451677175836279,,,,,,,,,,
50,wstate_nativegates_ibm_qiskit_opt3_110,,,,,,,,,,,,,,,,4.0,3.0,256,3.235000000000005e-05,0.8485567144409775
27,wstate_nativegates_ibm_qiskit_opt3_110,,,,,,,,,,,,,,,,8.0,5.0,256,1.7399999999999996e-05,0.8451677175836279
50,wstate_nativegates_ibm_qiskit_opt3_110,4.0,3.0,272.0,3.2200000000000044e-05,0.8485567118941358,,,,,,,,,,,,,,,
65,wstate_nativegates_ibm_qiskit_opt3_110,2.0,2.0,32.0,4.195000000000008e-05,0.8502563042081058,,,,,,,,,,,,,,,
27,wstate_nativegates_ibm_qiskit_opt3_110,,,,,,,,,,,8.0,5.0,256,1.7399999999999996e-05,0.8451677175836279,,,,,
65,wstate_nativegates_ibm_qiskit_opt3_110,,,,,,,,,,,,,,,,2.0,2.0,32,4.210000000000008e-05,0.8502563054840769
65,wstate_nativegates_ibm_qiskit_opt3_110,,,,,,,,,,,2.0,2.0,32,4.210000000000008e-05,0.8502563054840769,,,,,
50,wstate_nativegates_ibm_qiskit_opt3_110,,,,,,4.0,3.0,256,3.235000000000005e-05,0.8485567144409775,,,,,,,,,,
50,dj_nativegates_ibm_qiskit_opt3_126,,,,,,,,,,,,,,,,2.0,3.0,24,2.474999999999998e-05,0.8526779628247009
65,dj_nativegates_ibm_qiskit_opt3_126,,,,,,1.0,2.0,8,3.2249999999999964e-05,0.8535216326483658,,,,,,,,,,
65,dj_nativegates_ibm_qiskit_opt3_126,,,,,,,,,,,,,,,,1.0,2.0,8,3.2249999999999964e-05,0.8535216326483658
27,dj_nativegates_ibm_qiskit_opt3_126,,,,,,,,,,,4.0,5.0,52,1.3250000000000004e-05,0.8509837208867388,,,,,
27,dj_nativegates_ibm_qiskit_opt3_126,4.0,5.0,40.0,1.3250000000000004e-05,0.8509837576527387,,,,,,,,,,,,,,,
50,dj_nativegates_ibm_qiskit_opt3_126,,,,,,2.0,3.0,24,2.474999999999998e-05,0.8526779628247009,,,,,,,,,,
50,dj_nativegates_ibm_qiskit_opt3_126,,,,,,,,,,,2.0,3.0,24,2.474999999999998e-05,0.8526779628247009,,,,,
50,dj_nativegates_ibm_qiskit_opt3_126,2.0,3.0,24.0,2.474999999999998e-05,0.8526787369840767,,,,,,,,,,,,,,,
27,dj_nativegates_ibm_qiskit_opt3_126,,,,,,,,,,,,,,,,4.0,5.0,52,1.3250000000000004e-05,0.8509837208867388
27,dj_nativegates_ibm_qiskit_opt3_126,,,,,,4.0,5.0,52,1.3250000000000004e-05,0.8509837208867388,,,,,,,,,,
65,dj_nativegates_ibm_qiskit_opt3_126,,,,,,,,,,,1.0,2.0,8,3.2249999999999964e-05,0.8535216326483658,,,,,
65,dj_nativegates_ibm_qiskit_opt3_126,1.0,2.0,8.0,3.1749999999999965e-05,0.8535216551206244,,,,,,,,,,,,,,,
27,wstate_indep_qiskit_114,,,,,,8.0,5.0,256,1.4800000000000002e-05,0.844052404219393,,,,,,,,,,
108,wstate_indep_qiskit_114,,,,,,,,,,,2.0,2.0,32,5.9349999999999986e-05,0.8491343178224962,,,,,
50,wstate_indep_qiskit_114,,,,,,,,,,,,,,,,4.0,3.0,256,2.7449999999999996e-05,0.8474369559710918
113,wstate_indep_qiskit_114,,,,,,2.0,2.0,32,6.209999999999999e-05,0.8491343178224963,,,,,,,,,,
65,wstate_indep_qiskit_114,,,,,,,,,,,,,,,,2.0,2.0,32,3.5699999999999994e-05,0.8491343178224959
50,wstate_indep_qiskit_114,,,,,,4.0,3.0,256,2.7449999999999996e-05,0.8474369559710918,,,,,,,,,,
65,wstate_indep_qiskit_114,,,,,,,,,,,2.0,2.0,32,3.5699999999999994e-05,0.8491343178224959,,,,,
108,wstate_indep_qiskit_114,,,,,,,,,,,,,,,,2.0,2.0,32,5.9349999999999986e-05,0.8491343178224962
103,wstate_indep_qiskit_114,,,,,,,,,,,2.0,2.0,32,5.659999999999999e-05,0.8491343178224962,,,,,
103,wstate_indep_qiskit_114,,,,,,2.0,2.0,32,5.659999999999999e-05,0.8491343178224962,,,,,,,,,,
50,wstate_indep_qiskit_114,,,,,,,,,,,4.0,3.0,256,2.7449999999999996e-05,0.8474369559710918,,,,,
65,wstate_indep_qiskit_114,,,,,,2.0,2.0,32,3.5699999999999994e-05,0.8491343178224959,,,,,,,,,,
113,wstate_indep_qiskit_114,2.0,2.0,32.0,4.064999999999999e-05,0.8491343178224959,,,,,,,,,,,,,,,
27,wstate_indep_qiskit_114,,,,,,,,,,,,,,,,8.0,5.0,256,1.4800000000000002e-05,0.844052404219393
27,wstate_indep_qiskit_114,10.0,5.0,4096.0,1.4250000000000002e-05,0.8423651959647576,,,,,,,,,,,,,,,
103,wstate_indep_qiskit_114,2.0,2.0,32.0,3.5699999999999994e-05,0.8491343178224959,,,,,,,,,,,,,,,
113,wstate_indep_qiskit_114,,,,,,,,,,,2.0,2.0,32,6.209999999999999e-05,0.8491343178224963,,,,,
103,wstate_indep_qiskit_114,,,,,,,,,,,,,,,,2.0,2.0,32,5.659999999999999e-05,0.8491343178224962
65,wstate_indep_qiskit_114,2.0,2.0,32.0,3.1849999999999995e-05,0.8491343178224959,,,,,,,,,,,,,,,
108,wstate_indep_qiskit_114,2.0,2.0,32.0,3.894999999999999e-05,0.8491343178224958,,,,,,,,,,,,,,,
50,wstate_indep_qiskit_114,4.0,3.0,288.0,2.6299999999999996e-05,0.8474369543602851,,,,,,,,,,,,,,,
113,wstate_indep_qiskit_114,,,,,,,,,,,,,,,,2.0,2.0,32,6.209999999999999e-05,0.8491343178224963
108,wstate_indep_qiskit_114,,,,,,2.0,2.0,32,5.9349999999999986e-05,0.8491343178224962,,,,,,,,,,
27,wstate_indep_qiskit_114,,,,,,,,,,,8.0,5.0,256,1.4800000000000002e-05,0.844052404219393,,,,,
10,ghz_nativegates_ibm_qiskit_opt3_52,,,,,,5.0,6.0,52,4.6499999999999995e-06,0.9349525659462059,,,,,,,,,,
50,ghz_nativegates_ibm_qiskit_opt3_52,,,,,,,,,,,1.0,2.0,8,2.464999999999998e-05,0.9387017069118977,,,,,
27,ghz_nativegates_ibm_qiskit_opt3_52,1.0,2.0,8.0,1.3150000000000005e-05,0.9387017069118975,,,,,,,,,,,,,,,
50,ghz_nativegates_ibm_qiskit_opt3_52,,,,,,,,,,,,,,,,1.0,2.0,8,2.464999999999998e-05,0.9387017069118977
16,ghz_nativegates_ibm_qiskit_opt3_52,,,,,,3.0,4.0,40,7.650000000000001e-06,0.9368252609400336,,,,,,,,,,
27,ghz_nativegates_ibm_qiskit_opt3_52,,,,,,1.0,2.0,8,1.3150000000000005e-05,0.9387017069118975,,,,,,,,,,
16,ghz_nativegates_ibm_qiskit_opt3_52,,,,,,,,,,,3.0,4.0,40,7.650000000000001e-06,0.9368252609400336,,,,,
27,ghz_nativegates_ibm_qiskit_opt3_52,,,,,,,,,,,1.0,2.0,8,1.3150000000000005e-05,0.9387017069118975,,,,,
50,ghz_nativegates_ibm_qiskit_opt3_52,1.0,2.0,8.0,1.6150000000000003e-05,0.9387017069118976,,,,,,,,,,,,,,,
16,ghz_nativegates_ibm_qiskit_opt3_52,3.0,4.0,40.0,7.500000000000002e-06,0.9368252609400336,,,,,,,,,,,,,,,
10,ghz_nativegates_ibm_qiskit_opt3_52,5.0,6.0,52.0,4.5e-06,0.9349525659462057,,,,,,,,,,,,,,,
50,ghz_nativegates_ibm_qiskit_opt3_52,,,,,,1.0,2.0,8,2.464999999999998e-05,0.9387017069118977,,,,,,,,,,
16,ghz_nativegates_ibm_qiskit_opt3_52,,,,,,,,,,,,,,,,3.0,4.0,40,7.650000000000001e-06,0.9368252609400336
27,ghz_nativegates_ibm_qiskit_opt3_52,,,,,,,,,,,,,,,,1.0,2.0,8,1.3150000000000005e-05,0.9387017069118975
10,ghz_nativegates_ibm_qiskit_opt3_52,,,,,,,,,,,5.0,6.0,52,4.6499999999999995e-06,0.9349525659462059,,,,,
10,ghz_nativegates_ibm_qiskit_opt3_52,,,,,,,,,,,,,,,,5.0,6.0,52,4.6499999999999995e-06,0.9349525659462059
35,graphstate_nativegates_ibm_qiskit_opt3_75,4.0,4.0,48.0,3.899999999999999e-06,0.9081992755500563,,,,,,,,,,,,,,,
16,graphstate_nativegates_ibm_qiskit_opt3_75,,,,,,4.0,6.0,49,3.249999999999999e-06,0.9081992751866929,,,,,,,,,,
65,graphstate_nativegates_ibm_qiskit_opt3_75,,,,,,,,,,,0.0,2.0,3,3.899999999999999e-06,0.9118411250493681,,,,,
35,graphstate_nativegates_ibm_qiskit_opt3_75,,,,,,2.0,3.0,34,3.899999999999999e-06,0.9100183783063147,,,,,,,,,,
30,graphstate_nativegates_ibm_qiskit_opt3_75,,,,,,,,,,,2.0,3.0,34,3.249999999999999e-06,0.9100183783063147,,,,,
60,graphstate_nativegates_ibm_qiskit_opt3_75,,,,,,0.0,2.0,3,3.899999999999999e-06,0.9118411250493681,,,,,,,,,,
27,graphstate_nativegates_ibm_qiskit_opt3_75,,,,,,2.0,3.0,34,3.249999999999999e-06,0.9100183783063147,,,,,,,,,,
40,graphstate_nativegates_ibm_qiskit_opt3_75,,,,,,2.0,2.0,34,3.899999999999999e-06,0.9100183783063147,,,,,,,,,,
16,graphstate_nativegates_ibm_qiskit_opt3_75,,,,,,,,,,,,,,,,4.0,6.0,50,3.249999999999999e-06,0.9081992751866927
30,graphstate_nativegates_ibm_qiskit_opt3_75,4.0,4.0,48.0,3.899999999999999e-06,0.9081992751866931,,,,,,,,,,,,,,,
16,graphstate_nativegates_ibm_qiskit_opt3_75,5.0,5.0,48.0,3.899999999999999e-06,0.9072910882535032,,,,,,,,,,,,,,,
45,graphstate_nativegates_ibm_qiskit_opt3_75,,,,,,,,,,,2.0,2.0,34,3.249999999999999e-06,0.9100183783063147,,,,,
27,graphstate_nativegates_ibm_qiskit_opt3_75,3.0,3.0,48.0,3.899999999999999e-06,0.909108372112862,,,,,,,,,,,,,,,
50,graphstate_nativegates_ibm_qiskit_opt3_75,,,,,,,,,,,2.0,2.0,34,3.249999999999999e-06,0.9100183783063147,,,,,
50,graphstate_nativegates_ibm_qiskit_opt3_75,,,,,,,,,,,,,,,,2.0,2.0,34,3.899999999999999e-06,0.9100183783063147
55,graphstate_nativegates_ibm_qiskit_opt3_75,,,,,,,,,,,,,,,,0.0,2.0,3,3.899999999999999e-06,0.9118411250493681
65,graphstate_nativegates_ibm_qiskit_opt3_75,,,,,,,,,,,,,,,,0.0,2.0,3,3.899999999999999e-06,0.9118411250493681
60,graphstate_nativegates_ibm_qiskit_opt3_75,,,,,,,,,,,,,,,,0.0,2.0,3,3.899999999999999e-06,0.9118411250493681
55,graphstate_nativegates_ibm_qiskit_opt3_75,,,,,,0.0,2.0,3,3.899999999999999e-06,0.9118411250493681,,,,,,,,,,
35,graphstate_nativegates_ibm_qiskit_opt3_75,,,,,,,,,,,,,,,,2.0,3.0,34,3.899999999999999e-06,0.9100183783063147
30,graphstate_nativegates_ibm_qiskit_opt3_75,,,,,,,,,,,,,,,,2.0,3.0,34,3.899999999999999e-06,0.9100183783063147
25,graphstate_nativegates_ibm_qiskit_opt3_75,,,,,,,,,,,4.0,4.0,49,3.249999999999999e-06,0.9081992751866932,,,,,
70,graphstate_nativegates_ibm_qiskit_opt3_75,,,,,,,,,,,0.0,2.0,3,3.899999999999999e-06,0.9118411250493681,,,,,
45,graphstate_nativegates_ibm_qiskit_opt3_75,2.0,2.0,32.0,3.899999999999999e-06,0.9100183786704052,,,,,,,,,,,,,,,
70,graphstate_nativegates_ibm_qiskit_opt3_75,,,,,,0.0,2.0,3,3.899999999999999e-06,0.9118411250493681,,,,,,,,,,
25,graphstate_nativegates_ibm_qiskit_opt3_75,,,,,,3.0,4.0,49,3.899999999999999e-06,0.9091083717491358,,,,,,,,,,
55,graphstate_nativegates_ibm_qiskit_opt3_75,,,,,,,,,,,0.0,2.0,3,3.899999999999999e-06,0.9118411250493681,,,,,
50,graphstate_nativegates_ibm_qiskit_opt3_75,,,,,,2.0,2.0,34,3.899999999999999e-06,0.9100183783063147,,,,,,,,,,
40,graphstate_nativegates_ibm_qiskit_opt3_75,2.0,2.0,32.0,3.249999999999999e-06,0.9100183786704055,,,,,,,,,,,,,,,
25,graphstate_nativegates_ibm_qiskit_opt3_75,,,,,,,,,,,,,,,,3.0,4.0,50,3.249999999999999e-06,0.9091083717491358
45,graphstate_nativegates_ibm_qiskit_opt3_75,,,,,,2.0,2.0,34,3.899999999999999e-06,0.9100183783063147,,,,,,,,,,
45,graphstate_nativegates_ibm_qiskit_opt3_75,,,,,,,,,,,,,,,,2.0,2.0,34,3.899999999999999e-06,0.9100183783063147
40,graphstate_nativegates_ibm_qiskit_opt3_75,,,,,,,,,,,,,,,,2.0,2.0,34,3.899999999999999e-06,0.9100183783063147
27,graphstate_nativegates_ibm_qiskit_opt3_75,,,,,,,,,,,2.0,3.0,34,3.249999999999999e-06,0.9100183783063147,,,,,
40,graphstate_nativegates_ibm_qiskit_opt3_75,,,,,,,,,,,2.0,2.0,34,3.249999999999999e-06,0.9100183783063147,,,,,
70,graphstate_nativegates_ibm_qiskit_opt3_75,,,,,,,,,,,,,,,,0.0,2.0,3,3.899999999999999e-06,0.9118411250493681
60,graphstate_nativegates_ibm_qiskit_opt3_75,,,,,,,,,,,0.0,2.0,3,3.899999999999999e-06,0.9118411250493681,,,,,
30,graphstate_nativegates_ibm_qiskit_opt3_75,,,,,,2.0,3.0,34,3.899999999999999e-06,0.9100183783063147,,,,,,,,,,
50,graphstate_nativegates_ibm_qiskit_opt3_75,2.0,2.0,32.0,3.899999999999999e-06,0.9100183784883599,,,,,,,,,,,,,,,
16,graphstate_nativegates_ibm_qiskit_opt3_75,,,,,,,,,,,4.0,6.0,50,3.249999999999999e-06,0.9081992751866927,,,,,
27,graphstate_nativegates_ibm_qiskit_opt3_75,,,,,,,,,,,,,,,,2.0,3.0,34,3.249999999999999e-06,0.9100183783063147
35,graphstate_nativegates_ibm_qiskit_opt3_75,,,,,,,,,,,2.0,3.0,34,3.249999999999999e-06,0.9100183783063147,,,,,
65,graphstate_nativegates_ibm_qiskit_opt3_75,,,,,,0.0,2.0,3,3.899999999999999e-06,0.9118411250493681,,,,,,,,,,
27,realamprandom_nativegates_ibm_qiskit_opt3_32,,,,,,,,,,,,,,,,96.0,5.0,18014398509481984,2.5699999999999978e-05,0.6497595286608373
27,realamprandom_nativegates_ibm_qiskit_opt3_32,,,,,,,,,,,96.0,5.0,18014398509481984,2.5699999999999978e-05,0.6497595286608373,,,,,
27,realamprandom_nativegates_ibm_qiskit_opt3_32,,,,,,96.0,5.0,18014398509481984,2.5699999999999978e-05,0.6497595286608373,,,,,,,,,,
16,e_indep_qiskit_32,,,,,,94.0,8.0,4294967296,1.6550000000000002e-05,0.7923310029104177,,,,,,,,,,
10,e_indep_qiskit_32,,,,,,183.0,22.0,1048576,1.2000000000000004e-05,0.7248478382957281,,,,,,,,,,
27,e_indep_qiskit_32,,,,,,58.0,4.0,18014398509481984,3.0099999999999966e-05,0.8213429866545068,,,,,,,,,,
10,e_indep_qiskit_32,,,,,,,,,,,,,,,,183.0,22.0,1048576,1.2000000000000004e-05,0.7248478382957281
16,e_indep_qiskit_32,,,,,,,,,,,,,,,,94.0,8.0,4294967296,1.6550000000000002e-05,0.7923310029104177
27,e_indep_qiskit_32,,,,,,,,,,,,,,,,58.0,4.0,18014398509481984,3.0099999999999966e-05,0.8213429866545068
10,e_indep_qiskit_32,,,,,,,,,,,183.0,22.0,1048576,1.2000000000000004e-05,0.7248478382957281,,,,,
27,e_indep_qiskit_32,,,,,,,,,,,58.0,4.0,18014398509481984,3.0099999999999966e-05,0.8213429866545068,,,,,
16,e_indep_qiskit_32,,,,,,,,,,,94.0,8.0,4294967296,1.6550000000000002e-05,0.7923310029104177,,,,,
10,pricingcall_nativegates_ibm_qiskit_opt3_13,,,,,,31.0,5.0,1048576,5.090000000000012e-05,0.9009907234323671,,,,,,,,,,
5,pricingcall_nativegates_ibm_qiskit_opt3_13,,,,,,,,,,,71.0,17.0,1024,2.7300000000000006e-05,0.8656740948704221,,,,,
5,pricingcall_nativegates_ibm_qiskit_opt3_13,,,,,,68.0,17.0,1024,2.7300000000000006e-05,0.8682748654289598,,,,,,,,,,
5,pricingcall_nativegates_ibm_qiskit_opt3_13,,,,,,,,,,,,,,,,68.0,17.0,1024,2.7300000000000006e-05,0.8682748654289598
10,pricingcall_nativegates_ibm_qiskit_opt3_13,,,,,,,,,,,,,,,,31.0,5.0,1048576,5.090000000000012e-05,0.9009907234323671
10,pricingcall_nativegates_ibm_qiskit_opt3_13,,,,,,,,,,,31.0,5.0,1048576,5.090000000000012e-05,0.9009907234323671,,,,,
27,wstate_indep_qiskit_70,4.0,3.0,288.0,1.4250000000000002e-05,0.9020972614578822,,,,,,,,,,,,,,,
50,wstate_indep_qiskit_70,,,,,,2.0,2.0,32,2.7449999999999996e-05,0.9039041061123202,,,,,,,,,,
16,wstate_indep_qiskit_70,,,,,,,,,,,8.0,5.0,256,8.750000000000004e-06,0.8984944053425611,,,,,
65,wstate_indep_qiskit_70,,,,,,,,,,,2.0,2.0,32,3.5699999999999994e-05,0.9039041061123202,,,,,
65,wstate_indep_qiskit_70,2.0,2.0,32.0,2.4149999999999997e-05,0.9039041061123201,,,,,,,,,,,,,,,
50,wstate_indep_qiskit_70,2.0,2.0,32.0,2.5199999999999996e-05,0.90390410611232,,,,,,,,,,,,,,,
16,wstate_indep_qiskit_70,,,,,,,,,,,,,,,,8.0,5.0,256,8.750000000000004e-06,0.8984944053425611
65,wstate_indep_qiskit_70,,,,,,,,,,,,,,,,2.0,2.0,32,3.5699999999999994e-05,0.9039041061123202
27,wstate_indep_qiskit_70,,,,,,,,,,,,,,,,4.0,3.0,256,1.4800000000000002e-05,0.9020972631725874
16,wstate_indep_qiskit_70,8.0,5.0,288.0,8.750000000000004e-06,0.8984944036347043,,,,,,,,,,,,,,,
27,wstate_indep_qiskit_70,,,,,,,,,,,4.0,3.0,256,1.4800000000000002e-05,0.9020972631725874,,,,,
27,wstate_indep_qiskit_70,,,,,,4.0,3.0,256,1.4800000000000002e-05,0.9020972631725874,,,,,,,,,,
65,wstate_indep_qiskit_70,,,,,,2.0,2.0,32,3.5699999999999994e-05,0.9039041061123202,,,,,,,,,,
16,wstate_indep_qiskit_70,,,,,,8.0,5.0,256,8.750000000000004e-06,0.8984944053425611,,,,,,,,,,
50,wstate_indep_qiskit_70,,,,,,,,,,,,,,,,2.0,2.0,32,2.7449999999999996e-05,0.9039041061123202
50,wstate_indep_qiskit_70,,,,,,,,,,,2.0,2.0,32,2.7449999999999996e-05,0.9039041061123202,,,,,
14,ghz_indep_qiskit_29,,,,,,2.0,3.0,24,6.550000000000001e-06,0.9640365776608207,,,,,,,,,,
5,ghz_indep_qiskit_29,,,,,,6.0,7.0,52,2.05e-06,0.9601862501295932,,,,,,,,,,
19,ghz_indep_qiskit_29,1.0,2.0,8.0,9.000000000000002e-06,0.9650015695881148,,,,,,,,,,,,,,,
27,ghz_indep_qiskit_29,,,,,,,,,,,,,,,,1.0,2.0,8,1.3050000000000004e-05,0.9650015695881149
16,ghz_indep_qiskit_29,,,,,,,,,,,1.0,2.0,8,7.550000000000001e-06,0.9650015695881148,,,,,
24,ghz_indep_qiskit_29,,,,,,1.0,2.0,8,1.1550000000000003e-05,0.965001569588115,,,,,,,,,,
10,ghz_indep_qiskit_29,,,,,,,,,,,3.0,4.0,40,4.55e-06,0.9630725507158118,,,,,
27,ghz_indep_qiskit_29,,,,,,1.0,2.0,8,1.3050000000000004e-05,0.9650015695881149,,,,,,,,,,
16,ghz_indep_qiskit_29,,,,,,,,,,,,,,,,1.0,2.0,8,7.550000000000001e-06,0.9650015695881148
5,ghz_indep_qiskit_29,,,,,,,,,,,,,,,,6.0,7.0,52,2.05e-06,0.9601862501295932
9,ghz_indep_qiskit_29,,,,,,3.0,4.0,40,4.049999999999999e-06,0.9630725507158122,,,,,,,,,,
19,ghz_indep_qiskit_29,,,,,,,,,,,1.0,2.0,8,9.050000000000001e-06,0.9650015695881148,,,,,
24,ghz_indep_qiskit_29,,,,,,,,,,,,,,,,1.0,2.0,8,1.1550000000000003e-05,0.965001569588115
14,ghz_indep_qiskit_29,2.0,3.0,24.0,5.55e-06,0.9640365776608207,,,,,,,,,,,,,,,
24,ghz_indep_qiskit_29,1.0,2.0,8.0,9.050000000000001e-06,0.9650015695881148,,,,,,,,,,,,,,,
19,ghz_indep_qiskit_29,,,,,,,,,,,,,,,,1.0,2.0,8,9.050000000000001e-06,0.9650015695881148
9,ghz_indep_qiskit_29,,,,,,,,,,,,,,,,3.0,4.0,40,4.049999999999999e-06,0.9630725507158122
16,ghz_indep_qiskit_29,1.0,2.0,8.0,7.550000000000001e-06,0.9650015695881148,,,,,,,,,,,,,,,
9,ghz_indep_qiskit_29,,,,,,,,,,,3.0,4.0,40,4.049999999999999e-06,0.9630725507158122,,,,,
19,ghz_indep_qiskit_29,,,,,,1.0,2.0,8,9.050000000000001e-06,0.9650015695881148,,,,,,,,,,
9,ghz_indep_qiskit_29,3.0,4.0,40.0,4.049999999999999e-06,0.963072550715812,,,,,,,,,,,,,,,
27,ghz_indep_qiskit_29,1.0,2.0,8.0,9.050000000000001e-06,0.9650015695881148,,,,,,,,,,,,,,,
10,ghz_indep_qiskit_29,3.0,4.0,40.0,4.5e-06,0.9630725507158118,,,,,,,,,,,,,,,
27,ghz_indep_qiskit_29,,,,,,,,,,,1.0,2.0,8,1.3050000000000004e-05,0.9650015695881149,,,,,
24,ghz_indep_qiskit_29,,,,,,,,,,,1.0,2.0,8,1.1550000000000003e-05,0.965001569588115,,,,,
10,ghz_indep_qiskit_29,,,,,,3.0,4.0,40,4.55e-06,0.9630725507158118,,,,,,,,,,
14,ghz_indep_qiskit_29,,,,,,,,,,,,,,,,2.0,3.0,24,6.550000000000001e-06,0.9640365776608207
16,ghz_indep_qiskit_29,,,,,,1.0,2.0,8,7.550000000000001e-06,0.9650015695881148,,,,,,,,,,
10,ghz_indep_qiskit_29,,,,,,,,,,,,,,,,3.0,4.0,40,4.55e-06,0.9630725507158118
5,ghz_indep_qiskit_29,,,,,,,,,,,6.0,7.0,52,2.05e-06,0.9601862501295932,,,,,
5,ghz_indep_qiskit_29,6.0,7.0,40.0,2.05e-06,0.9601862501295932,,,,,,,,,,,,,,,
14,ghz_indep_qiskit_29,,,,,,,,,,,2.0,3.0,24,6.550000000000001e-06,0.9640365776608207,,,,,
27,e_nativegates_ibm_qiskit_opt3_31,,,,,,44.0,3.0,18014398509481984,5.839999999999997e-05,0.7856414123634363,,,,,,,,,,
27,e_nativegates_ibm_qiskit_opt3_31,18.0,2.0,68719476736.0,5.820000000000004e-05,0.8063643526673422,,,,,,,,,,,,,,,
10,e_nativegates_ibm_qiskit_opt3_31,,,,,,,,,,,141.0,18.0,1048576,2.045e-05,0.7131607754139017,,,,,
16,e_nativegates_ibm_qiskit_opt3_31,,,,,,,,,,,80.0,8.0,4294967296,5.014999999999999e-05,0.7579815736007651,,,,,
10,e_nativegates_ibm_qiskit_opt3_31,,,,,,,,,,,,,,,,141.0,18.0,1048576,2.045e-05,0.7131607754139017
16,e_nativegates_ibm_qiskit_opt3_31,,,,,,69.0,7.0,4294967296,5.014999999999999e-05,0.766351499136968,,,,,,,,,,
10,e_nativegates_ibm_qiskit_opt3_31,,,,,,131.0,17.0,1048576,2.045e-05,0.7203268368859701,,,,,,,,,,
27,e_nativegates_ibm_qiskit_opt3_31,,,,,,,,,,,44.0,3.0,18014398509481984,5.839999999999997e-05,0.7856414123634363,,,,,
27,e_nativegates_ibm_qiskit_opt3_31,,,,,,,,,,,,,,,,44.0,3.0,18014398509481984,5.839999999999997e-05,0.7856414123634363
16,e_nativegates_ibm_qiskit_opt3_31,,,,,,,,,,,,,,,,80.0,8.0,4294967296,5.014999999999999e-05,0.7579815736007651
50,realamprandom_indep_qiskit_62,,,,,,186.0,5.0,95780971304118053647396689196894323976171195136475136,4.854999999999991e-05,0.24961127174893455,,,,,,,,,,
50,realamprandom_indep_qiskit_62,,,,,,,,,,,186.0,5.0,95780971304118053647396689196894323976171195136475136,4.854999999999991e-05,0.24961127174893455,,,,,
50,realamprandom_indep_qiskit_62,,,,,,,,,,,,,,,,186.0,5.0,95780971304118053647396689196894323976171195136475136,4.854999999999991e-05,0.24961127174893455
65,ghz_indep_qiskit_125,,,,,,,,,,,,,,,,1.0,2.0,8,3.204999999999996e-05,0.8599547534308672
65,ghz_indep_qiskit_125,1.0,2.0,8.0,3.199999999999996e-05,0.8599547534308671,,,,,,,,,,,,,,,
50,ghz_indep_qiskit_125,2.0,3.0,24.0,2.2549999999999986e-05,0.859094807270103,,,,,,,,,,,,,,,
27,ghz_indep_qiskit_125,,,,,,4.0,5.0,52,1.3050000000000004e-05,0.85737749390135,,,,,,,,,,
27,ghz_indep_qiskit_125,,,,,,,,,,,,,,,,4.0,5.0,52,1.3050000000000004e-05,0.85737749390135
65,ghz_indep_qiskit_125,,,,,,1.0,2.0,8,3.204999999999996e-05,0.8599547534308672,,,,,,,,,,
50,ghz_indep_qiskit_125,,,,,,2.0,3.0,24,2.454999999999998e-05,0.8590948072701029,,,,,,,,,,
65,ghz_indep_qiskit_125,,,,,,,,,,,1.0,2.0,8,3.204999999999996e-05,0.8599547534308672,,,,,
50,ghz_indep_qiskit_125,,,,,,,,,,,2.0,3.0,24,2.454999999999998e-05,0.8590948072701029,,,,,
27,ghz_indep_qiskit_125,,,,,,,,,,,4.0,5.0,52,1.3050000000000004e-05,0.85737749390135,,,,,
50,ghz_indep_qiskit_125,,,,,,,,,,,,,,,,2.0,3.0,24,2.454999999999998e-05,0.8590948072701029
27,ghz_indep_qiskit_125,4.0,5.0,40.0,1.3050000000000004e-05,0.8573774939013501,,,,,,,,,,,,,,,
5,graphstate_indep_qiskit_20,,,,,,,,,,,5.0,6.0,49,1.55e-06,0.9712096773638603,,,,,
5,graphstate_indep_qiskit_20,7.0,6.0,48.0,1.55e-06,0.9692682505471902,,,,,,,,,,,,,,,
10,graphstate_indep_qiskit_20,,,,,,,,,,,2.0,3.0,33,2.05e-06,0.9741291112276883,,,,,
5,graphstate_indep_qiskit_20,,,,,,,,,,,,,,,,5.0,6.0,49,1.55e-06,0.9712096773638603
16,graphstate_indep_qiskit_20,,,,,,0.0,2.0,2,2.05e-06,0.9760802742605936,,,,,,,,,,
16,graphstate_indep_qiskit_20,,,,,,,,,,,0.0,2.0,2,2.05e-06,0.9760802742605936,,,,,
10,graphstate_indep_qiskit_20,,,,,,3.0,3.0,49,2.05e-06,0.9731549928234138,,,,,,,,,,
16,graphstate_indep_qiskit_20,,,,,,,,,,,,,,,,0.0,2.0,2,2.05e-06,0.9760802742605936
10,graphstate_indep_qiskit_20,3.0,3.0,48.0,1.55e-06,0.9731549928234139,,,,,,,,,,,,,,,
5,graphstate_indep_qiskit_20,,,,,,5.0,6.0,49,1.55e-06,0.9712096773638603,,,,,,,,,,
10,graphstate_indep_qiskit_20,,,,,,,,,,,,,,,,3.0,3.0,49,1.55e-06,0.9731549928234138
16,wstate_nativegates_ibm_qiskit_opt3_90,,,,,,,,,,,,,,,,12.0,7.0,256,1.0250000000000004e-05,0.8667454890185528
27,wstate_nativegates_ibm_qiskit_opt3_90,,,,,,,,,,,,,,,,6.0,4.0,256,1.7399999999999996e-05,0.8719639924190363
50,wstate_nativegates_ibm_qiskit_opt3_90,,,,,,,,,,,2.0,2.0,32,3.235000000000005e-05,0.8754604383534341,,,,,
16,wstate_nativegates_ibm_qiskit_opt3_90,,,,,,12.0,7.0,256,1.0250000000000004e-05,0.8667454890185528,,,,,,,,,,
27,wstate_nativegates_ibm_qiskit_opt3_90,6.0,4.0,272.0,1.7399999999999996e-05,0.871963987010371,,,,,,,,,,,,,,,
27,wstate_nativegates_ibm_qiskit_opt3_90,,,,,,6.0,4.0,256,1.7399999999999996e-05,0.8719639924190363,,,,,,,,,,
65,wstate_nativegates_ibm_qiskit_opt3_90,,,,,,2.0,2.0,32,4.210000000000008e-05,0.8754604383534342,,,,,,,,,,
65,wstate_nativegates_ibm_qiskit_opt3_90,,,,,,,,,,,2.0,2.0,32,4.210000000000008e-05,0.8754604383534342,,,,,
50,wstate_nativegates_ibm_qiskit_opt3_90,2.0,2.0,32.0,3.040000000000004e-05,0.8754604370396395,,,,,,,,,,,,,,,
65,wstate_nativegates_ibm_qiskit_opt3_90,,,,,,,,,,,,,,,,2.0,2.0,32,4.210000000000008e-05,0.8754604383534342
27,wstate_nativegates_ibm_qiskit_opt3_90,,,,,,,,,,,6.0,4.0,256,1.7399999999999996e-05,0.8719639924190363,,,,,
16,wstate_nativegates_ibm_qiskit_opt3_90,,,,,,,,,,,12.0,7.0,256,1.0250000000000004e-05,0.8667454890185528,,,,,
50,wstate_nativegates_ibm_qiskit_opt3_90,,,,,,,,,,,,,,,,2.0,2.0,32,3.235000000000005e-05,0.8754604383534341
50,wstate_nativegates_ibm_qiskit_opt3_90,,,,,,2.0,2.0,32,3.235000000000005e-05,0.8754604383534341,,,,,,,,,,
65,wstate_nativegates_ibm_qiskit_opt3_90,2.0,2.0,32.0,3.415000000000005e-05,0.8754604370396395,,,,,,,,,,,,,,,
65,ghz_nativegates_ibm_qiskit_opt3_114,,,,,,,,,,,,,,,,1.0,2.0,8,3.214999999999996e-05,0.8713689640635245
65,ghz_nativegates_ibm_qiskit_opt3_114,1.0,2.0,8.0,3.199999999999996e-05,0.8713689640635244,,,,,,,,,,,,,,,
50,ghz_nativegates_ibm_qiskit_opt3_114,2.0,3.0,24.0,2.2649999999999985e-05,0.8704976038061781,,,,,,,,,,,,,,,
27,ghz_nativegates_ibm_qiskit_opt3_114,,,,,,,,,,,4.0,5.0,52,1.3150000000000005e-05,0.868757496474795,,,,,
27,ghz_nativegates_ibm_qiskit_opt3_114,,,,,,,,,,,,,,,,4.0,5.0,52,1.3150000000000005e-05,0.868757496474795
50,ghz_nativegates_ibm_qiskit_opt3_114,,,,,,2.0,3.0,24,2.464999999999998e-05,0.8704976038061781,,,,,,,,,,
65,ghz_nativegates_ibm_qiskit_opt3_114,,,,,,1.0,2.0,8,3.214999999999996e-05,0.8713689640635245,,,,,,,,,,
27,ghz_nativegates_ibm_qiskit_opt3_114,4.0,5.0,40.0,1.3150000000000005e-05,0.8687574964747948,,,,,,,,,,,,,,,
65,ghz_nativegates_ibm_qiskit_opt3_114,,,,,,,,,,,1.0,2.0,8,3.214999999999996e-05,0.8713689640635245,,,,,
50,ghz_nativegates_ibm_qiskit_opt3_114,,,,,,,,,,,,,,,,2.0,3.0,24,2.464999999999998e-05,0.8704976038061781
50,ghz_nativegates_ibm_qiskit_opt3_114,,,,,,,,,,,2.0,3.0,24,2.464999999999998e-05,0.8704976038061781,,,,,
27,ghz_nativegates_ibm_qiskit_opt3_114,,,,,,4.0,5.0,52,1.3150000000000005e-05,0.868757496474795,,,,,,,,,,
5,ghz_indep_qiskit_18,,,,,,,,,,,4.0,5.0,52,2.05e-06,0.9748991020420806,,,,,
16,ghz_indep_qiskit_18,,,,,,1.0,2.0,8,7.550000000000001e-06,0.977829629165697,,,,,,,,,,
10,ghz_indep_qiskit_18,,,,,,,,,,,,,,,,1.0,2.0,8,4.55e-06,0.9778296291656969
10,ghz_indep_qiskit_18,,,,,,1.0,2.0,8,4.55e-06,0.9778296291656969,,,,,,,,,,
10,ghz_indep_qiskit_18,1.0,2.0,8.0,4.55e-06,0.9778296291656969,,,,,,,,,,,,,,,
5,ghz_indep_qiskit_18,,,,,,,,,,,,,,,,4.0,5.0,52,2.05e-06,0.9748991020420806
16,ghz_indep_qiskit_18,1.0,2.0,8.0,5e-06,0.9778296291656969,,,,,,,,,,,,,,,
16,ghz_indep_qiskit_18,,,,,,,,,,,,,,,,1.0,2.0,8,7.550000000000001e-06,0.977829629165697
10,ghz_indep_qiskit_18,,,,,,,,,,,1.0,2.0,8,4.55e-06,0.9778296291656969,,,,,
5,ghz_indep_qiskit_18,4.0,5.0,40.0,2e-06,0.9748991020420807,,,,,,,,,,,,,,,
16,ghz_indep_qiskit_18,,,,,,,,,,,1.0,2.0,8,7.550000000000001e-06,0.977829629165697,,,,,
5,ghz_indep_qiskit_18,,,,,,4.0,5.0,52,2.05e-06,0.9748991020420806,,,,,,,,,,
162,u2random_nativegates_ibm_qiskit_opt3_24,,,,,,,,,,,120.0,9.0,4294967296,1.4700000000000005e-05,0.7307960171473719,,,,,
162,u2random_nativegates_ibm_qiskit_opt3_24,,,,,,120.0,9.0,4294967296,1.4700000000000005e-05,0.7307960171473719,,,,,,,,,,
162,u2random_nativegates_ibm_qiskit_opt3_24,,,,,,,,,,,,,,,,120.0,9.0,4294967296,1.4700000000000005e-05,0.7307960171473719
27,wstate_nativegates_ibm_qiskit_opt3_97,,,,,,,,,,,6.0,4.0,256,1.7399999999999996e-05,0.8630942410458022,,,,,
65,wstate_nativegates_ibm_qiskit_opt3_97,2.0,2.0,32.0,3.885000000000007e-05,0.8665551192958387,,,,,,,,,,,,,,,
65,wstate_nativegates_ibm_qiskit_opt3_97,,,,,,,,,,,2.0,2.0,32,4.210000000000008e-05,0.8665551205962692,,,,,
65,wstate_nativegates_ibm_qiskit_opt3_97,,,,,,,,,,,,,,,,2.0,2.0,32,4.210000000000008e-05,0.8665551205962692
50,wstate_nativegates_ibm_qiskit_opt3_97,,,,,,2.0,2.0,32,3.235000000000005e-05,0.8665551205962692,,,,,,,,,,
50,wstate_nativegates_ibm_qiskit_opt3_97,,,,,,,,,,,,,,,,2.0,2.0,32,3.235000000000005e-05,0.8665551205962692
50,wstate_nativegates_ibm_qiskit_opt3_97,2.0,2.0,32.0,3.235000000000005e-05,0.8665551192958386,,,,,,,,,,,,,,,
27,wstate_nativegates_ibm_qiskit_opt3_97,,,,,,,,,,,,,,,,6.0,4.0,256,1.7399999999999996e-05,0.8630942410458022
50,wstate_nativegates_ibm_qiskit_opt3_97,,,,,,,,,,,2.0,2.0,32,3.235000000000005e-05,0.8665551205962692,,,,,
27,wstate_nativegates_ibm_qiskit_opt3_97,6.0,4.0,272.0,1.7249999999999992e-05,0.8630942356921549,,,,,,,,,,,,,,,
65,wstate_nativegates_ibm_qiskit_opt3_97,,,,,,2.0,2.0,32,4.210000000000008e-05,0.8665551205962692,,,,,,,,,,
27,wstate_nativegates_ibm_qiskit_opt3_97,,,,,,6.0,4.0,256,1.7399999999999996e-05,0.8630942410458022,,,,,,,,,,
16,dj_nativegates_ibm_qiskit_opt3_64,,,,,,,,,,,,,,,,4.0,5.0,52,7.75e-06,0.9195973879309589
50,dj_nativegates_ibm_qiskit_opt3_64,,,,,,,,,,,,,,,,1.0,2.0,8,2.474999999999998e-05,0.922353794514926
50,dj_nativegates_ibm_qiskit_opt3_64,1.0,2.0,8.0,2.0249999999999994e-05,0.9223559916188612,,,,,,,,,,,,,,,
50,dj_nativegates_ibm_qiskit_opt3_64,,,,,,1.0,2.0,8,2.474999999999998e-05,0.922353794514926,,,,,,,,,,
16,dj_nativegates_ibm_qiskit_opt3_64,,,,,,4.0,5.0,52,7.75e-06,0.9195973879309589,,,,,,,,,,
27,dj_nativegates_ibm_qiskit_opt3_64,2.0,3.0,24.0,1.2750000000000003e-05,0.9214371743720402,,,,,,,,,,,,,,,
16,dj_nativegates_ibm_qiskit_opt3_64,4.0,5.0,40.0,7.75e-06,0.9195978716849499,,,,,,,,,,,,,,,
27,dj_nativegates_ibm_qiskit_opt3_64,,,,,,2.0,3.0,24,1.3250000000000004e-05,0.9214367091256973,,,,,,,,,,
27,dj_nativegates_ibm_qiskit_opt3_64,,,,,,,,,,,2.0,3.0,24,1.3250000000000004e-05,0.9214367091256973,,,,,
16,dj_nativegates_ibm_qiskit_opt3_64,,,,,,,,,,,4.0,5.0,52,7.75e-06,0.9195973879309589,,,,,
50,dj_nativegates_ibm_qiskit_opt3_64,,,,,,,,,,,1.0,2.0,8,2.474999999999998e-05,0.922353794514926,,,,,
27,dj_nativegates_ibm_qiskit_opt3_64,,,,,,,,,,,,,,,,2.0,3.0,24,1.3250000000000004e-05,0.9214367091256973
65,e_nativegates_ibm_qiskit_opt3_116,,,,,,,,,,,99.0,4.0,1361129467683753853853498429727072845824,0.00020590000000000227,0.3550128647921987,,,,,
50,e_nativegates_ibm_qiskit_opt3_116,,,,,,,,,,,134.0,5.0,1267650600228229401496703205376,0.00012605000000000006,0.3428723447360661,,,,,
50,e_nativegates_ibm_qiskit_opt3_116,,,,,,,,,,,,,,,,134.0,5.0,1267650600228229401496703205376,0.00012605000000000006,0.3428723447360661
50,e_nativegates_ibm_qiskit_opt3_116,,,,,,134.0,5.0,1267650600228229401496703205376,0.00012605000000000006,0.3428723447360661,,,,,,,,,,
65,e_nativegates_ibm_qiskit_opt3_116,,,,,,,,,,,,,,,,99.0,4.0,1361129467683753853853498429727072845824,0.00020590000000000227,0.3550128647921987
65,e_nativegates_ibm_qiskit_opt3_116,,,,,,99.0,4.0,1361129467683753853853498429727072845824,0.00020590000000000227,0.3550128647921987,,,,,,,,,,
47,dj_nativegates_ibm_qiskit_opt3_97,2.0,3.0,24.0,1.825e-05,0.8841782808020809,,,,,,,,,,,,,,,
37,dj_nativegates_ibm_qiskit_opt3_97,,,,,,,,,,,2.0,3.0,24,1.825e-05,0.884178248778843,,,,,
27,dj_nativegates_ibm_qiskit_opt3_97,3.0,4.0,40.0,1.3250000000000004e-05,0.8832977366868312,,,,,,,,,,,,,,,
42,dj_nativegates_ibm_qiskit_opt3_97,,,,,,,,,,,,,,,,2.0,3.0,24,2.0749999999999993e-05,0.8841765013642359
50,dj_nativegates_ibm_qiskit_opt3_97,,,,,,,,,,,,,,,,1.0,2.0,8,2.474999999999998e-05,0.8850568621080734
87,dj_nativegates_ibm_qiskit_opt3_97,1.0,2.0,8.0,3.074999999999997e-05,0.8850553983225966,,,,,,,,,,,,,,,
32,dj_nativegates_ibm_qiskit_opt3_97,,,,,,3.0,4.0,40,1.5750000000000007e-05,0.8832953080582155,,,,,,,,,,
57,dj_nativegates_ibm_qiskit_opt3_97,1.0,2.0,8.0,2.7749999999999973e-05,0.8850564170743936,,,,,,,,,,,,,,,
92,dj_nativegates_ibm_qiskit_opt3_97,,,,,,1.0,2.0,8,4.5749999999999926e-05,0.8850402350063744,,,,,,,,,,
62,dj_nativegates_ibm_qiskit_opt3_97,,,,,,,,,,,,,,,,1.0,2.0,8,3.074999999999997e-05,0.8850553286185264
37,dj_nativegates_ibm_qiskit_opt3_97,2.0,3.0,24.0,1.825e-05,0.8841782808020809,,,,,,,,,,,,,,,
87,dj_nativegates_ibm_qiskit_opt3_97,,,,,,1.0,2.0,8,4.324999999999993e-05,0.8850438676608088,,,,,,,,,,
82,dj_nativegates_ibm_qiskit_opt3_97,,,,,,,,,,,1.0,2.0,8,4.074999999999994e-05,0.8850470534942796,,,,,
65,dj_nativegates_ibm_qiskit_opt3_97,1.0,2.0,8.0,3.074999999999997e-05,0.8850553983225966,,,,,,,,,,,,,,,
27,dj_nativegates_ibm_qiskit_opt3_97,,,,,,3.0,4.0,40,1.3250000000000004e-05,0.8832977153934573,,,,,,,,,,
72,dj_nativegates_ibm_qiskit_opt3_97,1.0,2.0,8.0,3.074999999999997e-05,0.8850553983225966,,,,,,,,,,,,,,,
77,dj_nativegates_ibm_qiskit_opt3_97,,,,,,,,,,,1.0,2.0,8,3.824999999999995e-05,0.8850497925067866,,,,,
72,dj_nativegates_ibm_qiskit_opt3_97,,,,,,1.0,2.0,8,3.5749999999999954e-05,0.8850520846983303,,,,,,,,,,
37,dj_nativegates_ibm_qiskit_opt3_97,,,,,,,,,,,,,,,,2.0,3.0,24,1.825e-05,0.884178248778843
62,dj_nativegates_ibm_qiskit_opt3_97,1.0,2.0,8.0,3.0249999999999966e-05,0.8850556190521526,,,,,,,,,,,,,,,
42,dj_nativegates_ibm_qiskit_opt3_97,,,,,,,,,,,2.0,3.0,24,2.0749999999999993e-05,0.8841765013642359,,,,,
47,dj_nativegates_ibm_qiskit_opt3_97,,,,,,2.0,3.0,24,2.3249999999999986e-05,0.8841734215495952,,,,,,,,,,
57,dj_nativegates_ibm_qiskit_opt3_97,,,,,,,,,,,1.0,2.0,8,2.8249999999999972e-05,0.8850562803471788,,,,,
65,dj_nativegates_ibm_qiskit_opt3_97,,,,,,1.0,2.0,8,3.2249999999999964e-05,0.885054543107272,,,,,,,,,,
57,dj_nativegates_ibm_qiskit_opt3_97,,,,,,,,,,,,,,,,1.0,2.0,8,2.8249999999999972e-05,0.8850562803471788
52,dj_nativegates_ibm_qiskit_opt3_97,,,,,,1.0,2.0,8,2.574999999999998e-05,0.8850567852548678,,,,,,,,,,
82,dj_nativegates_ibm_qiskit_opt3_97,,,,,,,,,,,,,,,,1.0,2.0,8,4.074999999999994e-05,0.8850470534942796
50,dj_nativegates_ibm_qiskit_opt3_97,1.0,2.0,8.0,2.474999999999998e-05,0.8850568621080734,,,,,,,,,,,,,,,
62,dj_nativegates_ibm_qiskit_opt3_97,,,,,,,,,,,1.0,2.0,8,3.074999999999997e-05,0.8850553286185264,,,,,
50,dj_nativegates_ibm_qiskit_opt3_97,,,,,,1.0,2.0,8,2.474999999999998e-05,0.8850568621080734,,,,,,,,,,
67,dj_nativegates_ibm_qiskit_opt3_97,,,,,,1.0,2.0,8,3.324999999999996e-05,0.88505393006891,,,,,,,,,,
77,dj_nativegates_ibm_qiskit_opt3_97,,,,,,,,,,,,,,,,1.0,2.0,8,3.824999999999995e-05,0.8850497925067866
65,dj_nativegates_ibm_qiskit_opt3_97,,,,,,,,,,,,,,,,1.0,2.0,8,3.2249999999999964e-05,0.885054543107272
77,dj_nativegates_ibm_qiskit_opt3_97,1.0,2.0,8.0,3.074999999999997e-05,0.8850553983225966,,,,,,,,,,,,,,,
62,dj_nativegates_ibm_qiskit_opt3_97,,,,,,1.0,2.0,8,3.074999999999997e-05,0.8850553286185264,,,,,,,,,,
50,dj_nativegates_ibm_qiskit_opt3_97,,,,,,,,,,,1.0,2.0,8,2.474999999999998e-05,0.8850568621080734,,,,,
52,dj_nativegates_ibm_qiskit_opt3_97,,,,,,,,,,,,,,,,1.0,2.0,8,2.574999999999998e-05,0.8850567852548678
67,dj_nativegates_ibm_qiskit_opt3_97,,,,,,,,,,,1.0,2.0,8,3.324999999999996e-05,0.88505393006891,,,,,
67,dj_nativegates_ibm_qiskit_opt3_97,1.0,2.0,8.0,3.074999999999997e-05,0.8850553983225966,,,,,,,,,,,,,,,
87,dj_nativegates_ibm_qiskit_opt3_97,,,,,,,,,,,,,,,,1.0,2.0,8,4.324999999999993e-05,0.8850438676608088
57,dj_nativegates_ibm_qiskit_opt3_97,,,,,,1.0,2.0,8,2.8249999999999972e-05,0.8850562803471788,,,,,,,,,,
72,dj_nativegates_ibm_qiskit_opt3_97,,,,,,,,,,,,,,,,1.0,2.0,8,3.5749999999999954e-05,0.8850520846983303
65,dj_nativegates_ibm_qiskit_opt3_97,,,,,,,,,,,1.0,2.0,8,3.2249999999999964e-05,0.885054543107272,,,,,
52,dj_nativegates_ibm_qiskit_opt3_97,,,,,,,,,,,1.0,2.0,8,2.574999999999998e-05,0.8850567852548678,,,,,
42,dj_nativegates_ibm_qiskit_opt3_97,,,,,,2.0,3.0,24,2.0749999999999993e-05,0.8841765013642359,,,,,,,,,,
47,dj_nativegates_ibm_qiskit_opt3_97,,,,,,,,,,,2.0,3.0,24,2.3249999999999986e-05,0.8841734215495952,,,,,
77,dj_nativegates_ibm_qiskit_opt3_97,,,,,,1.0,2.0,8,3.824999999999995e-05,0.8850497925067866,,,,,,,,,,
32,dj_nativegates_ibm_qiskit_opt3_97,,,,,,,,,,,,,,,,3.0,4.0,40,1.5750000000000007e-05,0.8832953080582155
72,dj_nativegates_ibm_qiskit_opt3_97,,,,,,,,,,,1.0,2.0,8,3.5749999999999954e-05,0.8850520846983303,,,,,
82,dj_nativegates_ibm_qiskit_opt3_97,1.0,2.0,8.0,3.074999999999997e-05,0.8850553983225966,,,,,,,,,,,,,,,
42,dj_nativegates_ibm_qiskit_opt3_97,2.0,3.0,24.0,1.825e-05,0.8841782808020809,,,,,,,,,,,,,,,
27,dj_nativegates_ibm_qiskit_opt3_97,,,,,,,,,,,3.0,4.0,40,1.3250000000000004e-05,0.8832977153934573,,,,,
87,dj_nativegates_ibm_qiskit_opt3_97,,,,,,,,,,,1.0,2.0,8,4.324999999999993e-05,0.8850438676608088,,,,,
92,dj_nativegates_ibm_qiskit_opt3_97,1.0,2.0,8.0,3.074999999999997e-05,0.8850553983225966,,,,,,,,,,,,,,,
52,dj_nativegates_ibm_qiskit_opt3_97,1.0,2.0,8.0,2.574999999999998e-05,0.8850567852548678,,,,,,,,,,,,,,,
32,dj_nativegates_ibm_qiskit_opt3_97,3.0,4.0,40.0,1.3750000000000004e-05,0.8832976594983505,,,,,,,,,,,,,,,
27,dj_nativegates_ibm_qiskit_opt3_97,,,,,,,,,,,,,,,,3.0,4.0,40,1.3250000000000004e-05,0.8832977153934573
82,dj_nativegates_ibm_qiskit_opt3_97,,,,,,1.0,2.0,8,4.074999999999994e-05,0.8850470534942796,,,,,,,,,,
47,dj_nativegates_ibm_qiskit_opt3_97,,,,,,,,,,,,,,,,2.0,3.0,24,2.3249999999999986e-05,0.8841734215495952
92,dj_nativegates_ibm_qiskit_opt3_97,,,,,,,,,,,1.0,2.0,8,4.5749999999999926e-05,0.8850402350063744,,,,,
37,dj_nativegates_ibm_qiskit_opt3_97,,,,,,2.0,3.0,24,1.825e-05,0.884178248778843,,,,,,,,,,
67,dj_nativegates_ibm_qiskit_opt3_97,,,,,,,,,,,,,,,,1.0,2.0,8,3.324999999999996e-05,0.88505393006891
92,dj_nativegates_ibm_qiskit_opt3_97,,,,,,,,,,,,,,,,1.0,2.0,8,4.5749999999999926e-05,0.8850402350063744
32,dj_nativegates_ibm_qiskit_opt3_97,,,,,,,,,,,3.0,4.0,40,1.5750000000000007e-05,0.8832953080582155,,,,,
65,graphstate_indep_qiskit_80,,,,,,2.0,2.0,34,3.0499999999999996e-06,0.9058851295114381,,,,,,,,,,
50,graphstate_indep_qiskit_80,,,,,,2.0,2.0,34,3.0499999999999996e-06,0.9058851295114381,,,,,,,,,,
27,graphstate_indep_qiskit_80,,,,,,,,,,,,,,,,3.0,4.0,49,3.0499999999999996e-06,0.9049792543387898
16,graphstate_indep_qiskit_80,,,,,,6.0,6.0,48,3.5499999999999995e-06,0.9022670603896235,,,,,,,,,,
16,graphstate_indep_qiskit_80,6.0,6.0,48.0,3.5499999999999995e-06,0.902267060389623,,,,,,,,,,,,,,,
65,graphstate_indep_qiskit_80,,,,,,,,,,,,,,,,2.0,2.0,34,3.0499999999999996e-06,0.9058851295114381
27,graphstate_indep_qiskit_80,,,,,,,,,,,3.0,4.0,49,3.0499999999999996e-06,0.9049792543387896,,,,,
65,graphstate_indep_qiskit_80,2.0,2.0,32.0,3.5499999999999995e-06,0.9058851295114383,,,,,,,,,,,,,,,
27,graphstate_indep_qiskit_80,4.0,4.0,48.0,3.5499999999999995e-06,0.9040742850313567,,,,,,,,,,,,,,,
27,graphstate_indep_qiskit_80,,,,,,3.0,4.0,49,3.0499999999999996e-06,0.9049792543387898,,,,,,,,,,
16,graphstate_indep_qiskit_80,,,,,,,,,,,,,,,,6.0,6.0,49,3.5499999999999995e-06,0.9022670603896235
16,graphstate_indep_qiskit_80,,,,,,,,,,,6.0,6.0,48,3.5499999999999995e-06,0.9022670603896238,,,,,
50,graphstate_indep_qiskit_80,,,,,,,,,,,2.0,2.0,34,3.5499999999999995e-06,0.9058851295114384,,,,,
50,graphstate_indep_qiskit_80,,,,,,,,,,,,,,,,2.0,2.0,34,3.0499999999999996e-06,0.9058851295114381
65,graphstate_indep_qiskit_80,,,,,,,,,,,2.0,2.0,34,3.5499999999999995e-06,0.9058851295114384,,,,,
50,graphstate_indep_qiskit_80,2.0,2.0,32.0,3.5499999999999995e-06,0.9058851295114382,,,,,,,,,,,,,,,
49,ghz_indep_qiskit_73,,,,,,,,,,,,,,,,1.0,2.0,8,2.404999999999998e-05,0.9153502995591337
29,ghz_indep_qiskit_73,,,,,,2.0,3.0,24,1.4050000000000004e-05,0.9144349584057531,,,,,,,,,,
65,ghz_indep_qiskit_73,1.0,2.0,8.0,2.2999999999999983e-05,0.9153502995591335,,,,,,,,,,,,,,,
64,ghz_indep_qiskit_73,,,,,,,,,,,1.0,2.0,8,3.154999999999996e-05,0.9153502995591338,,,,,
64,ghz_indep_qiskit_73,,,,,,,,,,,,,,,,1.0,2.0,8,3.154999999999996e-05,0.9153502995591338
65,ghz_indep_qiskit_73,,,,,,1.0,2.0,8,3.204999999999996e-05,0.9153502995591337,,,,,,,,,,
59,ghz_indep_qiskit_73,,,,,,,,,,,,,,,,1.0,2.0,8,2.9049999999999968e-05,0.9153502995591337
50,ghz_indep_qiskit_73,,,,,,1.0,2.0,8,2.454999999999998e-05,0.9153502995591337,,,,,,,,,,
39,ghz_indep_qiskit_73,,,,,,1.0,2.0,8,1.9049999999999995e-05,0.9153502995591336,,,,,,,,,,
64,ghz_indep_qiskit_73,1.0,2.0,8.0,2.2999999999999983e-05,0.9153502995591335,,,,,,,,,,,,,,,
54,ghz_indep_qiskit_73,1.0,2.0,8.0,2.2999999999999983e-05,0.9153502995591335,,,,,,,,,,,,,,,
39,ghz_indep_qiskit_73,,,,,,,,,,,,,,,,1.0,2.0,8,1.9049999999999995e-05,0.9153502995591336
44,ghz_indep_qiskit_73,1.0,2.0,8.0,2.154999999999999e-05,0.9153502995591336,,,,,,,,,,,,,,,
44,ghz_indep_qiskit_73,,,,,,,,,,,1.0,2.0,8,2.154999999999999e-05,0.9153502995591336,,,,,
24,ghz_indep_qiskit_73,3.0,4.0,40.0,1.0500000000000003e-05,0.91352053258438,,,,,,,,,,,,,,,
54,ghz_indep_qiskit_73,,,,,,,,,,,1.0,2.0,8,2.6549999999999974e-05,0.9153502995591337,,,,,
29,ghz_indep_qiskit_73,,,,,,,,,,,,,,,,2.0,3.0,24,1.4050000000000004e-05,0.9144349584057531
34,ghz_indep_qiskit_73,2.0,3.0,24.0,1.4000000000000005e-05,0.9144349584057528,,,,,,,,,,,,,,,
39,ghz_indep_qiskit_73,1.0,2.0,8.0,1.9049999999999995e-05,0.9153502995591336,,,,,,,,,,,,,,,
49,ghz_indep_qiskit_73,,,,,,1.0,2.0,8,2.404999999999998e-05,0.9153502995591337,,,,,,,,,,
29,ghz_indep_qiskit_73,2.0,3.0,24.0,1.4000000000000005e-05,0.9144349584057528,,,,,,,,,,,,,,,
69,ghz_indep_qiskit_73,1.0,2.0,8.0,2.2999999999999983e-05,0.9153502995591335,,,,,,,,,,,,,,,
16,ghz_indep_qiskit_73,,,,,,4.0,5.0,52,7.550000000000001e-06,0.912607021179691,,,,,,,,,,
49,ghz_indep_qiskit_73,1.0,2.0,8.0,2.2999999999999983e-05,0.9153502995591335,,,,,,,,,,,,,,,
59,ghz_indep_qiskit_73,1.0,2.0,8.0,2.2999999999999983e-05,0.9153502995591335,,,,,,,,,,,,,,,
59,ghz_indep_qiskit_73,,,,,,1.0,2.0,8,2.9049999999999968e-05,0.9153502995591337,,,,,,,,,,
24,ghz_indep_qiskit_73,,,,,,,,,,,3.0,4.0,40,1.1550000000000003e-05,0.9135205325843798,,,,,
27,ghz_indep_qiskit_73,,,,,,,,,,,2.0,3.0,24,1.3050000000000004e-05,0.9144349584057531,,,,,
34,ghz_indep_qiskit_73,,,,,,,,,,,2.0,3.0,24,1.6550000000000002e-05,0.9144349584057532,,,,,
69,ghz_indep_qiskit_73,,,,,,1.0,2.0,8,3.4049999999999954e-05,0.9153502995591339,,,,,,,,,,
27,ghz_indep_qiskit_73,,,,,,2.0,3.0,24,1.3050000000000004e-05,0.9144349584057531,,,,,,,,,,
69,ghz_indep_qiskit_73,,,,,,,,,,,,,,,,1.0,2.0,8,3.4049999999999954e-05,0.9153502995591339
34,ghz_indep_qiskit_73,,,,,,2.0,3.0,24,1.6550000000000002e-05,0.9144349584057532,,,,,,,,,,
69,ghz_indep_qiskit_73,,,,,,,,,,,1.0,2.0,8,3.4049999999999954e-05,0.9153502995591339,,,,,
54,ghz_indep_qiskit_73,,,,,,,,,,,,,,,,1.0,2.0,8,2.6549999999999974e-05,0.9153502995591337
50,ghz_indep_qiskit_73,,,,,,,,,,,,,,,,1.0,2.0,8,2.454999999999998e-05,0.9153502995591337
44,ghz_indep_qiskit_73,,,,,,,,,,,,,,,,1.0,2.0,8,2.154999999999999e-05,0.9153502995591336
24,ghz_indep_qiskit_73,,,,,,3.0,4.0,40,1.1550000000000003e-05,0.9135205325843798,,,,,,,,,,
24,ghz_indep_qiskit_73,,,,,,,,,,,,,,,,3.0,4.0,40,1.1550000000000003e-05,0.9135205325843798
65,ghz_indep_qiskit_73,,,,,,,,,,,,,,,,1.0,2.0,8,3.204999999999996e-05,0.9153502995591337
16,ghz_indep_qiskit_73,,,,,,,,,,,4.0,5.0,52,7.550000000000001e-06,0.912607021179691,,,,,
59,ghz_indep_qiskit_73,,,,,,,,,,,1.0,2.0,8,2.9049999999999968e-05,0.9153502995591337,,,,,
49,ghz_indep_qiskit_73,,,,,,,,,,,1.0,2.0,8,2.404999999999998e-05,0.9153502995591337,,,,,
34,ghz_indep_qiskit_73,,,,,,,,,,,,,,,,2.0,3.0,24,1.6550000000000002e-05,0.9144349584057532
27,ghz_indep_qiskit_73,,,,,,,,,,,,,,,,2.0,3.0,24,1.3050000000000004e-05,0.9144349584057531
54,ghz_indep_qiskit_73,,,,,,1.0,2.0,8,2.6549999999999974e-05,0.9153502995591337,,,,,,,,,,
16,ghz_indep_qiskit_73,4.0,5.0,40.0,7.500000000000002e-06,0.9126070211796912,,,,,,,,,,,,,,,
44,ghz_indep_qiskit_73,,,,,,1.0,2.0,8,2.154999999999999e-05,0.9153502995591336,,,,,,,,,,
64,ghz_indep_qiskit_73,,,,,,1.0,2.0,8,3.154999999999996e-05,0.9153502995591338,,,,,,,,,,
50,ghz_indep_qiskit_73,1.0,2.0,8.0,2.2999999999999983e-05,0.9153502995591335,,,,,,,,,,,,,,,
65,ghz_indep_qiskit_73,,,,,,,,,,,1.0,2.0,8,3.204999999999996e-05,0.9153502995591337,,,,,
39,ghz_indep_qiskit_73,,,,,,,,,,,1.0,2.0,8,1.9049999999999995e-05,0.9153502995591336,,,,,
50,ghz_indep_qiskit_73,,,,,,,,,,,1.0,2.0,8,2.454999999999998e-05,0.9153502995591337,,,,,
16,ghz_indep_qiskit_73,,,,,,,,,,,,,,,,4.0,5.0,52,7.550000000000001e-06,0.912607021179691
29,ghz_indep_qiskit_73,,,,,,,,,,,2.0,3.0,24,1.4050000000000004e-05,0.9144349584057531,,,,,
27,ghz_indep_qiskit_73,2.0,3.0,24.0,1.3050000000000004e-05,0.914434958405753,,,,,,,,,,,,,,,
16,graphstate_indep_qiskit_45,,,,,,4.0,4.0,48,2.5499999999999997e-06,0.9432013818207822,,,,,,,,,,
10,graphstate_indep_qiskit_45,,,,,,,,,,,6.0,6.0,48,3.0499999999999996e-06,0.9413159429718225,,,,,
27,graphstate_indep_qiskit_45,,,,,,,,,,,3.0,3.0,48,2.5499999999999997e-06,0.9441455169603482,,,,,
27,graphstate_indep_qiskit_45,,,,,,,,,,,,,,,,3.0,3.0,48,2.5499999999999997e-06,0.9441455169603482
10,graphstate_indep_qiskit_45,,,,,,,,,,,,,,,,6.0,6.0,48,2.5499999999999997e-06,0.9413159429718225
27,graphstate_indep_qiskit_45,,,,,,3.0,3.0,48,3.0499999999999996e-06,0.9441455169603482,,,,,,,,,,
10,graphstate_indep_qiskit_45,5.0,5.0,48.0,2.5499999999999997e-06,0.9422581908059785,,,,,,,,,,,,,,,
10,graphstate_indep_qiskit_45,,,,,,7.0,6.0,48,2.5499999999999997e-06,0.9403746373751444,,,,,,,,,,
16,graphstate_indep_qiskit_45,,,,,,,,,,,,,,,,4.0,4.0,48,2.5499999999999997e-06,0.9432013818207822
16,graphstate_indep_qiskit_45,3.0,3.0,48.0,3.0499999999999996e-06,0.944145516960348,,,,,,,,,,,,,,,
27,graphstate_indep_qiskit_45,2.0,2.0,32.0,3.0499999999999996e-06,0.945090597169736,,,,,,,,,,,,,,,
16,graphstate_indep_qiskit_45,,,,,,,,,,,4.0,4.0,48,3.0499999999999996e-06,0.9432013818207821,,,,,
27,dj_nativegates_ibm_qiskit_opt3_52,,,,,,1.0,2.0,8,1.3250000000000004e-05,0.9363052946098875,,,,,,,,,,
10,dj_nativegates_ibm_qiskit_opt3_52,,,,,,5.0,6.0,52,4.75e-06,0.9325697544289733,,,,,,,,,,
17,dj_nativegates_ibm_qiskit_opt3_52,,,,,,,,,,,,,,,,3.0,4.0,40,8.25e-06,0.934436103218086
22,dj_nativegates_ibm_qiskit_opt3_52,,,,,,,,,,,2.0,3.0,24,1.0750000000000002e-05,0.9353705885474355,,,,,
17,dj_nativegates_ibm_qiskit_opt3_52,4.0,4.0,84.0,7.250000000000002e-06,0.9335026546734492,,,,,,,,,,,,,,,
17,dj_nativegates_ibm_qiskit_opt3_52,,,,,,,,,,,3.0,4.0,40,8.25e-06,0.934436103218086,,,,,
37,dj_nativegates_ibm_qiskit_opt3_52,,,,,,,,,,,,,,,,1.0,2.0,8,1.825e-05,0.9363042311362774
32,dj_nativegates_ibm_qiskit_opt3_52,,,,,,1.0,2.0,8,1.5750000000000007e-05,0.9363049981548546,,,,,,,,,,
16,dj_nativegates_ibm_qiskit_opt3_52,,,,,,3.0,4.0,40,7.75e-06,0.9344364150100328,,,,,,,,,,
37,dj_nativegates_ibm_qiskit_opt3_52,,,,,,,,,,,1.0,2.0,8,1.825e-05,0.9363042311362774,,,,,
50,dj_nativegates_ibm_qiskit_opt3_52,,,,,,1.0,2.0,8,2.474999999999998e-05,0.936300034650589,,,,,,,,,,
32,dj_nativegates_ibm_qiskit_opt3_52,1.0,2.0,8.0,1.5750000000000007e-05,0.9363049981548546,,,,,,,,,,,,,,,
50,dj_nativegates_ibm_qiskit_opt3_52,,,,,,,,,,,,,,,,1.0,2.0,8,2.474999999999998e-05,0.936300034650589
42,dj_nativegates_ibm_qiskit_opt3_52,,,,,,,,,,,,,,,,1.0,2.0,8,2.0749999999999993e-05,0.9363029935541557
16,dj_nativegates_ibm_qiskit_opt3_52,,,,,,,,,,,,,,,,3.0,4.0,40,7.75e-06,0.9344364150100328
22,dj_nativegates_ibm_qiskit_opt3_52,2.0,3.0,24.0,9.750000000000002e-06,0.9353710070281558,,,,,,,,,,,,,,,
42,dj_nativegates_ibm_qiskit_opt3_52,1.0,2.0,8.0,1.6250000000000005e-05,0.9363048823962228,,,,,,,,,,,,,,,
10,dj_nativegates_ibm_qiskit_opt3_52,,,,,,,,,,,,,,,,5.0,6.0,52,4.75e-06,0.9325697544289733
47,dj_nativegates_ibm_qiskit_opt3_52,,,,,,1.0,2.0,8,2.3249999999999986e-05,0.9363012854084898,,,,,,,,,,
42,dj_nativegates_ibm_qiskit_opt3_52,,,,,,,,,,,1.0,2.0,8,2.0749999999999993e-05,0.9363029935541557,,,,,
22,dj_nativegates_ibm_qiskit_opt3_52,,,,,,,,,,,,,,,,2.0,3.0,24,1.0750000000000002e-05,0.9353705885474355
10,dj_nativegates_ibm_qiskit_opt3_52,5.0,6.0,52.0,4.75e-06,0.9325697787129278,,,,,,,,,,,,,,,
37,dj_nativegates_ibm_qiskit_opt3_52,1.0,2.0,8.0,1.6250000000000005e-05,0.9363048823962228,,,,,,,,,,,,,,,
27,dj_nativegates_ibm_qiskit_opt3_52,1.0,2.0,8.0,1.3250000000000004e-05,0.9363052946098875,,,,,,,,,,,,,,,
47,dj_nativegates_ibm_qiskit_opt3_52,1.0,2.0,8.0,1.6250000000000005e-05,0.9363048823962228,,,,,,,,,,,,,,,
47,dj_nativegates_ibm_qiskit_opt3_52,,,,,,,,,,,1.0,2.0,8,2.3249999999999986e-05,0.9363012854084898,,,,,
27,dj_nativegates_ibm_qiskit_opt3_52,,,,,,,,,,,,,,,,1.0,2.0,8,1.3250000000000004e-05,0.9363052946098875
16,dj_nativegates_ibm_qiskit_opt3_52,3.0,4.0,40.0,7.75e-06,0.934436651004311,,,,,,,,,,,,,,,
42,dj_nativegates_ibm_qiskit_opt3_52,,,,,,1.0,2.0,8,2.0749999999999993e-05,0.9363029935541557,,,,,,,,,,
47,dj_nativegates_ibm_qiskit_opt3_52,,,,,,,,,,,,,,,,1.0,2.0,8,2.3249999999999986e-05,0.9363012854084898
50,dj_nativegates_ibm_qiskit_opt3_52,,,,,,,,,,,1.0,2.0,8,2.474999999999998e-05,0.936300034650589,,,,,
32,dj_nativegates_ibm_qiskit_opt3_52,,,,,,,,,,,1.0,2.0,8,1.5750000000000007e-05,0.9363049981548546,,,,,
37,dj_nativegates_ibm_qiskit_opt3_52,,,,,,1.0,2.0,8,1.825e-05,0.9363042311362774,,,,,,,,,,
16,dj_nativegates_ibm_qiskit_opt3_52,,,,,,,,,,,3.0,4.0,40,7.75e-06,0.9344364150100328,,,,,
50,dj_nativegates_ibm_qiskit_opt3_52,1.0,2.0,8.0,1.6250000000000005e-05,0.9363048823962228,,,,,,,,,,,,,,,
17,dj_nativegates_ibm_qiskit_opt3_52,,,,,,3.0,4.0,40,8.25e-06,0.934436103218086,,,,,,,,,,
27,dj_nativegates_ibm_qiskit_opt3_52,,,,,,,,,,,1.0,2.0,8,1.3250000000000004e-05,0.9363052946098875,,,,,
10,dj_nativegates_ibm_qiskit_opt3_52,,,,,,,,,,,5.0,6.0,52,4.75e-06,0.9325697544289733,,,,,
22,dj_nativegates_ibm_qiskit_opt3_52,,,,,,2.0,3.0,24,1.0750000000000002e-05,0.9353705885474355,,,,,,,,,,
32,dj_nativegates_ibm_qiskit_opt3_52,,,,,,,,,,,,,,,,1.0,2.0,8,1.5750000000000007e-05,0.9363049981548546
10,graphstate_indep_qiskit_26,,,,,,,,,,,,,,,,2.0,3.0,34,3.0499999999999996e-06,0.9670795127288588
10,graphstate_indep_qiskit_26,3.0,3.0,48.0,2.5499999999999997e-06,0.9661124438455989,,,,,,,,,,,,,,,
16,graphstate_indep_qiskit_26,,,,,,2.0,2.0,34,3.0499999999999996e-06,0.9670795127288587,,,,,,,,,,
10,graphstate_indep_qiskit_26,,,,,,,,,,,3.0,3.0,50,2.5499999999999997e-06,0.9661124438455989,,,,,
16,graphstate_indep_qiskit_26,,,,,,,,,,,,,,,,2.0,2.0,34,3.0499999999999996e-06,0.9670795127288587
5,graphstate_indep_qiskit_26,,,,,,,,,,,7.0,7.0,49,2.05e-06,0.9622538292294563,,,,,
16,graphstate_indep_qiskit_26,2.0,2.0,32.0,3.5499999999999995e-06,0.9670795127288588,,,,,,,,,,,,,,,
5,graphstate_indep_qiskit_26,7.0,7.0,48.0,2.05e-06,0.9622538292294563,,,,,,,,,,,,,,,
5,graphstate_indep_qiskit_26,,,,,,7.0,7.0,49,2.05e-06,0.9622538292294563,,,,,,,,,,
5,graphstate_indep_qiskit_26,,,,,,,,,,,,,,,,7.0,7.0,49,2.05e-06,0.9622538292294563
10,graphstate_indep_qiskit_26,,,,,,2.0,3.0,34,3.0499999999999996e-06,0.9670795127288588,,,,,,,,,,
16,graphstate_indep_qiskit_26,,,,,,,,,,,2.0,2.0,34,3.0499999999999996e-06,0.9670795127288587,,,,,
16,wstate_nativegates_ibm_qiskit_opt3_62,,,,,,,,,,,8.0,5.0,256,1.0250000000000004e-05,0.9065481869994975,,,,,
27,wstate_nativegates_ibm_qiskit_opt3_62,,,,,,,,,,,4.0,3.0,256,1.7399999999999996e-05,0.9101833104109325,,,,,
27,wstate_nativegates_ibm_qiskit_opt3_62,4.0,3.0,288.0,1.5449999999999993e-05,0.9101833061311021,,,,,,,,,,,,,,,
27,wstate_nativegates_ibm_qiskit_opt3_62,,,,,,,,,,,,,,,,4.0,3.0,256,1.7399999999999996e-05,0.9101833104109325
16,wstate_nativegates_ibm_qiskit_opt3_62,,,,,,,,,,,,,,,,8.0,5.0,256,1.0250000000000004e-05,0.9065481869994975
50,wstate_nativegates_ibm_qiskit_opt3_62,,,,,,2.0,2.0,32,3.235000000000005e-05,0.9120063345831851,,,,,,,,,,
50,wstate_nativegates_ibm_qiskit_opt3_62,,,,,,,,,,,2.0,2.0,32,3.235000000000005e-05,0.9120063345831851,,,,,
50,wstate_nativegates_ibm_qiskit_opt3_62,,,,,,,,,,,,,,,,2.0,2.0,32,3.235000000000005e-05,0.9120063345831851
50,wstate_nativegates_ibm_qiskit_opt3_62,2.0,2.0,32.0,2.570000000000002e-05,0.9120063332145462,,,,,,,,,,,,,,,
16,wstate_nativegates_ibm_qiskit_opt3_62,8.0,5.0,272.0,9.600000000000005e-06,0.9065481800158643,,,,,,,,,,,,,,,
27,wstate_nativegates_ibm_qiskit_opt3_62,,,,,,4.0,3.0,256,1.7399999999999996e-05,0.9101833104109325,,,,,,,,,,
16,wstate_nativegates_ibm_qiskit_opt3_62,,,,,,8.0,5.0,256,1.0250000000000004e-05,0.9065481869994975,,,,,,,,,,
502,u2random_indep_qiskit_59,,,,,,,,,,,177.0,5.0,1267650600228229401496703205376,4.854999999999991e-05,0.2815612623997574,,,,,
502,u2random_indep_qiskit_59,,,,,,,,,,,,,,,,177.0,5.0,1267650600228229401496703205376,4.854999999999991e-05,0.2815612623997574
502,u2random_indep_qiskit_59,,,,,,177.0,5.0,1267650600228229401496703205376,4.854999999999991e-05,0.2815612623997574,,,,,,,,,,
27,ghz_indep_qiskit_124,,,,,,,,,,,,,,,,4.0,5.0,52,1.3050000000000004e-05,0.8584074111132034
27,ghz_indep_qiskit_124,,,,,,,,,,,4.0,5.0,52,1.3050000000000004e-05,0.8584074111132034,,,,,
65,ghz_indep_qiskit_124,,,,,,,,,,,,,,,,1.0,2.0,8,3.204999999999996e-05,0.8609877665531778
50,ghz_indep_qiskit_124,,,,,,,,,,,2.0,3.0,24,2.454999999999998e-05,0.860126787389613,,,,,
65,ghz_indep_qiskit_124,,,,,,,,,,,1.0,2.0,8,3.204999999999996e-05,0.8609877665531778,,,,,
50,ghz_indep_qiskit_124,2.0,3.0,24.0,2.449999999999998e-05,0.8601267873896131,,,,,,,,,,,,,,,
65,ghz_indep_qiskit_124,1.0,2.0,8.0,3.149999999999996e-05,0.8609877665531777,,,,,,,,,,,,,,,
50,ghz_indep_qiskit_124,,,,,,,,,,,,,,,,2.0,3.0,24,2.454999999999998e-05,0.860126787389613
50,ghz_indep_qiskit_124,,,,,,2.0,3.0,24,2.454999999999998e-05,0.860126787389613,,,,,,,,,,
65,ghz_indep_qiskit_124,,,,,,1.0,2.0,8,3.204999999999996e-05,0.8609877665531778,,,,,,,,,,
27,ghz_indep_qiskit_124,4.0,5.0,40.0,1.3000000000000004e-05,0.8584074111132033,,,,,,,,,,,,,,,
27,ghz_indep_qiskit_124,,,,,,4.0,5.0,52,1.3050000000000004e-05,0.8584074111132034,,,,,,,,,,
27,ghz_nativegates_ibm_qiskit_opt3_123,,,,,,,,,,,,,,,,4.0,5.0,52,1.3150000000000005e-05,0.8594213748418124
65,ghz_nativegates_ibm_qiskit_opt3_123,,,,,,,,,,,,,,,,1.0,2.0,8,3.214999999999996e-05,0.8620047782363933
65,ghz_nativegates_ibm_qiskit_opt3_123,,,,,,,,,,,1.0,2.0,8,3.214999999999996e-05,0.8620047782363933,,,,,
50,ghz_nativegates_ibm_qiskit_opt3_123,,,,,,,,,,,2.0,3.0,24,2.464999999999998e-05,0.8611427820713075,,,,,
27,ghz_nativegates_ibm_qiskit_opt3_123,,,,,,4.0,5.0,52,1.3150000000000005e-05,0.8594213748418124,,,,,,,,,,
65,ghz_nativegates_ibm_qiskit_opt3_123,1.0,2.0,8.0,3.149999999999996e-05,0.8620047782363932,,,,,,,,,,,,,,,
27,ghz_nativegates_ibm_qiskit_opt3_123,,,,,,,,,,,4.0,5.0,52,1.3150000000000005e-05,0.8594213748418124,,,,,
50,ghz_nativegates_ibm_qiskit_opt3_123,2.0,3.0,24.0,2.099999999999999e-05,0.8611427820713077,,,,,,,,,,,,,,,
50,ghz_nativegates_ibm_qiskit_opt3_123,,,,,,,,,,,,,,,,2.0,3.0,24,2.464999999999998e-05,0.8611427820713075
50,ghz_nativegates_ibm_qiskit_opt3_123,,,,,,2.0,3.0,24,2.464999999999998e-05,0.8611427820713075,,,,,,,,,,
65,ghz_nativegates_ibm_qiskit_opt3_123,,,,,,1.0,2.0,8,3.214999999999996e-05,0.8620047782363933,,,,,,,,,,
27,ghz_nativegates_ibm_qiskit_opt3_123,4.0,5.0,40.0,1.3000000000000004e-05,0.8594213748418125,,,,,,,,,,,,,,,
16,graphstate_indep_qiskit_17,,,,,,,,,,,0.0,2.0,3,3.0499999999999996e-06,0.9796314195386306,,,,,
10,graphstate_indep_qiskit_17,,,,,,0.0,2.0,3,3.0499999999999996e-06,0.9796314195386306,,,,,,,,,,
5,graphstate_indep_qiskit_17,,,,,,,,,,,,,,,,4.0,5.0,49,1.55e-06,0.9757188106720914
15,graphstate_indep_qiskit_17,,,,,,,,,,,0.0,2.0,3,3.0499999999999996e-06,0.9796314195386306,,,,,
5,graphstate_indep_qiskit_17,,,,,,5.0,5.0,48,1.55e-06,0.9747431025858455,,,,,,,,,,
15,graphstate_indep_qiskit_17,,,,,,0.0,2.0,3,3.0499999999999996e-06,0.9796314195386306,,,,,,,,,,
5,graphstate_indep_qiskit_17,,,,,,,,,,,4.0,5.0,49,1.55e-06,0.9757188106720914,,,,,
5,graphstate_indep_qiskit_17,5.0,5.0,48.0,2.05e-06,0.9747431025858453,,,,,,,,,,,,,,,
16,graphstate_indep_qiskit_17,,,,,,,,,,,,,,,,0.0,2.0,3,3.0499999999999996e-06,0.9796314195386306
15,graphstate_indep_qiskit_17,,,,,,,,,,,,,,,,0.0,2.0,3,3.0499999999999996e-06,0.9796314195386306
10,graphstate_indep_qiskit_17,,,,,,,,,,,0.0,2.0,3,3.0499999999999996e-06,0.9796314195386306,,,,,
10,graphstate_indep_qiskit_17,,,,,,,,,,,,,,,,0.0,2.0,3,3.0499999999999996e-06,0.9796314195386306
16,graphstate_indep_qiskit_17,,,,,,0.0,2.0,3,3.0499999999999996e-06,0.9796314195386306,,,,,,,,,,
27,e_nativegates_ibm_qiskit_opt3_30,,,,,,,,,,,44.0,3.0,18014398509481984,5.699999999999997e-05,0.7924924652962586,,,,,
16,e_nativegates_ibm_qiskit_opt3_30,,,,,,68.0,7.0,4294967296,4.8749999999999986e-05,0.7738045005960271,,,,,,,,,,
10,e_nativegates_ibm_qiskit_opt3_30,,,,,,129.0,17.0,1048576,1.9050000000000002e-05,0.7280593626474058,,,,,,,,,,
27,e_nativegates_ibm_qiskit_opt3_30,22.0,2.0,17592186044416.0,6.170000000000006e-05,0.8101652145100815,,,,,,,,,,,,,,,
16,e_nativegates_ibm_qiskit_opt3_30,,,,,,,,,,,,,,,,79.0,7.0,4294967296,4.8749999999999986e-05,0.7653526526276689
27,e_nativegates_ibm_qiskit_opt3_30,,,,,,,,,,,,,,,,44.0,3.0,18014398509481984,5.699999999999997e-05,0.7924924652962586
10,e_nativegates_ibm_qiskit_opt3_30,,,,,,,,,,,,,,,,139.0,17.0,1048576,1.9050000000000002e-05,0.7208131982692396
10,e_nativegates_ibm_qiskit_opt3_30,,,,,,,,,,,139.0,17.0,1048576,1.9050000000000002e-05,0.7208131982692396,,,,,
16,e_nativegates_ibm_qiskit_opt3_30,,,,,,,,,,,79.0,7.0,4294967296,4.8749999999999986e-05,0.7653526526276689,,,,,
27,e_nativegates_ibm_qiskit_opt3_30,,,,,,44.0,3.0,18014398509481984,5.699999999999997e-05,0.7924924652962586,,,,,,,,,,
50,e_nativegates_ibm_qiskit_opt3_126,,,,,,,,,,,,,,,,151.0,6.0,1267650600228229401496703205376,0.00014005000000000048,0.3090443054653678
50,e_nativegates_ibm_qiskit_opt3_126,,,,,,,,,,,151.0,6.0,1267650600228229401496703205376,0.00014005000000000048,0.3090443054653678,,,,,
65,e_nativegates_ibm_qiskit_opt3_126,,,,,,,,,,,99.0,4.0,1361129467683753853853498429727072845824,0.0002199000000000027,0.32545643183851486,,,,,
65,e_nativegates_ibm_qiskit_opt3_126,,,,,,,,,,,,,,,,99.0,4.0,1361129467683753853853498429727072845824,0.0002199000000000027,0.32545643183851486
65,e_nativegates_ibm_qiskit_opt3_126,,,,,,99.0,4.0,1361129467683753853853498429727072845824,0.0002199000000000027,0.32545643183851486,,,,,,,,,,
50,e_nativegates_ibm_qiskit_opt3_126,,,,,,151.0,6.0,1267650600228229401496703205376,0.00014005000000000048,0.3090443054653678,,,,,,,,,,
27,dj_nativegates_ibm_qiskit_opt3_53,,,,,,,,,,,1.0,2.0,8,1.3250000000000004e-05,0.9351349267053298,,,,,
16,dj_nativegates_ibm_qiskit_opt3_53,,,,,,,,,,,,,,,,3.0,4.0,40,7.75e-06,0.9332685610675653
10,dj_nativegates_ibm_qiskit_opt3_53,,,,,,,,,,,5.0,6.0,52,4.75e-06,0.9314042334295332,,,,,
50,dj_nativegates_ibm_qiskit_opt3_53,,,,,,,,,,,,,,,,1.0,2.0,8,2.474999999999998e-05,0.9351298890045302
16,dj_nativegates_ibm_qiskit_opt3_53,,,,,,,,,,,3.0,4.0,40,7.75e-06,0.9332685610675653,,,,,
10,dj_nativegates_ibm_qiskit_opt3_53,,,,,,,,,,,,,,,,5.0,6.0,52,4.75e-06,0.9314042334295332
10,dj_nativegates_ibm_qiskit_opt3_53,5.0,6.0,40.0,4.75e-06,0.9314042427584959,,,,,,,,,,,,,,,
50,dj_nativegates_ibm_qiskit_opt3_53,,,,,,,,,,,1.0,2.0,8,2.474999999999998e-05,0.9351298890045302,,,,,
50,dj_nativegates_ibm_qiskit_opt3_53,,,,,,1.0,2.0,8,2.474999999999998e-05,0.9351298890045302,,,,,,,,,,
50,dj_nativegates_ibm_qiskit_opt3_53,1.0,2.0,8.0,1.6250000000000005e-05,0.9351346052099625,,,,,,,,,,,,,,,
27,dj_nativegates_ibm_qiskit_opt3_53,,,,,,,,,,,,,,,,1.0,2.0,8,1.3250000000000004e-05,0.9351349267053298
16,dj_nativegates_ibm_qiskit_opt3_53,,,,,,3.0,4.0,40,7.75e-06,0.9332685610675653,,,,,,,,,,
16,dj_nativegates_ibm_qiskit_opt3_53,3.0,4.0,40.0,7.75e-06,0.93326872194835,,,,,,,,,,,,,,,
27,dj_nativegates_ibm_qiskit_opt3_53,1.0,2.0,8.0,1.3250000000000004e-05,0.9351349267053298,,,,,,,,,,,,,,,
27,dj_nativegates_ibm_qiskit_opt3_53,,,,,,1.0,2.0,8,1.3250000000000004e-05,0.9351349267053298,,,,,,,,,,
10,dj_nativegates_ibm_qiskit_opt3_53,,,,,,5.0,6.0,52,4.75e-06,0.9314042334295332,,,,,,,,,,
16,e_nativegates_ibm_qiskit_opt3_64,,,,,,,,,,,,,,,,246.0,21.0,4294967296,3.334999999999999e-05,0.4821521593777346
27,e_nativegates_ibm_qiskit_opt3_64,,,,,,,,,,,,,,,,122.0,7.0,18014398509481984,6.819999999999995e-05,0.5456116548517573
16,e_nativegates_ibm_qiskit_opt3_64,,,,,,,,,,,246.0,21.0,4294967296,3.334999999999999e-05,0.4821521593777346,,,,,
50,e_nativegates_ibm_qiskit_opt3_64,,,,,,,,,,,67.0,3.0,1267650600228229401496703205376,0.00012184999999999993,0.5762498236220387,,,,,
27,e_nativegates_ibm_qiskit_opt3_64,,,,,,122.0,7.0,18014398509481984,6.819999999999995e-05,0.5456116548517573,,,,,,,,,,
50,e_nativegates_ibm_qiskit_opt3_64,,,,,,67.0,3.0,1267650600228229401496703205376,0.00012184999999999993,0.5762498236220387,,,,,,,,,,
27,e_nativegates_ibm_qiskit_opt3_64,,,,,,,,,,,122.0,7.0,18014398509481984,6.819999999999995e-05,0.5456116548517573,,,,,
16,e_nativegates_ibm_qiskit_opt3_64,,,,,,221.0,19.0,4294967296,3.334999999999999e-05,0.4943241831964266,,,,,,,,,,
50,e_nativegates_ibm_qiskit_opt3_64,,,,,,,,,,,,,,,,67.0,3.0,1267650600228229401496703205376,0.00012184999999999993,0.5762498236220387
34,ghz_indep_qiskit_43,,,,,,,,,,,,,,,,1.0,2.0,8,1.6550000000000002e-05,0.9489180522034227
39,ghz_indep_qiskit_43,,,,,,1.0,2.0,8,1.9049999999999995e-05,0.9489180522034228,,,,,,,,,,
19,ghz_indep_qiskit_43,,,,,,,,,,,,,,,,2.0,3.0,24,9.050000000000001e-06,0.9479691436328067
29,ghz_indep_qiskit_43,,,,,,1.0,2.0,8,1.4050000000000004e-05,0.9489180522034226,,,,,,,,,,
24,ghz_indep_qiskit_43,,,,,,,,,,,,,,,,1.0,2.0,8,1.1550000000000003e-05,0.9489180522034226
39,ghz_indep_qiskit_43,1.0,2.0,8.0,1.3000000000000004e-05,0.9489180522034225,,,,,,,,,,,,,,,
29,ghz_indep_qiskit_43,1.0,2.0,8.0,1.3000000000000004e-05,0.9489180522034225,,,,,,,,,,,,,,,
19,ghz_indep_qiskit_43,2.0,3.0,24.0,8.000000000000001e-06,0.9479691436328066,,,,,,,,,,,,,,,
19,ghz_indep_qiskit_43,,,,,,2.0,3.0,24,9.050000000000001e-06,0.9479691436328067,,,,,,,,,,
16,ghz_indep_qiskit_43,,,,,,2.0,3.0,24,7.550000000000001e-06,0.9479691436328066,,,,,,,,,,
24,ghz_indep_qiskit_43,1.0,2.0,8.0,1.1550000000000003e-05,0.9489180522034226,,,,,,,,,,,,,,,
34,ghz_indep_qiskit_43,1.0,2.0,8.0,1.3000000000000004e-05,0.9489180522034225,,,,,,,,,,,,,,,
16,ghz_indep_qiskit_43,,,,,,,,,,,,,,,,2.0,3.0,24,7.550000000000001e-06,0.9479691436328066
14,ghz_indep_qiskit_43,,,,,,,,,,,3.0,4.0,40,6.550000000000001e-06,0.9470211839612801,,,,,
14,ghz_indep_qiskit_43,3.0,4.0,40.0,6.000000000000001e-06,0.94702118396128,,,,,,,,,,,,,,,
34,ghz_indep_qiskit_43,,,,,,,,,,,1.0,2.0,8,1.6550000000000002e-05,0.9489180522034227,,,,,
27,ghz_indep_qiskit_43,,,,,,,,,,,1.0,2.0,8,1.3050000000000004e-05,0.9489180522034226,,,,,
24,ghz_indep_qiskit_43,,,,,,,,,,,1.0,2.0,8,1.1550000000000003e-05,0.9489180522034226,,,,,
10,ghz_indep_qiskit_43,,,,,,4.0,5.0,52,4.55e-06,0.9460741722399528,,,,,,,,,,
27,ghz_indep_qiskit_43,,,,,,,,,,,,,,,,1.0,2.0,8,1.3050000000000004e-05,0.9489180522034226
14,ghz_indep_qiskit_43,,,,,,,,,,,,,,,,3.0,4.0,40,6.550000000000001e-06,0.9470211839612801
24,ghz_indep_qiskit_43,,,,,,1.0,2.0,8,1.1550000000000003e-05,0.9489180522034226,,,,,,,,,,
29,ghz_indep_qiskit_43,,,,,,,,,,,,,,,,1.0,2.0,8,1.4050000000000004e-05,0.9489180522034226
10,ghz_indep_qiskit_43,,,,,,,,,,,4.0,5.0,52,4.55e-06,0.9460741722399528,,,,,
10,ghz_indep_qiskit_43,4.0,5.0,40.0,4.55e-06,0.9460741722399527,,,,,,,,,,,,,,,
39,ghz_indep_qiskit_43,,,,,,,,,,,,,,,,1.0,2.0,8,1.9049999999999995e-05,0.9489180522034228
34,ghz_indep_qiskit_43,,,,,,1.0,2.0,8,1.6550000000000002e-05,0.9489180522034227,,,,,,,,,,
10,ghz_indep_qiskit_43,,,,,,,,,,,,,,,,4.0,5.0,52,4.55e-06,0.9460741722399528
27,ghz_indep_qiskit_43,,,,,,1.0,2.0,8,1.3050000000000004e-05,0.9489180522034226,,,,,,,,,,
27,ghz_indep_qiskit_43,1.0,2.0,8.0,1.3000000000000004e-05,0.9489180522034225,,,,,,,,,,,,,,,
14,ghz_indep_qiskit_43,,,,,,3.0,4.0,40,6.550000000000001e-06,0.9470211839612801,,,,,,,,,,
16,ghz_indep_qiskit_43,,,,,,,,,,,2.0,3.0,24,7.550000000000001e-06,0.9479691436328066,,,,,
16,ghz_indep_qiskit_43,2.0,3.0,24.0,7.500000000000002e-06,0.9479691436328066,,,,,,,,,,,,,,,
19,ghz_indep_qiskit_43,,,,,,,,,,,2.0,3.0,24,9.050000000000001e-06,0.9479691436328067,,,,,
29,ghz_indep_qiskit_43,,,,,,,,,,,1.0,2.0,8,1.4050000000000004e-05,0.9489180522034226,,,,,
39,ghz_indep_qiskit_43,,,,,,,,,,,1.0,2.0,8,1.9049999999999995e-05,0.9489180522034228,,,,,
10,pricingcall_indep_qiskit_15,,,,,,40.0,6.0,268435456,7.259999999999998e-05,0.9038308951199552,,,,,,,,,,
10,pricingcall_indep_qiskit_15,,,,,,,,,,,,,,,,40.0,6.0,268435456,7.259999999999998e-05,0.9038308951199552
10,pricingcall_indep_qiskit_15,,,,,,,,,,,40.0,6.0,268435456,7.259999999999998e-05,0.9038308951199552,,,,,
50,e_nativegates_ibm_qiskit_opt3_117,,,,,,151.0,6.0,1267650600228229401496703205376,0.0001274500000000001,0.33417668890795427,,,,,,,,,,
65,e_nativegates_ibm_qiskit_opt3_117,,,,,,99.0,4.0,1361129467683753853853498429727072845824,0.0002073000000000023,0.35194231426395545,,,,,,,,,,
65,e_nativegates_ibm_qiskit_opt3_117,,,,,,,,,,,,,,,,99.0,4.0,1361129467683753853853498429727072845824,0.0002073000000000023,0.35194231426395545
65,e_nativegates_ibm_qiskit_opt3_117,,,,,,,,,,,99.0,4.0,1361129467683753853853498429727072845824,0.0002073000000000023,0.35194231426395545,,,,,
50,e_nativegates_ibm_qiskit_opt3_117,,,,,,,,,,,151.0,6.0,1267650600228229401496703205376,0.0001274500000000001,0.33417668890795427,,,,,
50,e_nativegates_ibm_qiskit_opt3_117,,,,,,,,,,,,,,,,151.0,6.0,1267650600228229401496703205376,0.0001274500000000001,0.33417668890795427
65,graphstate_indep_qiskit_72,,,,,,,,,,,,,,,,2.0,2.0,32,4.049999999999999e-06,0.9147004992589021
27,graphstate_indep_qiskit_72,,,,,,5.0,4.0,48,4.55e-06,0.9119591710488958,,,,,,,,,,
16,graphstate_indep_qiskit_72,5.0,5.0,48.0,4.55e-06,0.9119591710488958,,,,,,,,,,,,,,,
65,graphstate_indep_qiskit_72,,,,,,,,,,,2.0,2.0,32,4.049999999999999e-06,0.9147004992589021,,,,,
50,graphstate_indep_qiskit_72,,,,,,,,,,,2.0,2.0,32,4.049999999999999e-06,0.9147004992589021,,,,,
27,graphstate_indep_qiskit_72,3.0,3.0,48.0,2.5499999999999997e-06,0.9137858088133983,,,,,,,,,,,,,,,
65,graphstate_indep_qiskit_72,2.0,2.0,32.0,4.55e-06,0.9147004992589022,,,,,,,,,,,,,,,
16,graphstate_indep_qiskit_72,,,,,,,,,,,6.0,6.0,48,2.5499999999999997e-06,0.9110472219014707,,,,,
27,graphstate_indep_qiskit_72,,,,,,,,,,,,,,,,4.0,4.0,48,4.55e-06,0.9128720330482863
16,graphstate_indep_qiskit_72,,,,,,5.0,5.0,48,3.0499999999999996e-06,0.9119591710488953,,,,,,,,,,
50,graphstate_indep_qiskit_72,,,,,,2.0,2.0,32,4.55e-06,0.914700499258902,,,,,,,,,,
65,graphstate_indep_qiskit_72,,,,,,2.0,2.0,32,4.55e-06,0.914700499258902,,,,,,,,,,
50,graphstate_indep_qiskit_72,,,,,,,,,,,,,,,,2.0,2.0,32,4.049999999999999e-06,0.9147004992589021
16,graphstate_indep_qiskit_72,,,,,,,,,,,,,,,,6.0,6.0,48,2.5499999999999997e-06,0.9110472219014708
27,graphstate_indep_qiskit_72,,,,,,,,,,,5.0,4.0,48,4.049999999999999e-06,0.911959171048896,,,,,
50,graphstate_indep_qiskit_72,2.0,2.0,32.0,4.55e-06,0.9147004992589024,,,,,,,,,,,,,,,
10,wstate_nativegates_ibm_qiskit_opt3_36,,,,,,8.0,5.0,256,6.350000000000004e-06,0.9416370906845789,,,,,,,,,,
27,wstate_nativegates_ibm_qiskit_opt3_36,,,,,,2.0,2.0,32,1.7399999999999996e-05,0.9473065016270258,,,,,,,,,,
27,wstate_nativegates_ibm_qiskit_opt3_36,2.0,2.0,32.0,1.5299999999999996e-05,0.9473065002054121,,,,,,,,,,,,,,,
16,wstate_nativegates_ibm_qiskit_opt3_36,,,,,,4.0,3.0,256,1.0250000000000004e-05,0.9454129153815009,,,,,,,,,,
16,wstate_nativegates_ibm_qiskit_opt3_36,,,,,,,,,,,4.0,3.0,256,1.0250000000000004e-05,0.9454129153815009,,,,,
10,wstate_nativegates_ibm_qiskit_opt3_36,8.0,5.0,272.0,6.2000000000000025e-06,0.9416370818291168,,,,,,,,,,,,,,,
27,wstate_nativegates_ibm_qiskit_opt3_36,,,,,,,,,,,2.0,2.0,32,1.7399999999999996e-05,0.9473065016270258,,,,,
16,wstate_nativegates_ibm_qiskit_opt3_36,4.0,3.0,288.0,9.600000000000005e-06,0.9454129109360154,,,,,,,,,,,,,,,
27,wstate_nativegates_ibm_qiskit_opt3_36,,,,,,,,,,,,,,,,2.0,2.0,32,1.7399999999999996e-05,0.9473065016270258
16,wstate_nativegates_ibm_qiskit_opt3_36,,,,,,,,,,,,,,,,4.0,3.0,256,1.0250000000000004e-05,0.9454129153815009
10,wstate_nativegates_ibm_qiskit_opt3_36,,,,,,,,,,,8.0,5.0,256,6.350000000000004e-06,0.9416370906845789,,,,,
10,wstate_nativegates_ibm_qiskit_opt3_36,,,,,,,,,,,,,,,,8.0,5.0,256,6.350000000000004e-06,0.9416370906845789
27,e_nativegates_ibm_qiskit_opt3_52,,,,,,78.0,5.0,18014398509481984,8.780000000000005e-05,0.6327789470904254,,,,,,,,,,
50,e_nativegates_ibm_qiskit_opt3_52,,,,,,,,,,,67.0,3.0,1267650600228229401496703205376,0.00010504999999999992,0.6395758942844337,,,,,
17,e_nativegates_ibm_qiskit_opt3_52,,,,,,,,,,,187.0,16.0,17179869184,3.549999999999999e-05,0.5675977115338455,,,,,
47,e_nativegates_ibm_qiskit_opt3_52,,,,,,64.0,3.0,19807040628566084398385987584,0.00010279999999999994,0.6415322144512968,,,,,,,,,,
16,e_nativegates_ibm_qiskit_opt3_52,,,,,,,,,,,184.0,16.0,4294967296,3.7549999999999984e-05,0.5693055378479105,,,,,
37,e_nativegates_ibm_qiskit_opt3_52,,,,,,,,,,,,,,,,54.0,3.0,18889465931478580854784,9.529999999999996e-05,0.6480362783689378
37,e_nativegates_ibm_qiskit_opt3_52,,,,,,,,,,,54.0,3.0,18889465931478580854784,9.529999999999996e-05,0.6480362783689378,,,,,
32,e_nativegates_ibm_qiskit_opt3_52,,,,,,66.0,4.0,18446744073709551616,9.155e-05,0.6403545864837343,,,,,,,,,,
47,e_nativegates_ibm_qiskit_opt3_52,,,,,,,,,,,,,,,,64.0,3.0,19807040628566084398385987584,0.00010279999999999994,0.6415322144512968
42,e_nativegates_ibm_qiskit_opt3_52,,,,,,,,,,,59.0,3.0,19342813113834066795298816,9.904999999999993e-05,0.6447865550615837,,,,,
22,e_nativegates_ibm_qiskit_opt3_52,,,,,,,,,,,123.0,8.0,17592186044416,5.464999999999996e-05,0.6050175804461431,,,,,
27,e_nativegates_ibm_qiskit_opt3_52,,,,,,,,,,,,,,,,78.0,5.0,18014398509481984,8.780000000000005e-05,0.6327789470904254
16,e_nativegates_ibm_qiskit_opt3_52,,,,,,,,,,,,,,,,184.0,16.0,4294967296,3.7549999999999984e-05,0.5693055378479105
22,e_nativegates_ibm_qiskit_opt3_52,,,,,,123.0,8.0,17592186044416,5.464999999999996e-05,0.6050175804461431,,,,,,,,,,
42,e_nativegates_ibm_qiskit_opt3_52,,,,,,59.0,3.0,19342813113834066795298816,9.904999999999993e-05,0.6447865550615837,,,,,,,,,,
50,e_nativegates_ibm_qiskit_opt3_52,,,,,,,,,,,,,,,,67.0,3.0,1267650600228229401496703205376,0.00010504999999999992,0.6395758942844337
32,e_nativegates_ibm_qiskit_opt3_52,,,,,,,,,,,66.0,4.0,18446744073709551616,9.155e-05,0.6403545864837343,,,,,
32,e_nativegates_ibm_qiskit_opt3_52,,,,,,,,,,,,,,,,66.0,4.0,18446744073709551616,9.155e-05,0.6403545864837343
17,e_nativegates_ibm_qiskit_opt3_52,,,,,,,,,,,,,,,,187.0,16.0,17179869184,3.549999999999999e-05,0.5675977115338455
16,e_nativegates_ibm_qiskit_opt3_52,,,,,,166.0,15.0,4294967296,3.7549999999999984e-05,0.5796179335678847,,,,,,,,,,
37,e_nativegates_ibm_qiskit_opt3_52,,,,,,54.0,3.0,18889465931478580854784,9.529999999999996e-05,0.6480362783689378,,,,,,,,,,
17,e_nativegates_ibm_qiskit_opt3_52,,,,,,169.0,14.0,17179869184,3.549999999999999e-05,0.577856351592369,,,,,,,,,,
42,e_nativegates_ibm_qiskit_opt3_52,,,,,,,,,,,,,,,,59.0,3.0,19342813113834066795298816,9.904999999999993e-05,0.6447865550615837
47,e_nativegates_ibm_qiskit_opt3_52,,,,,,,,,,,64.0,3.0,19807040628566084398385987584,0.00010279999999999994,0.6415322144512968,,,,,
27,e_nativegates_ibm_qiskit_opt3_52,,,,,,,,,,,78.0,5.0,18014398509481984,8.780000000000005e-05,0.6327789470904254,,,,,
50,e_nativegates_ibm_qiskit_opt3_52,,,,,,67.0,3.0,1267650600228229401496703205376,0.00010504999999999992,0.6395758942844337,,,,,,,,,,
22,e_nativegates_ibm_qiskit_opt3_52,,,,,,,,,,,,,,,,123.0,8.0,17592186044416,5.464999999999996e-05,0.6050175804461431
27,ghz_indep_qiskit_75,,,,,,,,,,,2.0,3.0,24,1.3050000000000004e-05,0.9122419966270107,,,,,
35,ghz_indep_qiskit_75,,,,,,2.0,3.0,24,1.705e-05,0.9122419966270107,,,,,,,,,,
16,ghz_indep_qiskit_75,,,,,,,,,,,,,,,,4.0,5.0,52,7.550000000000001e-06,0.9104184430877639
25,ghz_indep_qiskit_75,,,,,,3.0,4.0,40,1.2050000000000003e-05,0.911329763745504,,,,,,,,,,
16,ghz_indep_qiskit_75,,,,,,4.0,5.0,52,7.550000000000001e-06,0.9104184430877639,,,,,,,,,,
30,ghz_indep_qiskit_75,,,,,,2.0,3.0,24,1.4550000000000005e-05,0.9122419966270106,,,,,,,,,,
27,ghz_indep_qiskit_75,,,,,,,,,,,,,,,,2.0,3.0,24,1.3050000000000004e-05,0.9122419966270107
40,ghz_indep_qiskit_75,1.0,2.0,8.0,1.9549999999999994e-05,0.9131551426454114,,,,,,,,,,,,,,,
55,ghz_indep_qiskit_75,,,,,,1.0,2.0,8,2.7049999999999973e-05,0.9131551426454115,,,,,,,,,,
50,ghz_indep_qiskit_75,1.0,2.0,8.0,2.3549999999999983e-05,0.9131551426454115,,,,,,,,,,,,,,,
60,ghz_indep_qiskit_75,1.0,2.0,8.0,2.3549999999999983e-05,0.9131551426454115,,,,,,,,,,,,,,,
60,ghz_indep_qiskit_75,,,,,,1.0,2.0,8,2.9549999999999966e-05,0.9131551426454115,,,,,,,,,,
70,ghz_indep_qiskit_75,1.0,2.0,8.0,2.3549999999999983e-05,0.9131551426454115,,,,,,,,,,,,,,,
70,ghz_indep_qiskit_75,,,,,,1.0,2.0,8,3.454999999999995e-05,0.9131551426454118,,,,,,,,,,
30,ghz_indep_qiskit_75,,,,,,,,,,,,,,,,2.0,3.0,24,1.4550000000000005e-05,0.9122419966270106
65,ghz_indep_qiskit_75,,,,,,,,,,,,,,,,1.0,2.0,8,3.204999999999996e-05,0.9131551426454115
27,ghz_indep_qiskit_75,2.0,3.0,24.0,1.3000000000000004e-05,0.9122419966270103,,,,,,,,,,,,,,,
30,ghz_indep_qiskit_75,2.0,3.0,24.0,1.4000000000000005e-05,0.9122419966270103,,,,,,,,,,,,,,,
45,ghz_indep_qiskit_75,,,,,,1.0,2.0,8,2.2049999999999987e-05,0.9131551426454114,,,,,,,,,,
50,ghz_indep_qiskit_75,,,,,,,,,,,,,,,,1.0,2.0,8,2.454999999999998e-05,0.9131551426454114
65,ghz_indep_qiskit_75,,,,,,1.0,2.0,8,3.204999999999996e-05,0.9131551426454115,,,,,,,,,,
50,ghz_indep_qiskit_75,,,,,,1.0,2.0,8,2.454999999999998e-05,0.9131551426454114,,,,,,,,,,
40,ghz_indep_qiskit_75,,,,,,1.0,2.0,8,1.9549999999999994e-05,0.9131551426454114,,,,,,,,,,
40,ghz_indep_qiskit_75,,,,,,,,,,,,,,,,1.0,2.0,8,1.9549999999999994e-05,0.9131551426454114
16,ghz_indep_qiskit_75,4.0,5.0,40.0,7.550000000000001e-06,0.9104184430877639,,,,,,,,,,,,,,,
40,ghz_indep_qiskit_75,,,,,,,,,,,1.0,2.0,8,1.9549999999999994e-05,0.9131551426454114,,,,,
65,ghz_indep_qiskit_75,,,,,,,,,,,1.0,2.0,8,3.204999999999996e-05,0.9131551426454115,,,,,
50,ghz_indep_qiskit_75,,,,,,,,,,,1.0,2.0,8,2.454999999999998e-05,0.9131551426454114,,,,,
45,ghz_indep_qiskit_75,1.0,2.0,8.0,2.2049999999999987e-05,0.9131551426454114,,,,,,,,,,,,,,,
70,ghz_indep_qiskit_75,,,,,,,,,,,1.0,2.0,8,3.454999999999995e-05,0.9131551426454118,,,,,
55,ghz_indep_qiskit_75,1.0,2.0,8.0,2.3549999999999983e-05,0.9131551426454115,,,,,,,,,,,,,,,
65,ghz_indep_qiskit_75,1.0,2.0,8.0,2.3549999999999983e-05,0.9131551426454115,,,,,,,,,,,,,,,
45,ghz_indep_qiskit_75,,,,,,,,,,,1.0,2.0,8,2.2049999999999987e-05,0.9131551426454114,,,,,
55,ghz_indep_qiskit_75,,,,,,,,,,,1.0,2.0,8,2.7049999999999973e-05,0.9131551426454115,,,,,
35,ghz_indep_qiskit_75,2.0,3.0,24.0,1.3550000000000004e-05,0.9122419966270106,,,,,,,,,,,,,,,
25,ghz_indep_qiskit_75,3.0,4.0,40.0,1.1500000000000003e-05,0.9113297637455042,,,,,,,,,,,,,,,
60,ghz_indep_qiskit_75,,,,,,,,,,,1.0,2.0,8,2.9549999999999966e-05,0.9131551426454115,,,,,
55,ghz_indep_qiskit_75,,,,,,,,,,,,,,,,1.0,2.0,8,2.7049999999999973e-05,0.9131551426454115
16,ghz_indep_qiskit_75,,,,,,,,,,,4.0,5.0,52,7.550000000000001e-06,0.9104184430877639,,,,,
45,ghz_indep_qiskit_75,,,,,,,,,,,,,,,,1.0,2.0,8,2.2049999999999987e-05,0.9131551426454114
30,ghz_indep_qiskit_75,,,,,,,,,,,2.0,3.0,24,1.4550000000000005e-05,0.9122419966270106,,,,,
70,ghz_indep_qiskit_75,,,,,,,,,,,,,,,,1.0,2.0,8,3.454999999999995e-05,0.9131551426454118
25,ghz_indep_qiskit_75,,,,,,,,,,,,,,,,3.0,4.0,40,1.2050000000000003e-05,0.911329763745504
25,ghz_indep_qiskit_75,,,,,,,,,,,3.0,4.0,40,1.2050000000000003e-05,0.911329763745504,,,,,
35,ghz_indep_qiskit_75,,,,,,,,,,,2.0,3.0,24,1.705e-05,0.9122419966270107,,,,,
27,ghz_indep_qiskit_75,,,,,,2.0,3.0,24,1.3050000000000004e-05,0.9122419966270107,,,,,,,,,,
60,ghz_indep_qiskit_75,,,,,,,,,,,,,,,,1.0,2.0,8,2.9549999999999966e-05,0.9131551426454115
35,ghz_indep_qiskit_75,,,,,,,,,,,,,,,,2.0,3.0,24,1.705e-05,0.9122419966270107
26,graphstate_indep_qiskit_50,2.0,2.0,32.0,3.0499999999999996e-06,0.9393876069468644,,,,,,,,,,,,,,,
27,graphstate_indep_qiskit_50,,,,,,,,,,,2.0,2.0,33,2.5499999999999997e-06,0.9393876069468645,,,,,
10,graphstate_indep_qiskit_50,,,,,,,,,,,,,,,,6.0,7.0,48,2.5499999999999997e-06,0.9356357302647257
31,graphstate_indep_qiskit_50,,,,,,,,,,,2.0,2.0,33,2.5499999999999997e-06,0.9393876069468645,,,,,
31,graphstate_indep_qiskit_50,2.0,2.0,32.0,3.0499999999999996e-06,0.9393876069468647,,,,,,,,,,,,,,,
31,graphstate_indep_qiskit_50,,,,,,,,,,,,,,,,2.0,2.0,33,3.0499999999999996e-06,0.9393876069468646
36,graphstate_indep_qiskit_50,,,,,,2.0,2.0,33,3.0499999999999996e-06,0.9393876069468646,,,,,,,,,,
26,graphstate_indep_qiskit_50,,,,,,,,,,,2.0,3.0,33,2.5499999999999997e-06,0.9393876069468645,,,,,
21,graphstate_indep_qiskit_50,,,,,,3.0,3.0,49,2.5499999999999997e-06,0.9384482296650164,,,,,,,,,,
16,graphstate_indep_qiskit_50,,,,,,,,,,,,,,,,4.0,4.0,49,2.05e-06,0.9375097917501249
16,graphstate_indep_qiskit_50,,,,,,4.0,4.0,49,2.5499999999999997e-06,0.937509791750125,,,,,,,,,,
36,graphstate_indep_qiskit_50,,,,,,,,,,,,,,,,2.0,2.0,33,3.0499999999999996e-06,0.9393876069468646
41,graphstate_indep_qiskit_50,2.0,2.0,32.0,3.0499999999999996e-06,0.9393876069468647,,,,,,,,,,,,,,,
10,graphstate_indep_qiskit_50,,,,,,,,,,,6.0,6.0,48,3.0499999999999996e-06,0.9356357302647257,,,,,
41,graphstate_indep_qiskit_50,,,,,,,,,,,2.0,2.0,33,2.5499999999999997e-06,0.9393876069468645,,,,,
46,graphstate_indep_qiskit_50,,,,,,0.0,2.0,2,3.0499999999999996e-06,0.9412691833735604,,,,,,,,,,
16,graphstate_indep_qiskit_50,4.0,4.0,48.0,2.5499999999999997e-06,0.9375097917501247,,,,,,,,,,,,,,,
10,graphstate_indep_qiskit_50,,,,,,6.0,7.0,48,2.5499999999999997e-06,0.9356357302647257,,,,,,,,,,
41,graphstate_indep_qiskit_50,,,,,,,,,,,,,,,,2.0,2.0,33,3.0499999999999996e-06,0.9393876069468646
41,graphstate_indep_qiskit_50,,,,,,2.0,2.0,33,3.0499999999999996e-06,0.9393876069468646,,,,,,,,,,
46,graphstate_indep_qiskit_50,,,,,,,,,,,0.0,2.0,2,3.0499999999999996e-06,0.9412691833735604,,,,,
21,graphstate_indep_qiskit_50,,,,,,,,,,,,,,,,3.0,3.0,49,2.5499999999999997e-06,0.9384482296650162
27,graphstate_indep_qiskit_50,2.0,2.0,32.0,2.5499999999999997e-06,0.9393876069468644,,,,,,,,,,,,,,,
16,graphstate_indep_qiskit_50,,,,,,,,,,,4.0,4.0,49,2.5499999999999997e-06,0.9375097917501248,,,,,
26,graphstate_indep_qiskit_50,,,,,,2.0,3.0,33,3.0499999999999996e-06,0.9393876069468646,,,,,,,,,,
21,graphstate_indep_qiskit_50,3.0,3.0,48.0,2.5499999999999997e-06,0.9384482296650161,,,,,,,,,,,,,,,
21,graphstate_indep_qiskit_50,,,,,,,,,,,3.0,3.0,49,3.0499999999999996e-06,0.9384482296650163,,,,,
31,graphstate_indep_qiskit_50,,,,,,2.0,2.0,33,3.0499999999999996e-06,0.9393876069468646,,,,,,,,,,
26,graphstate_indep_qiskit_50,,,,,,,,,,,,,,,,2.0,3.0,33,3.0499999999999996e-06,0.9393876069468646
36,graphstate_indep_qiskit_50,,,,,,,,,,,2.0,2.0,33,2.5499999999999997e-06,0.9393876069468645,,,,,
27,graphstate_indep_qiskit_50,,,,,,2.0,2.0,33,3.0499999999999996e-06,0.9393876069468646,,,,,,,,,,
36,graphstate_indep_qiskit_50,2.0,2.0,32.0,3.0499999999999996e-06,0.9393876069468647,,,,,,,,,,,,,,,
46,graphstate_indep_qiskit_50,,,,,,,,,,,,,,,,0.0,2.0,2,3.0499999999999996e-06,0.9412691833735604
10,graphstate_indep_qiskit_50,6.0,6.0,48.0,2.5499999999999997e-06,0.9356357302647256,,,,,,,,,,,,,,,
27,graphstate_indep_qiskit_50,,,,,,,,,,,,,,,,2.0,2.0,33,3.0499999999999996e-06,0.9393876069468646
10,realamprandom_indep_qiskit_23,,,,,,225.0,25.0,1073741824,8.550000000000001e-06,0.6697202158313456,,,,,,,,,,
16,realamprandom_indep_qiskit_23,,,,,,111.0,9.0,4294967296,1.4550000000000005e-05,0.7505973446209595,,,,,,,,,,
10,realamprandom_indep_qiskit_23,,,,,,,,,,,,,,,,225.0,25.0,1073741824,8.550000000000001e-06,0.6697202158313456
16,realamprandom_indep_qiskit_23,,,,,,,,,,,,,,,,111.0,9.0,4294967296,1.4550000000000005e-05,0.7505973446209595
16,realamprandom_indep_qiskit_23,,,,,,,,,,,111.0,9.0,4294967296,1.4550000000000005e-05,0.7505973446209595,,,,,
10,realamprandom_indep_qiskit_23,,,,,,,,,,,225.0,25.0,1073741824,8.550000000000001e-06,0.6697202158313456,,,,,
5,wstate_nativegates_ibm_qiskit_opt3_14,,,,,,6.0,4.0,256,3.099999999999999e-06,0.974334036933664,,,,,,,,,,
10,wstate_nativegates_ibm_qiskit_opt3_14,,,,,,,,,,,2.0,2.0,32,6.350000000000004e-06,0.9782409715224784,,,,,
10,wstate_nativegates_ibm_qiskit_opt3_14,2.0,2.0,32.0,5.050000000000001e-06,0.9782409700544419,,,,,,,,,,,,,,,
5,wstate_nativegates_ibm_qiskit_opt3_14,,,,,,,,,,,,,,,,6.0,4.0,256,3.099999999999999e-06,0.974334036933664
10,wstate_nativegates_ibm_qiskit_opt3_14,,,,,,,,,,,,,,,,2.0,2.0,32,6.350000000000004e-06,0.9782409715224784
5,wstate_nativegates_ibm_qiskit_opt3_14,6.0,4.0,272.0,3.099999999999999e-06,0.9743340325471435,,,,,,,,,,,,,,,
10,wstate_nativegates_ibm_qiskit_opt3_14,,,,,,2.0,2.0,32,6.350000000000004e-06,0.9782409715224784,,,,,,,,,,
5,wstate_nativegates_ibm_qiskit_opt3_14,,,,,,,,,,,6.0,4.0,256,3.099999999999999e-06,0.974334036933664,,,,,
502,u2random_nativegates_ibm_qiskit_opt3_54,,,,,,162.0,5.0,1267650600228229401496703205376,4.8699999999999917e-05,0.33777998368497186,,,,,,,,,,
502,u2random_nativegates_ibm_qiskit_opt3_54,,,,,,,,,,,,,,,,162.0,5.0,1267650600228229401496703205376,4.8699999999999917e-05,0.33777998368497186
502,u2random_nativegates_ibm_qiskit_opt3_54,,,,,,,,,,,162.0,5.0,1267650600228229401496703205376,4.8699999999999917e-05,0.33777998368497186,,,,,
65,dj_indep_qiskit_90,1.0,2.0,8.0,2.859999999999997e-05,0.8952451914444308,,,,,,,,,,,,,,,
16,dj_indep_qiskit_90,6.0,7.0,40.0,7.600000000000002e-06,0.8907918094753603,,,,,,,,,,,,,,,
16,dj_indep_qiskit_90,,,,,,5.0,6.0,52,7.600000000000002e-06,0.8916828141461302,,,,,,,,,,
27,dj_indep_qiskit_90,,,,,,3.0,4.0,40,1.3100000000000003e-05,0.8934651392905314,,,,,,,,,,
50,dj_indep_qiskit_90,,,,,,,,,,,1.0,2.0,8,2.459999999999998e-05,0.8952464045452553,,,,,
65,dj_indep_qiskit_90,,,,,,,,,,,1.0,2.0,8,3.209999999999996e-05,0.8952431391994026,,,,,
27,dj_indep_qiskit_90,3.0,4.0,40.0,1.3100000000000003e-05,0.8934657034352419,,,,,,,,,,,,,,,
50,dj_indep_qiskit_90,,,,,,1.0,2.0,8,2.459999999999998e-05,0.8952464045452553,,,,,,,,,,
65,dj_indep_qiskit_90,,,,,,1.0,2.0,8,3.209999999999996e-05,0.8952431391994026,,,,,,,,,,
16,dj_indep_qiskit_90,,,,,,,,,,,,,,,,5.0,6.0,52,7.600000000000002e-06,0.8916828141461302
27,dj_indep_qiskit_90,,,,,,,,,,,3.0,4.0,40,1.3100000000000003e-05,0.8934651392905314,,,,,
50,dj_indep_qiskit_90,1.0,2.0,8.0,2.4099999999999983e-05,0.895246484033619,,,,,,,,,,,,,,,
16,dj_indep_qiskit_90,,,,,,,,,,,5.0,6.0,52,7.600000000000002e-06,0.8916828141461302,,,,,
65,dj_indep_qiskit_90,,,,,,,,,,,,,,,,1.0,2.0,8,3.209999999999996e-05,0.8952431391994026
50,dj_indep_qiskit_90,,,,,,,,,,,,,,,,1.0,2.0,8,2.459999999999998e-05,0.8952464045452553
27,dj_indep_qiskit_90,,,,,,,,,,,,,,,,3.0,4.0,40,1.3100000000000003e-05,0.8934651392905314
162,u2random_indep_qiskit_21,,,,,,83.0,7.0,4294967296,1.4550000000000005e-05,0.79375704613393,,,,,,,,,,
102,u2random_indep_qiskit_21,,,,,,186.0,21.0,1073741824,8.600000000000002e-06,0.7160632960178825,,,,,,,,,,
162,u2random_indep_qiskit_21,,,,,,,,,,,,,,,,83.0,7.0,4294967296,1.4550000000000005e-05,0.79375704613393
102,u2random_indep_qiskit_21,,,,,,,,,,,,,,,,186.0,21.0,1073741824,8.600000000000002e-06,0.7160632960178825
102,u2random_indep_qiskit_21,,,,,,,,,,,186.0,21.0,1073741824,8.600000000000002e-06,0.7160632960178825,,,,,
162,u2random_indep_qiskit_21,,,,,,,,,,,83.0,7.0,4294967296,1.4550000000000005e-05,0.79375704613393,,,,,
27,ghz_indep_qiskit_92,,,,,,3.0,4.0,40,1.3050000000000004e-05,0.8929190845875662,,,,,,,,,,
50,ghz_indep_qiskit_92,1.0,2.0,8.0,2.449999999999998e-05,0.8947075871924097,,,,,,,,,,,,,,,
27,ghz_indep_qiskit_92,3.0,4.0,40.0,1.3000000000000004e-05,0.8929190845875662,,,,,,,,,,,,,,,
16,ghz_indep_qiskit_92,,,,,,,,,,,6.0,7.0,52,7.550000000000001e-06,0.8902430319107704,,,,,
16,ghz_indep_qiskit_92,6.0,7.0,40.0,7.550000000000001e-06,0.8902430319107704,,,,,,,,,,,,,,,
50,ghz_indep_qiskit_92,,,,,,,,,,,1.0,2.0,8,2.454999999999998e-05,0.8947075871924098,,,,,
65,ghz_indep_qiskit_92,,,,,,,,,,,1.0,2.0,8,3.204999999999996e-05,0.89470758719241,,,,,
50,ghz_indep_qiskit_92,,,,,,1.0,2.0,8,2.454999999999998e-05,0.8947075871924098,,,,,,,,,,
65,ghz_indep_qiskit_92,,,,,,1.0,2.0,8,3.204999999999996e-05,0.89470758719241,,,,,,,,,,
65,ghz_indep_qiskit_92,,,,,,,,,,,,,,,,1.0,2.0,8,3.204999999999996e-05,0.89470758719241
50,ghz_indep_qiskit_92,,,,,,,,,,,,,,,,1.0,2.0,8,2.454999999999998e-05,0.8947075871924098
16,ghz_indep_qiskit_92,,,,,,,,,,,,,,,,6.0,7.0,52,7.550000000000001e-06,0.8902430319107704
16,ghz_indep_qiskit_92,,,,,,6.0,7.0,52,7.550000000000001e-06,0.8902430319107704,,,,,,,,,,
65,ghz_indep_qiskit_92,1.0,2.0,8.0,2.8499999999999968e-05,0.8947075871924097,,,,,,,,,,,,,,,
27,ghz_indep_qiskit_92,,,,,,,,,,,3.0,4.0,40,1.3050000000000004e-05,0.8929190845875662,,,,,
27,ghz_indep_qiskit_92,,,,,,,,,,,,,,,,3.0,4.0,40,1.3050000000000004e-05,0.8929190845875662
27,ghz_indep_qiskit_59,,,,,,2.0,3.0,24,1.3050000000000004e-05,0.9299340107386058,,,,,,,,,,
10,ghz_indep_qiskit_59,,,,,,,,,,,6.0,7.0,52,4.55e-06,0.9262198876371153,,,,,
10,ghz_indep_qiskit_59,,,,,,,,,,,,,,,,6.0,7.0,52,4.55e-06,0.9262198876371153
16,ghz_indep_qiskit_59,,,,,,,,,,,3.0,4.0,40,7.550000000000001e-06,0.9290040860197659,,,,,
50,ghz_indep_qiskit_59,,,,,,,,,,,1.0,2.0,8,2.454999999999998e-05,0.9308648663037092,,,,,
50,ghz_indep_qiskit_59,,,,,,1.0,2.0,8,2.454999999999998e-05,0.9308648663037092,,,,,,,,,,
50,ghz_indep_qiskit_59,,,,,,,,,,,,,,,,1.0,2.0,8,2.454999999999998e-05,0.9308648663037092
16,ghz_indep_qiskit_59,3.0,4.0,40.0,7.550000000000001e-06,0.9290040860197659,,,,,,,,,,,,,,,
16,ghz_indep_qiskit_59,,,,,,,,,,,,,,,,3.0,4.0,40,7.550000000000001e-06,0.9290040860197659
16,ghz_indep_qiskit_59,,,,,,3.0,4.0,40,7.550000000000001e-06,0.9290040860197659,,,,,,,,,,
27,ghz_indep_qiskit_59,2.0,3.0,24.0,1.1000000000000003e-05,0.9299340107386057,,,,,,,,,,,,,,,
10,ghz_indep_qiskit_59,,,,,,6.0,7.0,52,4.55e-06,0.9262198876371153,,,,,,,,,,
10,ghz_indep_qiskit_59,6.0,7.0,40.0,4.55e-06,0.926219887637115,,,,,,,,,,,,,,,
50,ghz_indep_qiskit_59,1.0,2.0,8.0,1.8499999999999996e-05,0.9308648663037089,,,,,,,,,,,,,,,
27,ghz_indep_qiskit_59,,,,,,,,,,,2.0,3.0,24,1.3050000000000004e-05,0.9299340107386058,,,,,
27,ghz_indep_qiskit_59,,,,,,,,,,,,,,,,2.0,3.0,24,1.3050000000000004e-05,0.9299340107386058
27,e_nativegates_ibm_qiskit_opt3_79,,,,,,,,,,,,,,,,156.0,9.0,18014398509481984,8.920000000000005e-05,0.4629426003966391
27,e_nativegates_ibm_qiskit_opt3_79,,,,,,156.0,9.0,18014398509481984,8.920000000000005e-05,0.4629426003966391,,,,,,,,,,
50,e_nativegates_ibm_qiskit_opt3_79,,,,,,,,,,,67.0,3.0,1267650600228229401496703205376,0.00014285000000000057,0.505754693569353,,,,,
27,e_nativegates_ibm_qiskit_opt3_79,,,,,,,,,,,156.0,9.0,18014398509481984,8.920000000000005e-05,0.4629426003966391,,,,,
50,e_nativegates_ibm_qiskit_opt3_79,,,,,,67.0,3.0,1267650600228229401496703205376,0.00014285000000000057,0.505754693569353,,,,,,,,,,
50,e_nativegates_ibm_qiskit_opt3_79,,,,,,,,,,,,,,,,67.0,3.0,1267650600228229401496703205376,0.00014285000000000057,0.505754693569353
27,dj_nativegates_ibm_qiskit_opt3_71,2.0,3.0,24.0,1.3250000000000004e-05,0.9134051315549984,,,,,,,,,,,,,,,
16,dj_nativegates_ibm_qiskit_opt3_71,4.0,5.0,40.0,7.75e-06,0.9115823686921632,,,,,,,,,,,,,,,
16,dj_nativegates_ibm_qiskit_opt3_71,,,,,,4.0,5.0,52,7.75e-06,0.9115823321375383,,,,,,,,,,
27,dj_nativegates_ibm_qiskit_opt3_71,,,,,,2.0,3.0,24,1.3250000000000004e-05,0.9134051095358352,,,,,,,,,,
65,dj_nativegates_ibm_qiskit_opt3_71,1.0,2.0,8.0,2.2749999999999987e-05,0.9143149588738017,,,,,,,,,,,,,,,
27,dj_nativegates_ibm_qiskit_opt3_71,,,,,,,,,,,,,,,,2.0,3.0,24,1.3250000000000004e-05,0.9134051095358352
50,dj_nativegates_ibm_qiskit_opt3_71,,,,,,1.0,2.0,8,2.474999999999998e-05,0.9143140086313783,,,,,,,,,,
50,dj_nativegates_ibm_qiskit_opt3_71,1.0,2.0,8.0,2.2749999999999987e-05,0.9143149588738017,,,,,,,,,,,,,,,
65,dj_nativegates_ibm_qiskit_opt3_71,,,,,,1.0,2.0,8,3.2249999999999964e-05,0.9143080281812435,,,,,,,,,,
65,dj_nativegates_ibm_qiskit_opt3_71,,,,,,,,,,,1.0,2.0,8,3.2249999999999964e-05,0.9143080281812435,,,,,
50,dj_nativegates_ibm_qiskit_opt3_71,,,,,,,,,,,,,,,,1.0,2.0,8,2.474999999999998e-05,0.9143140086313783
16,dj_nativegates_ibm_qiskit_opt3_71,,,,,,,,,,,,,,,,4.0,5.0,52,7.75e-06,0.9115823321375383
50,dj_nativegates_ibm_qiskit_opt3_71,,,,,,,,,,,1.0,2.0,8,2.474999999999998e-05,0.9143140086313783,,,,,
27,dj_nativegates_ibm_qiskit_opt3_71,,,,,,,,,,,2.0,3.0,24,1.3250000000000004e-05,0.9134051095358352,,,,,
65,dj_nativegates_ibm_qiskit_opt3_71,,,,,,,,,,,,,,,,1.0,2.0,8,3.2249999999999964e-05,0.9143080281812435
16,dj_nativegates_ibm_qiskit_opt3_71,,,,,,,,,,,4.0,5.0,52,7.75e-06,0.9115823321375383,,,,,
5,realamprandom_indep_qiskit_15,,,,,,,,,,,,,,,,220.0,48.0,1024,3.5499999999999995e-06,0.7417618980832626
5,realamprandom_indep_qiskit_15,,,,,,,,,,,220.0,48.0,1024,3.5499999999999995e-06,0.7417618980832626,,,,,
10,realamprandom_indep_qiskit_15,,,,,,,,,,,,,,,,75.0,9.0,1073741824,8.550000000000001e-06,0.8575555367146107
10,realamprandom_indep_qiskit_15,,,,,,75.0,9.0,1073741824,8.550000000000001e-06,0.8575555367146107,,,,,,,,,,
10,realamprandom_indep_qiskit_15,,,,,,,,,,,75.0,9.0,1073741824,8.550000000000001e-06,0.8575555367146107,,,,,
5,realamprandom_indep_qiskit_15,,,,,,224.0,49.0,1024,3.5999999999999994e-06,0.7387992943870461,,,,,,,,,,
102,u2random_indep_qiskit_19,,,,,,148.0,17.0,1073741824,8.550000000000001e-06,0.7630128858753519,,,,,,,,,,
112,u2random_indep_qiskit_19,,,,,,,,,,,129.0,14.0,17179869184,9.550000000000002e-06,0.7776540505695305,,,,,
162,u2random_indep_qiskit_19,,,,,,57.0,5.0,4294967296,1.4550000000000005e-05,0.8357128350314461,,,,,,,,,,
162,u2random_indep_qiskit_19,,,,,,,,,,,,,,,,57.0,5.0,4294967296,1.4550000000000005e-05,0.8357128350314461
162,u2random_indep_qiskit_19,,,,,,,,,,,57.0,5.0,4294967296,1.4550000000000005e-05,0.8357128350314461,,,,,
112,u2random_indep_qiskit_19,,,,,,,,,,,,,,,,129.0,14.0,17179869184,9.550000000000002e-06,0.7776540505695305
102,u2random_indep_qiskit_19,,,,,,,,,,,,,,,,148.0,17.0,1073741824,8.550000000000001e-06,0.7630128858753519
112,u2random_indep_qiskit_19,,,,,,122.0,13.0,17179869184,9.550000000000002e-06,0.7831180874286593,,,,,,,,,,
102,u2random_indep_qiskit_19,,,,,,,,,,,148.0,17.0,1073741824,8.550000000000001e-06,0.7630128858753519,,,,,
272,u2random_nativegates_ibm_qiskit_opt3_31,,,,,,,,,,,,,,,,93.0,5.0,18014398509481984,2.5699999999999978e-05,0.6647351579345576
272,u2random_nativegates_ibm_qiskit_opt3_31,,,,,,,,,,,93.0,5.0,18014398509481984,2.5699999999999978e-05,0.6647351579345576,,,,,
162,u2random_nativegates_ibm_qiskit_opt3_31,,,,,,,,,,,,,,,,241.0,17.0,4294967296,1.4700000000000005e-05,0.5733475730526352
162,u2random_nativegates_ibm_qiskit_opt3_31,,,,,,,,,,,241.0,17.0,4294967296,1.4700000000000005e-05,0.5733475730526352,,,,,
272,u2random_nativegates_ibm_qiskit_opt3_31,,,,,,93.0,5.0,18014398509481984,2.5699999999999978e-05,0.6647351579345576,,,,,,,,,,
162,u2random_nativegates_ibm_qiskit_opt3_31,,,,,,241.0,17.0,4294967296,1.4700000000000005e-05,0.5733475730526352,,,,,,,,,,
50,ghz_nativegates_ibm_qiskit_opt3_106,,,,,,,,,,,2.0,3.0,24,2.464999999999998e-05,0.878898280574525,,,,,
27,ghz_nativegates_ibm_qiskit_opt3_106,,,,,,,,,,,,,,,,4.0,5.0,52,1.3150000000000005e-05,0.8771413804579926
65,ghz_nativegates_ibm_qiskit_opt3_106,,,,,,,,,,,,,,,,1.0,2.0,8,3.214999999999996e-05,0.879778049833618
27,ghz_nativegates_ibm_qiskit_opt3_106,,,,,,4.0,5.0,52,1.3150000000000005e-05,0.8771413804579926,,,,,,,,,,
65,ghz_nativegates_ibm_qiskit_opt3_106,,,,,,,,,,,1.0,2.0,8,3.214999999999996e-05,0.879778049833618,,,,,
50,ghz_nativegates_ibm_qiskit_opt3_106,,,,,,,,,,,,,,,,2.0,3.0,24,2.464999999999998e-05,0.878898280574525
65,ghz_nativegates_ibm_qiskit_opt3_106,,,,,,1.0,2.0,8,3.214999999999996e-05,0.879778049833618,,,,,,,,,,
50,ghz_nativegates_ibm_qiskit_opt3_106,2.0,3.0,24.0,1.999999999999999e-05,0.8788982805745249,,,,,,,,,,,,,,,
65,ghz_nativegates_ibm_qiskit_opt3_106,1.0,2.0,8.0,3.149999999999996e-05,0.8797780498336177,,,,,,,,,,,,,,,
27,ghz_nativegates_ibm_qiskit_opt3_106,,,,,,,,,,,4.0,5.0,52,1.3150000000000005e-05,0.8771413804579926,,,,,
50,ghz_nativegates_ibm_qiskit_opt3_106,,,,,,2.0,3.0,24,2.464999999999998e-05,0.878898280574525,,,,,,,,,,
27,ghz_nativegates_ibm_qiskit_opt3_106,4.0,5.0,40.0,1.3000000000000004e-05,0.8771413804579931,,,,,,,,,,,,,,,
10,oa_nativegates_ibm_qiskit_opt3_12,,,,,,7.0,2.0,4096,6.9500000000000055e-06,0.9701023445093786,,,,,,,,,,
5,oa_nativegates_ibm_qiskit_opt3_12,,,,,,,,,,,,,,,,8.0,4.0,256,4.850000000000002e-06,0.9691324327112292
5,oa_nativegates_ibm_qiskit_opt3_12,,,,,,,,,,,12.0,6.0,256,4.850000000000002e-06,0.9652622210622963,,,,,
10,oa_nativegates_ibm_qiskit_opt3_12,,,,,,,,,,,,,,,,4.0,2.0,256,6.900000000000003e-06,0.973018028055379
5,oa_nativegates_ibm_qiskit_opt3_12,8.0,4.0,16384.0,4.850000000000002e-06,0.9642967109569542,,,,,,,,,,,,,,,
5,oa_nativegates_ibm_qiskit_opt3_12,,,,,,12.0,6.0,64,4.850000000000002e-06,0.965262207249346,,,,,,,,,,
10,oa_nativegates_ibm_qiskit_opt3_12,4.0,2.0,256.0,6.9500000000000055e-06,0.9730179957045121,,,,,,,,,,,,,,,
10,oa_nativegates_ibm_qiskit_opt3_12,,,,,,,,,,,4.0,2.0,256,6.900000000000003e-06,0.973018028055379,,,,,
10,vqe_nativegates_ibm_qiskit_opt3_16,,,,,,2.0,2.0,32,5.600000000000003e-06,0.9745584119573619,,,,,,,,,,
5,vqe_nativegates_ibm_qiskit_opt3_16,8.0,5.0,288.0,2.9999999999999992e-06,0.968725959681537,,,,,,,,,,,,,,,
5,vqe_nativegates_ibm_qiskit_opt3_16,,,,,,8.0,5.0,256,3.099999999999999e-06,0.9687259600694154,,,,,,,,,,
5,vqe_nativegates_ibm_qiskit_opt3_16,,,,,,,,,,,,,,,,8.0,5.0,256,3.099999999999999e-06,0.9687259600694154
5,vqe_nativegates_ibm_qiskit_opt3_16,,,,,,,,,,,8.0,5.0,256,3.099999999999999e-06,0.9687259600694154,,,,,
10,vqe_nativegates_ibm_qiskit_opt3_16,,,,,,,,,,,,,,,,2.0,2.0,32,5.600000000000003e-06,0.9745584119573619
10,vqe_nativegates_ibm_qiskit_opt3_16,2.0,2.0,32.0,5.100000000000003e-06,0.9745584072771418,,,,,,,,,,,,,,,
10,vqe_nativegates_ibm_qiskit_opt3_16,,,,,,,,,,,2.0,2.0,32,5.600000000000003e-06,0.9745584119573619,,,,,
31,ghz_indep_qiskit_35,,,,,,,,,,,1.0,2.0,8,1.5050000000000005e-05,0.9580755200716344,,,,,
16,ghz_indep_qiskit_35,,,,,,2.0,3.0,24,7.550000000000001e-06,0.9571174541246514,,,,,,,,,,
21,ghz_indep_qiskit_35,,,,,,,,,,,1.0,2.0,8,1.0050000000000002e-05,0.9580755200716342,,,,,
27,ghz_indep_qiskit_35,,,,,,,,,,,1.0,2.0,8,1.3050000000000004e-05,0.9580755200716342,,,,,
26,ghz_indep_qiskit_35,,,,,,1.0,2.0,8,1.2550000000000004e-05,0.9580755200716343,,,,,,,,,,
11,ghz_indep_qiskit_35,,,,,,,,,,,,,,,,3.0,4.0,40,5.05e-06,0.956160346234043
10,ghz_indep_qiskit_35,,,,,,3.0,4.0,40,4.55e-06,0.9561603462340428,,,,,,,,,,
11,ghz_indep_qiskit_35,,,,,,,,,,,3.0,4.0,40,5.05e-06,0.956160346234043,,,,,
31,ghz_indep_qiskit_35,1.0,2.0,8.0,1.0500000000000003e-05,0.9580755200716343,,,,,,,,,,,,,,,
26,ghz_indep_qiskit_35,1.0,2.0,8.0,1.0500000000000003e-05,0.9580755200716343,,,,,,,,,,,,,,,
21,ghz_indep_qiskit_35,1.0,2.0,8.0,1.0050000000000002e-05,0.9580755200716342,,,,,,,,,,,,,,,
16,ghz_indep_qiskit_35,,,,,,,,,,,,,,,,2.0,3.0,24,7.550000000000001e-06,0.9571174541246514
11,ghz_indep_qiskit_35,3.0,4.0,40.0,5e-06,0.9561603462340428,,,,,,,,,,,,,,,
16,ghz_indep_qiskit_35,2.0,3.0,24.0,7.000000000000002e-06,0.9571174541246513,,,,,,,,,,,,,,,
27,ghz_indep_qiskit_35,,,,,,,,,,,,,,,,1.0,2.0,8,1.3050000000000004e-05,0.9580755200716342
10,ghz_indep_qiskit_35,3.0,4.0,40.0,4.5e-06,0.9561603462340428,,,,,,,,,,,,,,,
27,ghz_indep_qiskit_35,1.0,2.0,8.0,1.0500000000000003e-05,0.9580755200716343,,,,,,,,,,,,,,,
10,ghz_indep_qiskit_35,,,,,,,,,,,,,,,,3.0,4.0,40,4.55e-06,0.9561603462340428
21,ghz_indep_qiskit_35,,,,,,,,,,,,,,,,1.0,2.0,8,1.0050000000000002e-05,0.9580755200716342
31,ghz_indep_qiskit_35,,,,,,,,,,,,,,,,1.0,2.0,8,1.5050000000000005e-05,0.9580755200716344
10,ghz_indep_qiskit_35,,,,,,,,,,,3.0,4.0,40,4.55e-06,0.9561603462340428,,,,,
11,ghz_indep_qiskit_35,,,,,,3.0,4.0,40,5.05e-06,0.956160346234043,,,,,,,,,,
26,ghz_indep_qiskit_35,,,,,,,,,,,,,,,,1.0,2.0,8,1.2550000000000004e-05,0.9580755200716343
27,ghz_indep_qiskit_35,,,,,,1.0,2.0,8,1.3050000000000004e-05,0.9580755200716342,,,,,,,,,,
26,ghz_indep_qiskit_35,,,,,,,,,,,1.0,2.0,8,1.2550000000000004e-05,0.9580755200716343,,,,,
21,ghz_indep_qiskit_35,,,,,,1.0,2.0,8,1.0050000000000002e-05,0.9580755200716342,,,,,,,,,,
31,ghz_indep_qiskit_35,,,,,,1.0,2.0,8,1.5050000000000005e-05,0.9580755200716344,,,,,,,,,,
16,ghz_indep_qiskit_35,,,,,,,,,,,2.0,3.0,24,7.550000000000001e-06,0.9571174541246514,,,,,
27,ghz_nativegates_ibm_qiskit_opt3_101,3.0,4.0,40.0,1.3000000000000004e-05,0.8833056415043024,,,,,,,,,,,,,,,
65,ghz_nativegates_ibm_qiskit_opt3_101,,,,,,1.0,2.0,8,3.214999999999996e-05,0.885074888536841,,,,,,,,,,
48,ghz_nativegates_ibm_qiskit_opt3_101,,,,,,2.0,3.0,24,2.3649999999999982e-05,0.8841898224919709,,,,,,,,,,
98,ghz_nativegates_ibm_qiskit_opt3_101,,,,,,,,,,,1.0,2.0,8,4.8649999999999915e-05,0.8850748885368412,,,,,
68,ghz_nativegates_ibm_qiskit_opt3_101,,,,,,1.0,2.0,8,3.364999999999996e-05,0.885074888536841,,,,,,,,,,
58,ghz_nativegates_ibm_qiskit_opt3_101,1.0,2.0,8.0,2.8649999999999968e-05,0.885074888536841,,,,,,,,,,,,,,,
50,ghz_nativegates_ibm_qiskit_opt3_101,,,,,,,,,,,,,,,,2.0,3.0,24,2.464999999999998e-05,0.8841898224919709
38,ghz_nativegates_ibm_qiskit_opt3_101,,,,,,,,,,,,,,,,2.0,3.0,24,1.8649999999999996e-05,0.8841898224919708
63,ghz_nativegates_ibm_qiskit_opt3_101,,,,,,1.0,2.0,8,3.1149999999999964e-05,0.885074888536841,,,,,,,,,,
83,ghz_nativegates_ibm_qiskit_opt3_101,1.0,2.0,8.0,3.149999999999996e-05,0.8850748885368408,,,,,,,,,,,,,,,
33,ghz_nativegates_ibm_qiskit_opt3_101,,,,,,,,,,,,,,,,3.0,4.0,40,1.6150000000000003e-05,0.8833056415043028
93,ghz_nativegates_ibm_qiskit_opt3_101,,,,,,,,,,,1.0,2.0,8,4.614999999999992e-05,0.8850748885368411,,,,,
78,ghz_nativegates_ibm_qiskit_opt3_101,1.0,2.0,8.0,3.149999999999996e-05,0.8850748885368408,,,,,,,,,,,,,,,
43,ghz_nativegates_ibm_qiskit_opt3_101,,,,,,2.0,3.0,24,2.114999999999999e-05,0.8841898224919708,,,,,,,,,,
50,ghz_nativegates_ibm_qiskit_opt3_101,2.0,3.0,24.0,1.9499999999999993e-05,0.884189822491971,,,,,,,,,,,,,,,
53,ghz_nativegates_ibm_qiskit_opt3_101,,,,,,,,,,,1.0,2.0,8,2.6149999999999975e-05,0.885074888536841,,,,,
38,ghz_nativegates_ibm_qiskit_opt3_101,,,,,,,,,,,2.0,3.0,24,1.8649999999999996e-05,0.8841898224919708,,,,,
43,ghz_nativegates_ibm_qiskit_opt3_101,2.0,3.0,24.0,1.9499999999999993e-05,0.8841898224919709,,,,,,,,,,,,,,,
83,ghz_nativegates_ibm_qiskit_opt3_101,,,,,,1.0,2.0,8,4.1149999999999936e-05,0.8850748885368411,,,,,,,,,,
65,ghz_nativegates_ibm_qiskit_opt3_101,1.0,2.0,8.0,3.199999999999996e-05,0.8850748885368408,,,,,,,,,,,,,,,
27,ghz_nativegates_ibm_qiskit_opt3_101,,,,,,,,,,,3.0,4.0,40,1.3150000000000005e-05,0.8833056415043026,,,,,
73,ghz_nativegates_ibm_qiskit_opt3_101,,,,,,,,,,,1.0,2.0,8,3.614999999999995e-05,0.885074888536841,,,,,
98,ghz_nativegates_ibm_qiskit_opt3_101,1.0,2.0,8.0,3.149999999999996e-05,0.8850748885368408,,,,,,,,,,,,,,,
78,ghz_nativegates_ibm_qiskit_opt3_101,,,,,,,,,,,1.0,2.0,8,3.864999999999994e-05,0.8850748885368411,,,,,
63,ghz_nativegates_ibm_qiskit_opt3_101,1.0,2.0,8.0,3.1149999999999964e-05,0.885074888536841,,,,,,,,,,,,,,,
88,ghz_nativegates_ibm_qiskit_opt3_101,,,,,,1.0,2.0,8,4.364999999999993e-05,0.8850748885368411,,,,,,,,,,
38,ghz_nativegates_ibm_qiskit_opt3_101,2.0,3.0,24.0,1.7999999999999997e-05,0.884189822491971,,,,,,,,,,,,,,,
33,ghz_nativegates_ibm_qiskit_opt3_101,,,,,,,,,,,3.0,4.0,40,1.6150000000000003e-05,0.8833056415043028,,,,,
50,ghz_nativegates_ibm_qiskit_opt3_101,,,,,,2.0,3.0,24,2.464999999999998e-05,0.8841898224919709,,,,,,,,,,
58,ghz_nativegates_ibm_qiskit_opt3_101,,,,,,,,,,,1.0,2.0,8,2.8649999999999968e-05,0.885074888536841,,,,,
27,ghz_nativegates_ibm_qiskit_opt3_101,,,,,,,,,,,,,,,,3.0,4.0,40,1.3150000000000005e-05,0.8833056415043026
53,ghz_nativegates_ibm_qiskit_opt3_101,,,,,,,,,,,,,,,,1.0,2.0,8,2.6149999999999975e-05,0.885074888536841
88,ghz_nativegates_ibm_qiskit_opt3_101,,,,,,,,,,,1.0,2.0,8,4.364999999999993e-05,0.8850748885368411,,,,,
53,ghz_nativegates_ibm_qiskit_opt3_101,1.0,2.0,8.0,2.5999999999999975e-05,0.8850748885368409,,,,,,,,,,,,,,,
33,ghz_nativegates_ibm_qiskit_opt3_101,,,,,,3.0,4.0,40,1.6150000000000003e-05,0.8833056415043028,,,,,,,,,,
58,ghz_nativegates_ibm_qiskit_opt3_101,,,,,,1.0,2.0,8,2.8649999999999968e-05,0.885074888536841,,,,,,,,,,
50,ghz_nativegates_ibm_qiskit_opt3_101,,,,,,,,,,,2.0,3.0,24,2.464999999999998e-05,0.8841898224919709,,,,,
78,ghz_nativegates_ibm_qiskit_opt3_101,,,,,,1.0,2.0,8,3.864999999999994e-05,0.8850748885368411,,,,,,,,,,
58,ghz_nativegates_ibm_qiskit_opt3_101,,,,,,,,,,,,,,,,1.0,2.0,8,2.8649999999999968e-05,0.885074888536841
65,ghz_nativegates_ibm_qiskit_opt3_101,,,,,,,,,,,,,,,,1.0,2.0,8,3.214999999999996e-05,0.885074888536841
27,ghz_nativegates_ibm_qiskit_opt3_101,,,,,,3.0,4.0,40,1.3150000000000005e-05,0.8833056415043026,,,,,,,,,,
88,ghz_nativegates_ibm_qiskit_opt3_101,1.0,2.0,8.0,3.149999999999996e-05,0.8850748885368408,,,,,,,,,,,,,,,
73,ghz_nativegates_ibm_qiskit_opt3_101,,,,,,1.0,2.0,8,3.614999999999995e-05,0.885074888536841,,,,,,,,,,
73,ghz_nativegates_ibm_qiskit_opt3_101,1.0,2.0,8.0,3.149999999999996e-05,0.8850748885368408,,,,,,,,,,,,,,,
48,ghz_nativegates_ibm_qiskit_opt3_101,,,,,,,,,,,,,,,,2.0,3.0,24,2.3649999999999982e-05,0.8841898224919709
53,ghz_nativegates_ibm_qiskit_opt3_101,,,,,,1.0,2.0,8,2.6149999999999975e-05,0.885074888536841,,,,,,,,,,
43,ghz_nativegates_ibm_qiskit_opt3_101,,,,,,,,,,,,,,,,2.0,3.0,24,2.114999999999999e-05,0.8841898224919708
38,ghz_nativegates_ibm_qiskit_opt3_101,,,,,,2.0,3.0,24,1.8649999999999996e-05,0.8841898224919708,,,,,,,,,,
83,ghz_nativegates_ibm_qiskit_opt3_101,,,,,,,,,,,1.0,2.0,8,4.1149999999999936e-05,0.8850748885368411,,,,,
68,ghz_nativegates_ibm_qiskit_opt3_101,,,,,,,,,,,,,,,,1.0,2.0,8,3.364999999999996e-05,0.885074888536841
93,ghz_nativegates_ibm_qiskit_opt3_101,,,,,,1.0,2.0,8,4.614999999999992e-05,0.8850748885368411,,,,,,,,,,
88,ghz_nativegates_ibm_qiskit_opt3_101,,,,,,,,,,,,,,,,1.0,2.0,8,4.364999999999993e-05,0.8850748885368411
43,ghz_nativegates_ibm_qiskit_opt3_101,,,,,,,,,,,2.0,3.0,24,2.114999999999999e-05,0.8841898224919708,,,,,
83,ghz_nativegates_ibm_qiskit_opt3_101,,,,,,,,,,,,,,,,1.0,2.0,8,4.1149999999999936e-05,0.8850748885368411
63,ghz_nativegates_ibm_qiskit_opt3_101,,,,,,,,,,,,,,,,1.0,2.0,8,3.1149999999999964e-05,0.885074888536841
48,ghz_nativegates_ibm_qiskit_opt3_101,2.0,3.0,24.0,1.9499999999999993e-05,0.884189822491971,,,,,,,,,,,,,,,
63,ghz_nativegates_ibm_qiskit_opt3_101,,,,,,,,,,,1.0,2.0,8,3.1149999999999964e-05,0.885074888536841,,,,,
68,ghz_nativegates_ibm_qiskit_opt3_101,,,,,,,,,,,1.0,2.0,8,3.364999999999996e-05,0.885074888536841,,,,,
33,ghz_nativegates_ibm_qiskit_opt3_101,3.0,4.0,40.0,1.4500000000000005e-05,0.8833056415043025,,,,,,,,,,,,,,,
93,ghz_nativegates_ibm_qiskit_opt3_101,,,,,,,,,,,,,,,,1.0,2.0,8,4.614999999999992e-05,0.8850748885368411
73,ghz_nativegates_ibm_qiskit_opt3_101,,,,,,,,,,,,,,,,1.0,2.0,8,3.614999999999995e-05,0.885074888536841
48,ghz_nativegates_ibm_qiskit_opt3_101,,,,,,,,,,,2.0,3.0,24,2.3649999999999982e-05,0.8841898224919709,,,,,
78,ghz_nativegates_ibm_qiskit_opt3_101,,,,,,,,,,,,,,,,1.0,2.0,8,3.864999999999994e-05,0.8850748885368411
65,ghz_nativegates_ibm_qiskit_opt3_101,,,,,,,,,,,1.0,2.0,8,3.214999999999996e-05,0.885074888536841,,,,,
93,ghz_nativegates_ibm_qiskit_opt3_101,1.0,2.0,8.0,3.149999999999996e-05,0.8850748885368408,,,,,,,,,,,,,,,
98,ghz_nativegates_ibm_qiskit_opt3_101,,,,,,1.0,2.0,8,4.8649999999999915e-05,0.8850748885368412,,,,,,,,,,
98,ghz_nativegates_ibm_qiskit_opt3_101,,,,,,,,,,,,,,,,1.0,2.0,8,4.8649999999999915e-05,0.8850748885368412
68,ghz_nativegates_ibm_qiskit_opt3_101,1.0,2.0,8.0,3.149999999999996e-05,0.8850748885368408,,,,,,,,,,,,,,,
5,gan_indep_qiskit_12,,,,,,,,,,,39.0,11.0,1024,3.5499999999999995e-06,0.9375665334299091,,,,,
10,gan_indep_qiskit_12,,,,,,12.0,3.0,1048576,8.550000000000001e-06,0.9632357164097505,,,,,,,,,,
10,gan_indep_qiskit_12,14.0,3.0,1048576.0,6.0500000000000005e-06,0.9613113745753327,,,,,,,,,,,,,,,
10,gan_indep_qiskit_12,,,,,,,,,,,,,,,,12.0,3.0,1048576,8.550000000000001e-06,0.9632357164097505
10,gan_indep_qiskit_12,,,,,,,,,,,12.0,3.0,1048576,8.550000000000001e-06,0.9632357164097505,,,,,
5,gan_indep_qiskit_12,,,,,,45.0,12.0,1024,3.5499999999999995e-06,0.931955272212988,,,,,,,,,,
5,gan_indep_qiskit_12,,,,,,,,,,,,,,,,39.0,11.0,1024,3.5499999999999995e-06,0.9375665334299091
16,dj_indep_qiskit_30,,,,,,1.0,2.0,8,7.600000000000002e-06,0.9632831885832577,,,,,,,,,,
5,dj_indep_qiskit_30,,,,,,7.0,8.0,52,2.1e-06,0.9575194063917636,,,,,,,,,,
27,dj_indep_qiskit_30,,,,,,1.0,2.0,8,1.3100000000000003e-05,0.9632819027141729,,,,,,,,,,
10,dj_indep_qiskit_30,,,,,,3.0,4.0,40,4.6e-06,0.9613584289119459,,,,,,,,,,
5,dj_indep_qiskit_30,,,,,,,,,,,,,,,,7.0,8.0,52,2.1e-06,0.9575194063917636
5,dj_indep_qiskit_30,7.0,8.0,52.0,2.1e-06,0.9575194351326731,,,,,,,,,,,,,,,
16,dj_indep_qiskit_30,1.0,2.0,8.0,7.600000000000002e-06,0.9632831885832577,,,,,,,,,,,,,,,
16,dj_indep_qiskit_30,,,,,,,,,,,,,,,,1.0,2.0,8,7.600000000000002e-06,0.9632831885832577
27,dj_indep_qiskit_30,,,,,,,,,,,,,,,,1.0,2.0,8,1.3100000000000003e-05,0.9632819027141729
10,dj_indep_qiskit_30,,,,,,,,,,,3.0,4.0,40,4.6e-06,0.9613584289119459,,,,,
5,dj_indep_qiskit_30,,,,,,,,,,,7.0,8.0,52,2.1e-06,0.9575194063917636,,,,,
27,dj_indep_qiskit_30,,,,,,,,,,,1.0,2.0,8,1.3100000000000003e-05,0.9632819027141729,,,,,
27,dj_indep_qiskit_30,1.0,2.0,8.0,9.100000000000001e-06,0.9632830697538832,,,,,,,,,,,,,,,
10,dj_indep_qiskit_30,3.0,4.0,40.0,4.6e-06,0.961358576171588,,,,,,,,,,,,,,,
10,dj_indep_qiskit_30,,,,,,,,,,,,,,,,3.0,4.0,40,4.6e-06,0.9613584289119459
16,dj_indep_qiskit_30,,,,,,,,,,,1.0,2.0,8,7.600000000000002e-06,0.9632831885832577,,,,,
10,dj_indep_qiskit_39,,,,,,,,,,,,,,,,4.0,5.0,52,4.6e-06,0.9499048683321399
16,dj_indep_qiskit_39,2.0,3.0,24.0,7.600000000000002e-06,0.9518067022689765,,,,,,,,,,,,,,,
27,dj_indep_qiskit_39,,,,,,,,,,,,,,,,1.0,2.0,8,1.3100000000000003e-05,0.9527579266254964
10,dj_indep_qiskit_39,,,,,,,,,,,4.0,5.0,52,4.6e-06,0.9499048683321399,,,,,
27,dj_indep_qiskit_39,,,,,,,,,,,1.0,2.0,8,1.3100000000000003e-05,0.9527579266254964,,,,,
16,dj_indep_qiskit_39,,,,,,,,,,,2.0,3.0,24,7.600000000000002e-06,0.951806639304366,,,,,
16,dj_indep_qiskit_39,,,,,,,,,,,,,,,,2.0,3.0,24,7.600000000000002e-06,0.951806639304366
27,dj_indep_qiskit_39,1.0,2.0,8.0,1.1600000000000002e-05,0.9527582527574909,,,,,,,,,,,,,,,
10,dj_indep_qiskit_39,4.0,5.0,40.0,4.6e-06,0.9499050404738419,,,,,,,,,,,,,,,
16,dj_indep_qiskit_39,,,,,,2.0,3.0,24,7.600000000000002e-06,0.951806639304366,,,,,,,,,,
27,dj_indep_qiskit_39,,,,,,1.0,2.0,8,1.3100000000000003e-05,0.9527579266254964,,,,,,,,,,
10,dj_indep_qiskit_39,,,,,,4.0,5.0,52,4.6e-06,0.9499048683321399,,,,,,,,,,
66,ghz_indep_qiskit_94,,,,,,,,,,,1.0,2.0,8,3.254999999999996e-05,0.8925619348156847,,,,,
86,ghz_indep_qiskit_94,,,,,,,,,,,1.0,2.0,8,4.254999999999993e-05,0.8925619348156848,,,,,
81,ghz_indep_qiskit_94,1.0,2.0,8.0,2.9499999999999965e-05,0.8925619348156846,,,,,,,,,,,,,,,
66,ghz_indep_qiskit_94,,,,,,,,,,,,,,,,1.0,2.0,8,3.254999999999996e-05,0.8925619348156847
27,ghz_indep_qiskit_94,,,,,,,,,,,,,,,,3.0,4.0,40,1.3050000000000004e-05,0.8907777213271063
86,ghz_indep_qiskit_94,1.0,2.0,8.0,2.9499999999999965e-05,0.8925619348156846,,,,,,,,,,,,,,,
91,ghz_indep_qiskit_94,1.0,2.0,8.0,2.9499999999999965e-05,0.8925619348156846,,,,,,,,,,,,,,,
41,ghz_indep_qiskit_94,,,,,,2.0,3.0,24,2.0049999999999993e-05,0.891669381799346,,,,,,,,,,
51,ghz_indep_qiskit_94,,,,,,1.0,2.0,8,2.504999999999998e-05,0.8925619348156847,,,,,,,,,,
76,ghz_indep_qiskit_94,,,,,,,,,,,,,,,,1.0,2.0,8,3.7549999999999944e-05,0.8925619348156848
50,ghz_indep_qiskit_94,,,,,,,,,,,1.0,2.0,8,2.454999999999998e-05,0.8925619348156847,,,,,
65,ghz_indep_qiskit_94,,,,,,,,,,,1.0,2.0,8,3.204999999999996e-05,0.8925619348156847,,,,,
76,ghz_indep_qiskit_94,,,,,,,,,,,1.0,2.0,8,3.7549999999999944e-05,0.8925619348156848,,,,,
56,ghz_indep_qiskit_94,,,,,,,,,,,1.0,2.0,8,2.7549999999999972e-05,0.8925619348156847,,,,,
16,ghz_indep_qiskit_94,,,,,,,,,,,,,,,,6.0,7.0,52,7.550000000000001e-06,0.8881080862540823
81,ghz_indep_qiskit_94,,,,,,,,,,,,,,,,1.0,2.0,8,4.004999999999994e-05,0.8925619348156848
91,ghz_indep_qiskit_94,,,,,,1.0,2.0,8,4.504999999999992e-05,0.8925619348156849,,,,,,,,,,
71,ghz_indep_qiskit_94,,,,,,1.0,2.0,8,3.504999999999995e-05,0.8925619348156848,,,,,,,,,,
81,ghz_indep_qiskit_94,,,,,,1.0,2.0,8,4.004999999999994e-05,0.8925619348156848,,,,,,,,,,
61,ghz_indep_qiskit_94,,,,,,1.0,2.0,8,3.0049999999999965e-05,0.8925619348156847,,,,,,,,,,
91,ghz_indep_qiskit_94,,,,,,,,,,,,,,,,1.0,2.0,8,4.504999999999992e-05,0.8925619348156849
46,ghz_indep_qiskit_94,,,,,,,,,,,2.0,3.0,24,2.2549999999999986e-05,0.8916693817993463,,,,,
65,ghz_indep_qiskit_94,1.0,2.0,8.0,2.9499999999999965e-05,0.8925619348156846,,,,,,,,,,,,,,,
31,ghz_indep_qiskit_94,,,,,,3.0,4.0,40,1.5050000000000005e-05,0.8907777213271064,,,,,,,,,,
16,ghz_indep_qiskit_94,,,,,,,,,,,6.0,7.0,52,7.550000000000001e-06,0.8881080862540823,,,,,
50,ghz_indep_qiskit_94,,,,,,,,,,,,,,,,1.0,2.0,8,2.454999999999998e-05,0.8925619348156847
86,ghz_indep_qiskit_94,,,,,,,,,,,,,,,,1.0,2.0,8,4.254999999999993e-05,0.8925619348156848
36,ghz_indep_qiskit_94,,,,,,,,,,,2.0,3.0,24,1.755e-05,0.891669381799346,,,,,
71,ghz_indep_qiskit_94,,,,,,,,,,,,,,,,1.0,2.0,8,3.504999999999995e-05,0.8925619348156848
65,ghz_indep_qiskit_94,,,,,,,,,,,,,,,,1.0,2.0,8,3.204999999999996e-05,0.8925619348156847
61,ghz_indep_qiskit_94,,,,,,,,,,,,,,,,1.0,2.0,8,3.0049999999999965e-05,0.8925619348156847
27,ghz_indep_qiskit_94,,,,,,3.0,4.0,40,1.3050000000000004e-05,0.8907777213271063,,,,,,,,,,
41,ghz_indep_qiskit_94,2.0,3.0,24.0,1.8049999999999998e-05,0.891669381799346,,,,,,,,,,,,,,,
56,ghz_indep_qiskit_94,1.0,2.0,8.0,2.749999999999997e-05,0.8925619348156847,,,,,,,,,,,,,,,
46,ghz_indep_qiskit_94,2.0,3.0,24.0,1.8049999999999998e-05,0.891669381799346,,,,,,,,,,,,,,,
51,ghz_indep_qiskit_94,1.0,2.0,8.0,2.4999999999999977e-05,0.8925619348156846,,,,,,,,,,,,,,,
61,ghz_indep_qiskit_94,1.0,2.0,8.0,2.9999999999999963e-05,0.8925619348156846,,,,,,,,,,,,,,,
76,ghz_indep_qiskit_94,1.0,2.0,8.0,2.9499999999999965e-05,0.8925619348156846,,,,,,,,,,,,,,,
46,ghz_indep_qiskit_94,,,,,,,,,,,,,,,,2.0,3.0,24,2.2549999999999986e-05,0.8916693817993463
66,ghz_indep_qiskit_94,1.0,2.0,8.0,2.9499999999999965e-05,0.8925619348156846,,,,,,,,,,,,,,,
71,ghz_indep_qiskit_94,1.0,2.0,8.0,2.9499999999999965e-05,0.8925619348156846,,,,,,,,,,,,,,,
27,ghz_indep_qiskit_94,,,,,,,,,,,3.0,4.0,40,1.3050000000000004e-05,0.8907777213271063,,,,,
56,ghz_indep_qiskit_94,,,,,,,,,,,,,,,,1.0,2.0,8,2.7549999999999972e-05,0.8925619348156847
36,ghz_indep_qiskit_94,,,,,,2.0,3.0,24,1.755e-05,0.891669381799346,,,,,,,,,,
16,ghz_indep_qiskit_94,6.0,7.0,40.0,7.500000000000002e-06,0.8881080862540822,,,,,,,,,,,,,,,
31,ghz_indep_qiskit_94,3.0,4.0,40.0,1.4500000000000005e-05,0.8907777213271059,,,,,,,,,,,,,,,
36,ghz_indep_qiskit_94,2.0,3.0,24.0,1.755e-05,0.8916693817993459,,,,,,,,,,,,,,,
36,ghz_indep_qiskit_94,,,,,,,,,,,,,,,,2.0,3.0,24,1.755e-05,0.891669381799346
31,ghz_indep_qiskit_94,,,,,,,,,,,3.0,4.0,40,1.5050000000000005e-05,0.8907777213271064,,,,,
16,ghz_indep_qiskit_94,,,,,,6.0,7.0,52,7.550000000000001e-06,0.8881080862540823,,,,,,,,,,
50,ghz_indep_qiskit_94,1.0,2.0,8.0,2.449999999999998e-05,0.8925619348156846,,,,,,,,,,,,,,,
27,ghz_indep_qiskit_94,3.0,4.0,40.0,1.3050000000000004e-05,0.8907777213271063,,,,,,,,,,,,,,,
61,ghz_indep_qiskit_94,,,,,,,,,,,1.0,2.0,8,3.0049999999999965e-05,0.8925619348156847,,,,,
81,ghz_indep_qiskit_94,,,,,,,,,,,1.0,2.0,8,4.004999999999994e-05,0.8925619348156848,,,,,
46,ghz_indep_qiskit_94,,,,,,2.0,3.0,24,2.2549999999999986e-05,0.8916693817993463,,,,,,,,,,
56,ghz_indep_qiskit_94,,,,,,1.0,2.0,8,2.7549999999999972e-05,0.8925619348156847,,,,,,,,,,
31,ghz_indep_qiskit_94,,,,,,,,,,,,,,,,3.0,4.0,40,1.5050000000000005e-05,0.8907777213271064
71,ghz_indep_qiskit_94,,,,,,,,,,,1.0,2.0,8,3.504999999999995e-05,0.8925619348156848,,,,,
91,ghz_indep_qiskit_94,,,,,,,,,,,1.0,2.0,8,4.504999999999992e-05,0.8925619348156849,,,,,
51,ghz_indep_qiskit_94,,,,,,,,,,,1.0,2.0,8,2.504999999999998e-05,0.8925619348156847,,,,,
50,ghz_indep_qiskit_94,,,,,,1.0,2.0,8,2.454999999999998e-05,0.8925619348156847,,,,,,,,,,
51,ghz_indep_qiskit_94,,,,,,,,,,,,,,,,1.0,2.0,8,2.504999999999998e-05,0.8925619348156847
65,ghz_indep_qiskit_94,,,,,,1.0,2.0,8,3.204999999999996e-05,0.8925619348156847,,,,,,,,,,
76,ghz_indep_qiskit_94,,,,,,1.0,2.0,8,3.7549999999999944e-05,0.8925619348156848,,,,,,,,,,
41,ghz_indep_qiskit_94,,,,,,,,,,,,,,,,2.0,3.0,24,2.0049999999999993e-05,0.891669381799346
86,ghz_indep_qiskit_94,,,,,,1.0,2.0,8,4.254999999999993e-05,0.8925619348156848,,,,,,,,,,
66,ghz_indep_qiskit_94,,,,,,1.0,2.0,8,3.254999999999996e-05,0.8925619348156847,,,,,,,,,,
41,ghz_indep_qiskit_94,,,,,,,,,,,2.0,3.0,24,2.0049999999999993e-05,0.891669381799346,,,,,
27,e_nativegates_ibm_qiskit_opt3_47,,,,,,61.0,4.0,18014398509481984,8.080000000000001e-05,0.6721704216083901,,,,,,,,,,
16,e_nativegates_ibm_qiskit_opt3_47,,,,,,,,,,,179.0,15.0,4294967296,3.054999999999999e-05,0.5975150217249182,,,,,
16,e_nativegates_ibm_qiskit_opt3_47,,,,,,144.0,13.0,4294967296,3.054999999999999e-05,0.6187707278370363,,,,,,,,,,
27,e_nativegates_ibm_qiskit_opt3_47,,,,,,,,,,,61.0,4.0,18014398509481984,8.080000000000001e-05,0.6721704216083901,,,,,
16,e_nativegates_ibm_qiskit_opt3_47,,,,,,,,,,,,,,,,179.0,15.0,4294967296,3.054999999999999e-05,0.5975150217249182
27,e_nativegates_ibm_qiskit_opt3_47,,,,,,,,,,,,,,,,61.0,4.0,18014398509481984,8.080000000000001e-05,0.6721704216083901
16,graphstate_indep_qiskit_93,,,,,,9.0,7.0,48,2.5499999999999997e-06,0.8855175647904927,,,,,,,,,,
50,graphstate_indep_qiskit_93,2.0,2.0,32.0,3.5499999999999995e-06,0.8917409881272038,,,,,,,,,,,,,,,
50,graphstate_indep_qiskit_93,,,,,,2.0,2.0,33,3.5499999999999995e-06,0.8917409881272035,,,,,,,,,,
65,graphstate_indep_qiskit_93,,,,,,2.0,2.0,33,3.5499999999999995e-06,0.8917409881272033,,,,,,,,,,
65,graphstate_indep_qiskit_93,,,,,,,,,,,,,,,,2.0,2.0,33,3.0499999999999996e-06,0.8917409881272036
27,graphstate_indep_qiskit_93,,,,,,,,,,,,,,,,5.0,4.0,49,3.0499999999999996e-06,0.8890684688394666
27,graphstate_indep_qiskit_93,,,,,,,,,,,5.0,4.0,49,3.0499999999999996e-06,0.8890684688394667,,,,,
27,graphstate_indep_qiskit_93,4.0,4.0,48.0,3.5499999999999995e-06,0.8899584174751344,,,,,,,,,,,,,,,
50,graphstate_indep_qiskit_93,,,,,,,,,,,,,,,,3.0,3.0,49,3.0499999999999996e-06,0.8908492569404763
65,graphstate_indep_qiskit_93,2.0,2.0,32.0,3.5499999999999995e-06,0.891740988127203,,,,,,,,,,,,,,,
27,graphstate_indep_qiskit_93,,,,,,4.0,4.0,49,3.5499999999999995e-06,0.8899584174751345,,,,,,,,,,
16,graphstate_indep_qiskit_93,7.0,7.0,48.0,3.5499999999999995e-06,0.8872912404947632,,,,,,,,,,,,,,,
65,graphstate_indep_qiskit_93,,,,,,,,,,,2.0,2.0,33,3.0499999999999996e-06,0.8917409881272036,,,,,
50,graphstate_indep_qiskit_93,,,,,,,,,,,2.0,2.0,33,3.5499999999999995e-06,0.8917409881272036,,,,,
16,graphstate_indep_qiskit_93,,,,,,,,,,,9.0,7.0,48,3.0499999999999996e-06,0.8855175647904927,,,,,
16,graphstate_indep_qiskit_93,,,,,,,,,,,,,,,,9.0,7.0,48,2.5499999999999997e-06,0.8855175647904929
16,graphstate_indep_qiskit_69,,,,,,,,,,,6.0,6.0,48,3.5499999999999995e-06,0.9143617659256038,,,,,
50,graphstate_indep_qiskit_69,,,,,,,,,,,0.0,2.0,3,3.5499999999999995e-06,0.9198671287139569,,,,,
16,graphstate_indep_qiskit_69,,,,,,,,,,,,,,,,5.0,6.0,48,3.0499999999999996e-06,0.9152770328984102
65,graphstate_indep_qiskit_69,,,,,,,,,,,0.0,2.0,3,3.5499999999999995e-06,0.9198671287139569,,,,,
27,graphstate_indep_qiskit_69,3.0,3.0,48.0,3.5499999999999995e-06,0.9171103162803307,,,,,,,,,,,,,,,
27,graphstate_indep_qiskit_69,,,,,,2.0,3.0,34,3.0499999999999996e-06,0.9180283345245227,,,,,,,,,,
50,graphstate_indep_qiskit_69,,,,,,,,,,,,,,,,0.0,2.0,3,3.5499999999999995e-06,0.9198671287139569
16,graphstate_indep_qiskit_69,6.0,5.0,256.0,3.5499999999999995e-06,0.9143617659256034,,,,,,,,,,,,,,,
27,graphstate_indep_qiskit_69,,,,,,,,,,,,,,,,2.0,3.0,34,3.0499999999999996e-06,0.9180283345245227
27,graphstate_indep_qiskit_69,,,,,,,,,,,2.0,3.0,34,3.0499999999999996e-06,0.9180283345245227,,,,,
65,graphstate_indep_qiskit_69,,,,,,,,,,,,,,,,0.0,2.0,3,3.5499999999999995e-06,0.9198671287139569
65,graphstate_indep_qiskit_69,,,,,,0.0,2.0,3,3.5499999999999995e-06,0.9198671287139569,,,,,,,,,,
50,graphstate_indep_qiskit_69,,,,,,0.0,2.0,3,3.5499999999999995e-06,0.9198671287139569,,,,,,,,,,
16,graphstate_indep_qiskit_69,,,,,,5.0,6.0,48,3.0499999999999996e-06,0.9152770328984102,,,,,,,,,,
10,wstate_nativegates_ibm_qiskit_opt3_15,,,,,,2.0,2.0,32,6.350000000000004e-06,0.9768131896949025,,,,,,,,,,
5,wstate_nativegates_ibm_qiskit_opt3_15,,,,,,,,,,,,,,,,8.0,5.0,256,3.099999999999999e-06,0.9709671880292626
10,wstate_nativegates_ibm_qiskit_opt3_15,2.0,2.0,32.0,6.2000000000000025e-06,0.9768131882290085,,,,,,,,,,,,,,,
5,wstate_nativegates_ibm_qiskit_opt3_15,,,,,,,,,,,8.0,5.0,256,3.099999999999999e-06,0.9709671880292626,,,,,
10,wstate_nativegates_ibm_qiskit_opt3_15,,,,,,,,,,,,,,,,2.0,2.0,32,6.350000000000004e-06,0.9768131896949025
5,wstate_nativegates_ibm_qiskit_opt3_15,8.0,5.0,272.0,2.9499999999999993e-06,0.970967180549375,,,,,,,,,,,,,,,
5,wstate_nativegates_ibm_qiskit_opt3_15,,,,,,8.0,5.0,256,3.099999999999999e-06,0.9709671880292626,,,,,,,,,,
10,wstate_nativegates_ibm_qiskit_opt3_15,,,,,,,,,,,2.0,2.0,32,6.350000000000004e-06,0.9768131896949025,,,,,
65,e_nativegates_ibm_qiskit_opt3_71,,,,,,,,,,,,,,,,82.0,3.0,1361129467683753853853498429727072845824,0.00014290000000000044,0.5340839940521498
50,e_nativegates_ibm_qiskit_opt3_71,,,,,,,,,,,67.0,3.0,1267650600228229401496703205376,0.00013165000000000022,0.5422087534212197,,,,,
27,e_nativegates_ibm_qiskit_opt3_71,,,,,,139.0,8.0,18014398509481984,7.8e-05,0.5047701878522546,,,,,,,,,,
50,e_nativegates_ibm_qiskit_opt3_71,,,,,,,,,,,,,,,,67.0,3.0,1267650600228229401496703205376,0.00013165000000000022,0.5422087534212197
65,e_nativegates_ibm_qiskit_opt3_71,,,,,,,,,,,82.0,3.0,1361129467683753853853498429727072845824,0.00014290000000000044,0.5340839940521498,,,,,
65,e_nativegates_ibm_qiskit_opt3_71,,,,,,82.0,3.0,1361129467683753853853498429727072845824,0.00014290000000000044,0.5340839940521498,,,,,,,,,,
27,e_nativegates_ibm_qiskit_opt3_71,,,,,,,,,,,,,,,,139.0,8.0,18014398509481984,7.8e-05,0.5047701878522546
50,e_nativegates_ibm_qiskit_opt3_71,,,,,,67.0,3.0,1267650600228229401496703205376,0.00013165000000000022,0.5422087534212197,,,,,,,,,,
27,e_nativegates_ibm_qiskit_opt3_71,,,,,,,,,,,139.0,8.0,18014398509481984,7.8e-05,0.5047701878522546,,,,,
27,e_nativegates_ibm_qiskit_opt3_85,,,,,,,,,,,183.0,10.0,18014398509481984,6.119999999999997e-05,0.42773805867685066,,,,,
27,e_nativegates_ibm_qiskit_opt3_85,,,,,,,,,,,,,,,,183.0,10.0,18014398509481984,6.119999999999997e-05,0.42773805867685066
50,e_nativegates_ibm_qiskit_opt3_85,,,,,,84.0,4.0,1267650600228229401496703205376,0.0001512500000000008,0.47195241039623076,,,,,,,,,,
65,e_nativegates_ibm_qiskit_opt3_85,,,,,,82.0,3.0,1361129467683753853853498429727072845824,0.00016250000000000097,0.4728752004578774,,,,,,,,,,
65,e_nativegates_ibm_qiskit_opt3_85,,,,,,,,,,,,,,,,82.0,3.0,1361129467683753853853498429727072845824,0.00016250000000000097,0.4728752004578774
65,e_nativegates_ibm_qiskit_opt3_85,,,,,,,,,,,82.0,3.0,1361129467683753853853498429727072845824,0.00016250000000000097,0.4728752004578774,,,,,
50,e_nativegates_ibm_qiskit_opt3_85,,,,,,,,,,,,,,,,84.0,4.0,1267650600228229401496703205376,0.0001512500000000008,0.47195241039623076
27,e_nativegates_ibm_qiskit_opt3_85,,,,,,183.0,10.0,18014398509481984,6.119999999999997e-05,0.42773805867685066,,,,,,,,,,
50,e_nativegates_ibm_qiskit_opt3_85,,,,,,,,,,,84.0,4.0,1267650600228229401496703205376,0.0001512500000000008,0.47195241039623076,,,,,
10,dj_nativegates_ibm_qiskit_opt3_46,,,,,,,,,,,4.0,5.0,52,4.75e-06,0.940533908994116,,,,,
27,dj_nativegates_ibm_qiskit_opt3_46,,,,,,,,,,,,,,,,1.0,2.0,8,1.3250000000000004e-05,0.9433581274952928
27,dj_nativegates_ibm_qiskit_opt3_46,,,,,,,,,,,1.0,2.0,8,1.3250000000000004e-05,0.9433581274952928,,,,,
16,dj_nativegates_ibm_qiskit_opt3_46,,,,,,,,,,,2.0,3.0,24,7.75e-06,0.9424165108742768,,,,,
10,dj_nativegates_ibm_qiskit_opt3_46,4.0,5.0,40.0,4.75e-06,0.940533908994116,,,,,,,,,,,,,,,
16,dj_nativegates_ibm_qiskit_opt3_46,2.0,3.0,24.0,7.75e-06,0.9424165108742768,,,,,,,,,,,,,,,
16,dj_nativegates_ibm_qiskit_opt3_46,,,,,,,,,,,,,,,,2.0,3.0,24,7.75e-06,0.9424165108742768
27,dj_nativegates_ibm_qiskit_opt3_46,1.0,2.0,8.0,1.3250000000000004e-05,0.9433581274952928,,,,,,,,,,,,,,,
16,dj_nativegates_ibm_qiskit_opt3_46,,,,,,2.0,3.0,24,7.75e-06,0.9424165108742768,,,,,,,,,,
10,dj_nativegates_ibm_qiskit_opt3_46,,,,,,4.0,5.0,52,4.75e-06,0.940533908994116,,,,,,,,,,
27,dj_nativegates_ibm_qiskit_opt3_46,,,,,,1.0,2.0,8,1.3250000000000004e-05,0.9433581274952928,,,,,,,,,,
10,dj_nativegates_ibm_qiskit_opt3_46,,,,,,,,,,,,,,,,4.0,5.0,52,4.75e-06,0.940533908994116
27,ghz_indep_qiskit_100,,,,,,3.0,4.0,40,1.3050000000000004e-05,0.8843843943103195,,,,,,,,,,
65,ghz_indep_qiskit_100,1.0,2.0,8.0,3.099999999999996e-05,0.886155802067426,,,,,,,,,,,,,,,
50,ghz_indep_qiskit_100,2.0,3.0,24.0,1.75e-05,0.8852696551198257,,,,,,,,,,,,,,,
50,ghz_indep_qiskit_100,,,,,,2.0,3.0,24,2.454999999999998e-05,0.8852696551198258,,,,,,,,,,
65,ghz_indep_qiskit_100,,,,,,1.0,2.0,8,3.204999999999996e-05,0.8861558020674261,,,,,,,,,,
65,ghz_indep_qiskit_100,,,,,,,,,,,,,,,,1.0,2.0,8,3.204999999999996e-05,0.8861558020674261
27,ghz_indep_qiskit_100,,,,,,,,,,,,,,,,3.0,4.0,40,1.3050000000000004e-05,0.8843843943103195
27,ghz_indep_qiskit_100,3.0,4.0,40.0,1.2550000000000004e-05,0.8843843943103192,,,,,,,,,,,,,,,
50,ghz_indep_qiskit_100,,,,,,,,,,,2.0,3.0,24,2.454999999999998e-05,0.8852696551198258,,,,,
65,ghz_indep_qiskit_100,,,,,,,,,,,1.0,2.0,8,3.204999999999996e-05,0.8861558020674261,,,,,
27,ghz_indep_qiskit_100,,,,,,,,,,,3.0,4.0,40,1.3050000000000004e-05,0.8843843943103195,,,,,
50,ghz_indep_qiskit_100,,,,,,,,,,,,,,,,2.0,3.0,24,2.454999999999998e-05,0.8852696551198258
5,peexact_nativegates_ibm_qiskit_opt3_9,,,,,,25.0,7.0,1024,5.6000000000000014e-06,0.9498303178192756,,,,,,,,,,
5,peexact_nativegates_ibm_qiskit_opt3_9,,,,,,,,,,,,,,,,25.0,7.0,1024,5.6000000000000014e-06,0.9498303178192756
5,peexact_nativegates_ibm_qiskit_opt3_9,,,,,,,,,,,25.0,7.0,1024,5.6000000000000014e-06,0.9498303178192756,,,,,
272,u2random_nativegates_ibm_qiskit_opt3_37,,,,,,,,,,,148.0,7.0,18014398509481984,2.5699999999999978e-05,0.5537280942718423,,,,,
272,u2random_nativegates_ibm_qiskit_opt3_37,,,,,,,,,,,,,,,,148.0,7.0,18014398509481984,2.5699999999999978e-05,0.5537280942718423
272,u2random_nativegates_ibm_qiskit_opt3_37,,,,,,148.0,7.0,18014398509481984,2.5699999999999978e-05,0.5537280942718423,,,,,,,,,,
50,ghz_nativegates_ibm_qiskit_opt3_100,2.0,3.0,24.0,1.75e-05,0.8852519477789159,,,,,,,,,,,,,,,
65,ghz_nativegates_ibm_qiskit_opt3_100,1.0,2.0,8.0,3.099999999999996e-05,0.8861380770016275,,,,,,,,,,,,,,,
65,ghz_nativegates_ibm_qiskit_opt3_100,,,,,,,,,,,1.0,2.0,8,3.214999999999996e-05,0.8861380770016276,,,,,
27,ghz_nativegates_ibm_qiskit_opt3_100,,,,,,3.0,4.0,40,1.3150000000000005e-05,0.8843667046765735,,,,,,,,,,
27,ghz_nativegates_ibm_qiskit_opt3_100,3.0,4.0,40.0,1.2650000000000004e-05,0.8843667046765733,,,,,,,,,,,,,,,
50,ghz_nativegates_ibm_qiskit_opt3_100,,,,,,,,,,,2.0,3.0,24,2.464999999999998e-05,0.885251947778916,,,,,
50,ghz_nativegates_ibm_qiskit_opt3_100,,,,,,,,,,,,,,,,2.0,3.0,24,2.464999999999998e-05,0.885251947778916
50,ghz_nativegates_ibm_qiskit_opt3_100,,,,,,2.0,3.0,24,2.464999999999998e-05,0.885251947778916,,,,,,,,,,
27,ghz_nativegates_ibm_qiskit_opt3_100,,,,,,,,,,,3.0,4.0,40,1.3150000000000005e-05,0.8843667046765735,,,,,
65,ghz_nativegates_ibm_qiskit_opt3_100,,,,,,,,,,,,,,,,1.0,2.0,8,3.214999999999996e-05,0.8861380770016276
27,ghz_nativegates_ibm_qiskit_opt3_100,,,,,,,,,,,,,,,,3.0,4.0,40,1.3150000000000005e-05,0.8843667046765735
65,ghz_nativegates_ibm_qiskit_opt3_100,,,,,,1.0,2.0,8,3.214999999999996e-05,0.8861380770016276,,,,,,,,,,
10,dj_indep_qiskit_31,,,,,,,,,,,3.0,4.0,40,4.6e-06,0.9601857754428144,,,,,
27,dj_indep_qiskit_31,,,,,,,,,,,1.0,2.0,8,1.3100000000000003e-05,0.9621068933879471,,,,,
16,dj_indep_qiskit_31,,,,,,,,,,,1.0,2.0,8,7.600000000000002e-06,0.9621080716658503,,,,,
27,dj_indep_qiskit_31,,,,,,,,,,,,,,,,1.0,2.0,8,1.3100000000000003e-05,0.9621068933879471
10,dj_indep_qiskit_31,,,,,,,,,,,,,,,,3.0,4.0,40,4.6e-06,0.9601857754428144
10,dj_indep_qiskit_31,3.0,4.0,40.0,4.6e-06,0.9601858648482475,,,,,,,,,,,,,,,
27,dj_indep_qiskit_31,1.0,2.0,8.0,9.600000000000001e-06,0.9621079134041172,,,,,,,,,,,,,,,
16,dj_indep_qiskit_31,,,,,,1.0,2.0,8,7.600000000000002e-06,0.9621080716658503,,,,,,,,,,
16,dj_indep_qiskit_31,,,,,,,,,,,,,,,,1.0,2.0,8,7.600000000000002e-06,0.9621080716658503
16,dj_indep_qiskit_31,1.0,2.0,8.0,7.600000000000002e-06,0.9621080716658503,,,,,,,,,,,,,,,
27,dj_indep_qiskit_31,,,,,,1.0,2.0,8,1.3100000000000003e-05,0.9621068933879471,,,,,,,,,,
10,dj_indep_qiskit_31,,,,,,3.0,4.0,40,4.6e-06,0.9601857754428144,,,,,,,,,,
10,oa_nativegates_ibm_qiskit_opt3_13,,,,,,,,,,,6.0,2.0,64,5.9000000000000045e-06,0.9691999710278558,,,,,
5,oa_nativegates_ibm_qiskit_opt3_13,,,,,,16.0,6.0,4112,4.8000000000000015e-06,0.9595529852047512,,,,,,,,,,
5,oa_nativegates_ibm_qiskit_opt3_13,,,,,,,,,,,,,,,,12.0,6.0,64,4.850000000000002e-06,0.9634001927860182
5,oa_nativegates_ibm_qiskit_opt3_13,16.0,6.0,4096.0,4.850000000000002e-06,0.9566771605957152,,,,,,,,,,,,,,,
10,oa_nativegates_ibm_qiskit_opt3_13,4.0,2.0,4096.0,5.900000000000003e-06,0.9691997666983981,,,,,,,,,,,,,,,
5,oa_nativegates_ibm_qiskit_opt3_13,,,,,,,,,,,12.0,6.0,64,4.850000000000002e-06,0.9634001927860182,,,,,
10,oa_nativegates_ibm_qiskit_opt3_13,,,,,,,,,,,,,,,,6.0,2.0,64,5.9000000000000045e-06,0.9691999710278558
10,oa_nativegates_ibm_qiskit_opt3_13,,,,,,6.0,2.0,1024,5.900000000000003e-06,0.9691999524966126,,,,,,,,,,
16,graphstate_nativegates_ibm_qiskit_opt3_68,,,,,,5.0,5.0,50,4.1000000000000006e-06,0.9151399649810752,,,,,,,,,,
65,graphstate_nativegates_ibm_qiskit_opt3_68,,,,,,,,,,,0.0,2.0,4,4.1000000000000006e-06,0.9197293642033665,,,,,
16,graphstate_nativegates_ibm_qiskit_opt3_68,,,,,,,,,,,,,,,,5.0,5.0,50,3.449999999999999e-06,0.9151399649810753
27,graphstate_nativegates_ibm_qiskit_opt3_68,,,,,,3.0,3.0,50,4.1000000000000006e-06,0.9169729701492916,,,,,,,,,,
50,graphstate_nativegates_ibm_qiskit_opt3_68,,,,,,,,,,,2.0,2.0,35,3.449999999999999e-06,0.9178908490749753,,,,,
50,graphstate_nativegates_ibm_qiskit_opt3_68,,,,,,,,,,,,,,,,2.0,2.0,35,3.449999999999999e-06,0.9178908490749753
65,graphstate_nativegates_ibm_qiskit_opt3_68,,,,,,,,,,,,,,,,0.0,2.0,4,4.1000000000000006e-06,0.9197293642033665
50,graphstate_nativegates_ibm_qiskit_opt3_68,2.0,2.0,32.0,4.1000000000000006e-06,0.9178908490749752,,,,,,,,,,,,,,,
16,graphstate_nativegates_ibm_qiskit_opt3_68,5.0,5.0,48.0,4.1000000000000006e-06,0.9151399655302851,,,,,,,,,,,,,,,
27,graphstate_nativegates_ibm_qiskit_opt3_68,3.0,3.0,48.0,3.249999999999999e-06,0.916972970699601,,,,,,,,,,,,,,,
50,graphstate_nativegates_ibm_qiskit_opt3_68,,,,,,2.0,2.0,35,4.1000000000000006e-06,0.9178908490749756,,,,,,,,,,
27,graphstate_nativegates_ibm_qiskit_opt3_68,,,,,,,,,,,,,,,,3.0,3.0,50,3.449999999999999e-06,0.9169729701492911
27,graphstate_nativegates_ibm_qiskit_opt3_68,,,,,,,,,,,3.0,3.0,50,3.449999999999999e-06,0.9169729701492911,,,,,
16,graphstate_nativegates_ibm_qiskit_opt3_68,,,,,,,,,,,5.0,5.0,50,3.449999999999999e-06,0.915139964981075,,,,,
65,graphstate_nativegates_ibm_qiskit_opt3_68,,,,,,0.0,2.0,4,4.1000000000000006e-06,0.9197293642033665,,,,,,,,,,
5,hhl_indep_qiskit_8,,,,,,,,,,,17.0,5.0,65536,0.00011719999999999973,0.8133691020744581,,,,,
5,hhl_indep_qiskit_8,,,,,,17.0,5.0,65536,0.00011719999999999973,0.8133691020744581,,,,,,,,,,
5,hhl_indep_qiskit_8,,,,,,,,,,,,,,,,17.0,5.0,65536,0.00011719999999999973,0.8133691020744581
50,ghz_nativegates_ibm_qiskit_opt3_77,,,,,,,,,,,1.0,2.0,8,2.464999999999998e-05,0.9109470287609018,,,,,
16,ghz_nativegates_ibm_qiskit_opt3_77,,,,,,5.0,6.0,52,7.650000000000001e-06,0.9073087389847616,,,,,,,,,,
27,ghz_nativegates_ibm_qiskit_opt3_77,,,,,,2.0,3.0,24,1.3150000000000005e-05,0.9100360908343218,,,,,,,,,,
65,ghz_nativegates_ibm_qiskit_opt3_77,,,,,,,,,,,,,,,,1.0,2.0,8,3.214999999999996e-05,0.9109470287609018
50,ghz_nativegates_ibm_qiskit_opt3_77,,,,,,,,,,,,,,,,1.0,2.0,8,2.464999999999998e-05,0.9109470287609018
65,ghz_nativegates_ibm_qiskit_opt3_77,,,,,,,,,,,1.0,2.0,8,3.214999999999996e-05,0.9109470287609018,,,,,
27,ghz_nativegates_ibm_qiskit_opt3_77,2.0,3.0,24.0,1.3150000000000005e-05,0.9100360908343218,,,,,,,,,,,,,,,
16,ghz_nativegates_ibm_qiskit_opt3_77,5.0,6.0,40.0,7.500000000000002e-06,0.9073087389847617,,,,,,,,,,,,,,,
50,ghz_nativegates_ibm_qiskit_opt3_77,1.0,2.0,8.0,2.449999999999998e-05,0.9109470287609016,,,,,,,,,,,,,,,
65,ghz_nativegates_ibm_qiskit_opt3_77,,,,,,1.0,2.0,8,3.214999999999996e-05,0.9109470287609018,,,,,,,,,,
27,ghz_nativegates_ibm_qiskit_opt3_77,,,,,,,,,,,,,,,,2.0,3.0,24,1.3150000000000005e-05,0.9100360908343218
16,ghz_nativegates_ibm_qiskit_opt3_77,,,,,,,,,,,5.0,6.0,52,7.650000000000001e-06,0.9073087389847616,,,,,
27,ghz_nativegates_ibm_qiskit_opt3_77,,,,,,,,,,,2.0,3.0,24,1.3150000000000005e-05,0.9100360908343218,,,,,
65,ghz_nativegates_ibm_qiskit_opt3_77,1.0,2.0,8.0,2.464999999999998e-05,0.9109470287609018,,,,,,,,,,,,,,,
50,ghz_nativegates_ibm_qiskit_opt3_77,,,,,,1.0,2.0,8,2.464999999999998e-05,0.9109470287609018,,,,,,,,,,
16,ghz_nativegates_ibm_qiskit_opt3_77,,,,,,,,,,,,,,,,5.0,6.0,52,7.650000000000001e-06,0.9073087389847616
5,e_indep_qiskit_17,,,,,,93.0,22.0,1024,7.0000000000000024e-06,0.8683932037665133,,,,,,,,,,
16,e_indep_qiskit_17,23.0,3.0,4294967296.0,1.9049999999999995e-05,0.9313822765992551,,,,,,,,,,,,,,,
16,e_indep_qiskit_17,,,,,,31.0,3.0,4294967296,1.6550000000000002e-05,0.9239509244679771,,,,,,,,,,
16,e_indep_qiskit_17,,,,,,,,,,,,,,,,31.0,3.0,4294967296,1.6550000000000002e-05,0.9239509244679771
10,e_indep_qiskit_17,,,,,,42.0,6.0,1048576,1.530000000000001e-05,0.9138466906659307,,,,,,,,,,
10,e_indep_qiskit_17,,,,,,,,,,,,,,,,40.0,6.0,1048576,1.530000000000001e-05,0.9156775426475288
10,e_indep_qiskit_17,,,,,,,,,,,40.0,6.0,1048576,1.530000000000001e-05,0.9156775426475288,,,,,
5,e_indep_qiskit_17,,,,,,,,,,,,,,,,91.0,22.0,1024,7.0000000000000024e-06,0.8701326702259973
16,e_indep_qiskit_17,,,,,,,,,,,31.0,3.0,4294967296,1.6550000000000002e-05,0.9239509244679771,,,,,
5,e_indep_qiskit_17,,,,,,,,,,,91.0,22.0,1024,7.0000000000000024e-06,0.8701326702259973,,,,,
10,vqe_indep_qiskit_14,,,,,,,,,,,2.0,2.0,32,5.150000000000001e-06,0.9786031340633289,,,,,
5,vqe_indep_qiskit_14,,,,,,6.0,4.0,256,2.6499999999999996e-06,0.9746947265284882,,,,,,,,,,
10,vqe_indep_qiskit_14,,,,,,,,,,,,,,,,2.0,2.0,32,5.150000000000001e-06,0.9786031340633289
5,vqe_indep_qiskit_14,,,,,,,,,,,6.0,4.0,256,2.6499999999999996e-06,0.9746947265284882,,,,,
5,vqe_indep_qiskit_14,6.0,4.0,288.0,2.6499999999999996e-06,0.9746947265284882,,,,,,,,,,,,,,,
10,vqe_indep_qiskit_14,,,,,,2.0,2.0,32,5.150000000000001e-06,0.9786031340633289,,,,,,,,,,
10,vqe_indep_qiskit_14,2.0,2.0,32.0,4.15e-06,0.9786031340633289,,,,,,,,,,,,,,,
5,vqe_indep_qiskit_14,,,,,,,,,,,,,,,,6.0,4.0,256,2.6499999999999996e-06,0.9746947265284882
65,ghz_nativegates_ibm_qiskit_opt3_70,1.0,2.0,8.0,2.1999999999999986e-05,0.9186345581758876,,,,,,,,,,,,,,,
65,ghz_nativegates_ibm_qiskit_opt3_70,,,,,,1.0,2.0,8,3.214999999999996e-05,0.9186345581758879,,,,,,,,,,
27,ghz_nativegates_ibm_qiskit_opt3_70,,,,,,,,,,,2.0,3.0,24,1.3150000000000005e-05,0.9177159327967067,,,,,
50,ghz_nativegates_ibm_qiskit_opt3_70,1.0,2.0,8.0,2.1999999999999986e-05,0.9186345581758876,,,,,,,,,,,,,,,
16,ghz_nativegates_ibm_qiskit_opt3_70,,,,,,,,,,,4.0,5.0,52,7.650000000000001e-06,0.9158814369683388,,,,,
16,ghz_nativegates_ibm_qiskit_opt3_70,,,,,,,,,,,,,,,,4.0,5.0,52,7.650000000000001e-06,0.9158814369683388
16,ghz_nativegates_ibm_qiskit_opt3_70,4.0,5.0,40.0,7.500000000000002e-06,0.9158814369683387,,,,,,,,,,,,,,,
27,ghz_nativegates_ibm_qiskit_opt3_70,,,,,,,,,,,,,,,,2.0,3.0,24,1.3150000000000005e-05,0.9177159327967067
50,ghz_nativegates_ibm_qiskit_opt3_70,,,,,,1.0,2.0,8,2.464999999999998e-05,0.9186345581758877,,,,,,,,,,
50,ghz_nativegates_ibm_qiskit_opt3_70,,,,,,,,,,,1.0,2.0,8,2.464999999999998e-05,0.9186345581758877,,,,,
27,ghz_nativegates_ibm_qiskit_opt3_70,2.0,3.0,24.0,1.2500000000000004e-05,0.9177159327967066,,,,,,,,,,,,,,,
27,ghz_nativegates_ibm_qiskit_opt3_70,,,,,,2.0,3.0,24,1.3150000000000005e-05,0.9177159327967067,,,,,,,,,,
16,ghz_nativegates_ibm_qiskit_opt3_70,,,,,,4.0,5.0,52,7.650000000000001e-06,0.9158814369683388,,,,,,,,,,
65,ghz_nativegates_ibm_qiskit_opt3_70,,,,,,,,,,,1.0,2.0,8,3.214999999999996e-05,0.9186345581758879,,,,,
50,ghz_nativegates_ibm_qiskit_opt3_70,,,,,,,,,,,,,,,,1.0,2.0,8,2.464999999999998e-05,0.9186345581758877
65,ghz_nativegates_ibm_qiskit_opt3_70,,,,,,,,,,,,,,,,1.0,2.0,8,3.214999999999996e-05,0.9186345581758879
16,graphstate_nativegates_ibm_qiskit_opt3_59,,,,,,,,,,,5.0,5.0,48,3.899999999999999e-06,0.9253312318110368,,,,,
10,graphstate_nativegates_ibm_qiskit_opt3_59,,,,,,,,,,,,,,,,8.0,7.0,49,4.399999999999999e-06,0.9225580491720076
10,graphstate_nativegates_ibm_qiskit_opt3_59,,,,,,8.0,7.0,49,4.399999999999999e-06,0.9225580491720076,,,,,,,,,,
27,graphstate_nativegates_ibm_qiskit_opt3_59,,,,,,,,,,,2.0,3.0,34,5.050000000000001e-06,0.9281127505563478,,,,,
27,graphstate_nativegates_ibm_qiskit_opt3_59,,,,,,,,,,,,,,,,2.0,3.0,34,5.050000000000001e-06,0.9281127505563478
50,graphstate_nativegates_ibm_qiskit_opt3_59,,,,,,0.0,2.0,3,5.050000000000001e-06,0.9299717399279813,,,,,,,,,,
27,graphstate_nativegates_ibm_qiskit_opt3_59,3.0,3.0,48.0,5.050000000000001e-06,0.9271846498619642,,,,,,,,,,,,,,,
16,graphstate_nativegates_ibm_qiskit_opt3_59,5.0,4.0,272.0,5.050000000000001e-06,0.9253312319961452,,,,,,,,,,,,,,,
50,graphstate_nativegates_ibm_qiskit_opt3_59,,,,,,,,,,,,,,,,0.0,2.0,3,5.050000000000001e-06,0.9299717399279813
10,graphstate_nativegates_ibm_qiskit_opt3_59,7.0,7.0,48.0,4.4e-06,0.9234815192489048,,,,,,,,,,,,,,,
50,graphstate_nativegates_ibm_qiskit_opt3_59,,,,,,,,,,,0.0,2.0,3,5.050000000000001e-06,0.9299717399279813,,,,,
10,graphstate_nativegates_ibm_qiskit_opt3_59,,,,,,,,,,,8.0,7.0,49,4.399999999999999e-06,0.9225580491720076,,,,,
27,graphstate_nativegates_ibm_qiskit_opt3_59,,,,,,3.0,3.0,50,5.050000000000001e-06,0.9271846498619645,,,,,,,,,,
16,graphstate_nativegates_ibm_qiskit_opt3_59,,,,,,5.0,5.0,49,4.25e-06,0.9253312318110366,,,,,,,,,,
16,graphstate_nativegates_ibm_qiskit_opt3_59,,,,,,,,,,,,,,,,5.0,5.0,48,3.899999999999999e-06,0.9253312318110368
16,realamprandom_nativegates_ibm_qiskit_opt3_26,,,,,,,,,,,150.0,11.0,4294967296,1.4700000000000005e-05,0.687032727627615,,,,,
16,realamprandom_nativegates_ibm_qiskit_opt3_26,,,,,,,,,,,,,,,,150.0,11.0,4294967296,1.4700000000000005e-05,0.687032727627615
16,realamprandom_nativegates_ibm_qiskit_opt3_26,,,,,,150.0,11.0,4294967296,1.4700000000000005e-05,0.687032727627615,,,,,,,,,,
10,peexact_indep_qiskit_34,,,,,,,,,,,,,,,,214.0,25.0,1048576,7.550000000000002e-06,0.694733353413295
27,peexact_indep_qiskit_34,,,,,,67.0,4.0,18014398509481984,2.164999999999999e-05,0.8047582940956931,,,,,,,,,,
27,peexact_indep_qiskit_34,,,,,,,,,,,,,,,,67.0,4.0,18014398509481984,2.164999999999999e-05,0.8047582940956931
10,peexact_indep_qiskit_34,,,,,,,,,,,214.0,25.0,1048576,7.550000000000002e-06,0.694733353413295,,,,,
16,peexact_indep_qiskit_34,,,,,,145.0,12.0,4294967296,1.2650000000000004e-05,0.7443722322531269,,,,,,,,,,
16,peexact_indep_qiskit_34,,,,,,,,,,,,,,,,148.0,12.0,4294967296,1.2650000000000004e-05,0.7421384554788085
16,peexact_indep_qiskit_34,,,,,,,,,,,148.0,12.0,4294967296,1.2650000000000004e-05,0.7421384554788085,,,,,
10,peexact_indep_qiskit_34,,,,,,214.0,25.0,1048576,7.550000000000002e-06,0.694733353413295,,,,,,,,,,
27,peexact_indep_qiskit_34,,,,,,,,,,,67.0,4.0,18014398509481984,2.164999999999999e-05,0.8047582940956931,,,,,
16,peexact_nativegates_ibm_qiskit_opt3_19,,,,,,,,,,,,,,,,37.0,4.0,4294967296,2.7249999999999995e-05,0.874354690771856
10,peexact_nativegates_ibm_qiskit_opt3_19,,,,,,65.0,9.0,1048576,1.4450000000000004e-05,0.8502233391949784,,,,,,,,,,
5,peexact_nativegates_ibm_qiskit_opt3_19,,,,,,134.0,31.0,1024,7.6000000000000035e-06,0.793526190519119,,,,,,,,,,
16,peexact_nativegates_ibm_qiskit_opt3_19,,,,,,,,,,,37.0,4.0,4294967296,2.7249999999999995e-05,0.874354690771856,,,,,
16,peexact_nativegates_ibm_qiskit_opt3_19,,,,,,37.0,4.0,4294967296,2.7249999999999995e-05,0.874354690771856,,,,,,,,,,
5,peexact_nativegates_ibm_qiskit_opt3_19,,,,,,,,,,,133.0,31.0,1024,7.6000000000000035e-06,0.7943203513758957,,,,,
10,peexact_nativegates_ibm_qiskit_opt3_19,,,,,,,,,,,65.0,9.0,1048576,1.4450000000000004e-05,0.8502233391949784,,,,,
5,peexact_nativegates_ibm_qiskit_opt3_19,,,,,,,,,,,,,,,,133.0,31.0,1024,7.6000000000000035e-06,0.7943203513758957
10,peexact_nativegates_ibm_qiskit_opt3_19,,,,,,,,,,,,,,,,65.0,9.0,1048576,1.4450000000000004e-05,0.8502233391949784
50,dj_indep_qiskit_117,,,,,,,,,,,,,,,,2.0,3.0,24,2.459999999999998e-05,0.8653544086989936
65,dj_indep_qiskit_117,,,,,,,,,,,,,,,,1.0,2.0,8,3.209999999999996e-05,0.8662133190129553
27,dj_indep_qiskit_117,4.0,5.0,52.0,1.3100000000000003e-05,0.8636349382244786,,,,,,,,,,,,,,,
50,dj_indep_qiskit_117,2.0,3.0,24.0,2.109999999999999e-05,0.8653569158384162,,,,,,,,,,,,,,,
27,dj_indep_qiskit_117,,,,,,4.0,5.0,52,1.3100000000000003e-05,0.8636344708812671,,,,,,,,,,
27,dj_indep_qiskit_117,,,,,,,,,,,,,,,,4.0,5.0,52,1.3100000000000003e-05,0.8636344708812671
50,dj_indep_qiskit_117,,,,,,,,,,,2.0,3.0,24,2.459999999999998e-05,0.8653544086989936,,,,,
65,dj_indep_qiskit_117,,,,,,,,,,,1.0,2.0,8,3.209999999999996e-05,0.8662133190129553,,,,,
50,dj_indep_qiskit_117,,,,,,2.0,3.0,24,2.459999999999998e-05,0.8653544086989936,,,,,,,,,,
65,dj_indep_qiskit_117,,,,,,1.0,2.0,8,3.209999999999996e-05,0.8662133190129553,,,,,,,,,,
27,dj_indep_qiskit_117,,,,,,,,,,,4.0,5.0,52,1.3100000000000003e-05,0.8636344708812671,,,,,
65,dj_indep_qiskit_117,1.0,2.0,8.0,3.209999999999996e-05,0.8662133295292588,,,,,,,,,,,,,,,
69,e_indep_qiskit_72,,,,,,,,,,,,,,,,140.0,4.0,348449143727040986586495598010130648530944,7.484999999999999e-05,0.476121628072156
50,e_indep_qiskit_72,,,,,,121.0,4.0,1267650600228229401496703205376,7.179999999999987e-05,0.48558050918360823,,,,,,,,,,
65,e_indep_qiskit_72,,,,,,,,,,,136.0,4.0,1361129467683753853853498429727072845824,7.044999999999999e-05,0.4781241373161504,,,,,
59,e_indep_qiskit_72,,,,,,,,,,,,,,,,130.0,4.0,332306998946228968225951765070086144,7.089999999999985e-05,0.4811247860588902
54,e_indep_qiskit_72,,,,,,,,,,,125.0,4.0,324518553658426726783156020576256,7.139999999999987e-05,0.4836102209964597,,,,,
44,e_indep_qiskit_72,,,,,,,,,,,180.0,6.0,309485009821345068724781056,7.239999999999989e-05,0.4578159686857473,,,,,
49,e_indep_qiskit_72,,,,,,,,,,,,,,,,120.0,4.0,316912650057057350374175801344,7.189999999999988e-05,0.48606980437609576
64,e_indep_qiskit_72,,,,,,,,,,,135.0,4.0,340282366920938463463374607431768211456,7.039999999999985e-05,0.4786248724702548,,,,,
49,e_indep_qiskit_72,,,,,,,,,,,120.0,4.0,316912650057057350374175801344,7.189999999999988e-05,0.48606980437609576,,,,,
59,e_indep_qiskit_72,,,,,,,,,,,130.0,4.0,332306998946228968225951765070086144,7.089999999999985e-05,0.4811247860588902,,,,,
69,e_indep_qiskit_72,,,,,,,,,,,140.0,4.0,348449143727040986586495598010130648530944,7.484999999999999e-05,0.476121628072156,,,,,
39,e_indep_qiskit_72,,,,,,,,,,,181.0,7.0,302231454903657293676544,7.28999999999999e-05,0.45742423299505647,,,,,
50,e_indep_qiskit_72,,,,,,,,,,,,,,,,121.0,4.0,1267650600228229401496703205376,7.179999999999987e-05,0.48558050918360823
39,e_indep_qiskit_72,,,,,,,,,,,,,,,,181.0,7.0,302231454903657293676544,7.28999999999999e-05,0.45742423299505647
65,e_indep_qiskit_72,,,,,,,,,,,,,,,,136.0,4.0,1361129467683753853853498429727072845824,7.044999999999999e-05,0.4781241373161504
64,e_indep_qiskit_72,,,,,,,,,,,,,,,,135.0,4.0,340282366920938463463374607431768211456,7.039999999999985e-05,0.4786248724702548
44,e_indep_qiskit_72,,,,,,,,,,,,,,,,180.0,6.0,309485009821345068724781056,7.239999999999989e-05,0.4578159686857473
39,e_indep_qiskit_72,,,,,,181.0,7.0,302231454903657293676544,7.28999999999999e-05,0.45742423299505647,,,,,,,,,,
49,e_indep_qiskit_72,,,,,,120.0,4.0,316912650057057350374175801344,7.189999999999988e-05,0.48606980437609576,,,,,,,,,,
59,e_indep_qiskit_72,,,,,,130.0,4.0,332306998946228968225951765070086144,7.089999999999985e-05,0.4811247860588902,,,,,,,,,,
69,e_indep_qiskit_72,,,,,,140.0,4.0,348449143727040986586495598010130648530944,7.484999999999999e-05,0.476121628072156,,,,,,,,,,
54,e_indep_qiskit_72,,,,,,,,,,,,,,,,125.0,4.0,324518553658426726783156020576256,7.139999999999987e-05,0.4836102209964597
54,e_indep_qiskit_72,,,,,,125.0,4.0,324518553658426726783156020576256,7.139999999999987e-05,0.4836102209964597,,,,,,,,,,
44,e_indep_qiskit_72,,,,,,186.0,6.0,309485009821345068724781056,7.239999999999989e-05,0.45507522576102594,,,,,,,,,,
64,e_indep_qiskit_72,,,,,,135.0,4.0,340282366920938463463374607431768211456,7.039999999999985e-05,0.4786248724702548,,,,,,,,,,
65,e_indep_qiskit_72,,,,,,136.0,4.0,1361129467683753853853498429727072845824,7.044999999999999e-05,0.4781241373161504,,,,,,,,,,
50,e_indep_qiskit_72,,,,,,,,,,,121.0,4.0,1267650600228229401496703205376,7.179999999999987e-05,0.48558050918360823,,,,,
65,graphstate_nativegates_ibm_qiskit_opt3_125,2.0,2.0,32.0,4.25e-06,0.8557159235631271,,,,,,,,,,,,,,,
27,graphstate_nativegates_ibm_qiskit_opt3_125,,,,,,,,,,,,,,,,7.0,7.0,49,3.899999999999999e-06,0.8514459477380538
27,graphstate_nativegates_ibm_qiskit_opt3_125,5.0,5.0,48.0,3.899999999999999e-06,0.8531513755357193,,,,,,,,,,,,,,,
50,graphstate_nativegates_ibm_qiskit_opt3_125,,,,,,3.0,3.0,49,4.25e-06,0.8548602185842921,,,,,,,,,,
65,graphstate_nativegates_ibm_qiskit_opt3_125,,,,,,2.0,2.0,33,4.25e-06,0.855715923391945,,,,,,,,,,
27,graphstate_nativegates_ibm_qiskit_opt3_125,,,,,,,,,,,7.0,7.0,49,4.25e-06,0.851445947738054,,,,,
50,graphstate_nativegates_ibm_qiskit_opt3_125,3.0,3.0,48.0,3.899999999999999e-06,0.8548602187553032,,,,,,,,,,,,,,,
50,graphstate_nativegates_ibm_qiskit_opt3_125,,,,,,,,,,,3.0,3.0,49,4.25e-06,0.8548602185842921,,,,,
27,graphstate_nativegates_ibm_qiskit_opt3_125,,,,,,7.0,6.0,49,3.899999999999999e-06,0.8514459477380537,,,,,,,,,,
65,graphstate_nativegates_ibm_qiskit_opt3_125,,,,,,,,,,,2.0,2.0,33,3.899999999999999e-06,0.8557159233919449,,,,,
50,graphstate_nativegates_ibm_qiskit_opt3_125,,,,,,,,,,,,,,,,3.0,3.0,49,4.25e-06,0.8548602185842921
65,graphstate_nativegates_ibm_qiskit_opt3_125,,,,,,,,,,,,,,,,2.0,2.0,33,4.25e-06,0.855715923391945
5,ghz_nativegates_ibm_qiskit_opt3_24,,,,,,5.0,6.0,52,2.1499999999999997e-06,0.9669147823886144,,,,,,,,,,
16,ghz_nativegates_ibm_qiskit_opt3_24,,,,,,1.0,2.0,8,7.650000000000001e-06,0.9707920911987326,,,,,,,,,,
5,ghz_nativegates_ibm_qiskit_opt3_24,,,,,,,,,,,,,,,,5.0,6.0,52,2.1499999999999997e-06,0.9669147823886144
16,ghz_nativegates_ibm_qiskit_opt3_24,1.0,2.0,8.0,7.000000000000002e-06,0.9707920911987326,,,,,,,,,,,,,,,
10,ghz_nativegates_ibm_qiskit_opt3_24,2.0,3.0,24.0,4.5e-06,0.9698213088076869,,,,,,,,,,,,,,,
10,ghz_nativegates_ibm_qiskit_opt3_24,,,,,,2.0,3.0,24,4.6499999999999995e-06,0.969821308807687,,,,,,,,,,
10,ghz_nativegates_ibm_qiskit_opt3_24,,,,,,,,,,,2.0,3.0,24,4.6499999999999995e-06,0.969821308807687,,,,,
5,ghz_nativegates_ibm_qiskit_opt3_24,5.0,6.0,52.0,2.1499999999999997e-06,0.9669147823886144,,,,,,,,,,,,,,,
5,ghz_nativegates_ibm_qiskit_opt3_24,,,,,,,,,,,5.0,6.0,52,2.1499999999999997e-06,0.9669147823886144,,,,,
16,ghz_nativegates_ibm_qiskit_opt3_24,,,,,,,,,,,1.0,2.0,8,7.650000000000001e-06,0.9707920911987326,,,,,
16,ghz_nativegates_ibm_qiskit_opt3_24,,,,,,,,,,,,,,,,1.0,2.0,8,7.650000000000001e-06,0.9707920911987326
10,ghz_nativegates_ibm_qiskit_opt3_24,,,,,,,,,,,,,,,,2.0,3.0,24,4.6499999999999995e-06,0.969821308807687
27,realamprandom_nativegates_ibm_qiskit_opt3_43,,,,,,245.0,11.0,18014398509481984,2.5699999999999978e-05,0.4328308307200148,,,,,,,,,,
27,realamprandom_nativegates_ibm_qiskit_opt3_43,,,,,,,,,,,,,,,,245.0,11.0,18014398509481984,2.5699999999999978e-05,0.4328308307200148
27,realamprandom_nativegates_ibm_qiskit_opt3_43,,,,,,,,,,,245.0,11.0,18014398509481984,2.5699999999999978e-05,0.4328308307200148,,,,,
27,dj_indep_qiskit_126,4.0,5.0,40.0,1.3100000000000003e-05,0.854198497156299,,,,,,,,,,,,,,,
50,dj_indep_qiskit_126,2.0,3.0,24.0,2.459999999999998e-05,0.8558998916192379,,,,,,,,,,,,,,,
27,dj_indep_qiskit_126,,,,,,,,,,,4.0,5.0,52,1.3100000000000003e-05,0.8541984619686211,,,,,
50,dj_indep_qiskit_126,,,,,,2.0,3.0,24,2.459999999999998e-05,0.8558991438742536,,,,,,,,,,
65,dj_indep_qiskit_126,,,,,,1.0,2.0,8,3.209999999999996e-05,0.8567460268450727,,,,,,,,,,
50,dj_indep_qiskit_126,,,,,,,,,,,2.0,3.0,24,2.459999999999998e-05,0.8558991438742536,,,,,
27,dj_indep_qiskit_126,,,,,,,,,,,,,,,,4.0,5.0,52,1.3100000000000003e-05,0.8541984619686211
65,dj_indep_qiskit_126,,,,,,,,,,,1.0,2.0,8,3.209999999999996e-05,0.8567460268450727,,,,,
27,dj_indep_qiskit_126,,,,,,4.0,5.0,52,1.3100000000000003e-05,0.8541984619686211,,,,,,,,,,
65,dj_indep_qiskit_126,,,,,,,,,,,,,,,,1.0,2.0,8,3.209999999999996e-05,0.8567460268450727
65,dj_indep_qiskit_126,1.0,2.0,8.0,3.159999999999996e-05,0.8567460459315105,,,,,,,,,,,,,,,
50,dj_indep_qiskit_126,,,,,,,,,,,,,,,,2.0,3.0,24,2.459999999999998e-05,0.8558991438742536
27,realamprandom_nativegates_ibm_qiskit_opt3_44,,,,,,,,,,,,,,,,252.0,11.0,18014398509481984,2.5699999999999978e-05,0.4183643694087924
27,realamprandom_nativegates_ibm_qiskit_opt3_44,,,,,,,,,,,252.0,11.0,18014398509481984,2.5699999999999978e-05,0.4183643694087924,,,,,
27,realamprandom_nativegates_ibm_qiskit_opt3_44,,,,,,252.0,11.0,18014398509481984,2.5699999999999978e-05,0.4183643694087924,,,,,,,,,,
16,ghz_nativegates_ibm_qiskit_opt3_40,2.0,3.0,24.0,7.500000000000002e-06,0.9513704380114641,,,,,,,,,,,,,,,
10,ghz_nativegates_ibm_qiskit_opt3_40,4.0,5.0,40.0,4.5e-06,0.9494686674990509,,,,,,,,,,,,,,,
18,ghz_nativegates_ibm_qiskit_opt3_40,,,,,,,,,,,2.0,3.0,24,8.650000000000002e-06,0.9513704380114643,,,,,
23,ghz_nativegates_ibm_qiskit_opt3_40,,,,,,,,,,,1.0,2.0,8,1.1150000000000003e-05,0.9523227512471041,,,,,
13,ghz_nativegates_ibm_qiskit_opt3_40,,,,,,3.0,4.0,40,6.15e-06,0.950419077079545,,,,,,,,,,
28,ghz_nativegates_ibm_qiskit_opt3_40,,,,,,,,,,,,,,,,1.0,2.0,8,1.3650000000000005e-05,0.9523227512471041
28,ghz_nativegates_ibm_qiskit_opt3_40,,,,,,1.0,2.0,8,1.3650000000000005e-05,0.9523227512471041,,,,,,,,,,
10,ghz_nativegates_ibm_qiskit_opt3_40,,,,,,,,,,,4.0,5.0,52,4.6499999999999995e-06,0.9494686674990511,,,,,
23,ghz_nativegates_ibm_qiskit_opt3_40,1.0,2.0,8.0,1.1150000000000003e-05,0.9523227512471041,,,,,,,,,,,,,,,
38,ghz_nativegates_ibm_qiskit_opt3_40,,,,,,,,,,,,,,,,1.0,2.0,8,1.8649999999999996e-05,0.9523227512471042
16,ghz_nativegates_ibm_qiskit_opt3_40,,,,,,,,,,,2.0,3.0,24,7.650000000000001e-06,0.9513704380114643,,,,,
27,ghz_nativegates_ibm_qiskit_opt3_40,,,,,,,,,,,1.0,2.0,8,1.3150000000000005e-05,0.9523227512471041,,,,,
28,ghz_nativegates_ibm_qiskit_opt3_40,1.0,2.0,8.0,1.2000000000000004e-05,0.9523227512471041,,,,,,,,,,,,,,,
33,ghz_nativegates_ibm_qiskit_opt3_40,,,,,,,,,,,1.0,2.0,8,1.6150000000000003e-05,0.9523227512471042,,,,,
13,ghz_nativegates_ibm_qiskit_opt3_40,,,,,,,,,,,,,,,,3.0,4.0,40,6.15e-06,0.950419077079545
38,ghz_nativegates_ibm_qiskit_opt3_40,,,,,,1.0,2.0,8,1.8649999999999996e-05,0.9523227512471042,,,,,,,,,,
38,ghz_nativegates_ibm_qiskit_opt3_40,,,,,,,,,,,1.0,2.0,8,1.8649999999999996e-05,0.9523227512471042,,,,,
38,ghz_nativegates_ibm_qiskit_opt3_40,1.0,2.0,8.0,1.2000000000000004e-05,0.9523227512471041,,,,,,,,,,,,,,,
13,ghz_nativegates_ibm_qiskit_opt3_40,3.0,4.0,40.0,6.000000000000001e-06,0.9504190770795448,,,,,,,,,,,,,,,
18,ghz_nativegates_ibm_qiskit_opt3_40,,,,,,,,,,,,,,,,2.0,3.0,24,8.650000000000002e-06,0.9513704380114643
33,ghz_nativegates_ibm_qiskit_opt3_40,1.0,2.0,8.0,1.2000000000000004e-05,0.9523227512471041,,,,,,,,,,,,,,,
18,ghz_nativegates_ibm_qiskit_opt3_40,2.0,3.0,24.0,8.500000000000002e-06,0.9513704380114641,,,,,,,,,,,,,,,
33,ghz_nativegates_ibm_qiskit_opt3_40,,,,,,,,,,,,,,,,1.0,2.0,8,1.6150000000000003e-05,0.9523227512471042
16,ghz_nativegates_ibm_qiskit_opt3_40,,,,,,2.0,3.0,24,7.650000000000001e-06,0.9513704380114643,,,,,,,,,,
27,ghz_nativegates_ibm_qiskit_opt3_40,,,,,,1.0,2.0,8,1.3150000000000005e-05,0.9523227512471041,,,,,,,,,,
33,ghz_nativegates_ibm_qiskit_opt3_40,,,,,,1.0,2.0,8,1.6150000000000003e-05,0.9523227512471042,,,,,,,,,,
28,ghz_nativegates_ibm_qiskit_opt3_40,,,,,,,,,,,1.0,2.0,8,1.3650000000000005e-05,0.9523227512471041,,,,,
10,ghz_nativegates_ibm_qiskit_opt3_40,,,,,,4.0,5.0,52,4.6499999999999995e-06,0.9494686674990511,,,,,,,,,,
10,ghz_nativegates_ibm_qiskit_opt3_40,,,,,,,,,,,,,,,,4.0,5.0,52,4.6499999999999995e-06,0.9494686674990511
27,ghz_nativegates_ibm_qiskit_opt3_40,1.0,2.0,8.0,1.2000000000000004e-05,0.9523227512471041,,,,,,,,,,,,,,,
27,ghz_nativegates_ibm_qiskit_opt3_40,,,,,,,,,,,,,,,,1.0,2.0,8,1.3150000000000005e-05,0.9523227512471041
13,ghz_nativegates_ibm_qiskit_opt3_40,,,,,,,,,,,3.0,4.0,40,6.15e-06,0.950419077079545,,,,,
23,ghz_nativegates_ibm_qiskit_opt3_40,,,,,,1.0,2.0,8,1.1150000000000003e-05,0.9523227512471041,,,,,,,,,,
16,ghz_nativegates_ibm_qiskit_opt3_40,,,,,,,,,,,,,,,,2.0,3.0,24,7.650000000000001e-06,0.9513704380114643
23,ghz_nativegates_ibm_qiskit_opt3_40,,,,,,,,,,,,,,,,1.0,2.0,8,1.1150000000000003e-05,0.9523227512471041
18,ghz_nativegates_ibm_qiskit_opt3_40,,,,,,2.0,3.0,24,8.650000000000002e-06,0.9513704380114643,,,,,,,,,,
16,graphstate_nativegates_ibm_qiskit_opt3_94,,,,,,,,,,,,,,,,6.0,7.0,49,3.249999999999999e-06,0.8854383534035504
50,graphstate_nativegates_ibm_qiskit_opt3_94,2.0,2.0,32.0,3.249999999999999e-06,0.8889889327024459,,,,,,,,,,,,,,,
50,graphstate_nativegates_ibm_qiskit_opt3_94,,,,,,2.0,3.0,33,3.249999999999999e-06,0.8889889327024462,,,,,,,,,,
65,graphstate_nativegates_ibm_qiskit_opt3_94,2.0,2.0,32.0,3.249999999999999e-06,0.888988932702446,,,,,,,,,,,,,,,
27,graphstate_nativegates_ibm_qiskit_opt3_94,,,,,,,,,,,5.0,6.0,49,3.249999999999999e-06,0.8863246665567611,,,,,
16,graphstate_nativegates_ibm_qiskit_opt3_94,,,,,,,,,,,6.0,7.0,49,3.249999999999999e-06,0.8854383534035507,,,,,
65,graphstate_nativegates_ibm_qiskit_opt3_94,,,,,,,,,,,,,,,,3.0,2.0,49,2.749999999999999e-06,0.8880999553176993
65,graphstate_nativegates_ibm_qiskit_opt3_94,,,,,,3.0,2.0,49,2.749999999999999e-06,0.8880999553176993,,,,,,,,,,
50,graphstate_nativegates_ibm_qiskit_opt3_94,,,,,,,,,,,,,,,,2.0,3.0,33,3.249999999999999e-06,0.8889889327024463
16,graphstate_nativegates_ibm_qiskit_opt3_94,,,,,,6.0,7.0,49,3.249999999999999e-06,0.8854383534035505,,,,,,,,,,
65,graphstate_nativegates_ibm_qiskit_opt3_94,,,,,,,,,,,2.0,2.0,33,3.249999999999999e-06,0.8889889327024463,,,,,
27,graphstate_nativegates_ibm_qiskit_opt3_94,,,,,,4.0,5.0,49,2.5999999999999992e-06,0.8872118668987887,,,,,,,,,,
27,graphstate_nativegates_ibm_qiskit_opt3_94,,,,,,,,,,,,,,,,4.0,5.0,49,2.5999999999999992e-06,0.8872118668987885
50,graphstate_nativegates_ibm_qiskit_opt3_94,,,,,,,,,,,2.0,3.0,33,3.249999999999999e-06,0.8889889327024463,,,,,
27,graphstate_nativegates_ibm_qiskit_opt3_94,4.0,4.0,48.0,3.249999999999999e-06,0.8872118670762712,,,,,,,,,,,,,,,
65,wstate_indep_qiskit_108,2.0,2.0,32.0,3.3499999999999994e-05,0.8564028736770786,,,,,,,,,,,,,,,
106,wstate_indep_qiskit_108,,,,,,,,,,,2.0,2.0,32,5.8249999999999986e-05,0.856402873677079,,,,,
27,wstate_indep_qiskit_108,,,,,,,,,,,8.0,5.0,256,1.4800000000000002e-05,0.8512774590964537,,,,,
65,wstate_indep_qiskit_108,,,,,,,,,,,,,,,,2.0,2.0,32,3.5699999999999994e-05,0.8564028736770787
50,wstate_indep_qiskit_108,4.0,3.0,288.0,2.4099999999999996e-05,0.8546909808514068,,,,,,,,,,,,,,,
101,wstate_indep_qiskit_108,,,,,,2.0,2.0,32,5.549999999999999e-05,0.8564028736770789,,,,,,,,,,
50,wstate_indep_qiskit_108,,,,,,,,,,,,,,,,4.0,3.0,256,2.7449999999999996e-05,0.8546909824760022
27,wstate_indep_qiskit_108,8.0,5.0,288.0,1.4250000000000002e-05,0.851277457478347,,,,,,,,,,,,,,,
50,wstate_indep_qiskit_108,,,,,,,,,,,4.0,3.0,256,2.7449999999999996e-05,0.8546909824760022,,,,,
65,wstate_indep_qiskit_108,,,,,,2.0,2.0,32,3.5699999999999994e-05,0.8564028736770787,,,,,,,,,,
106,wstate_indep_qiskit_108,,,,,,,,,,,,,,,,2.0,2.0,32,5.8249999999999986e-05,0.856402873677079
50,wstate_indep_qiskit_108,,,,,,4.0,3.0,256,2.7449999999999996e-05,0.8546909824760022,,,,,,,,,,
65,wstate_indep_qiskit_108,,,,,,,,,,,2.0,2.0,32,3.5699999999999994e-05,0.8564028736770787,,,,,
101,wstate_indep_qiskit_108,,,,,,,,,,,2.0,2.0,32,5.549999999999999e-05,0.8564028736770789,,,,,
101,wstate_indep_qiskit_108,2.0,2.0,32.0,3.679999999999999e-05,0.8564028736770787,,,,,,,,,,,,,,,
101,wstate_indep_qiskit_108,,,,,,,,,,,,,,,,2.0,2.0,32,5.549999999999999e-05,0.8564028736770789
106,wstate_indep_qiskit_108,2.0,2.0,32.0,3.289999999999999e-05,0.8564028736770787,,,,,,,,,,,,,,,
27,wstate_indep_qiskit_108,,,,,,,,,,,,,,,,8.0,5.0,256,1.4800000000000002e-05,0.8512774590964537
27,wstate_indep_qiskit_108,,,,,,8.0,5.0,256,1.4800000000000002e-05,0.8512774590964537,,,,,,,,,,
106,wstate_indep_qiskit_108,,,,,,2.0,2.0,32,5.8249999999999986e-05,0.856402873677079,,,,,,,,,,
16,realamprandom_nativegates_ibm_qiskit_opt3_29,,,,,,,,,,,,,,,,202.0,15.0,4294967296,1.4700000000000005e-05,0.6190897131485109
27,realamprandom_nativegates_ibm_qiskit_opt3_29,,,,,,,,,,,87.0,5.0,18014398509481984,2.5699999999999978e-05,0.6944698370302584,,,,,
16,realamprandom_nativegates_ibm_qiskit_opt3_29,,,,,,202.0,15.0,4294967296,1.4700000000000005e-05,0.6190918728708807,,,,,,,,,,
16,realamprandom_nativegates_ibm_qiskit_opt3_29,,,,,,,,,,,202.0,15.0,4294967296,1.4700000000000005e-05,0.6190897131485109,,,,,
27,realamprandom_nativegates_ibm_qiskit_opt3_29,,,,,,87.0,5.0,18014398509481984,2.5699999999999978e-05,0.6944698370302584,,,,,,,,,,
27,realamprandom_nativegates_ibm_qiskit_opt3_29,,,,,,,,,,,,,,,,87.0,5.0,18014398509481984,2.5699999999999978e-05,0.6944698370302584
10,e_indep_qiskit_16,,,,,,,,,,,,,,,,39.0,6.0,1048576,1.4200000000000006e-05,0.9206745449741391
5,e_indep_qiskit_16,,,,,,,,,,,79.0,19.0,1024,5.900000000000001e-06,0.8845620950050573,,,,,
10,e_indep_qiskit_16,,,,,,,,,,,39.0,6.0,1048576,1.4200000000000006e-05,0.9206745449741391,,,,,
10,e_indep_qiskit_16,,,,,,30.0,5.0,1048576,1.4200000000000006e-05,0.9290016323800172,,,,,,,,,,
5,e_indep_qiskit_16,,,,,,79.0,19.0,1024,5.900000000000001e-06,0.8845620950050573,,,,,,,,,,
5,e_indep_qiskit_16,,,,,,,,,,,,,,,,79.0,19.0,1024,5.900000000000001e-06,0.8845620950050573
27,e_indep_qiskit_29,,,,,,55.0,4.0,18014398509481984,2.865e-05,0.8419125398383193,,,,,,,,,,
10,e_indep_qiskit_29,,,,,,139.0,17.0,1048576,9.950000000000003e-06,0.774107839046781,,,,,,,,,,
16,e_indep_qiskit_29,,,,,,72.0,7.0,4294967296,2.7899999999999967e-05,0.8277571025639859,,,,,,,,,,
27,e_indep_qiskit_29,,,,,,,,,,,,,,,,55.0,4.0,18014398509481984,2.865e-05,0.8419125398383193
16,e_indep_qiskit_29,,,,,,,,,,,72.0,7.0,4294967296,2.7899999999999967e-05,0.827758011488346,,,,,
10,e_indep_qiskit_29,,,,,,,,,,,,,,,,139.0,17.0,1048576,9.950000000000003e-06,0.774107839046781
16,e_indep_qiskit_29,,,,,,,,,,,,,,,,72.0,7.0,4294967296,2.7899999999999967e-05,0.827758011488346
27,e_indep_qiskit_29,,,,,,,,,,,55.0,4.0,18014398509481984,2.865e-05,0.8419125398383193,,,,,
10,e_indep_qiskit_29,,,,,,,,,,,139.0,17.0,1048576,9.950000000000003e-06,0.774107839046781,,,,,
27,wstate_indep_qiskit_106,8.0,5.0,288.0,1.3700000000000003e-05,0.8536995233994115,,,,,,,,,,,,,,,
50,wstate_indep_qiskit_106,,,,,,,,,,,,,,,,4.0,3.0,256,2.7449999999999996e-05,0.8571227638621327
27,wstate_indep_qiskit_106,,,,,,,,,,,8.0,5.0,256,1.4800000000000002e-05,0.8536995282675434,,,,,
65,wstate_indep_qiskit_106,,,,,,2.0,2.0,32,3.5699999999999994e-05,0.8588395257653029,,,,,,,,,,
50,wstate_indep_qiskit_106,,,,,,,,,,,4.0,3.0,256,2.7449999999999996e-05,0.8571227638621327,,,,,
50,wstate_indep_qiskit_106,4.0,3.0,272.0,2.2999999999999997e-05,0.8571227638621324,,,,,,,,,,,,,,,
65,wstate_indep_qiskit_106,,,,,,,,,,,,,,,,2.0,2.0,32,3.5699999999999994e-05,0.8588395257653029
65,wstate_indep_qiskit_106,2.0,2.0,32.0,3.454999999999999e-05,0.8588395257653028,,,,,,,,,,,,,,,
27,wstate_indep_qiskit_106,,,,,,,,,,,,,,,,8.0,5.0,256,1.4800000000000002e-05,0.8536995282675434
65,wstate_indep_qiskit_106,,,,,,,,,,,2.0,2.0,32,3.5699999999999994e-05,0.8588395257653029,,,,,
50,wstate_indep_qiskit_106,,,,,,4.0,3.0,256,2.7449999999999996e-05,0.8571227638621327,,,,,,,,,,
27,wstate_indep_qiskit_106,,,,,,8.0,5.0,256,1.4800000000000002e-05,0.8536995282675434,,,,,,,,,,
5,peexact_indep_qiskit_6,,,,,,,,,,,,,,,,9.0,3.0,1024,3.5999999999999994e-06,0.9818487382291856
5,peexact_indep_qiskit_6,,,,,,9.0,3.0,1024,3.5999999999999994e-06,0.9818487382291856,,,,,,,,,,
5,peexact_indep_qiskit_6,9.0,3.0,1024.0,3.5499999999999995e-06,0.9818488316521302,,,,,,,,,,,,,,,
5,peexact_indep_qiskit_6,,,,,,,,,,,9.0,3.0,1024,3.5999999999999994e-06,0.9818487382291856,,,,,
5,ghz_nativegates_ibm_qiskit_opt3_22,5.0,6.0,52.0,2.1499999999999997e-06,0.9692391734700593,,,,,,,,,,,,,,,
10,ghz_nativegates_ibm_qiskit_opt3_22,,,,,,,,,,,,,,,,2.0,3.0,24,4.6499999999999995e-06,0.9721526869620463
16,ghz_nativegates_ibm_qiskit_opt3_22,,,,,,,,,,,,,,,,1.0,2.0,8,7.650000000000001e-06,0.9731258030416164
10,ghz_nativegates_ibm_qiskit_opt3_22,,,,,,2.0,3.0,24,4.6499999999999995e-06,0.9721526869620463,,,,,,,,,,
5,ghz_nativegates_ibm_qiskit_opt3_22,,,,,,5.0,6.0,52,2.1499999999999997e-06,0.9692391734700592,,,,,,,,,,
16,ghz_nativegates_ibm_qiskit_opt3_22,,,,,,1.0,2.0,8,7.650000000000001e-06,0.9731258030416164,,,,,,,,,,
5,ghz_nativegates_ibm_qiskit_opt3_22,,,,,,,,,,,5.0,6.0,52,2.1499999999999997e-06,0.9692391734700592,,,,,
16,ghz_nativegates_ibm_qiskit_opt3_22,,,,,,,,,,,1.0,2.0,8,7.650000000000001e-06,0.9731258030416164,,,,,
5,ghz_nativegates_ibm_qiskit_opt3_22,,,,,,,,,,,,,,,,5.0,6.0,52,2.1499999999999997e-06,0.9692391734700592
10,ghz_nativegates_ibm_qiskit_opt3_22,,,,,,,,,,,2.0,3.0,24,4.6499999999999995e-06,0.9721526869620463,,,,,
10,ghz_nativegates_ibm_qiskit_opt3_22,2.0,3.0,24.0,4e-06,0.9721526869620459,,,,,,,,,,,,,,,
16,ghz_nativegates_ibm_qiskit_opt3_22,1.0,2.0,8.0,6.650000000000001e-06,0.9731258030416163,,,,,,,,,,,,,,,
27,realamprandom_nativegates_ibm_qiskit_opt3_42,,,,,,,,,,,238.0,11.0,18014398509481984,2.5899999999999982e-05,0.44752320165968684,,,,,
27,realamprandom_nativegates_ibm_qiskit_opt3_42,,,,,,238.0,11.0,18014398509481984,2.5899999999999982e-05,0.44752320165968684,,,,,,,,,,
27,realamprandom_nativegates_ibm_qiskit_opt3_42,,,,,,,,,,,,,,,,238.0,11.0,18014398509481984,2.5899999999999982e-05,0.44752320165968684
10,ghz_nativegates_ibm_qiskit_opt3_25,2.0,3.0,24.0,4.5e-06,0.9686577172013793,,,,,,,,,,,,,,,
16,ghz_nativegates_ibm_qiskit_opt3_25,1.0,2.0,8.0,7.650000000000001e-06,0.9696273348477125,,,,,,,,,,,,,,,
5,ghz_nativegates_ibm_qiskit_opt3_25,,,,,,,,,,,,,,,,5.0,6.0,52,2.1499999999999997e-06,0.9657546780327046
16,ghz_nativegates_ibm_qiskit_opt3_25,,,,,,,,,,,1.0,2.0,8,7.650000000000001e-06,0.9696273348477125,,,,,
5,ghz_nativegates_ibm_qiskit_opt3_25,,,,,,,,,,,5.0,6.0,52,2.1499999999999997e-06,0.9657546780327046,,,,,
10,ghz_nativegates_ibm_qiskit_opt3_25,,,,,,,,,,,2.0,3.0,24,4.6499999999999995e-06,0.9686577172013794,,,,,
16,ghz_nativegates_ibm_qiskit_opt3_25,,,,,,,,,,,,,,,,1.0,2.0,8,7.650000000000001e-06,0.9696273348477125
10,ghz_nativegates_ibm_qiskit_opt3_25,,,,,,2.0,3.0,24,4.6499999999999995e-06,0.9686577172013794,,,,,,,,,,
10,ghz_nativegates_ibm_qiskit_opt3_25,,,,,,,,,,,,,,,,2.0,3.0,24,4.6499999999999995e-06,0.9686577172013794
16,ghz_nativegates_ibm_qiskit_opt3_25,,,,,,1.0,2.0,8,7.650000000000001e-06,0.9696273348477125,,,,,,,,,,
5,ghz_nativegates_ibm_qiskit_opt3_25,,,,,,5.0,6.0,52,2.1499999999999997e-06,0.9657546780327046,,,,,,,,,,
5,ghz_nativegates_ibm_qiskit_opt3_25,6.0,7.0,52.0,2.1499999999999997e-06,0.964788933004491,,,,,,,,,,,,,,,
27,e_indep_qiskit_42,,,,,,108.0,6.0,18014398509481984,4.1099999999999935e-05,0.7172523482985118,,,,,,,,,,
16,e_indep_qiskit_42,,,,,,195.0,15.0,4294967296,2.5699999999999978e-05,0.6575253168264744,,,,,,,,,,
27,e_indep_qiskit_42,,,,,,,,,,,,,,,,108.0,6.0,18014398509481984,4.1099999999999935e-05,0.7172523482985118
16,e_indep_qiskit_42,,,,,,,,,,,,,,,,195.0,15.0,4294967296,2.5699999999999978e-05,0.6575253168264744
16,e_indep_qiskit_42,,,,,,,,,,,195.0,15.0,4294967296,2.5699999999999978e-05,0.6575253168264744,,,,,
27,e_indep_qiskit_42,,,,,,,,,,,108.0,6.0,18014398509481984,4.1099999999999935e-05,0.7172523482985118,,,,,
5,gan_indep_qiskit_6,,,,,,6.0,3.0,1024,3.5499999999999995e-06,0.9849872867525458,,,,,,,,,,
5,gan_indep_qiskit_6,,,,,,,,,,,,,,,,6.0,3.0,1024,3.5499999999999995e-06,0.9849872867525458
5,gan_indep_qiskit_6,,,,,,,,,,,6.0,3.0,1024,3.5499999999999995e-06,0.9849872867525458,,,,,
5,gan_indep_qiskit_6,8.0,3.0,1024.0,2.1e-06,0.9830184584561191,,,,,,,,,,,,,,,
10,ghz_nativegates_ibm_qiskit_opt3_13,,,,,,,,,,,1.0,2.0,8,4.6499999999999995e-06,0.983697125942519,,,,,
5,ghz_nativegates_ibm_qiskit_opt3_13,2.0,3.0,24.0,2.1499999999999997e-06,0.9827134386456765,,,,,,,,,,,,,,,
5,ghz_nativegates_ibm_qiskit_opt3_13,,,,,,,,,,,2.0,3.0,24,2.1499999999999997e-06,0.9827134386456765,,,,,
5,ghz_nativegates_ibm_qiskit_opt3_13,,,,,,,,,,,,,,,,2.0,3.0,24,2.1499999999999997e-06,0.9827134386456765
5,ghz_nativegates_ibm_qiskit_opt3_13,,,,,,2.0,3.0,24,2.1499999999999997e-06,0.9827134386456765,,,,,,,,,,
10,ghz_nativegates_ibm_qiskit_opt3_13,1.0,2.0,8.0,3.6499999999999994e-06,0.9836971259425191,,,,,,,,,,,,,,,
10,ghz_nativegates_ibm_qiskit_opt3_13,,,,,,1.0,2.0,8,4.6499999999999995e-06,0.983697125942519,,,,,,,,,,
10,ghz_nativegates_ibm_qiskit_opt3_13,,,,,,,,,,,,,,,,1.0,2.0,8,4.6499999999999995e-06,0.983697125942519
50,e_indep_qiskit_80,,,,,,,,,,,,,,,,203.0,6.0,1267650600228229401496703205376,8.059999999999987e-05,0.3924279948874359
65,e_indep_qiskit_80,,,,,,,,,,,,,,,,144.0,4.0,1361129467683753853853498429727072845824,7.909999999999984e-05,0.4161087980570242
50,e_indep_qiskit_80,,,,,,,,,,,203.0,6.0,1267650600228229401496703205376,8.059999999999987e-05,0.3924279948874359,,,,,
65,e_indep_qiskit_80,,,,,,144.0,4.0,1361129467683753853853498429727072845824,7.909999999999984e-05,0.4161087980570242,,,,,,,,,,
65,e_indep_qiskit_80,,,,,,,,,,,144.0,4.0,1361129467683753853853498429727072845824,7.909999999999984e-05,0.4161087980570242,,,,,
50,e_indep_qiskit_80,,,,,,208.0,6.0,1267650600228229401496703205376,8.059999999999987e-05,0.3904661851391325,,,,,,,,,,
65,graphstate_indep_qiskit_129,,,,,,2.0,3.0,33,3.0499999999999996e-06,0.8537145714368621,,,,,,,,,,
127,graphstate_indep_qiskit_129,,,,,,,,,,,0.0,2.0,2,3.0499999999999996e-06,0.855424546319289,,,,,
27,graphstate_indep_qiskit_129,,,,,,,,,,,,,,,,6.0,6.0,48,3.0499999999999996e-06,0.8503048694458102
50,graphstate_indep_qiskit_129,,,,,,4.0,3.0,48,3.0499999999999996e-06,0.8520080147566726,,,,,,,,,,
50,graphstate_indep_qiskit_129,,,,,,,,,,,,,,,,4.0,3.0,48,3.0499999999999996e-06,0.8520080147566729
27,graphstate_indep_qiskit_129,,,,,,6.0,6.0,48,3.0499999999999996e-06,0.8503048694458105,,,,,,,,,,
27,graphstate_indep_qiskit_129,6.0,5.0,288.0,3.0499999999999996e-06,0.8503048694458102,,,,,,,,,,,,,,,
127,graphstate_indep_qiskit_129,,,,,,,,,,,,,,,,0.0,2.0,2,3.0499999999999996e-06,0.855424546319289
65,graphstate_indep_qiskit_129,3.0,3.0,48.0,3.0499999999999996e-06,0.8528608662488651,,,,,,,,,,,,,,,
27,graphstate_indep_qiskit_129,,,,,,,,,,,6.0,6.0,48,3.0499999999999996e-06,0.8503048694458103,,,,,
50,graphstate_indep_qiskit_129,,,,,,,,,,,4.0,3.0,48,3.0499999999999996e-06,0.8520080147566729,,,,,
50,graphstate_indep_qiskit_129,4.0,3.0,256.0,3.0499999999999996e-06,0.8520080147566732,,,,,,,,,,,,,,,
127,graphstate_indep_qiskit_129,,,,,,0.0,2.0,2,3.0499999999999996e-06,0.855424546319289,,,,,,,,,,
65,graphstate_indep_qiskit_129,,,,,,,,,,,,,,,,2.0,3.0,33,3.0499999999999996e-06,0.8537145714368624
65,graphstate_indep_qiskit_129,,,,,,,,,,,2.0,3.0,33,3.0499999999999996e-06,0.8537145714368624,,,,,
5,wstate_nativegates_ibm_qiskit_opt3_9,,,,,,,,,,,4.0,3.0,256,3.099999999999999e-06,0.9834414915625835,,,,,
5,wstate_nativegates_ibm_qiskit_opt3_9,,,,,,,,,,,,,,,,4.0,3.0,256,3.099999999999999e-06,0.9834414915625835
5,wstate_nativegates_ibm_qiskit_opt3_9,4.0,3.0,272.0,2.4499999999999994e-06,0.9834414886109014,,,,,,,,,,,,,,,
5,wstate_nativegates_ibm_qiskit_opt3_9,,,,,,4.0,3.0,256,3.099999999999999e-06,0.9834414915625835,,,,,,,,,,
